[0.196s] colcon DEBUG Command line arguments: ['/home/jack/.local/bin/colcon', 'build']
[0.196s] colcon DEBUG Parsed command line arguments: Namespace(log_base=None, log_level=None, verb_name='build', build_base='build', install_base='install', merge_install=False, symlink_install=False, test_result_base=None, continue_on_error=False, executor='parallel', parallel_workers=8, event_handlers=None, ignore_user_meta=False, metas=['./colcon.meta'], base_paths=['.'], packages_ignore=None, packages_ignore_regex=None, paths=None, packages_up_to=None, packages_up_to_regex=None, packages_above=None, packages_above_and_dependencies=None, packages_above_depth=None, packages_select_by_dep=None, packages_skip_by_dep=None, packages_skip_up_to=None, packages_select_build_failed=False, packages_skip_build_finished=False, packages_select_test_failures=False, packages_skip_test_passed=False, packages_select=None, packages_skip=None, packages_select_regex=None, packages_skip_regex=None, packages_start=None, packages_end=None, cmake_args=None, cmake_target=None, cmake_target_skip_unavailable=False, cmake_clean_cache=False, cmake_clean_first=False, cmake_force_configure=False, ament_cmake_args=None, catkin_cmake_args=None, catkin_skip_building_tests=False, verb_parser=<colcon_defaults.argument_parser.defaults.DefaultArgumentsDecorator object at 0x7cf063607d00>, verb_extension=<colcon_core.verb.build.BuildVerb object at 0x7cf0636078b0>, main=<bound method BuildVerb.main of <colcon_core.verb.build.BuildVerb object at 0x7cf0636078b0>>)
[0.466s] colcon.colcon_core.package_discovery Level 1 discover_packages(colcon_meta) check parameters
[0.467s] colcon.colcon_core.package_discovery Level 1 discover_packages(recursive) check parameters
[0.467s] colcon.colcon_core.package_discovery Level 1 discover_packages(ignore) check parameters
[0.467s] colcon.colcon_core.package_discovery Level 1 discover_packages(path) check parameters
[0.467s] colcon.colcon_core.package_discovery Level 1 discover_packages(colcon_meta) discover
[0.467s] colcon.colcon_core.package_discovery Level 1 discover_packages(recursive) discover
[0.467s] colcon.colcon_core.package_discovery INFO Crawling recursively for packages in '/home/jack/ros2_ws'
[0.467s] colcon.colcon_core.package_identification Level 1 _identify(.) by extensions ['ignore', 'ignore_ament_install']
[0.467s] colcon.colcon_core.package_identification Level 1 _identify(.) by extension 'ignore'
[0.467s] colcon.colcon_core.package_identification Level 1 _identify(.) by extension 'ignore_ament_install'
[0.467s] colcon.colcon_core.package_identification Level 1 _identify(.) by extensions ['colcon_pkg']
[0.467s] colcon.colcon_core.package_identification Level 1 _identify(.) by extension 'colcon_pkg'
[0.467s] colcon.colcon_core.package_identification Level 1 _identify(.) by extensions ['colcon_meta']
[0.467s] colcon.colcon_core.package_identification Level 1 _identify(.) by extension 'colcon_meta'
[0.467s] colcon.colcon_core.package_identification Level 1 _identify(.) by extensions ['ros']
[0.467s] colcon.colcon_core.package_identification Level 1 _identify(.) by extension 'ros'
[0.476s] colcon.colcon_core.package_identification Level 1 _identify(.) by extensions ['cmake', 'python']
[0.476s] colcon.colcon_core.package_identification Level 1 _identify(.) by extension 'cmake'
[0.476s] colcon.colcon_core.package_identification Level 1 _identify(.) by extension 'python'
[0.476s] colcon.colcon_core.package_identification Level 1 _identify(.) by extensions ['python_setup_py']
[0.476s] colcon.colcon_core.package_identification Level 1 _identify(.) by extension 'python_setup_py'
[0.476s] colcon.colcon_core.package_identification Level 1 _identify(__pycache__) by extensions ['ignore', 'ignore_ament_install']
[0.476s] colcon.colcon_core.package_identification Level 1 _identify(__pycache__) by extension 'ignore'
[0.476s] colcon.colcon_core.package_identification Level 1 _identify(__pycache__) by extension 'ignore_ament_install'
[0.476s] colcon.colcon_core.package_identification Level 1 _identify(__pycache__) by extensions ['colcon_pkg']
[0.477s] colcon.colcon_core.package_identification Level 1 _identify(__pycache__) by extension 'colcon_pkg'
[0.477s] colcon.colcon_core.package_identification Level 1 _identify(__pycache__) by extensions ['colcon_meta']
[0.477s] colcon.colcon_core.package_identification Level 1 _identify(__pycache__) by extension 'colcon_meta'
[0.477s] colcon.colcon_core.package_identification Level 1 _identify(__pycache__) by extensions ['ros']
[0.477s] colcon.colcon_core.package_identification Level 1 _identify(__pycache__) by extension 'ros'
[0.477s] colcon.colcon_core.package_identification Level 1 _identify(__pycache__) by extensions ['cmake', 'python']
[0.477s] colcon.colcon_core.package_identification Level 1 _identify(__pycache__) by extension 'cmake'
[0.477s] colcon.colcon_core.package_identification Level 1 _identify(__pycache__) by extension 'python'
[0.477s] colcon.colcon_core.package_identification Level 1 _identify(__pycache__) by extensions ['python_setup_py']
[0.477s] colcon.colcon_core.package_identification Level 1 _identify(__pycache__) by extension 'python_setup_py'
[0.477s] colcon.colcon_core.package_identification Level 1 _identify(build) by extensions ['ignore', 'ignore_ament_install']
[0.477s] colcon.colcon_core.package_identification Level 1 _identify(build) by extension 'ignore'
[0.477s] colcon.colcon_core.package_identification Level 1 _identify(build) ignored
[0.477s] colcon.colcon_core.package_identification Level 1 _identify(install) by extensions ['ignore', 'ignore_ament_install']
[0.477s] colcon.colcon_core.package_identification Level 1 _identify(install) by extension 'ignore'
[0.477s] colcon.colcon_core.package_identification Level 1 _identify(install) ignored
[0.478s] colcon.colcon_core.package_identification Level 1 _identify(integration_test_20250811_155133) by extensions ['ignore', 'ignore_ament_install']
[0.478s] colcon.colcon_core.package_identification Level 1 _identify(integration_test_20250811_155133) by extension 'ignore'
[0.478s] colcon.colcon_core.package_identification Level 1 _identify(integration_test_20250811_155133) by extension 'ignore_ament_install'
[0.478s] colcon.colcon_core.package_identification Level 1 _identify(integration_test_20250811_155133) by extensions ['colcon_pkg']
[0.478s] colcon.colcon_core.package_identification Level 1 _identify(integration_test_20250811_155133) by extension 'colcon_pkg'
[0.478s] colcon.colcon_core.package_identification Level 1 _identify(integration_test_20250811_155133) by extensions ['colcon_meta']
[0.478s] colcon.colcon_core.package_identification Level 1 _identify(integration_test_20250811_155133) by extension 'colcon_meta'
[0.478s] colcon.colcon_core.package_identification Level 1 _identify(integration_test_20250811_155133) by extensions ['ros']
[0.478s] colcon.colcon_core.package_identification Level 1 _identify(integration_test_20250811_155133) by extension 'ros'
[0.478s] colcon.colcon_core.package_identification Level 1 _identify(integration_test_20250811_155133) by extensions ['cmake', 'python']
[0.478s] colcon.colcon_core.package_identification Level 1 _identify(integration_test_20250811_155133) by extension 'cmake'
[0.478s] colcon.colcon_core.package_identification Level 1 _identify(integration_test_20250811_155133) by extension 'python'
[0.478s] colcon.colcon_core.package_identification Level 1 _identify(integration_test_20250811_155133) by extensions ['python_setup_py']
[0.478s] colcon.colcon_core.package_identification Level 1 _identify(integration_test_20250811_155133) by extension 'python_setup_py'
[0.478s] colcon.colcon_core.package_identification Level 1 _identify(log) by extensions ['ignore', 'ignore_ament_install']
[0.478s] colcon.colcon_core.package_identification Level 1 _identify(log) by extension 'ignore'
[0.479s] colcon.colcon_core.package_identification Level 1 _identify(log) ignored
[0.479s] colcon.colcon_core.package_identification Level 1 _identify(logs) by extensions ['ignore', 'ignore_ament_install']
[0.479s] colcon.colcon_core.package_identification Level 1 _identify(logs) by extension 'ignore'
[0.479s] colcon.colcon_core.package_identification Level 1 _identify(logs) by extension 'ignore_ament_install'
[0.479s] colcon.colcon_core.package_identification Level 1 _identify(logs) by extensions ['colcon_pkg']
[0.479s] colcon.colcon_core.package_identification Level 1 _identify(logs) by extension 'colcon_pkg'
[0.479s] colcon.colcon_core.package_identification Level 1 _identify(logs) by extensions ['colcon_meta']
[0.479s] colcon.colcon_core.package_identification Level 1 _identify(logs) by extension 'colcon_meta'
[0.479s] colcon.colcon_core.package_identification Level 1 _identify(logs) by extensions ['ros']
[0.479s] colcon.colcon_core.package_identification Level 1 _identify(logs) by extension 'ros'
[0.479s] colcon.colcon_core.package_identification Level 1 _identify(logs) by extensions ['cmake', 'python']
[0.479s] colcon.colcon_core.package_identification Level 1 _identify(logs) by extension 'cmake'
[0.479s] colcon.colcon_core.package_identification Level 1 _identify(logs) by extension 'python'
[0.479s] colcon.colcon_core.package_identification Level 1 _identify(logs) by extensions ['python_setup_py']
[0.479s] colcon.colcon_core.package_identification Level 1 _identify(logs) by extension 'python_setup_py'
[0.480s] colcon.colcon_core.package_identification Level 1 _identify(logs/full_training_1754642916) by extensions ['ignore', 'ignore_ament_install']
[0.480s] colcon.colcon_core.package_identification Level 1 _identify(logs/full_training_1754642916) by extension 'ignore'
[0.480s] colcon.colcon_core.package_identification Level 1 _identify(logs/full_training_1754642916) by extension 'ignore_ament_install'
[0.480s] colcon.colcon_core.package_identification Level 1 _identify(logs/full_training_1754642916) by extensions ['colcon_pkg']
[0.480s] colcon.colcon_core.package_identification Level 1 _identify(logs/full_training_1754642916) by extension 'colcon_pkg'
[0.480s] colcon.colcon_core.package_identification Level 1 _identify(logs/full_training_1754642916) by extensions ['colcon_meta']
[0.480s] colcon.colcon_core.package_identification Level 1 _identify(logs/full_training_1754642916) by extension 'colcon_meta'
[0.480s] colcon.colcon_core.package_identification Level 1 _identify(logs/full_training_1754642916) by extensions ['ros']
[0.480s] colcon.colcon_core.package_identification Level 1 _identify(logs/full_training_1754642916) by extension 'ros'
[0.480s] colcon.colcon_core.package_identification Level 1 _identify(logs/full_training_1754642916) by extensions ['cmake', 'python']
[0.480s] colcon.colcon_core.package_identification Level 1 _identify(logs/full_training_1754642916) by extension 'cmake'
[0.480s] colcon.colcon_core.package_identification Level 1 _identify(logs/full_training_1754642916) by extension 'python'
[0.480s] colcon.colcon_core.package_identification Level 1 _identify(logs/full_training_1754642916) by extensions ['python_setup_py']
[0.480s] colcon.colcon_core.package_identification Level 1 _identify(logs/full_training_1754642916) by extension 'python_setup_py'
[0.480s] colcon.colcon_core.package_identification Level 1 _identify(logs/full_training_1754642916/eval_logs) by extensions ['ignore', 'ignore_ament_install']
[0.481s] colcon.colcon_core.package_identification Level 1 _identify(logs/full_training_1754642916/eval_logs) by extension 'ignore'
[0.481s] colcon.colcon_core.package_identification Level 1 _identify(logs/full_training_1754642916/eval_logs) by extension 'ignore_ament_install'
[0.481s] colcon.colcon_core.package_identification Level 1 _identify(logs/full_training_1754642916/eval_logs) by extensions ['colcon_pkg']
[0.481s] colcon.colcon_core.package_identification Level 1 _identify(logs/full_training_1754642916/eval_logs) by extension 'colcon_pkg'
[0.481s] colcon.colcon_core.package_identification Level 1 _identify(logs/full_training_1754642916/eval_logs) by extensions ['colcon_meta']
[0.481s] colcon.colcon_core.package_identification Level 1 _identify(logs/full_training_1754642916/eval_logs) by extension 'colcon_meta'
[0.481s] colcon.colcon_core.package_identification Level 1 _identify(logs/full_training_1754642916/eval_logs) by extensions ['ros']
[0.481s] colcon.colcon_core.package_identification Level 1 _identify(logs/full_training_1754642916/eval_logs) by extension 'ros'
[0.481s] colcon.colcon_core.package_identification Level 1 _identify(logs/full_training_1754642916/eval_logs) by extensions ['cmake', 'python']
[0.481s] colcon.colcon_core.package_identification Level 1 _identify(logs/full_training_1754642916/eval_logs) by extension 'cmake'
[0.481s] colcon.colcon_core.package_identification Level 1 _identify(logs/full_training_1754642916/eval_logs) by extension 'python'
[0.481s] colcon.colcon_core.package_identification Level 1 _identify(logs/full_training_1754642916/eval_logs) by extensions ['python_setup_py']
[0.481s] colcon.colcon_core.package_identification Level 1 _identify(logs/full_training_1754642916/eval_logs) by extension 'python_setup_py'
[0.481s] colcon.colcon_core.package_identification Level 1 _identify(logs/m0609_training_20250809_152628) by extensions ['ignore', 'ignore_ament_install']
[0.481s] colcon.colcon_core.package_identification Level 1 _identify(logs/m0609_training_20250809_152628) by extension 'ignore'
[0.481s] colcon.colcon_core.package_identification Level 1 _identify(logs/m0609_training_20250809_152628) by extension 'ignore_ament_install'
[0.482s] colcon.colcon_core.package_identification Level 1 _identify(logs/m0609_training_20250809_152628) by extensions ['colcon_pkg']
[0.482s] colcon.colcon_core.package_identification Level 1 _identify(logs/m0609_training_20250809_152628) by extension 'colcon_pkg'
[0.482s] colcon.colcon_core.package_identification Level 1 _identify(logs/m0609_training_20250809_152628) by extensions ['colcon_meta']
[0.482s] colcon.colcon_core.package_identification Level 1 _identify(logs/m0609_training_20250809_152628) by extension 'colcon_meta'
[0.482s] colcon.colcon_core.package_identification Level 1 _identify(logs/m0609_training_20250809_152628) by extensions ['ros']
[0.482s] colcon.colcon_core.package_identification Level 1 _identify(logs/m0609_training_20250809_152628) by extension 'ros'
[0.482s] colcon.colcon_core.package_identification Level 1 _identify(logs/m0609_training_20250809_152628) by extensions ['cmake', 'python']
[0.482s] colcon.colcon_core.package_identification Level 1 _identify(logs/m0609_training_20250809_152628) by extension 'cmake'
[0.482s] colcon.colcon_core.package_identification Level 1 _identify(logs/m0609_training_20250809_152628) by extension 'python'
[0.482s] colcon.colcon_core.package_identification Level 1 _identify(logs/m0609_training_20250809_152628) by extensions ['python_setup_py']
[0.482s] colcon.colcon_core.package_identification Level 1 _identify(logs/m0609_training_20250809_152628) by extension 'python_setup_py'
[0.482s] colcon.colcon_core.package_identification Level 1 _identify(logs/production_1754644720) by extensions ['ignore', 'ignore_ament_install']
[0.482s] colcon.colcon_core.package_identification Level 1 _identify(logs/production_1754644720) by extension 'ignore'
[0.482s] colcon.colcon_core.package_identification Level 1 _identify(logs/production_1754644720) by extension 'ignore_ament_install'
[0.482s] colcon.colcon_core.package_identification Level 1 _identify(logs/production_1754644720) by extensions ['colcon_pkg']
[0.482s] colcon.colcon_core.package_identification Level 1 _identify(logs/production_1754644720) by extension 'colcon_pkg'
[0.482s] colcon.colcon_core.package_identification Level 1 _identify(logs/production_1754644720) by extensions ['colcon_meta']
[0.482s] colcon.colcon_core.package_identification Level 1 _identify(logs/production_1754644720) by extension 'colcon_meta'
[0.483s] colcon.colcon_core.package_identification Level 1 _identify(logs/production_1754644720) by extensions ['ros']
[0.483s] colcon.colcon_core.package_identification Level 1 _identify(logs/production_1754644720) by extension 'ros'
[0.483s] colcon.colcon_core.package_identification Level 1 _identify(logs/production_1754644720) by extensions ['cmake', 'python']
[0.483s] colcon.colcon_core.package_identification Level 1 _identify(logs/production_1754644720) by extension 'cmake'
[0.483s] colcon.colcon_core.package_identification Level 1 _identify(logs/production_1754644720) by extension 'python'
[0.483s] colcon.colcon_core.package_identification Level 1 _identify(logs/production_1754644720) by extensions ['python_setup_py']
[0.483s] colcon.colcon_core.package_identification Level 1 _identify(logs/production_1754644720) by extension 'python_setup_py'
[0.483s] colcon.colcon_core.package_identification Level 1 _identify(logs/production_simple_1754644791) by extensions ['ignore', 'ignore_ament_install']
[0.483s] colcon.colcon_core.package_identification Level 1 _identify(logs/production_simple_1754644791) by extension 'ignore'
[0.483s] colcon.colcon_core.package_identification Level 1 _identify(logs/production_simple_1754644791) by extension 'ignore_ament_install'
[0.483s] colcon.colcon_core.package_identification Level 1 _identify(logs/production_simple_1754644791) by extensions ['colcon_pkg']
[0.483s] colcon.colcon_core.package_identification Level 1 _identify(logs/production_simple_1754644791) by extension 'colcon_pkg'
[0.483s] colcon.colcon_core.package_identification Level 1 _identify(logs/production_simple_1754644791) by extensions ['colcon_meta']
[0.483s] colcon.colcon_core.package_identification Level 1 _identify(logs/production_simple_1754644791) by extension 'colcon_meta'
[0.483s] colcon.colcon_core.package_identification Level 1 _identify(logs/production_simple_1754644791) by extensions ['ros']
[0.483s] colcon.colcon_core.package_identification Level 1 _identify(logs/production_simple_1754644791) by extension 'ros'
[0.483s] colcon.colcon_core.package_identification Level 1 _identify(logs/production_simple_1754644791) by extensions ['cmake', 'python']
[0.483s] colcon.colcon_core.package_identification Level 1 _identify(logs/production_simple_1754644791) by extension 'cmake'
[0.484s] colcon.colcon_core.package_identification Level 1 _identify(logs/production_simple_1754644791) by extension 'python'
[0.484s] colcon.colcon_core.package_identification Level 1 _identify(logs/production_simple_1754644791) by extensions ['python_setup_py']
[0.484s] colcon.colcon_core.package_identification Level 1 _identify(logs/production_simple_1754644791) by extension 'python_setup_py'
[0.484s] colcon.colcon_core.package_identification Level 1 _identify(logs/production_simple_1754644791/eval_logs) by extensions ['ignore', 'ignore_ament_install']
[0.484s] colcon.colcon_core.package_identification Level 1 _identify(logs/production_simple_1754644791/eval_logs) by extension 'ignore'
[0.484s] colcon.colcon_core.package_identification Level 1 _identify(logs/production_simple_1754644791/eval_logs) by extension 'ignore_ament_install'
[0.484s] colcon.colcon_core.package_identification Level 1 _identify(logs/production_simple_1754644791/eval_logs) by extensions ['colcon_pkg']
[0.484s] colcon.colcon_core.package_identification Level 1 _identify(logs/production_simple_1754644791/eval_logs) by extension 'colcon_pkg'
[0.484s] colcon.colcon_core.package_identification Level 1 _identify(logs/production_simple_1754644791/eval_logs) by extensions ['colcon_meta']
[0.484s] colcon.colcon_core.package_identification Level 1 _identify(logs/production_simple_1754644791/eval_logs) by extension 'colcon_meta'
[0.484s] colcon.colcon_core.package_identification Level 1 _identify(logs/production_simple_1754644791/eval_logs) by extensions ['ros']
[0.484s] colcon.colcon_core.package_identification Level 1 _identify(logs/production_simple_1754644791/eval_logs) by extension 'ros'
[0.484s] colcon.colcon_core.package_identification Level 1 _identify(logs/production_simple_1754644791/eval_logs) by extensions ['cmake', 'python']
[0.484s] colcon.colcon_core.package_identification Level 1 _identify(logs/production_simple_1754644791/eval_logs) by extension 'cmake'
[0.484s] colcon.colcon_core.package_identification Level 1 _identify(logs/production_simple_1754644791/eval_logs) by extension 'python'
[0.484s] colcon.colcon_core.package_identification Level 1 _identify(logs/production_simple_1754644791/eval_logs) by extensions ['python_setup_py']
[0.484s] colcon.colcon_core.package_identification Level 1 _identify(logs/production_simple_1754644791/eval_logs) by extension 'python_setup_py'
[0.485s] colcon.colcon_core.package_identification Level 1 _identify(logs/production_test_1754644781) by extensions ['ignore', 'ignore_ament_install']
[0.485s] colcon.colcon_core.package_identification Level 1 _identify(logs/production_test_1754644781) by extension 'ignore'
[0.485s] colcon.colcon_core.package_identification Level 1 _identify(logs/production_test_1754644781) by extension 'ignore_ament_install'
[0.485s] colcon.colcon_core.package_identification Level 1 _identify(logs/production_test_1754644781) by extensions ['colcon_pkg']
[0.485s] colcon.colcon_core.package_identification Level 1 _identify(logs/production_test_1754644781) by extension 'colcon_pkg'
[0.485s] colcon.colcon_core.package_identification Level 1 _identify(logs/production_test_1754644781) by extensions ['colcon_meta']
[0.485s] colcon.colcon_core.package_identification Level 1 _identify(logs/production_test_1754644781) by extension 'colcon_meta'
[0.485s] colcon.colcon_core.package_identification Level 1 _identify(logs/production_test_1754644781) by extensions ['ros']
[0.485s] colcon.colcon_core.package_identification Level 1 _identify(logs/production_test_1754644781) by extension 'ros'
[0.485s] colcon.colcon_core.package_identification Level 1 _identify(logs/production_test_1754644781) by extensions ['cmake', 'python']
[0.485s] colcon.colcon_core.package_identification Level 1 _identify(logs/production_test_1754644781) by extension 'cmake'
[0.485s] colcon.colcon_core.package_identification Level 1 _identify(logs/production_test_1754644781) by extension 'python'
[0.485s] colcon.colcon_core.package_identification Level 1 _identify(logs/production_test_1754644781) by extensions ['python_setup_py']
[0.485s] colcon.colcon_core.package_identification Level 1 _identify(logs/production_test_1754644781) by extension 'python_setup_py'
[0.485s] colcon.colcon_core.package_identification Level 1 _identify(logs/production_test_1754644781/eval_logs) by extensions ['ignore', 'ignore_ament_install']
[0.485s] colcon.colcon_core.package_identification Level 1 _identify(logs/production_test_1754644781/eval_logs) by extension 'ignore'
[0.486s] colcon.colcon_core.package_identification Level 1 _identify(logs/production_test_1754644781/eval_logs) by extension 'ignore_ament_install'
[0.486s] colcon.colcon_core.package_identification Level 1 _identify(logs/production_test_1754644781/eval_logs) by extensions ['colcon_pkg']
[0.486s] colcon.colcon_core.package_identification Level 1 _identify(logs/production_test_1754644781/eval_logs) by extension 'colcon_pkg'
[0.486s] colcon.colcon_core.package_identification Level 1 _identify(logs/production_test_1754644781/eval_logs) by extensions ['colcon_meta']
[0.486s] colcon.colcon_core.package_identification Level 1 _identify(logs/production_test_1754644781/eval_logs) by extension 'colcon_meta'
[0.486s] colcon.colcon_core.package_identification Level 1 _identify(logs/production_test_1754644781/eval_logs) by extensions ['ros']
[0.486s] colcon.colcon_core.package_identification Level 1 _identify(logs/production_test_1754644781/eval_logs) by extension 'ros'
[0.486s] colcon.colcon_core.package_identification Level 1 _identify(logs/production_test_1754644781/eval_logs) by extensions ['cmake', 'python']
[0.486s] colcon.colcon_core.package_identification Level 1 _identify(logs/production_test_1754644781/eval_logs) by extension 'cmake'
[0.486s] colcon.colcon_core.package_identification Level 1 _identify(logs/production_test_1754644781/eval_logs) by extension 'python'
[0.486s] colcon.colcon_core.package_identification Level 1 _identify(logs/production_test_1754644781/eval_logs) by extensions ['python_setup_py']
[0.486s] colcon.colcon_core.package_identification Level 1 _identify(logs/production_test_1754644781/eval_logs) by extension 'python_setup_py'
[0.486s] colcon.colcon_core.package_identification Level 1 _identify(logs/soma_cube_training_20250808_233651) by extensions ['ignore', 'ignore_ament_install']
[0.486s] colcon.colcon_core.package_identification Level 1 _identify(logs/soma_cube_training_20250808_233651) by extension 'ignore'
[0.486s] colcon.colcon_core.package_identification Level 1 _identify(logs/soma_cube_training_20250808_233651) by extension 'ignore_ament_install'
[0.486s] colcon.colcon_core.package_identification Level 1 _identify(logs/soma_cube_training_20250808_233651) by extensions ['colcon_pkg']
[0.486s] colcon.colcon_core.package_identification Level 1 _identify(logs/soma_cube_training_20250808_233651) by extension 'colcon_pkg'
[0.486s] colcon.colcon_core.package_identification Level 1 _identify(logs/soma_cube_training_20250808_233651) by extensions ['colcon_meta']
[0.487s] colcon.colcon_core.package_identification Level 1 _identify(logs/soma_cube_training_20250808_233651) by extension 'colcon_meta'
[0.487s] colcon.colcon_core.package_identification Level 1 _identify(logs/soma_cube_training_20250808_233651) by extensions ['ros']
[0.487s] colcon.colcon_core.package_identification Level 1 _identify(logs/soma_cube_training_20250808_233651) by extension 'ros'
[0.487s] colcon.colcon_core.package_identification Level 1 _identify(logs/soma_cube_training_20250808_233651) by extensions ['cmake', 'python']
[0.487s] colcon.colcon_core.package_identification Level 1 _identify(logs/soma_cube_training_20250808_233651) by extension 'cmake'
[0.487s] colcon.colcon_core.package_identification Level 1 _identify(logs/soma_cube_training_20250808_233651) by extension 'python'
[0.487s] colcon.colcon_core.package_identification Level 1 _identify(logs/soma_cube_training_20250808_233651) by extensions ['python_setup_py']
[0.487s] colcon.colcon_core.package_identification Level 1 _identify(logs/soma_cube_training_20250808_233651) by extension 'python_setup_py'
[0.487s] colcon.colcon_core.package_identification Level 1 _identify(logs/soma_cube_training_20250808_233651/tensorboard) by extensions ['ignore', 'ignore_ament_install']
[0.487s] colcon.colcon_core.package_identification Level 1 _identify(logs/soma_cube_training_20250808_233651/tensorboard) by extension 'ignore'
[0.487s] colcon.colcon_core.package_identification Level 1 _identify(logs/soma_cube_training_20250808_233651/tensorboard) by extension 'ignore_ament_install'
[0.487s] colcon.colcon_core.package_identification Level 1 _identify(logs/soma_cube_training_20250808_233651/tensorboard) by extensions ['colcon_pkg']
[0.487s] colcon.colcon_core.package_identification Level 1 _identify(logs/soma_cube_training_20250808_233651/tensorboard) by extension 'colcon_pkg'
[0.487s] colcon.colcon_core.package_identification Level 1 _identify(logs/soma_cube_training_20250808_233651/tensorboard) by extensions ['colcon_meta']
[0.487s] colcon.colcon_core.package_identification Level 1 _identify(logs/soma_cube_training_20250808_233651/tensorboard) by extension 'colcon_meta'
[0.487s] colcon.colcon_core.package_identification Level 1 _identify(logs/soma_cube_training_20250808_233651/tensorboard) by extensions ['ros']
[0.487s] colcon.colcon_core.package_identification Level 1 _identify(logs/soma_cube_training_20250808_233651/tensorboard) by extension 'ros'
[0.488s] colcon.colcon_core.package_identification Level 1 _identify(logs/soma_cube_training_20250808_233651/tensorboard) by extensions ['cmake', 'python']
[0.488s] colcon.colcon_core.package_identification Level 1 _identify(logs/soma_cube_training_20250808_233651/tensorboard) by extension 'cmake'
[0.488s] colcon.colcon_core.package_identification Level 1 _identify(logs/soma_cube_training_20250808_233651/tensorboard) by extension 'python'
[0.488s] colcon.colcon_core.package_identification Level 1 _identify(logs/soma_cube_training_20250808_233651/tensorboard) by extensions ['python_setup_py']
[0.488s] colcon.colcon_core.package_identification Level 1 _identify(logs/soma_cube_training_20250808_233651/tensorboard) by extension 'python_setup_py'
[0.488s] colcon.colcon_core.package_identification Level 1 _identify(logs/soma_cube_training_20250808_233744) by extensions ['ignore', 'ignore_ament_install']
[0.488s] colcon.colcon_core.package_identification Level 1 _identify(logs/soma_cube_training_20250808_233744) by extension 'ignore'
[0.488s] colcon.colcon_core.package_identification Level 1 _identify(logs/soma_cube_training_20250808_233744) by extension 'ignore_ament_install'
[0.488s] colcon.colcon_core.package_identification Level 1 _identify(logs/soma_cube_training_20250808_233744) by extensions ['colcon_pkg']
[0.488s] colcon.colcon_core.package_identification Level 1 _identify(logs/soma_cube_training_20250808_233744) by extension 'colcon_pkg'
[0.488s] colcon.colcon_core.package_identification Level 1 _identify(logs/soma_cube_training_20250808_233744) by extensions ['colcon_meta']
[0.488s] colcon.colcon_core.package_identification Level 1 _identify(logs/soma_cube_training_20250808_233744) by extension 'colcon_meta'
[0.488s] colcon.colcon_core.package_identification Level 1 _identify(logs/soma_cube_training_20250808_233744) by extensions ['ros']
[0.488s] colcon.colcon_core.package_identification Level 1 _identify(logs/soma_cube_training_20250808_233744) by extension 'ros'
[0.488s] colcon.colcon_core.package_identification Level 1 _identify(logs/soma_cube_training_20250808_233744) by extensions ['cmake', 'python']
[0.488s] colcon.colcon_core.package_identification Level 1 _identify(logs/soma_cube_training_20250808_233744) by extension 'cmake'
[0.488s] colcon.colcon_core.package_identification Level 1 _identify(logs/soma_cube_training_20250808_233744) by extension 'python'
[0.489s] colcon.colcon_core.package_identification Level 1 _identify(logs/soma_cube_training_20250808_233744) by extensions ['python_setup_py']
[0.489s] colcon.colcon_core.package_identification Level 1 _identify(logs/soma_cube_training_20250808_233744) by extension 'python_setup_py'
[0.489s] colcon.colcon_core.package_identification Level 1 _identify(logs/soma_cube_training_20250808_233744/tensorboard) by extensions ['ignore', 'ignore_ament_install']
[0.489s] colcon.colcon_core.package_identification Level 1 _identify(logs/soma_cube_training_20250808_233744/tensorboard) by extension 'ignore'
[0.489s] colcon.colcon_core.package_identification Level 1 _identify(logs/soma_cube_training_20250808_233744/tensorboard) by extension 'ignore_ament_install'
[0.489s] colcon.colcon_core.package_identification Level 1 _identify(logs/soma_cube_training_20250808_233744/tensorboard) by extensions ['colcon_pkg']
[0.489s] colcon.colcon_core.package_identification Level 1 _identify(logs/soma_cube_training_20250808_233744/tensorboard) by extension 'colcon_pkg'
[0.489s] colcon.colcon_core.package_identification Level 1 _identify(logs/soma_cube_training_20250808_233744/tensorboard) by extensions ['colcon_meta']
[0.489s] colcon.colcon_core.package_identification Level 1 _identify(logs/soma_cube_training_20250808_233744/tensorboard) by extension 'colcon_meta'
[0.489s] colcon.colcon_core.package_identification Level 1 _identify(logs/soma_cube_training_20250808_233744/tensorboard) by extensions ['ros']
[0.489s] colcon.colcon_core.package_identification Level 1 _identify(logs/soma_cube_training_20250808_233744/tensorboard) by extension 'ros'
[0.489s] colcon.colcon_core.package_identification Level 1 _identify(logs/soma_cube_training_20250808_233744/tensorboard) by extensions ['cmake', 'python']
[0.489s] colcon.colcon_core.package_identification Level 1 _identify(logs/soma_cube_training_20250808_233744/tensorboard) by extension 'cmake'
[0.489s] colcon.colcon_core.package_identification Level 1 _identify(logs/soma_cube_training_20250808_233744/tensorboard) by extension 'python'
[0.489s] colcon.colcon_core.package_identification Level 1 _identify(logs/soma_cube_training_20250808_233744/tensorboard) by extensions ['python_setup_py']
[0.490s] colcon.colcon_core.package_identification Level 1 _identify(logs/soma_cube_training_20250808_233744/tensorboard) by extension 'python_setup_py'
[0.490s] colcon.colcon_core.package_identification Level 1 _identify(logs/soma_cube_training_20250808_233807) by extensions ['ignore', 'ignore_ament_install']
[0.490s] colcon.colcon_core.package_identification Level 1 _identify(logs/soma_cube_training_20250808_233807) by extension 'ignore'
[0.490s] colcon.colcon_core.package_identification Level 1 _identify(logs/soma_cube_training_20250808_233807) by extension 'ignore_ament_install'
[0.490s] colcon.colcon_core.package_identification Level 1 _identify(logs/soma_cube_training_20250808_233807) by extensions ['colcon_pkg']
[0.490s] colcon.colcon_core.package_identification Level 1 _identify(logs/soma_cube_training_20250808_233807) by extension 'colcon_pkg'
[0.490s] colcon.colcon_core.package_identification Level 1 _identify(logs/soma_cube_training_20250808_233807) by extensions ['colcon_meta']
[0.490s] colcon.colcon_core.package_identification Level 1 _identify(logs/soma_cube_training_20250808_233807) by extension 'colcon_meta'
[0.490s] colcon.colcon_core.package_identification Level 1 _identify(logs/soma_cube_training_20250808_233807) by extensions ['ros']
[0.490s] colcon.colcon_core.package_identification Level 1 _identify(logs/soma_cube_training_20250808_233807) by extension 'ros'
[0.490s] colcon.colcon_core.package_identification Level 1 _identify(logs/soma_cube_training_20250808_233807) by extensions ['cmake', 'python']
[0.490s] colcon.colcon_core.package_identification Level 1 _identify(logs/soma_cube_training_20250808_233807) by extension 'cmake'
[0.490s] colcon.colcon_core.package_identification Level 1 _identify(logs/soma_cube_training_20250808_233807) by extension 'python'
[0.490s] colcon.colcon_core.package_identification Level 1 _identify(logs/soma_cube_training_20250808_233807) by extensions ['python_setup_py']
[0.490s] colcon.colcon_core.package_identification Level 1 _identify(logs/soma_cube_training_20250808_233807) by extension 'python_setup_py'
[0.491s] colcon.colcon_core.package_identification Level 1 _identify(logs/soma_cube_training_20250808_233807/tensorboard) by extensions ['ignore', 'ignore_ament_install']
[0.491s] colcon.colcon_core.package_identification Level 1 _identify(logs/soma_cube_training_20250808_233807/tensorboard) by extension 'ignore'
[0.491s] colcon.colcon_core.package_identification Level 1 _identify(logs/soma_cube_training_20250808_233807/tensorboard) by extension 'ignore_ament_install'
[0.491s] colcon.colcon_core.package_identification Level 1 _identify(logs/soma_cube_training_20250808_233807/tensorboard) by extensions ['colcon_pkg']
[0.491s] colcon.colcon_core.package_identification Level 1 _identify(logs/soma_cube_training_20250808_233807/tensorboard) by extension 'colcon_pkg'
[0.491s] colcon.colcon_core.package_identification Level 1 _identify(logs/soma_cube_training_20250808_233807/tensorboard) by extensions ['colcon_meta']
[0.491s] colcon.colcon_core.package_identification Level 1 _identify(logs/soma_cube_training_20250808_233807/tensorboard) by extension 'colcon_meta'
[0.491s] colcon.colcon_core.package_identification Level 1 _identify(logs/soma_cube_training_20250808_233807/tensorboard) by extensions ['ros']
[0.491s] colcon.colcon_core.package_identification Level 1 _identify(logs/soma_cube_training_20250808_233807/tensorboard) by extension 'ros'
[0.491s] colcon.colcon_core.package_identification Level 1 _identify(logs/soma_cube_training_20250808_233807/tensorboard) by extensions ['cmake', 'python']
[0.491s] colcon.colcon_core.package_identification Level 1 _identify(logs/soma_cube_training_20250808_233807/tensorboard) by extension 'cmake'
[0.491s] colcon.colcon_core.package_identification Level 1 _identify(logs/soma_cube_training_20250808_233807/tensorboard) by extension 'python'
[0.491s] colcon.colcon_core.package_identification Level 1 _identify(logs/soma_cube_training_20250808_233807/tensorboard) by extensions ['python_setup_py']
[0.491s] colcon.colcon_core.package_identification Level 1 _identify(logs/soma_cube_training_20250808_233807/tensorboard) by extension 'python_setup_py'
[0.492s] colcon.colcon_core.package_identification Level 1 _identify(logs/soma_cube_training_20250808_233828) by extensions ['ignore', 'ignore_ament_install']
[0.492s] colcon.colcon_core.package_identification Level 1 _identify(logs/soma_cube_training_20250808_233828) by extension 'ignore'
[0.492s] colcon.colcon_core.package_identification Level 1 _identify(logs/soma_cube_training_20250808_233828) by extension 'ignore_ament_install'
[0.492s] colcon.colcon_core.package_identification Level 1 _identify(logs/soma_cube_training_20250808_233828) by extensions ['colcon_pkg']
[0.492s] colcon.colcon_core.package_identification Level 1 _identify(logs/soma_cube_training_20250808_233828) by extension 'colcon_pkg'
[0.492s] colcon.colcon_core.package_identification Level 1 _identify(logs/soma_cube_training_20250808_233828) by extensions ['colcon_meta']
[0.492s] colcon.colcon_core.package_identification Level 1 _identify(logs/soma_cube_training_20250808_233828) by extension 'colcon_meta'
[0.492s] colcon.colcon_core.package_identification Level 1 _identify(logs/soma_cube_training_20250808_233828) by extensions ['ros']
[0.492s] colcon.colcon_core.package_identification Level 1 _identify(logs/soma_cube_training_20250808_233828) by extension 'ros'
[0.492s] colcon.colcon_core.package_identification Level 1 _identify(logs/soma_cube_training_20250808_233828) by extensions ['cmake', 'python']
[0.492s] colcon.colcon_core.package_identification Level 1 _identify(logs/soma_cube_training_20250808_233828) by extension 'cmake'
[0.492s] colcon.colcon_core.package_identification Level 1 _identify(logs/soma_cube_training_20250808_233828) by extension 'python'
[0.492s] colcon.colcon_core.package_identification Level 1 _identify(logs/soma_cube_training_20250808_233828) by extensions ['python_setup_py']
[0.492s] colcon.colcon_core.package_identification Level 1 _identify(logs/soma_cube_training_20250808_233828) by extension 'python_setup_py'
[0.493s] colcon.colcon_core.package_identification Level 1 _identify(logs/soma_cube_training_20250808_233828/tensorboard) by extensions ['ignore', 'ignore_ament_install']
[0.493s] colcon.colcon_core.package_identification Level 1 _identify(logs/soma_cube_training_20250808_233828/tensorboard) by extension 'ignore'
[0.493s] colcon.colcon_core.package_identification Level 1 _identify(logs/soma_cube_training_20250808_233828/tensorboard) by extension 'ignore_ament_install'
[0.493s] colcon.colcon_core.package_identification Level 1 _identify(logs/soma_cube_training_20250808_233828/tensorboard) by extensions ['colcon_pkg']
[0.493s] colcon.colcon_core.package_identification Level 1 _identify(logs/soma_cube_training_20250808_233828/tensorboard) by extension 'colcon_pkg'
[0.493s] colcon.colcon_core.package_identification Level 1 _identify(logs/soma_cube_training_20250808_233828/tensorboard) by extensions ['colcon_meta']
[0.493s] colcon.colcon_core.package_identification Level 1 _identify(logs/soma_cube_training_20250808_233828/tensorboard) by extension 'colcon_meta'
[0.493s] colcon.colcon_core.package_identification Level 1 _identify(logs/soma_cube_training_20250808_233828/tensorboard) by extensions ['ros']
[0.493s] colcon.colcon_core.package_identification Level 1 _identify(logs/soma_cube_training_20250808_233828/tensorboard) by extension 'ros'
[0.493s] colcon.colcon_core.package_identification Level 1 _identify(logs/soma_cube_training_20250808_233828/tensorboard) by extensions ['cmake', 'python']
[0.493s] colcon.colcon_core.package_identification Level 1 _identify(logs/soma_cube_training_20250808_233828/tensorboard) by extension 'cmake'
[0.493s] colcon.colcon_core.package_identification Level 1 _identify(logs/soma_cube_training_20250808_233828/tensorboard) by extension 'python'
[0.493s] colcon.colcon_core.package_identification Level 1 _identify(logs/soma_cube_training_20250808_233828/tensorboard) by extensions ['python_setup_py']
[0.493s] colcon.colcon_core.package_identification Level 1 _identify(logs/soma_cube_training_20250808_233828/tensorboard) by extension 'python_setup_py'
[0.493s] colcon.colcon_core.package_identification Level 1 _identify(logs/soma_cube_training_20250808_233843) by extensions ['ignore', 'ignore_ament_install']
[0.493s] colcon.colcon_core.package_identification Level 1 _identify(logs/soma_cube_training_20250808_233843) by extension 'ignore'
[0.494s] colcon.colcon_core.package_identification Level 1 _identify(logs/soma_cube_training_20250808_233843) by extension 'ignore_ament_install'
[0.494s] colcon.colcon_core.package_identification Level 1 _identify(logs/soma_cube_training_20250808_233843) by extensions ['colcon_pkg']
[0.494s] colcon.colcon_core.package_identification Level 1 _identify(logs/soma_cube_training_20250808_233843) by extension 'colcon_pkg'
[0.494s] colcon.colcon_core.package_identification Level 1 _identify(logs/soma_cube_training_20250808_233843) by extensions ['colcon_meta']
[0.494s] colcon.colcon_core.package_identification Level 1 _identify(logs/soma_cube_training_20250808_233843) by extension 'colcon_meta'
[0.494s] colcon.colcon_core.package_identification Level 1 _identify(logs/soma_cube_training_20250808_233843) by extensions ['ros']
[0.494s] colcon.colcon_core.package_identification Level 1 _identify(logs/soma_cube_training_20250808_233843) by extension 'ros'
[0.494s] colcon.colcon_core.package_identification Level 1 _identify(logs/soma_cube_training_20250808_233843) by extensions ['cmake', 'python']
[0.494s] colcon.colcon_core.package_identification Level 1 _identify(logs/soma_cube_training_20250808_233843) by extension 'cmake'
[0.494s] colcon.colcon_core.package_identification Level 1 _identify(logs/soma_cube_training_20250808_233843) by extension 'python'
[0.494s] colcon.colcon_core.package_identification Level 1 _identify(logs/soma_cube_training_20250808_233843) by extensions ['python_setup_py']
[0.494s] colcon.colcon_core.package_identification Level 1 _identify(logs/soma_cube_training_20250808_233843) by extension 'python_setup_py'
[0.494s] colcon.colcon_core.package_identification Level 1 _identify(logs/soma_cube_training_20250808_233843/tensorboard) by extensions ['ignore', 'ignore_ament_install']
[0.494s] colcon.colcon_core.package_identification Level 1 _identify(logs/soma_cube_training_20250808_233843/tensorboard) by extension 'ignore'
[0.494s] colcon.colcon_core.package_identification Level 1 _identify(logs/soma_cube_training_20250808_233843/tensorboard) by extension 'ignore_ament_install'
[0.494s] colcon.colcon_core.package_identification Level 1 _identify(logs/soma_cube_training_20250808_233843/tensorboard) by extensions ['colcon_pkg']
[0.494s] colcon.colcon_core.package_identification Level 1 _identify(logs/soma_cube_training_20250808_233843/tensorboard) by extension 'colcon_pkg'
[0.494s] colcon.colcon_core.package_identification Level 1 _identify(logs/soma_cube_training_20250808_233843/tensorboard) by extensions ['colcon_meta']
[0.494s] colcon.colcon_core.package_identification Level 1 _identify(logs/soma_cube_training_20250808_233843/tensorboard) by extension 'colcon_meta'
[0.494s] colcon.colcon_core.package_identification Level 1 _identify(logs/soma_cube_training_20250808_233843/tensorboard) by extensions ['ros']
[0.494s] colcon.colcon_core.package_identification Level 1 _identify(logs/soma_cube_training_20250808_233843/tensorboard) by extension 'ros'
[0.494s] colcon.colcon_core.package_identification Level 1 _identify(logs/soma_cube_training_20250808_233843/tensorboard) by extensions ['cmake', 'python']
[0.494s] colcon.colcon_core.package_identification Level 1 _identify(logs/soma_cube_training_20250808_233843/tensorboard) by extension 'cmake'
[0.494s] colcon.colcon_core.package_identification Level 1 _identify(logs/soma_cube_training_20250808_233843/tensorboard) by extension 'python'
[0.494s] colcon.colcon_core.package_identification Level 1 _identify(logs/soma_cube_training_20250808_233843/tensorboard) by extensions ['python_setup_py']
[0.494s] colcon.colcon_core.package_identification Level 1 _identify(logs/soma_cube_training_20250808_233843/tensorboard) by extension 'python_setup_py'
[0.495s] colcon.colcon_core.package_identification Level 1 _identify(logs/soma_cube_training_20250808_234153) by extensions ['ignore', 'ignore_ament_install']
[0.495s] colcon.colcon_core.package_identification Level 1 _identify(logs/soma_cube_training_20250808_234153) by extension 'ignore'
[0.495s] colcon.colcon_core.package_identification Level 1 _identify(logs/soma_cube_training_20250808_234153) by extension 'ignore_ament_install'
[0.495s] colcon.colcon_core.package_identification Level 1 _identify(logs/soma_cube_training_20250808_234153) by extensions ['colcon_pkg']
[0.495s] colcon.colcon_core.package_identification Level 1 _identify(logs/soma_cube_training_20250808_234153) by extension 'colcon_pkg'
[0.495s] colcon.colcon_core.package_identification Level 1 _identify(logs/soma_cube_training_20250808_234153) by extensions ['colcon_meta']
[0.495s] colcon.colcon_core.package_identification Level 1 _identify(logs/soma_cube_training_20250808_234153) by extension 'colcon_meta'
[0.495s] colcon.colcon_core.package_identification Level 1 _identify(logs/soma_cube_training_20250808_234153) by extensions ['ros']
[0.495s] colcon.colcon_core.package_identification Level 1 _identify(logs/soma_cube_training_20250808_234153) by extension 'ros'
[0.495s] colcon.colcon_core.package_identification Level 1 _identify(logs/soma_cube_training_20250808_234153) by extensions ['cmake', 'python']
[0.495s] colcon.colcon_core.package_identification Level 1 _identify(logs/soma_cube_training_20250808_234153) by extension 'cmake'
[0.495s] colcon.colcon_core.package_identification Level 1 _identify(logs/soma_cube_training_20250808_234153) by extension 'python'
[0.495s] colcon.colcon_core.package_identification Level 1 _identify(logs/soma_cube_training_20250808_234153) by extensions ['python_setup_py']
[0.495s] colcon.colcon_core.package_identification Level 1 _identify(logs/soma_cube_training_20250808_234153) by extension 'python_setup_py'
[0.495s] colcon.colcon_core.package_identification Level 1 _identify(logs/soma_cube_training_20250808_234153/tensorboard) by extensions ['ignore', 'ignore_ament_install']
[0.495s] colcon.colcon_core.package_identification Level 1 _identify(logs/soma_cube_training_20250808_234153/tensorboard) by extension 'ignore'
[0.495s] colcon.colcon_core.package_identification Level 1 _identify(logs/soma_cube_training_20250808_234153/tensorboard) by extension 'ignore_ament_install'
[0.495s] colcon.colcon_core.package_identification Level 1 _identify(logs/soma_cube_training_20250808_234153/tensorboard) by extensions ['colcon_pkg']
[0.495s] colcon.colcon_core.package_identification Level 1 _identify(logs/soma_cube_training_20250808_234153/tensorboard) by extension 'colcon_pkg'
[0.495s] colcon.colcon_core.package_identification Level 1 _identify(logs/soma_cube_training_20250808_234153/tensorboard) by extensions ['colcon_meta']
[0.495s] colcon.colcon_core.package_identification Level 1 _identify(logs/soma_cube_training_20250808_234153/tensorboard) by extension 'colcon_meta'
[0.495s] colcon.colcon_core.package_identification Level 1 _identify(logs/soma_cube_training_20250808_234153/tensorboard) by extensions ['ros']
[0.495s] colcon.colcon_core.package_identification Level 1 _identify(logs/soma_cube_training_20250808_234153/tensorboard) by extension 'ros'
[0.495s] colcon.colcon_core.package_identification Level 1 _identify(logs/soma_cube_training_20250808_234153/tensorboard) by extensions ['cmake', 'python']
[0.495s] colcon.colcon_core.package_identification Level 1 _identify(logs/soma_cube_training_20250808_234153/tensorboard) by extension 'cmake'
[0.495s] colcon.colcon_core.package_identification Level 1 _identify(logs/soma_cube_training_20250808_234153/tensorboard) by extension 'python'
[0.495s] colcon.colcon_core.package_identification Level 1 _identify(logs/soma_cube_training_20250808_234153/tensorboard) by extensions ['python_setup_py']
[0.495s] colcon.colcon_core.package_identification Level 1 _identify(logs/soma_cube_training_20250808_234153/tensorboard) by extension 'python_setup_py'
[0.496s] colcon.colcon_core.package_identification Level 1 _identify(logs/soma_cube_training_20250809_001742) by extensions ['ignore', 'ignore_ament_install']
[0.496s] colcon.colcon_core.package_identification Level 1 _identify(logs/soma_cube_training_20250809_001742) by extension 'ignore'
[0.496s] colcon.colcon_core.package_identification Level 1 _identify(logs/soma_cube_training_20250809_001742) by extension 'ignore_ament_install'
[0.496s] colcon.colcon_core.package_identification Level 1 _identify(logs/soma_cube_training_20250809_001742) by extensions ['colcon_pkg']
[0.496s] colcon.colcon_core.package_identification Level 1 _identify(logs/soma_cube_training_20250809_001742) by extension 'colcon_pkg'
[0.496s] colcon.colcon_core.package_identification Level 1 _identify(logs/soma_cube_training_20250809_001742) by extensions ['colcon_meta']
[0.496s] colcon.colcon_core.package_identification Level 1 _identify(logs/soma_cube_training_20250809_001742) by extension 'colcon_meta'
[0.496s] colcon.colcon_core.package_identification Level 1 _identify(logs/soma_cube_training_20250809_001742) by extensions ['ros']
[0.496s] colcon.colcon_core.package_identification Level 1 _identify(logs/soma_cube_training_20250809_001742) by extension 'ros'
[0.496s] colcon.colcon_core.package_identification Level 1 _identify(logs/soma_cube_training_20250809_001742) by extensions ['cmake', 'python']
[0.496s] colcon.colcon_core.package_identification Level 1 _identify(logs/soma_cube_training_20250809_001742) by extension 'cmake'
[0.496s] colcon.colcon_core.package_identification Level 1 _identify(logs/soma_cube_training_20250809_001742) by extension 'python'
[0.496s] colcon.colcon_core.package_identification Level 1 _identify(logs/soma_cube_training_20250809_001742) by extensions ['python_setup_py']
[0.496s] colcon.colcon_core.package_identification Level 1 _identify(logs/soma_cube_training_20250809_001742) by extension 'python_setup_py'
[0.496s] colcon.colcon_core.package_identification Level 1 _identify(logs/soma_cube_training_20250809_001742/tensorboard) by extensions ['ignore', 'ignore_ament_install']
[0.496s] colcon.colcon_core.package_identification Level 1 _identify(logs/soma_cube_training_20250809_001742/tensorboard) by extension 'ignore'
[0.496s] colcon.colcon_core.package_identification Level 1 _identify(logs/soma_cube_training_20250809_001742/tensorboard) by extension 'ignore_ament_install'
[0.496s] colcon.colcon_core.package_identification Level 1 _identify(logs/soma_cube_training_20250809_001742/tensorboard) by extensions ['colcon_pkg']
[0.496s] colcon.colcon_core.package_identification Level 1 _identify(logs/soma_cube_training_20250809_001742/tensorboard) by extension 'colcon_pkg'
[0.496s] colcon.colcon_core.package_identification Level 1 _identify(logs/soma_cube_training_20250809_001742/tensorboard) by extensions ['colcon_meta']
[0.497s] colcon.colcon_core.package_identification Level 1 _identify(logs/soma_cube_training_20250809_001742/tensorboard) by extension 'colcon_meta'
[0.497s] colcon.colcon_core.package_identification Level 1 _identify(logs/soma_cube_training_20250809_001742/tensorboard) by extensions ['ros']
[0.497s] colcon.colcon_core.package_identification Level 1 _identify(logs/soma_cube_training_20250809_001742/tensorboard) by extension 'ros'
[0.497s] colcon.colcon_core.package_identification Level 1 _identify(logs/soma_cube_training_20250809_001742/tensorboard) by extensions ['cmake', 'python']
[0.497s] colcon.colcon_core.package_identification Level 1 _identify(logs/soma_cube_training_20250809_001742/tensorboard) by extension 'cmake'
[0.497s] colcon.colcon_core.package_identification Level 1 _identify(logs/soma_cube_training_20250809_001742/tensorboard) by extension 'python'
[0.497s] colcon.colcon_core.package_identification Level 1 _identify(logs/soma_cube_training_20250809_001742/tensorboard) by extensions ['python_setup_py']
[0.497s] colcon.colcon_core.package_identification Level 1 _identify(logs/soma_cube_training_20250809_001742/tensorboard) by extension 'python_setup_py'
[0.497s] colcon.colcon_core.package_identification Level 1 _identify(logs/soma_cube_training_20250809_003052) by extensions ['ignore', 'ignore_ament_install']
[0.497s] colcon.colcon_core.package_identification Level 1 _identify(logs/soma_cube_training_20250809_003052) by extension 'ignore'
[0.497s] colcon.colcon_core.package_identification Level 1 _identify(logs/soma_cube_training_20250809_003052) by extension 'ignore_ament_install'
[0.497s] colcon.colcon_core.package_identification Level 1 _identify(logs/soma_cube_training_20250809_003052) by extensions ['colcon_pkg']
[0.497s] colcon.colcon_core.package_identification Level 1 _identify(logs/soma_cube_training_20250809_003052) by extension 'colcon_pkg'
[0.497s] colcon.colcon_core.package_identification Level 1 _identify(logs/soma_cube_training_20250809_003052) by extensions ['colcon_meta']
[0.497s] colcon.colcon_core.package_identification Level 1 _identify(logs/soma_cube_training_20250809_003052) by extension 'colcon_meta'
[0.497s] colcon.colcon_core.package_identification Level 1 _identify(logs/soma_cube_training_20250809_003052) by extensions ['ros']
[0.497s] colcon.colcon_core.package_identification Level 1 _identify(logs/soma_cube_training_20250809_003052) by extension 'ros'
[0.497s] colcon.colcon_core.package_identification Level 1 _identify(logs/soma_cube_training_20250809_003052) by extensions ['cmake', 'python']
[0.497s] colcon.colcon_core.package_identification Level 1 _identify(logs/soma_cube_training_20250809_003052) by extension 'cmake'
[0.497s] colcon.colcon_core.package_identification Level 1 _identify(logs/soma_cube_training_20250809_003052) by extension 'python'
[0.497s] colcon.colcon_core.package_identification Level 1 _identify(logs/soma_cube_training_20250809_003052) by extensions ['python_setup_py']
[0.497s] colcon.colcon_core.package_identification Level 1 _identify(logs/soma_cube_training_20250809_003052) by extension 'python_setup_py'
[0.497s] colcon.colcon_core.package_identification Level 1 _identify(logs/soma_cube_training_20250809_003052/tensorboard) by extensions ['ignore', 'ignore_ament_install']
[0.498s] colcon.colcon_core.package_identification Level 1 _identify(logs/soma_cube_training_20250809_003052/tensorboard) by extension 'ignore'
[0.498s] colcon.colcon_core.package_identification Level 1 _identify(logs/soma_cube_training_20250809_003052/tensorboard) by extension 'ignore_ament_install'
[0.498s] colcon.colcon_core.package_identification Level 1 _identify(logs/soma_cube_training_20250809_003052/tensorboard) by extensions ['colcon_pkg']
[0.498s] colcon.colcon_core.package_identification Level 1 _identify(logs/soma_cube_training_20250809_003052/tensorboard) by extension 'colcon_pkg'
[0.498s] colcon.colcon_core.package_identification Level 1 _identify(logs/soma_cube_training_20250809_003052/tensorboard) by extensions ['colcon_meta']
[0.498s] colcon.colcon_core.package_identification Level 1 _identify(logs/soma_cube_training_20250809_003052/tensorboard) by extension 'colcon_meta'
[0.498s] colcon.colcon_core.package_identification Level 1 _identify(logs/soma_cube_training_20250809_003052/tensorboard) by extensions ['ros']
[0.498s] colcon.colcon_core.package_identification Level 1 _identify(logs/soma_cube_training_20250809_003052/tensorboard) by extension 'ros'
[0.498s] colcon.colcon_core.package_identification Level 1 _identify(logs/soma_cube_training_20250809_003052/tensorboard) by extensions ['cmake', 'python']
[0.498s] colcon.colcon_core.package_identification Level 1 _identify(logs/soma_cube_training_20250809_003052/tensorboard) by extension 'cmake'
[0.498s] colcon.colcon_core.package_identification Level 1 _identify(logs/soma_cube_training_20250809_003052/tensorboard) by extension 'python'
[0.498s] colcon.colcon_core.package_identification Level 1 _identify(logs/soma_cube_training_20250809_003052/tensorboard) by extensions ['python_setup_py']
[0.498s] colcon.colcon_core.package_identification Level 1 _identify(logs/soma_cube_training_20250809_003052/tensorboard) by extension 'python_setup_py'
[0.498s] colcon.colcon_core.package_identification Level 1 _identify(logs/soma_v1_1754642331) by extensions ['ignore', 'ignore_ament_install']
[0.498s] colcon.colcon_core.package_identification Level 1 _identify(logs/soma_v1_1754642331) by extension 'ignore'
[0.498s] colcon.colcon_core.package_identification Level 1 _identify(logs/soma_v1_1754642331) by extension 'ignore_ament_install'
[0.498s] colcon.colcon_core.package_identification Level 1 _identify(logs/soma_v1_1754642331) by extensions ['colcon_pkg']
[0.498s] colcon.colcon_core.package_identification Level 1 _identify(logs/soma_v1_1754642331) by extension 'colcon_pkg'
[0.498s] colcon.colcon_core.package_identification Level 1 _identify(logs/soma_v1_1754642331) by extensions ['colcon_meta']
[0.498s] colcon.colcon_core.package_identification Level 1 _identify(logs/soma_v1_1754642331) by extension 'colcon_meta'
[0.498s] colcon.colcon_core.package_identification Level 1 _identify(logs/soma_v1_1754642331) by extensions ['ros']
[0.498s] colcon.colcon_core.package_identification Level 1 _identify(logs/soma_v1_1754642331) by extension 'ros'
[0.498s] colcon.colcon_core.package_identification Level 1 _identify(logs/soma_v1_1754642331) by extensions ['cmake', 'python']
[0.498s] colcon.colcon_core.package_identification Level 1 _identify(logs/soma_v1_1754642331) by extension 'cmake'
[0.498s] colcon.colcon_core.package_identification Level 1 _identify(logs/soma_v1_1754642331) by extension 'python'
[0.498s] colcon.colcon_core.package_identification Level 1 _identify(logs/soma_v1_1754642331) by extensions ['python_setup_py']
[0.498s] colcon.colcon_core.package_identification Level 1 _identify(logs/soma_v1_1754642331) by extension 'python_setup_py'
[0.499s] colcon.colcon_core.package_identification Level 1 _identify(logs/test_training_1754642529) by extensions ['ignore', 'ignore_ament_install']
[0.499s] colcon.colcon_core.package_identification Level 1 _identify(logs/test_training_1754642529) by extension 'ignore'
[0.499s] colcon.colcon_core.package_identification Level 1 _identify(logs/test_training_1754642529) by extension 'ignore_ament_install'
[0.499s] colcon.colcon_core.package_identification Level 1 _identify(logs/test_training_1754642529) by extensions ['colcon_pkg']
[0.499s] colcon.colcon_core.package_identification Level 1 _identify(logs/test_training_1754642529) by extension 'colcon_pkg'
[0.499s] colcon.colcon_core.package_identification Level 1 _identify(logs/test_training_1754642529) by extensions ['colcon_meta']
[0.499s] colcon.colcon_core.package_identification Level 1 _identify(logs/test_training_1754642529) by extension 'colcon_meta'
[0.499s] colcon.colcon_core.package_identification Level 1 _identify(logs/test_training_1754642529) by extensions ['ros']
[0.499s] colcon.colcon_core.package_identification Level 1 _identify(logs/test_training_1754642529) by extension 'ros'
[0.499s] colcon.colcon_core.package_identification Level 1 _identify(logs/test_training_1754642529) by extensions ['cmake', 'python']
[0.499s] colcon.colcon_core.package_identification Level 1 _identify(logs/test_training_1754642529) by extension 'cmake'
[0.499s] colcon.colcon_core.package_identification Level 1 _identify(logs/test_training_1754642529) by extension 'python'
[0.499s] colcon.colcon_core.package_identification Level 1 _identify(logs/test_training_1754642529) by extensions ['python_setup_py']
[0.499s] colcon.colcon_core.package_identification Level 1 _identify(logs/test_training_1754642529) by extension 'python_setup_py'
[0.499s] colcon.colcon_core.package_identification Level 1 _identify(logs/test_training_small_1754642539) by extensions ['ignore', 'ignore_ament_install']
[0.499s] colcon.colcon_core.package_identification Level 1 _identify(logs/test_training_small_1754642539) by extension 'ignore'
[0.499s] colcon.colcon_core.package_identification Level 1 _identify(logs/test_training_small_1754642539) by extension 'ignore_ament_install'
[0.499s] colcon.colcon_core.package_identification Level 1 _identify(logs/test_training_small_1754642539) by extensions ['colcon_pkg']
[0.499s] colcon.colcon_core.package_identification Level 1 _identify(logs/test_training_small_1754642539) by extension 'colcon_pkg'
[0.500s] colcon.colcon_core.package_identification Level 1 _identify(logs/test_training_small_1754642539) by extensions ['colcon_meta']
[0.500s] colcon.colcon_core.package_identification Level 1 _identify(logs/test_training_small_1754642539) by extension 'colcon_meta'
[0.500s] colcon.colcon_core.package_identification Level 1 _identify(logs/test_training_small_1754642539) by extensions ['ros']
[0.500s] colcon.colcon_core.package_identification Level 1 _identify(logs/test_training_small_1754642539) by extension 'ros'
[0.500s] colcon.colcon_core.package_identification Level 1 _identify(logs/test_training_small_1754642539) by extensions ['cmake', 'python']
[0.500s] colcon.colcon_core.package_identification Level 1 _identify(logs/test_training_small_1754642539) by extension 'cmake'
[0.500s] colcon.colcon_core.package_identification Level 1 _identify(logs/test_training_small_1754642539) by extension 'python'
[0.500s] colcon.colcon_core.package_identification Level 1 _identify(logs/test_training_small_1754642539) by extensions ['python_setup_py']
[0.500s] colcon.colcon_core.package_identification Level 1 _identify(logs/test_training_small_1754642539) by extension 'python_setup_py'
[0.500s] colcon.colcon_core.package_identification Level 1 _identify(logs/test_training_small_1754642539/eval_logs) by extensions ['ignore', 'ignore_ament_install']
[0.500s] colcon.colcon_core.package_identification Level 1 _identify(logs/test_training_small_1754642539/eval_logs) by extension 'ignore'
[0.500s] colcon.colcon_core.package_identification Level 1 _identify(logs/test_training_small_1754642539/eval_logs) by extension 'ignore_ament_install'
[0.500s] colcon.colcon_core.package_identification Level 1 _identify(logs/test_training_small_1754642539/eval_logs) by extensions ['colcon_pkg']
[0.500s] colcon.colcon_core.package_identification Level 1 _identify(logs/test_training_small_1754642539/eval_logs) by extension 'colcon_pkg'
[0.500s] colcon.colcon_core.package_identification Level 1 _identify(logs/test_training_small_1754642539/eval_logs) by extensions ['colcon_meta']
[0.500s] colcon.colcon_core.package_identification Level 1 _identify(logs/test_training_small_1754642539/eval_logs) by extension 'colcon_meta'
[0.500s] colcon.colcon_core.package_identification Level 1 _identify(logs/test_training_small_1754642539/eval_logs) by extensions ['ros']
[0.500s] colcon.colcon_core.package_identification Level 1 _identify(logs/test_training_small_1754642539/eval_logs) by extension 'ros'
[0.500s] colcon.colcon_core.package_identification Level 1 _identify(logs/test_training_small_1754642539/eval_logs) by extensions ['cmake', 'python']
[0.500s] colcon.colcon_core.package_identification Level 1 _identify(logs/test_training_small_1754642539/eval_logs) by extension 'cmake'
[0.500s] colcon.colcon_core.package_identification Level 1 _identify(logs/test_training_small_1754642539/eval_logs) by extension 'python'
[0.500s] colcon.colcon_core.package_identification Level 1 _identify(logs/test_training_small_1754642539/eval_logs) by extensions ['python_setup_py']
[0.500s] colcon.colcon_core.package_identification Level 1 _identify(logs/test_training_small_1754642539/eval_logs) by extension 'python_setup_py'
[0.501s] colcon.colcon_core.package_identification Level 1 _identify(logs/training_integration_test_20250809_115412) by extensions ['ignore', 'ignore_ament_install']
[0.501s] colcon.colcon_core.package_identification Level 1 _identify(logs/training_integration_test_20250809_115412) by extension 'ignore'
[0.501s] colcon.colcon_core.package_identification Level 1 _identify(logs/training_integration_test_20250809_115412) by extension 'ignore_ament_install'
[0.501s] colcon.colcon_core.package_identification Level 1 _identify(logs/training_integration_test_20250809_115412) by extensions ['colcon_pkg']
[0.501s] colcon.colcon_core.package_identification Level 1 _identify(logs/training_integration_test_20250809_115412) by extension 'colcon_pkg'
[0.501s] colcon.colcon_core.package_identification Level 1 _identify(logs/training_integration_test_20250809_115412) by extensions ['colcon_meta']
[0.501s] colcon.colcon_core.package_identification Level 1 _identify(logs/training_integration_test_20250809_115412) by extension 'colcon_meta'
[0.501s] colcon.colcon_core.package_identification Level 1 _identify(logs/training_integration_test_20250809_115412) by extensions ['ros']
[0.501s] colcon.colcon_core.package_identification Level 1 _identify(logs/training_integration_test_20250809_115412) by extension 'ros'
[0.501s] colcon.colcon_core.package_identification Level 1 _identify(logs/training_integration_test_20250809_115412) by extensions ['cmake', 'python']
[0.501s] colcon.colcon_core.package_identification Level 1 _identify(logs/training_integration_test_20250809_115412) by extension 'cmake'
[0.501s] colcon.colcon_core.package_identification Level 1 _identify(logs/training_integration_test_20250809_115412) by extension 'python'
[0.501s] colcon.colcon_core.package_identification Level 1 _identify(logs/training_integration_test_20250809_115412) by extensions ['python_setup_py']
[0.501s] colcon.colcon_core.package_identification Level 1 _identify(logs/training_integration_test_20250809_115412) by extension 'python_setup_py'
[0.501s] colcon.colcon_core.package_identification Level 1 _identify(logs/training_integration_test_20250809_115412/tensorboard) by extensions ['ignore', 'ignore_ament_install']
[0.501s] colcon.colcon_core.package_identification Level 1 _identify(logs/training_integration_test_20250809_115412/tensorboard) by extension 'ignore'
[0.501s] colcon.colcon_core.package_identification Level 1 _identify(logs/training_integration_test_20250809_115412/tensorboard) by extension 'ignore_ament_install'
[0.501s] colcon.colcon_core.package_identification Level 1 _identify(logs/training_integration_test_20250809_115412/tensorboard) by extensions ['colcon_pkg']
[0.501s] colcon.colcon_core.package_identification Level 1 _identify(logs/training_integration_test_20250809_115412/tensorboard) by extension 'colcon_pkg'
[0.501s] colcon.colcon_core.package_identification Level 1 _identify(logs/training_integration_test_20250809_115412/tensorboard) by extensions ['colcon_meta']
[0.501s] colcon.colcon_core.package_identification Level 1 _identify(logs/training_integration_test_20250809_115412/tensorboard) by extension 'colcon_meta'
[0.501s] colcon.colcon_core.package_identification Level 1 _identify(logs/training_integration_test_20250809_115412/tensorboard) by extensions ['ros']
[0.501s] colcon.colcon_core.package_identification Level 1 _identify(logs/training_integration_test_20250809_115412/tensorboard) by extension 'ros'
[0.501s] colcon.colcon_core.package_identification Level 1 _identify(logs/training_integration_test_20250809_115412/tensorboard) by extensions ['cmake', 'python']
[0.501s] colcon.colcon_core.package_identification Level 1 _identify(logs/training_integration_test_20250809_115412/tensorboard) by extension 'cmake'
[0.501s] colcon.colcon_core.package_identification Level 1 _identify(logs/training_integration_test_20250809_115412/tensorboard) by extension 'python'
[0.502s] colcon.colcon_core.package_identification Level 1 _identify(logs/training_integration_test_20250809_115412/tensorboard) by extensions ['python_setup_py']
[0.502s] colcon.colcon_core.package_identification Level 1 _identify(logs/training_integration_test_20250809_115412/tensorboard) by extension 'python_setup_py'
[0.502s] colcon.colcon_core.package_identification Level 1 _identify(models) by extensions ['ignore', 'ignore_ament_install']
[0.502s] colcon.colcon_core.package_identification Level 1 _identify(models) by extension 'ignore'
[0.502s] colcon.colcon_core.package_identification Level 1 _identify(models) by extension 'ignore_ament_install'
[0.502s] colcon.colcon_core.package_identification Level 1 _identify(models) by extensions ['colcon_pkg']
[0.502s] colcon.colcon_core.package_identification Level 1 _identify(models) by extension 'colcon_pkg'
[0.502s] colcon.colcon_core.package_identification Level 1 _identify(models) by extensions ['colcon_meta']
[0.502s] colcon.colcon_core.package_identification Level 1 _identify(models) by extension 'colcon_meta'
[0.502s] colcon.colcon_core.package_identification Level 1 _identify(models) by extensions ['ros']
[0.502s] colcon.colcon_core.package_identification Level 1 _identify(models) by extension 'ros'
[0.502s] colcon.colcon_core.package_identification Level 1 _identify(models) by extensions ['cmake', 'python']
[0.502s] colcon.colcon_core.package_identification Level 1 _identify(models) by extension 'cmake'
[0.502s] colcon.colcon_core.package_identification Level 1 _identify(models) by extension 'python'
[0.502s] colcon.colcon_core.package_identification Level 1 _identify(models) by extensions ['python_setup_py']
[0.502s] colcon.colcon_core.package_identification Level 1 _identify(models) by extension 'python_setup_py'
[0.502s] colcon.colcon_core.package_identification Level 1 _identify(models/best) by extensions ['ignore', 'ignore_ament_install']
[0.502s] colcon.colcon_core.package_identification Level 1 _identify(models/best) by extension 'ignore'
[0.503s] colcon.colcon_core.package_identification Level 1 _identify(models/best) by extension 'ignore_ament_install'
[0.503s] colcon.colcon_core.package_identification Level 1 _identify(models/best) by extensions ['colcon_pkg']
[0.503s] colcon.colcon_core.package_identification Level 1 _identify(models/best) by extension 'colcon_pkg'
[0.503s] colcon.colcon_core.package_identification Level 1 _identify(models/best) by extensions ['colcon_meta']
[0.503s] colcon.colcon_core.package_identification Level 1 _identify(models/best) by extension 'colcon_meta'
[0.503s] colcon.colcon_core.package_identification Level 1 _identify(models/best) by extensions ['ros']
[0.503s] colcon.colcon_core.package_identification Level 1 _identify(models/best) by extension 'ros'
[0.503s] colcon.colcon_core.package_identification Level 1 _identify(models/best) by extensions ['cmake', 'python']
[0.503s] colcon.colcon_core.package_identification Level 1 _identify(models/best) by extension 'cmake'
[0.503s] colcon.colcon_core.package_identification Level 1 _identify(models/best) by extension 'python'
[0.503s] colcon.colcon_core.package_identification Level 1 _identify(models/best) by extensions ['python_setup_py']
[0.503s] colcon.colcon_core.package_identification Level 1 _identify(models/best) by extension 'python_setup_py'
[0.503s] colcon.colcon_core.package_identification Level 1 _identify(models/full_training) by extensions ['ignore', 'ignore_ament_install']
[0.503s] colcon.colcon_core.package_identification Level 1 _identify(models/full_training) by extension 'ignore'
[0.503s] colcon.colcon_core.package_identification Level 1 _identify(models/full_training) by extension 'ignore_ament_install'
[0.503s] colcon.colcon_core.package_identification Level 1 _identify(models/full_training) by extensions ['colcon_pkg']
[0.503s] colcon.colcon_core.package_identification Level 1 _identify(models/full_training) by extension 'colcon_pkg'
[0.503s] colcon.colcon_core.package_identification Level 1 _identify(models/full_training) by extensions ['colcon_meta']
[0.503s] colcon.colcon_core.package_identification Level 1 _identify(models/full_training) by extension 'colcon_meta'
[0.503s] colcon.colcon_core.package_identification Level 1 _identify(models/full_training) by extensions ['ros']
[0.503s] colcon.colcon_core.package_identification Level 1 _identify(models/full_training) by extension 'ros'
[0.503s] colcon.colcon_core.package_identification Level 1 _identify(models/full_training) by extensions ['cmake', 'python']
[0.503s] colcon.colcon_core.package_identification Level 1 _identify(models/full_training) by extension 'cmake'
[0.503s] colcon.colcon_core.package_identification Level 1 _identify(models/full_training) by extension 'python'
[0.503s] colcon.colcon_core.package_identification Level 1 _identify(models/full_training) by extensions ['python_setup_py']
[0.503s] colcon.colcon_core.package_identification Level 1 _identify(models/full_training) by extension 'python_setup_py'
[0.504s] colcon.colcon_core.package_identification Level 1 _identify(models/full_training/best_model) by extensions ['ignore', 'ignore_ament_install']
[0.504s] colcon.colcon_core.package_identification Level 1 _identify(models/full_training/best_model) by extension 'ignore'
[0.504s] colcon.colcon_core.package_identification Level 1 _identify(models/full_training/best_model) by extension 'ignore_ament_install'
[0.504s] colcon.colcon_core.package_identification Level 1 _identify(models/full_training/best_model) by extensions ['colcon_pkg']
[0.504s] colcon.colcon_core.package_identification Level 1 _identify(models/full_training/best_model) by extension 'colcon_pkg'
[0.504s] colcon.colcon_core.package_identification Level 1 _identify(models/full_training/best_model) by extensions ['colcon_meta']
[0.504s] colcon.colcon_core.package_identification Level 1 _identify(models/full_training/best_model) by extension 'colcon_meta'
[0.504s] colcon.colcon_core.package_identification Level 1 _identify(models/full_training/best_model) by extensions ['ros']
[0.504s] colcon.colcon_core.package_identification Level 1 _identify(models/full_training/best_model) by extension 'ros'
[0.504s] colcon.colcon_core.package_identification Level 1 _identify(models/full_training/best_model) by extensions ['cmake', 'python']
[0.504s] colcon.colcon_core.package_identification Level 1 _identify(models/full_training/best_model) by extension 'cmake'
[0.504s] colcon.colcon_core.package_identification Level 1 _identify(models/full_training/best_model) by extension 'python'
[0.504s] colcon.colcon_core.package_identification Level 1 _identify(models/full_training/best_model) by extensions ['python_setup_py']
[0.504s] colcon.colcon_core.package_identification Level 1 _identify(models/full_training/best_model) by extension 'python_setup_py'
[0.504s] colcon.colcon_core.package_identification Level 1 _identify(models/full_training/checkpoints) by extensions ['ignore', 'ignore_ament_install']
[0.504s] colcon.colcon_core.package_identification Level 1 _identify(models/full_training/checkpoints) by extension 'ignore'
[0.504s] colcon.colcon_core.package_identification Level 1 _identify(models/full_training/checkpoints) by extension 'ignore_ament_install'
[0.504s] colcon.colcon_core.package_identification Level 1 _identify(models/full_training/checkpoints) by extensions ['colcon_pkg']
[0.504s] colcon.colcon_core.package_identification Level 1 _identify(models/full_training/checkpoints) by extension 'colcon_pkg'
[0.505s] colcon.colcon_core.package_identification Level 1 _identify(models/full_training/checkpoints) by extensions ['colcon_meta']
[0.505s] colcon.colcon_core.package_identification Level 1 _identify(models/full_training/checkpoints) by extension 'colcon_meta'
[0.505s] colcon.colcon_core.package_identification Level 1 _identify(models/full_training/checkpoints) by extensions ['ros']
[0.505s] colcon.colcon_core.package_identification Level 1 _identify(models/full_training/checkpoints) by extension 'ros'
[0.505s] colcon.colcon_core.package_identification Level 1 _identify(models/full_training/checkpoints) by extensions ['cmake', 'python']
[0.505s] colcon.colcon_core.package_identification Level 1 _identify(models/full_training/checkpoints) by extension 'cmake'
[0.505s] colcon.colcon_core.package_identification Level 1 _identify(models/full_training/checkpoints) by extension 'python'
[0.505s] colcon.colcon_core.package_identification Level 1 _identify(models/full_training/checkpoints) by extensions ['python_setup_py']
[0.505s] colcon.colcon_core.package_identification Level 1 _identify(models/full_training/checkpoints) by extension 'python_setup_py'
[0.505s] colcon.colcon_core.package_identification Level 1 _identify(models/m0609_ppo_20250809_152628) by extensions ['ignore', 'ignore_ament_install']
[0.505s] colcon.colcon_core.package_identification Level 1 _identify(models/m0609_ppo_20250809_152628) by extension 'ignore'
[0.505s] colcon.colcon_core.package_identification Level 1 _identify(models/m0609_ppo_20250809_152628) by extension 'ignore_ament_install'
[0.505s] colcon.colcon_core.package_identification Level 1 _identify(models/m0609_ppo_20250809_152628) by extensions ['colcon_pkg']
[0.505s] colcon.colcon_core.package_identification Level 1 _identify(models/m0609_ppo_20250809_152628) by extension 'colcon_pkg'
[0.505s] colcon.colcon_core.package_identification Level 1 _identify(models/m0609_ppo_20250809_152628) by extensions ['colcon_meta']
[0.505s] colcon.colcon_core.package_identification Level 1 _identify(models/m0609_ppo_20250809_152628) by extension 'colcon_meta'
[0.505s] colcon.colcon_core.package_identification Level 1 _identify(models/m0609_ppo_20250809_152628) by extensions ['ros']
[0.505s] colcon.colcon_core.package_identification Level 1 _identify(models/m0609_ppo_20250809_152628) by extension 'ros'
[0.505s] colcon.colcon_core.package_identification Level 1 _identify(models/m0609_ppo_20250809_152628) by extensions ['cmake', 'python']
[0.505s] colcon.colcon_core.package_identification Level 1 _identify(models/m0609_ppo_20250809_152628) by extension 'cmake'
[0.505s] colcon.colcon_core.package_identification Level 1 _identify(models/m0609_ppo_20250809_152628) by extension 'python'
[0.505s] colcon.colcon_core.package_identification Level 1 _identify(models/m0609_ppo_20250809_152628) by extensions ['python_setup_py']
[0.505s] colcon.colcon_core.package_identification Level 1 _identify(models/m0609_ppo_20250809_152628) by extension 'python_setup_py'
[0.506s] colcon.colcon_core.package_identification Level 1 _identify(models/new_training) by extensions ['ignore', 'ignore_ament_install']
[0.506s] colcon.colcon_core.package_identification Level 1 _identify(models/new_training) by extension 'ignore'
[0.506s] colcon.colcon_core.package_identification Level 1 _identify(models/new_training) by extension 'ignore_ament_install'
[0.506s] colcon.colcon_core.package_identification Level 1 _identify(models/new_training) by extensions ['colcon_pkg']
[0.506s] colcon.colcon_core.package_identification Level 1 _identify(models/new_training) by extension 'colcon_pkg'
[0.506s] colcon.colcon_core.package_identification Level 1 _identify(models/new_training) by extensions ['colcon_meta']
[0.506s] colcon.colcon_core.package_identification Level 1 _identify(models/new_training) by extension 'colcon_meta'
[0.506s] colcon.colcon_core.package_identification Level 1 _identify(models/new_training) by extensions ['ros']
[0.506s] colcon.colcon_core.package_identification Level 1 _identify(models/new_training) by extension 'ros'
[0.506s] colcon.colcon_core.package_identification Level 1 _identify(models/new_training) by extensions ['cmake', 'python']
[0.506s] colcon.colcon_core.package_identification Level 1 _identify(models/new_training) by extension 'cmake'
[0.506s] colcon.colcon_core.package_identification Level 1 _identify(models/new_training) by extension 'python'
[0.506s] colcon.colcon_core.package_identification Level 1 _identify(models/new_training) by extensions ['python_setup_py']
[0.506s] colcon.colcon_core.package_identification Level 1 _identify(models/new_training) by extension 'python_setup_py'
[0.506s] colcon.colcon_core.package_identification Level 1 _identify(models/new_training/tensorboard_logs) by extensions ['ignore', 'ignore_ament_install']
[0.506s] colcon.colcon_core.package_identification Level 1 _identify(models/new_training/tensorboard_logs) by extension 'ignore'
[0.506s] colcon.colcon_core.package_identification Level 1 _identify(models/new_training/tensorboard_logs) by extension 'ignore_ament_install'
[0.506s] colcon.colcon_core.package_identification Level 1 _identify(models/new_training/tensorboard_logs) by extensions ['colcon_pkg']
[0.506s] colcon.colcon_core.package_identification Level 1 _identify(models/new_training/tensorboard_logs) by extension 'colcon_pkg'
[0.506s] colcon.colcon_core.package_identification Level 1 _identify(models/new_training/tensorboard_logs) by extensions ['colcon_meta']
[0.507s] colcon.colcon_core.package_identification Level 1 _identify(models/new_training/tensorboard_logs) by extension 'colcon_meta'
[0.507s] colcon.colcon_core.package_identification Level 1 _identify(models/new_training/tensorboard_logs) by extensions ['ros']
[0.507s] colcon.colcon_core.package_identification Level 1 _identify(models/new_training/tensorboard_logs) by extension 'ros'
[0.507s] colcon.colcon_core.package_identification Level 1 _identify(models/new_training/tensorboard_logs) by extensions ['cmake', 'python']
[0.507s] colcon.colcon_core.package_identification Level 1 _identify(models/new_training/tensorboard_logs) by extension 'cmake'
[0.507s] colcon.colcon_core.package_identification Level 1 _identify(models/new_training/tensorboard_logs) by extension 'python'
[0.507s] colcon.colcon_core.package_identification Level 1 _identify(models/new_training/tensorboard_logs) by extensions ['python_setup_py']
[0.507s] colcon.colcon_core.package_identification Level 1 _identify(models/new_training/tensorboard_logs) by extension 'python_setup_py'
[0.507s] colcon.colcon_core.package_identification Level 1 _identify(models/new_training/tensorboard_logs/PPO_1) by extensions ['ignore', 'ignore_ament_install']
[0.508s] colcon.colcon_core.package_identification Level 1 _identify(models/new_training/tensorboard_logs/PPO_1) by extension 'ignore'
[0.508s] colcon.colcon_core.package_identification Level 1 _identify(models/new_training/tensorboard_logs/PPO_1) by extension 'ignore_ament_install'
[0.508s] colcon.colcon_core.package_identification Level 1 _identify(models/new_training/tensorboard_logs/PPO_1) by extensions ['colcon_pkg']
[0.508s] colcon.colcon_core.package_identification Level 1 _identify(models/new_training/tensorboard_logs/PPO_1) by extension 'colcon_pkg'
[0.508s] colcon.colcon_core.package_identification Level 1 _identify(models/new_training/tensorboard_logs/PPO_1) by extensions ['colcon_meta']
[0.508s] colcon.colcon_core.package_identification Level 1 _identify(models/new_training/tensorboard_logs/PPO_1) by extension 'colcon_meta'
[0.508s] colcon.colcon_core.package_identification Level 1 _identify(models/new_training/tensorboard_logs/PPO_1) by extensions ['ros']
[0.508s] colcon.colcon_core.package_identification Level 1 _identify(models/new_training/tensorboard_logs/PPO_1) by extension 'ros'
[0.508s] colcon.colcon_core.package_identification Level 1 _identify(models/new_training/tensorboard_logs/PPO_1) by extensions ['cmake', 'python']
[0.508s] colcon.colcon_core.package_identification Level 1 _identify(models/new_training/tensorboard_logs/PPO_1) by extension 'cmake'
[0.508s] colcon.colcon_core.package_identification Level 1 _identify(models/new_training/tensorboard_logs/PPO_1) by extension 'python'
[0.508s] colcon.colcon_core.package_identification Level 1 _identify(models/new_training/tensorboard_logs/PPO_1) by extensions ['python_setup_py']
[0.508s] colcon.colcon_core.package_identification Level 1 _identify(models/new_training/tensorboard_logs/PPO_1) by extension 'python_setup_py'
[0.508s] colcon.colcon_core.package_identification Level 1 _identify(models/new_training/tensorboard_logs/PPO_2) by extensions ['ignore', 'ignore_ament_install']
[0.508s] colcon.colcon_core.package_identification Level 1 _identify(models/new_training/tensorboard_logs/PPO_2) by extension 'ignore'
[0.508s] colcon.colcon_core.package_identification Level 1 _identify(models/new_training/tensorboard_logs/PPO_2) by extension 'ignore_ament_install'
[0.508s] colcon.colcon_core.package_identification Level 1 _identify(models/new_training/tensorboard_logs/PPO_2) by extensions ['colcon_pkg']
[0.508s] colcon.colcon_core.package_identification Level 1 _identify(models/new_training/tensorboard_logs/PPO_2) by extension 'colcon_pkg'
[0.508s] colcon.colcon_core.package_identification Level 1 _identify(models/new_training/tensorboard_logs/PPO_2) by extensions ['colcon_meta']
[0.508s] colcon.colcon_core.package_identification Level 1 _identify(models/new_training/tensorboard_logs/PPO_2) by extension 'colcon_meta'
[0.508s] colcon.colcon_core.package_identification Level 1 _identify(models/new_training/tensorboard_logs/PPO_2) by extensions ['ros']
[0.508s] colcon.colcon_core.package_identification Level 1 _identify(models/new_training/tensorboard_logs/PPO_2) by extension 'ros'
[0.509s] colcon.colcon_core.package_identification Level 1 _identify(models/new_training/tensorboard_logs/PPO_2) by extensions ['cmake', 'python']
[0.509s] colcon.colcon_core.package_identification Level 1 _identify(models/new_training/tensorboard_logs/PPO_2) by extension 'cmake'
[0.509s] colcon.colcon_core.package_identification Level 1 _identify(models/new_training/tensorboard_logs/PPO_2) by extension 'python'
[0.509s] colcon.colcon_core.package_identification Level 1 _identify(models/new_training/tensorboard_logs/PPO_2) by extensions ['python_setup_py']
[0.509s] colcon.colcon_core.package_identification Level 1 _identify(models/new_training/tensorboard_logs/PPO_2) by extension 'python_setup_py'
[0.509s] colcon.colcon_core.package_identification Level 1 _identify(models/new_training/tensorboard_logs/PPO_3) by extensions ['ignore', 'ignore_ament_install']
[0.509s] colcon.colcon_core.package_identification Level 1 _identify(models/new_training/tensorboard_logs/PPO_3) by extension 'ignore'
[0.509s] colcon.colcon_core.package_identification Level 1 _identify(models/new_training/tensorboard_logs/PPO_3) by extension 'ignore_ament_install'
[0.509s] colcon.colcon_core.package_identification Level 1 _identify(models/new_training/tensorboard_logs/PPO_3) by extensions ['colcon_pkg']
[0.509s] colcon.colcon_core.package_identification Level 1 _identify(models/new_training/tensorboard_logs/PPO_3) by extension 'colcon_pkg'
[0.509s] colcon.colcon_core.package_identification Level 1 _identify(models/new_training/tensorboard_logs/PPO_3) by extensions ['colcon_meta']
[0.509s] colcon.colcon_core.package_identification Level 1 _identify(models/new_training/tensorboard_logs/PPO_3) by extension 'colcon_meta'
[0.509s] colcon.colcon_core.package_identification Level 1 _identify(models/new_training/tensorboard_logs/PPO_3) by extensions ['ros']
[0.509s] colcon.colcon_core.package_identification Level 1 _identify(models/new_training/tensorboard_logs/PPO_3) by extension 'ros'
[0.509s] colcon.colcon_core.package_identification Level 1 _identify(models/new_training/tensorboard_logs/PPO_3) by extensions ['cmake', 'python']
[0.509s] colcon.colcon_core.package_identification Level 1 _identify(models/new_training/tensorboard_logs/PPO_3) by extension 'cmake'
[0.509s] colcon.colcon_core.package_identification Level 1 _identify(models/new_training/tensorboard_logs/PPO_3) by extension 'python'
[0.509s] colcon.colcon_core.package_identification Level 1 _identify(models/new_training/tensorboard_logs/PPO_3) by extensions ['python_setup_py']
[0.509s] colcon.colcon_core.package_identification Level 1 _identify(models/new_training/tensorboard_logs/PPO_3) by extension 'python_setup_py'
[0.510s] colcon.colcon_core.package_identification Level 1 _identify(models/production) by extensions ['ignore', 'ignore_ament_install']
[0.510s] colcon.colcon_core.package_identification Level 1 _identify(models/production) by extension 'ignore'
[0.510s] colcon.colcon_core.package_identification Level 1 _identify(models/production) by extension 'ignore_ament_install'
[0.510s] colcon.colcon_core.package_identification Level 1 _identify(models/production) by extensions ['colcon_pkg']
[0.510s] colcon.colcon_core.package_identification Level 1 _identify(models/production) by extension 'colcon_pkg'
[0.510s] colcon.colcon_core.package_identification Level 1 _identify(models/production) by extensions ['colcon_meta']
[0.510s] colcon.colcon_core.package_identification Level 1 _identify(models/production) by extension 'colcon_meta'
[0.510s] colcon.colcon_core.package_identification Level 1 _identify(models/production) by extensions ['ros']
[0.510s] colcon.colcon_core.package_identification Level 1 _identify(models/production) by extension 'ros'
[0.510s] colcon.colcon_core.package_identification Level 1 _identify(models/production) by extensions ['cmake', 'python']
[0.510s] colcon.colcon_core.package_identification Level 1 _identify(models/production) by extension 'cmake'
[0.510s] colcon.colcon_core.package_identification Level 1 _identify(models/production) by extension 'python'
[0.510s] colcon.colcon_core.package_identification Level 1 _identify(models/production) by extensions ['python_setup_py']
[0.510s] colcon.colcon_core.package_identification Level 1 _identify(models/production) by extension 'python_setup_py'
[0.511s] colcon.colcon_core.package_identification Level 1 _identify(models/production_simple) by extensions ['ignore', 'ignore_ament_install']
[0.511s] colcon.colcon_core.package_identification Level 1 _identify(models/production_simple) by extension 'ignore'
[0.511s] colcon.colcon_core.package_identification Level 1 _identify(models/production_simple) by extension 'ignore_ament_install'
[0.511s] colcon.colcon_core.package_identification Level 1 _identify(models/production_simple) by extensions ['colcon_pkg']
[0.511s] colcon.colcon_core.package_identification Level 1 _identify(models/production_simple) by extension 'colcon_pkg'
[0.511s] colcon.colcon_core.package_identification Level 1 _identify(models/production_simple) by extensions ['colcon_meta']
[0.511s] colcon.colcon_core.package_identification Level 1 _identify(models/production_simple) by extension 'colcon_meta'
[0.511s] colcon.colcon_core.package_identification Level 1 _identify(models/production_simple) by extensions ['ros']
[0.511s] colcon.colcon_core.package_identification Level 1 _identify(models/production_simple) by extension 'ros'
[0.511s] colcon.colcon_core.package_identification Level 1 _identify(models/production_simple) by extensions ['cmake', 'python']
[0.511s] colcon.colcon_core.package_identification Level 1 _identify(models/production_simple) by extension 'cmake'
[0.511s] colcon.colcon_core.package_identification Level 1 _identify(models/production_simple) by extension 'python'
[0.511s] colcon.colcon_core.package_identification Level 1 _identify(models/production_simple) by extensions ['python_setup_py']
[0.511s] colcon.colcon_core.package_identification Level 1 _identify(models/production_simple) by extension 'python_setup_py'
[0.512s] colcon.colcon_core.package_identification Level 1 _identify(models/production_simple/best_model) by extensions ['ignore', 'ignore_ament_install']
[0.512s] colcon.colcon_core.package_identification Level 1 _identify(models/production_simple/best_model) by extension 'ignore'
[0.512s] colcon.colcon_core.package_identification Level 1 _identify(models/production_simple/best_model) by extension 'ignore_ament_install'
[0.512s] colcon.colcon_core.package_identification Level 1 _identify(models/production_simple/best_model) by extensions ['colcon_pkg']
[0.512s] colcon.colcon_core.package_identification Level 1 _identify(models/production_simple/best_model) by extension 'colcon_pkg'
[0.512s] colcon.colcon_core.package_identification Level 1 _identify(models/production_simple/best_model) by extensions ['colcon_meta']
[0.512s] colcon.colcon_core.package_identification Level 1 _identify(models/production_simple/best_model) by extension 'colcon_meta'
[0.512s] colcon.colcon_core.package_identification Level 1 _identify(models/production_simple/best_model) by extensions ['ros']
[0.512s] colcon.colcon_core.package_identification Level 1 _identify(models/production_simple/best_model) by extension 'ros'
[0.512s] colcon.colcon_core.package_identification Level 1 _identify(models/production_simple/best_model) by extensions ['cmake', 'python']
[0.512s] colcon.colcon_core.package_identification Level 1 _identify(models/production_simple/best_model) by extension 'cmake'
[0.512s] colcon.colcon_core.package_identification Level 1 _identify(models/production_simple/best_model) by extension 'python'
[0.512s] colcon.colcon_core.package_identification Level 1 _identify(models/production_simple/best_model) by extensions ['python_setup_py']
[0.512s] colcon.colcon_core.package_identification Level 1 _identify(models/production_simple/best_model) by extension 'python_setup_py'
[0.512s] colcon.colcon_core.package_identification Level 1 _identify(models/production_simple/checkpoints) by extensions ['ignore', 'ignore_ament_install']
[0.512s] colcon.colcon_core.package_identification Level 1 _identify(models/production_simple/checkpoints) by extension 'ignore'
[0.513s] colcon.colcon_core.package_identification Level 1 _identify(models/production_simple/checkpoints) by extension 'ignore_ament_install'
[0.513s] colcon.colcon_core.package_identification Level 1 _identify(models/production_simple/checkpoints) by extensions ['colcon_pkg']
[0.513s] colcon.colcon_core.package_identification Level 1 _identify(models/production_simple/checkpoints) by extension 'colcon_pkg'
[0.513s] colcon.colcon_core.package_identification Level 1 _identify(models/production_simple/checkpoints) by extensions ['colcon_meta']
[0.513s] colcon.colcon_core.package_identification Level 1 _identify(models/production_simple/checkpoints) by extension 'colcon_meta'
[0.513s] colcon.colcon_core.package_identification Level 1 _identify(models/production_simple/checkpoints) by extensions ['ros']
[0.513s] colcon.colcon_core.package_identification Level 1 _identify(models/production_simple/checkpoints) by extension 'ros'
[0.513s] colcon.colcon_core.package_identification Level 1 _identify(models/production_simple/checkpoints) by extensions ['cmake', 'python']
[0.513s] colcon.colcon_core.package_identification Level 1 _identify(models/production_simple/checkpoints) by extension 'cmake'
[0.513s] colcon.colcon_core.package_identification Level 1 _identify(models/production_simple/checkpoints) by extension 'python'
[0.513s] colcon.colcon_core.package_identification Level 1 _identify(models/production_simple/checkpoints) by extensions ['python_setup_py']
[0.513s] colcon.colcon_core.package_identification Level 1 _identify(models/production_simple/checkpoints) by extension 'python_setup_py'
[0.513s] colcon.colcon_core.package_identification Level 1 _identify(models/production_test) by extensions ['ignore', 'ignore_ament_install']
[0.513s] colcon.colcon_core.package_identification Level 1 _identify(models/production_test) by extension 'ignore'
[0.513s] colcon.colcon_core.package_identification Level 1 _identify(models/production_test) by extension 'ignore_ament_install'
[0.513s] colcon.colcon_core.package_identification Level 1 _identify(models/production_test) by extensions ['colcon_pkg']
[0.514s] colcon.colcon_core.package_identification Level 1 _identify(models/production_test) by extension 'colcon_pkg'
[0.514s] colcon.colcon_core.package_identification Level 1 _identify(models/production_test) by extensions ['colcon_meta']
[0.514s] colcon.colcon_core.package_identification Level 1 _identify(models/production_test) by extension 'colcon_meta'
[0.514s] colcon.colcon_core.package_identification Level 1 _identify(models/production_test) by extensions ['ros']
[0.514s] colcon.colcon_core.package_identification Level 1 _identify(models/production_test) by extension 'ros'
[0.514s] colcon.colcon_core.package_identification Level 1 _identify(models/production_test) by extensions ['cmake', 'python']
[0.514s] colcon.colcon_core.package_identification Level 1 _identify(models/production_test) by extension 'cmake'
[0.514s] colcon.colcon_core.package_identification Level 1 _identify(models/production_test) by extension 'python'
[0.514s] colcon.colcon_core.package_identification Level 1 _identify(models/production_test) by extensions ['python_setup_py']
[0.514s] colcon.colcon_core.package_identification Level 1 _identify(models/production_test) by extension 'python_setup_py'
[0.514s] colcon.colcon_core.package_identification Level 1 _identify(models/production_test/best_model) by extensions ['ignore', 'ignore_ament_install']
[0.514s] colcon.colcon_core.package_identification Level 1 _identify(models/production_test/best_model) by extension 'ignore'
[0.514s] colcon.colcon_core.package_identification Level 1 _identify(models/production_test/best_model) by extension 'ignore_ament_install'
[0.514s] colcon.colcon_core.package_identification Level 1 _identify(models/production_test/best_model) by extensions ['colcon_pkg']
[0.514s] colcon.colcon_core.package_identification Level 1 _identify(models/production_test/best_model) by extension 'colcon_pkg'
[0.514s] colcon.colcon_core.package_identification Level 1 _identify(models/production_test/best_model) by extensions ['colcon_meta']
[0.514s] colcon.colcon_core.package_identification Level 1 _identify(models/production_test/best_model) by extension 'colcon_meta'
[0.515s] colcon.colcon_core.package_identification Level 1 _identify(models/production_test/best_model) by extensions ['ros']
[0.515s] colcon.colcon_core.package_identification Level 1 _identify(models/production_test/best_model) by extension 'ros'
[0.515s] colcon.colcon_core.package_identification Level 1 _identify(models/production_test/best_model) by extensions ['cmake', 'python']
[0.515s] colcon.colcon_core.package_identification Level 1 _identify(models/production_test/best_model) by extension 'cmake'
[0.515s] colcon.colcon_core.package_identification Level 1 _identify(models/production_test/best_model) by extension 'python'
[0.515s] colcon.colcon_core.package_identification Level 1 _identify(models/production_test/best_model) by extensions ['python_setup_py']
[0.515s] colcon.colcon_core.package_identification Level 1 _identify(models/production_test/best_model) by extension 'python_setup_py'
[0.515s] colcon.colcon_core.package_identification Level 1 _identify(models/production_test/checkpoints) by extensions ['ignore', 'ignore_ament_install']
[0.515s] colcon.colcon_core.package_identification Level 1 _identify(models/production_test/checkpoints) by extension 'ignore'
[0.515s] colcon.colcon_core.package_identification Level 1 _identify(models/production_test/checkpoints) by extension 'ignore_ament_install'
[0.515s] colcon.colcon_core.package_identification Level 1 _identify(models/production_test/checkpoints) by extensions ['colcon_pkg']
[0.515s] colcon.colcon_core.package_identification Level 1 _identify(models/production_test/checkpoints) by extension 'colcon_pkg'
[0.515s] colcon.colcon_core.package_identification Level 1 _identify(models/production_test/checkpoints) by extensions ['colcon_meta']
[0.515s] colcon.colcon_core.package_identification Level 1 _identify(models/production_test/checkpoints) by extension 'colcon_meta'
[0.515s] colcon.colcon_core.package_identification Level 1 _identify(models/production_test/checkpoints) by extensions ['ros']
[0.515s] colcon.colcon_core.package_identification Level 1 _identify(models/production_test/checkpoints) by extension 'ros'
[0.515s] colcon.colcon_core.package_identification Level 1 _identify(models/production_test/checkpoints) by extensions ['cmake', 'python']
[0.515s] colcon.colcon_core.package_identification Level 1 _identify(models/production_test/checkpoints) by extension 'cmake'
[0.516s] colcon.colcon_core.package_identification Level 1 _identify(models/production_test/checkpoints) by extension 'python'
[0.516s] colcon.colcon_core.package_identification Level 1 _identify(models/production_test/checkpoints) by extensions ['python_setup_py']
[0.516s] colcon.colcon_core.package_identification Level 1 _identify(models/production_test/checkpoints) by extension 'python_setup_py'
[0.516s] colcon.colcon_core.package_identification Level 1 _identify(models/soma_v1) by extensions ['ignore', 'ignore_ament_install']
[0.516s] colcon.colcon_core.package_identification Level 1 _identify(models/soma_v1) by extension 'ignore'
[0.516s] colcon.colcon_core.package_identification Level 1 _identify(models/soma_v1) by extension 'ignore_ament_install'
[0.516s] colcon.colcon_core.package_identification Level 1 _identify(models/soma_v1) by extensions ['colcon_pkg']
[0.516s] colcon.colcon_core.package_identification Level 1 _identify(models/soma_v1) by extension 'colcon_pkg'
[0.516s] colcon.colcon_core.package_identification Level 1 _identify(models/soma_v1) by extensions ['colcon_meta']
[0.516s] colcon.colcon_core.package_identification Level 1 _identify(models/soma_v1) by extension 'colcon_meta'
[0.516s] colcon.colcon_core.package_identification Level 1 _identify(models/soma_v1) by extensions ['ros']
[0.516s] colcon.colcon_core.package_identification Level 1 _identify(models/soma_v1) by extension 'ros'
[0.516s] colcon.colcon_core.package_identification Level 1 _identify(models/soma_v1) by extensions ['cmake', 'python']
[0.516s] colcon.colcon_core.package_identification Level 1 _identify(models/soma_v1) by extension 'cmake'
[0.516s] colcon.colcon_core.package_identification Level 1 _identify(models/soma_v1) by extension 'python'
[0.516s] colcon.colcon_core.package_identification Level 1 _identify(models/soma_v1) by extensions ['python_setup_py']
[0.516s] colcon.colcon_core.package_identification Level 1 _identify(models/soma_v1) by extension 'python_setup_py'
[0.517s] colcon.colcon_core.package_identification Level 1 _identify(models/test_training) by extensions ['ignore', 'ignore_ament_install']
[0.517s] colcon.colcon_core.package_identification Level 1 _identify(models/test_training) by extension 'ignore'
[0.517s] colcon.colcon_core.package_identification Level 1 _identify(models/test_training) by extension 'ignore_ament_install'
[0.517s] colcon.colcon_core.package_identification Level 1 _identify(models/test_training) by extensions ['colcon_pkg']
[0.517s] colcon.colcon_core.package_identification Level 1 _identify(models/test_training) by extension 'colcon_pkg'
[0.517s] colcon.colcon_core.package_identification Level 1 _identify(models/test_training) by extensions ['colcon_meta']
[0.517s] colcon.colcon_core.package_identification Level 1 _identify(models/test_training) by extension 'colcon_meta'
[0.517s] colcon.colcon_core.package_identification Level 1 _identify(models/test_training) by extensions ['ros']
[0.517s] colcon.colcon_core.package_identification Level 1 _identify(models/test_training) by extension 'ros'
[0.517s] colcon.colcon_core.package_identification Level 1 _identify(models/test_training) by extensions ['cmake', 'python']
[0.517s] colcon.colcon_core.package_identification Level 1 _identify(models/test_training) by extension 'cmake'
[0.517s] colcon.colcon_core.package_identification Level 1 _identify(models/test_training) by extension 'python'
[0.517s] colcon.colcon_core.package_identification Level 1 _identify(models/test_training) by extensions ['python_setup_py']
[0.517s] colcon.colcon_core.package_identification Level 1 _identify(models/test_training) by extension 'python_setup_py'
[0.518s] colcon.colcon_core.package_identification Level 1 _identify(models/test_training_small) by extensions ['ignore', 'ignore_ament_install']
[0.518s] colcon.colcon_core.package_identification Level 1 _identify(models/test_training_small) by extension 'ignore'
[0.518s] colcon.colcon_core.package_identification Level 1 _identify(models/test_training_small) by extension 'ignore_ament_install'
[0.518s] colcon.colcon_core.package_identification Level 1 _identify(models/test_training_small) by extensions ['colcon_pkg']
[0.518s] colcon.colcon_core.package_identification Level 1 _identify(models/test_training_small) by extension 'colcon_pkg'
[0.518s] colcon.colcon_core.package_identification Level 1 _identify(models/test_training_small) by extensions ['colcon_meta']
[0.518s] colcon.colcon_core.package_identification Level 1 _identify(models/test_training_small) by extension 'colcon_meta'
[0.518s] colcon.colcon_core.package_identification Level 1 _identify(models/test_training_small) by extensions ['ros']
[0.518s] colcon.colcon_core.package_identification Level 1 _identify(models/test_training_small) by extension 'ros'
[0.518s] colcon.colcon_core.package_identification Level 1 _identify(models/test_training_small) by extensions ['cmake', 'python']
[0.518s] colcon.colcon_core.package_identification Level 1 _identify(models/test_training_small) by extension 'cmake'
[0.518s] colcon.colcon_core.package_identification Level 1 _identify(models/test_training_small) by extension 'python'
[0.518s] colcon.colcon_core.package_identification Level 1 _identify(models/test_training_small) by extensions ['python_setup_py']
[0.518s] colcon.colcon_core.package_identification Level 1 _identify(models/test_training_small) by extension 'python_setup_py'
[0.518s] colcon.colcon_core.package_identification Level 1 _identify(models/test_training_small/best_model) by extensions ['ignore', 'ignore_ament_install']
[0.519s] colcon.colcon_core.package_identification Level 1 _identify(models/test_training_small/best_model) by extension 'ignore'
[0.519s] colcon.colcon_core.package_identification Level 1 _identify(models/test_training_small/best_model) by extension 'ignore_ament_install'
[0.519s] colcon.colcon_core.package_identification Level 1 _identify(models/test_training_small/best_model) by extensions ['colcon_pkg']
[0.519s] colcon.colcon_core.package_identification Level 1 _identify(models/test_training_small/best_model) by extension 'colcon_pkg'
[0.519s] colcon.colcon_core.package_identification Level 1 _identify(models/test_training_small/best_model) by extensions ['colcon_meta']
[0.519s] colcon.colcon_core.package_identification Level 1 _identify(models/test_training_small/best_model) by extension 'colcon_meta'
[0.519s] colcon.colcon_core.package_identification Level 1 _identify(models/test_training_small/best_model) by extensions ['ros']
[0.519s] colcon.colcon_core.package_identification Level 1 _identify(models/test_training_small/best_model) by extension 'ros'
[0.519s] colcon.colcon_core.package_identification Level 1 _identify(models/test_training_small/best_model) by extensions ['cmake', 'python']
[0.519s] colcon.colcon_core.package_identification Level 1 _identify(models/test_training_small/best_model) by extension 'cmake'
[0.519s] colcon.colcon_core.package_identification Level 1 _identify(models/test_training_small/best_model) by extension 'python'
[0.519s] colcon.colcon_core.package_identification Level 1 _identify(models/test_training_small/best_model) by extensions ['python_setup_py']
[0.519s] colcon.colcon_core.package_identification Level 1 _identify(models/test_training_small/best_model) by extension 'python_setup_py'
[0.519s] colcon.colcon_core.package_identification Level 1 _identify(models/test_training_small/checkpoints) by extensions ['ignore', 'ignore_ament_install']
[0.519s] colcon.colcon_core.package_identification Level 1 _identify(models/test_training_small/checkpoints) by extension 'ignore'
[0.520s] colcon.colcon_core.package_identification Level 1 _identify(models/test_training_small/checkpoints) by extension 'ignore_ament_install'
[0.520s] colcon.colcon_core.package_identification Level 1 _identify(models/test_training_small/checkpoints) by extensions ['colcon_pkg']
[0.520s] colcon.colcon_core.package_identification Level 1 _identify(models/test_training_small/checkpoints) by extension 'colcon_pkg'
[0.520s] colcon.colcon_core.package_identification Level 1 _identify(models/test_training_small/checkpoints) by extensions ['colcon_meta']
[0.520s] colcon.colcon_core.package_identification Level 1 _identify(models/test_training_small/checkpoints) by extension 'colcon_meta'
[0.520s] colcon.colcon_core.package_identification Level 1 _identify(models/test_training_small/checkpoints) by extensions ['ros']
[0.520s] colcon.colcon_core.package_identification Level 1 _identify(models/test_training_small/checkpoints) by extension 'ros'
[0.520s] colcon.colcon_core.package_identification Level 1 _identify(models/test_training_small/checkpoints) by extensions ['cmake', 'python']
[0.520s] colcon.colcon_core.package_identification Level 1 _identify(models/test_training_small/checkpoints) by extension 'cmake'
[0.520s] colcon.colcon_core.package_identification Level 1 _identify(models/test_training_small/checkpoints) by extension 'python'
[0.520s] colcon.colcon_core.package_identification Level 1 _identify(models/test_training_small/checkpoints) by extensions ['python_setup_py']
[0.520s] colcon.colcon_core.package_identification Level 1 _identify(models/test_training_small/checkpoints) by extension 'python_setup_py'
[0.520s] colcon.colcon_core.package_identification Level 1 _identify(paper) by extensions ['ignore', 'ignore_ament_install']
[0.520s] colcon.colcon_core.package_identification Level 1 _identify(paper) by extension 'ignore'
[0.520s] colcon.colcon_core.package_identification Level 1 _identify(paper) by extension 'ignore_ament_install'
[0.520s] colcon.colcon_core.package_identification Level 1 _identify(paper) by extensions ['colcon_pkg']
[0.521s] colcon.colcon_core.package_identification Level 1 _identify(paper) by extension 'colcon_pkg'
[0.521s] colcon.colcon_core.package_identification Level 1 _identify(paper) by extensions ['colcon_meta']
[0.521s] colcon.colcon_core.package_identification Level 1 _identify(paper) by extension 'colcon_meta'
[0.521s] colcon.colcon_core.package_identification Level 1 _identify(paper) by extensions ['ros']
[0.521s] colcon.colcon_core.package_identification Level 1 _identify(paper) by extension 'ros'
[0.521s] colcon.colcon_core.package_identification Level 1 _identify(paper) by extensions ['cmake', 'python']
[0.521s] colcon.colcon_core.package_identification Level 1 _identify(paper) by extension 'cmake'
[0.521s] colcon.colcon_core.package_identification Level 1 _identify(paper) by extension 'python'
[0.521s] colcon.colcon_core.package_identification Level 1 _identify(paper) by extensions ['python_setup_py']
[0.521s] colcon.colcon_core.package_identification Level 1 _identify(paper) by extension 'python_setup_py'
[0.521s] colcon.colcon_core.package_identification Level 1 _identify(src) by extensions ['ignore', 'ignore_ament_install']
[0.521s] colcon.colcon_core.package_identification Level 1 _identify(src) by extension 'ignore'
[0.521s] colcon.colcon_core.package_identification Level 1 _identify(src) by extension 'ignore_ament_install'
[0.521s] colcon.colcon_core.package_identification Level 1 _identify(src) by extensions ['colcon_pkg']
[0.521s] colcon.colcon_core.package_identification Level 1 _identify(src) by extension 'colcon_pkg'
[0.521s] colcon.colcon_core.package_identification Level 1 _identify(src) by extensions ['colcon_meta']
[0.521s] colcon.colcon_core.package_identification Level 1 _identify(src) by extension 'colcon_meta'
[0.522s] colcon.colcon_core.package_identification Level 1 _identify(src) by extensions ['ros']
[0.522s] colcon.colcon_core.package_identification Level 1 _identify(src) by extension 'ros'
[0.522s] colcon.colcon_core.package_identification Level 1 _identify(src) by extensions ['cmake', 'python']
[0.522s] colcon.colcon_core.package_identification Level 1 _identify(src) by extension 'cmake'
[0.522s] colcon.colcon_core.package_identification Level 1 _identify(src) by extension 'python'
[0.522s] colcon.colcon_core.package_identification Level 1 _identify(src) by extensions ['python_setup_py']
[0.522s] colcon.colcon_core.package_identification Level 1 _identify(src) by extension 'python_setup_py'
[0.522s] colcon.colcon_core.package_identification Level 1 _identify(src/DoosanBootcamp3rd) by extensions ['ignore', 'ignore_ament_install']
[0.522s] colcon.colcon_core.package_identification Level 1 _identify(src/DoosanBootcamp3rd) by extension 'ignore'
[0.522s] colcon.colcon_core.package_identification Level 1 _identify(src/DoosanBootcamp3rd) by extension 'ignore_ament_install'
[0.522s] colcon.colcon_core.package_identification Level 1 _identify(src/DoosanBootcamp3rd) by extensions ['colcon_pkg']
[0.522s] colcon.colcon_core.package_identification Level 1 _identify(src/DoosanBootcamp3rd) by extension 'colcon_pkg'
[0.522s] colcon.colcon_core.package_identification Level 1 _identify(src/DoosanBootcamp3rd) by extensions ['colcon_meta']
[0.522s] colcon.colcon_core.package_identification Level 1 _identify(src/DoosanBootcamp3rd) by extension 'colcon_meta'
[0.522s] colcon.colcon_core.package_identification Level 1 _identify(src/DoosanBootcamp3rd) by extensions ['ros']
[0.522s] colcon.colcon_core.package_identification Level 1 _identify(src/DoosanBootcamp3rd) by extension 'ros'
[0.523s] colcon.colcon_core.package_identification Level 1 _identify(src/DoosanBootcamp3rd) by extensions ['cmake', 'python']
[0.523s] colcon.colcon_core.package_identification Level 1 _identify(src/DoosanBootcamp3rd) by extension 'cmake'
[0.523s] colcon.colcon_core.package_identification Level 1 _identify(src/DoosanBootcamp3rd) by extension 'python'
[0.523s] colcon.colcon_core.package_identification Level 1 _identify(src/DoosanBootcamp3rd) by extensions ['python_setup_py']
[0.523s] colcon.colcon_core.package_identification Level 1 _identify(src/DoosanBootcamp3rd) by extension 'python_setup_py'
[0.523s] colcon.colcon_core.package_identification Level 1 _identify(src/DoosanBootcamp3rd/calibration) by extensions ['ignore', 'ignore_ament_install']
[0.523s] colcon.colcon_core.package_identification Level 1 _identify(src/DoosanBootcamp3rd/calibration) by extension 'ignore'
[0.523s] colcon.colcon_core.package_identification Level 1 _identify(src/DoosanBootcamp3rd/calibration) ignored
[0.523s] colcon.colcon_core.package_identification Level 1 _identify(src/DoosanBootcamp3rd/dsr_bringup2) by extensions ['ignore', 'ignore_ament_install']
[0.523s] colcon.colcon_core.package_identification Level 1 _identify(src/DoosanBootcamp3rd/dsr_bringup2) by extension 'ignore'
[0.523s] colcon.colcon_core.package_identification Level 1 _identify(src/DoosanBootcamp3rd/dsr_bringup2) by extension 'ignore_ament_install'
[0.524s] colcon.colcon_core.package_identification Level 1 _identify(src/DoosanBootcamp3rd/dsr_bringup2) by extensions ['colcon_pkg']
[0.524s] colcon.colcon_core.package_identification Level 1 _identify(src/DoosanBootcamp3rd/dsr_bringup2) by extension 'colcon_pkg'
[0.524s] colcon.colcon_core.package_identification Level 1 _identify(src/DoosanBootcamp3rd/dsr_bringup2) by extensions ['colcon_meta']
[0.524s] colcon.colcon_core.package_identification Level 1 _identify(src/DoosanBootcamp3rd/dsr_bringup2) by extension 'colcon_meta'
[0.524s] colcon.colcon_core.package_identification Level 1 _identify(src/DoosanBootcamp3rd/dsr_bringup2) by extensions ['ros']
[0.524s] colcon.colcon_core.package_identification Level 1 _identify(src/DoosanBootcamp3rd/dsr_bringup2) by extension 'ros'
[0.526s] colcon.colcon_core.package_identification DEBUG Package 'src/DoosanBootcamp3rd/dsr_bringup2' with type 'ros.ament_python' and name 'dsr_bringup2'
[0.527s] colcon.colcon_core.package_identification Level 1 _identify(src/DoosanBootcamp3rd/dsr_common2) by extensions ['ignore', 'ignore_ament_install']
[0.527s] colcon.colcon_core.package_identification Level 1 _identify(src/DoosanBootcamp3rd/dsr_common2) by extension 'ignore'
[0.527s] colcon.colcon_core.package_identification Level 1 _identify(src/DoosanBootcamp3rd/dsr_common2) by extension 'ignore_ament_install'
[0.527s] colcon.colcon_core.package_identification Level 1 _identify(src/DoosanBootcamp3rd/dsr_common2) by extensions ['colcon_pkg']
[0.527s] colcon.colcon_core.package_identification Level 1 _identify(src/DoosanBootcamp3rd/dsr_common2) by extension 'colcon_pkg'
[0.527s] colcon.colcon_core.package_identification Level 1 _identify(src/DoosanBootcamp3rd/dsr_common2) by extensions ['colcon_meta']
[0.527s] colcon.colcon_core.package_identification Level 1 _identify(src/DoosanBootcamp3rd/dsr_common2) by extension 'colcon_meta'
[0.527s] colcon.colcon_core.package_identification Level 1 _identify(src/DoosanBootcamp3rd/dsr_common2) by extensions ['ros']
[0.527s] colcon.colcon_core.package_identification Level 1 _identify(src/DoosanBootcamp3rd/dsr_common2) by extension 'ros'
[0.528s] colcon.colcon_core.package_identification DEBUG Package 'src/DoosanBootcamp3rd/dsr_common2' with type 'ros.ament_cmake' and name 'dsr_common2'
[0.528s] colcon.colcon_core.package_identification Level 1 _identify(src/DoosanBootcamp3rd/dsr_controller2) by extensions ['ignore', 'ignore_ament_install']
[0.528s] colcon.colcon_core.package_identification Level 1 _identify(src/DoosanBootcamp3rd/dsr_controller2) by extension 'ignore'
[0.528s] colcon.colcon_core.package_identification Level 1 _identify(src/DoosanBootcamp3rd/dsr_controller2) by extension 'ignore_ament_install'
[0.528s] colcon.colcon_core.package_identification Level 1 _identify(src/DoosanBootcamp3rd/dsr_controller2) by extensions ['colcon_pkg']
[0.529s] colcon.colcon_core.package_identification Level 1 _identify(src/DoosanBootcamp3rd/dsr_controller2) by extension 'colcon_pkg'
[0.529s] colcon.colcon_core.package_identification Level 1 _identify(src/DoosanBootcamp3rd/dsr_controller2) by extensions ['colcon_meta']
[0.529s] colcon.colcon_core.package_identification Level 1 _identify(src/DoosanBootcamp3rd/dsr_controller2) by extension 'colcon_meta'
[0.529s] colcon.colcon_core.package_identification Level 1 _identify(src/DoosanBootcamp3rd/dsr_controller2) by extensions ['ros']
[0.529s] colcon.colcon_core.package_identification Level 1 _identify(src/DoosanBootcamp3rd/dsr_controller2) by extension 'ros'
[0.530s] colcon.colcon_core.package_identification DEBUG Package 'src/DoosanBootcamp3rd/dsr_controller2' with type 'ros.ament_cmake' and name 'dsr_controller2'
[0.530s] colcon.colcon_core.package_identification Level 1 _identify(src/DoosanBootcamp3rd/dsr_description2) by extensions ['ignore', 'ignore_ament_install']
[0.530s] colcon.colcon_core.package_identification Level 1 _identify(src/DoosanBootcamp3rd/dsr_description2) by extension 'ignore'
[0.531s] colcon.colcon_core.package_identification Level 1 _identify(src/DoosanBootcamp3rd/dsr_description2) by extension 'ignore_ament_install'
[0.531s] colcon.colcon_core.package_identification Level 1 _identify(src/DoosanBootcamp3rd/dsr_description2) by extensions ['colcon_pkg']
[0.531s] colcon.colcon_core.package_identification Level 1 _identify(src/DoosanBootcamp3rd/dsr_description2) by extension 'colcon_pkg'
[0.531s] colcon.colcon_core.package_identification Level 1 _identify(src/DoosanBootcamp3rd/dsr_description2) by extensions ['colcon_meta']
[0.531s] colcon.colcon_core.package_identification Level 1 _identify(src/DoosanBootcamp3rd/dsr_description2) by extension 'colcon_meta'
[0.531s] colcon.colcon_core.package_identification Level 1 _identify(src/DoosanBootcamp3rd/dsr_description2) by extensions ['ros']
[0.531s] colcon.colcon_core.package_identification Level 1 _identify(src/DoosanBootcamp3rd/dsr_description2) by extension 'ros'
[0.531s] colcon.colcon_core.package_identification DEBUG Package 'src/DoosanBootcamp3rd/dsr_description2' with type 'ros.ament_cmake' and name 'dsr_description2'
[0.532s] colcon.colcon_core.package_identification Level 1 _identify(src/DoosanBootcamp3rd/dsr_example2) by extensions ['ignore', 'ignore_ament_install']
[0.532s] colcon.colcon_core.package_identification Level 1 _identify(src/DoosanBootcamp3rd/dsr_example2) by extension 'ignore'
[0.532s] colcon.colcon_core.package_identification Level 1 _identify(src/DoosanBootcamp3rd/dsr_example2) by extension 'ignore_ament_install'
[0.532s] colcon.colcon_core.package_identification Level 1 _identify(src/DoosanBootcamp3rd/dsr_example2) by extensions ['colcon_pkg']
[0.532s] colcon.colcon_core.package_identification Level 1 _identify(src/DoosanBootcamp3rd/dsr_example2) by extension 'colcon_pkg'
[0.532s] colcon.colcon_core.package_identification Level 1 _identify(src/DoosanBootcamp3rd/dsr_example2) by extensions ['colcon_meta']
[0.532s] colcon.colcon_core.package_identification Level 1 _identify(src/DoosanBootcamp3rd/dsr_example2) by extension 'colcon_meta'
[0.532s] colcon.colcon_core.package_identification Level 1 _identify(src/DoosanBootcamp3rd/dsr_example2) by extensions ['ros']
[0.532s] colcon.colcon_core.package_identification Level 1 _identify(src/DoosanBootcamp3rd/dsr_example2) by extension 'ros'
[0.532s] colcon.colcon_core.package_identification Level 1 _identify(src/DoosanBootcamp3rd/dsr_example2) by extensions ['cmake', 'python']
[0.532s] colcon.colcon_core.package_identification Level 1 _identify(src/DoosanBootcamp3rd/dsr_example2) by extension 'cmake'
[0.532s] colcon.colcon_core.package_identification Level 1 _identify(src/DoosanBootcamp3rd/dsr_example2) by extension 'python'
[0.532s] colcon.colcon_core.package_identification Level 1 _identify(src/DoosanBootcamp3rd/dsr_example2) by extensions ['python_setup_py']
[0.532s] colcon.colcon_core.package_identification Level 1 _identify(src/DoosanBootcamp3rd/dsr_example2) by extension 'python_setup_py'
[0.533s] colcon.colcon_core.package_identification Level 1 _identify(src/DoosanBootcamp3rd/dsr_example2/dsr_example) by extensions ['ignore', 'ignore_ament_install']
[0.533s] colcon.colcon_core.package_identification Level 1 _identify(src/DoosanBootcamp3rd/dsr_example2/dsr_example) by extension 'ignore'
[0.533s] colcon.colcon_core.package_identification Level 1 _identify(src/DoosanBootcamp3rd/dsr_example2/dsr_example) by extension 'ignore_ament_install'
[0.533s] colcon.colcon_core.package_identification Level 1 _identify(src/DoosanBootcamp3rd/dsr_example2/dsr_example) by extensions ['colcon_pkg']
[0.533s] colcon.colcon_core.package_identification Level 1 _identify(src/DoosanBootcamp3rd/dsr_example2/dsr_example) by extension 'colcon_pkg'
[0.533s] colcon.colcon_core.package_identification Level 1 _identify(src/DoosanBootcamp3rd/dsr_example2/dsr_example) by extensions ['colcon_meta']
[0.533s] colcon.colcon_core.package_identification Level 1 _identify(src/DoosanBootcamp3rd/dsr_example2/dsr_example) by extension 'colcon_meta'
[0.533s] colcon.colcon_core.package_identification Level 1 _identify(src/DoosanBootcamp3rd/dsr_example2/dsr_example) by extensions ['ros']
[0.533s] colcon.colcon_core.package_identification Level 1 _identify(src/DoosanBootcamp3rd/dsr_example2/dsr_example) by extension 'ros'
[0.534s] colcon.colcon_core.package_identification DEBUG Package 'src/DoosanBootcamp3rd/dsr_example2/dsr_example' with type 'ros.ament_python' and name 'dsr_example'
[0.534s] colcon.colcon_core.package_identification Level 1 _identify(src/DoosanBootcamp3rd/dsr_example2/dsr_realtime_control) by extensions ['ignore', 'ignore_ament_install']
[0.534s] colcon.colcon_core.package_identification Level 1 _identify(src/DoosanBootcamp3rd/dsr_example2/dsr_realtime_control) by extension 'ignore'
[0.534s] colcon.colcon_core.package_identification Level 1 _identify(src/DoosanBootcamp3rd/dsr_example2/dsr_realtime_control) by extension 'ignore_ament_install'
[0.534s] colcon.colcon_core.package_identification Level 1 _identify(src/DoosanBootcamp3rd/dsr_example2/dsr_realtime_control) by extensions ['colcon_pkg']
[0.534s] colcon.colcon_core.package_identification Level 1 _identify(src/DoosanBootcamp3rd/dsr_example2/dsr_realtime_control) by extension 'colcon_pkg'
[0.534s] colcon.colcon_core.package_identification Level 1 _identify(src/DoosanBootcamp3rd/dsr_example2/dsr_realtime_control) by extensions ['colcon_meta']
[0.534s] colcon.colcon_core.package_identification Level 1 _identify(src/DoosanBootcamp3rd/dsr_example2/dsr_realtime_control) by extension 'colcon_meta'
[0.534s] colcon.colcon_core.package_identification Level 1 _identify(src/DoosanBootcamp3rd/dsr_example2/dsr_realtime_control) by extensions ['ros']
[0.534s] colcon.colcon_core.package_identification Level 1 _identify(src/DoosanBootcamp3rd/dsr_example2/dsr_realtime_control) by extension 'ros'
[0.535s] colcon.colcon_core.package_identification DEBUG Package 'src/DoosanBootcamp3rd/dsr_example2/dsr_realtime_control' with type 'ros.ament_cmake' and name 'dsr_realtime_control'
[0.535s] colcon.colcon_core.package_identification Level 1 _identify(src/DoosanBootcamp3rd/dsr_example2/dsr_visualservoing) by extensions ['ignore', 'ignore_ament_install']
[0.535s] colcon.colcon_core.package_identification Level 1 _identify(src/DoosanBootcamp3rd/dsr_example2/dsr_visualservoing) by extension 'ignore'
[0.535s] colcon.colcon_core.package_identification Level 1 _identify(src/DoosanBootcamp3rd/dsr_example2/dsr_visualservoing) by extension 'ignore_ament_install'
[0.535s] colcon.colcon_core.package_identification Level 1 _identify(src/DoosanBootcamp3rd/dsr_example2/dsr_visualservoing) by extensions ['colcon_pkg']
[0.535s] colcon.colcon_core.package_identification Level 1 _identify(src/DoosanBootcamp3rd/dsr_example2/dsr_visualservoing) by extension 'colcon_pkg'
[0.536s] colcon.colcon_core.package_identification Level 1 _identify(src/DoosanBootcamp3rd/dsr_example2/dsr_visualservoing) by extensions ['colcon_meta']
[0.536s] colcon.colcon_core.package_identification Level 1 _identify(src/DoosanBootcamp3rd/dsr_example2/dsr_visualservoing) by extension 'colcon_meta'
[0.536s] colcon.colcon_core.package_identification Level 1 _identify(src/DoosanBootcamp3rd/dsr_example2/dsr_visualservoing) by extensions ['ros']
[0.536s] colcon.colcon_core.package_identification Level 1 _identify(src/DoosanBootcamp3rd/dsr_example2/dsr_visualservoing) by extension 'ros'
[0.536s] colcon.colcon_core.package_identification DEBUG Package 'src/DoosanBootcamp3rd/dsr_example2/dsr_visualservoing' with type 'ros.ament_python' and name 'dsr_visualservoing'
[0.536s] colcon.colcon_core.package_identification Level 1 _identify(src/DoosanBootcamp3rd/dsr_gazebo2) by extensions ['ignore', 'ignore_ament_install']
[0.537s] colcon.colcon_core.package_identification Level 1 _identify(src/DoosanBootcamp3rd/dsr_gazebo2) by extension 'ignore'
[0.537s] colcon.colcon_core.package_identification Level 1 _identify(src/DoosanBootcamp3rd/dsr_gazebo2) by extension 'ignore_ament_install'
[0.537s] colcon.colcon_core.package_identification Level 1 _identify(src/DoosanBootcamp3rd/dsr_gazebo2) by extensions ['colcon_pkg']
[0.537s] colcon.colcon_core.package_identification Level 1 _identify(src/DoosanBootcamp3rd/dsr_gazebo2) by extension 'colcon_pkg'
[0.537s] colcon.colcon_core.package_identification Level 1 _identify(src/DoosanBootcamp3rd/dsr_gazebo2) by extensions ['colcon_meta']
[0.537s] colcon.colcon_core.package_identification Level 1 _identify(src/DoosanBootcamp3rd/dsr_gazebo2) by extension 'colcon_meta'
[0.537s] colcon.colcon_core.package_identification Level 1 _identify(src/DoosanBootcamp3rd/dsr_gazebo2) by extensions ['ros']
[0.537s] colcon.colcon_core.package_identification Level 1 _identify(src/DoosanBootcamp3rd/dsr_gazebo2) by extension 'ros'
[0.538s] colcon.colcon_core.package_identification DEBUG Package 'src/DoosanBootcamp3rd/dsr_gazebo2' with type 'ros.ament_cmake' and name 'dsr_gazebo2'
[0.538s] colcon.colcon_core.package_identification Level 1 _identify(src/DoosanBootcamp3rd/dsr_hardware2) by extensions ['ignore', 'ignore_ament_install']
[0.538s] colcon.colcon_core.package_identification Level 1 _identify(src/DoosanBootcamp3rd/dsr_hardware2) by extension 'ignore'
[0.538s] colcon.colcon_core.package_identification Level 1 _identify(src/DoosanBootcamp3rd/dsr_hardware2) by extension 'ignore_ament_install'
[0.538s] colcon.colcon_core.package_identification Level 1 _identify(src/DoosanBootcamp3rd/dsr_hardware2) by extensions ['colcon_pkg']
[0.538s] colcon.colcon_core.package_identification Level 1 _identify(src/DoosanBootcamp3rd/dsr_hardware2) by extension 'colcon_pkg'
[0.538s] colcon.colcon_core.package_identification Level 1 _identify(src/DoosanBootcamp3rd/dsr_hardware2) by extensions ['colcon_meta']
[0.538s] colcon.colcon_core.package_identification Level 1 _identify(src/DoosanBootcamp3rd/dsr_hardware2) by extension 'colcon_meta'
[0.538s] colcon.colcon_core.package_identification Level 1 _identify(src/DoosanBootcamp3rd/dsr_hardware2) by extensions ['ros']
[0.538s] colcon.colcon_core.package_identification Level 1 _identify(src/DoosanBootcamp3rd/dsr_hardware2) by extension 'ros'
[0.540s] colcon.colcon_core.package_identification DEBUG Package 'src/DoosanBootcamp3rd/dsr_hardware2' with type 'ros.ament_cmake' and name 'dsr_hardware2'
[0.540s] colcon.colcon_core.package_identification Level 1 _identify(src/DoosanBootcamp3rd/dsr_moveit2) by extensions ['ignore', 'ignore_ament_install']
[0.540s] colcon.colcon_core.package_identification Level 1 _identify(src/DoosanBootcamp3rd/dsr_moveit2) by extension 'ignore'
[0.540s] colcon.colcon_core.package_identification Level 1 _identify(src/DoosanBootcamp3rd/dsr_moveit2) by extension 'ignore_ament_install'
[0.540s] colcon.colcon_core.package_identification Level 1 _identify(src/DoosanBootcamp3rd/dsr_moveit2) by extensions ['colcon_pkg']
[0.540s] colcon.colcon_core.package_identification Level 1 _identify(src/DoosanBootcamp3rd/dsr_moveit2) by extension 'colcon_pkg'
[0.541s] colcon.colcon_core.package_identification Level 1 _identify(src/DoosanBootcamp3rd/dsr_moveit2) by extensions ['colcon_meta']
[0.541s] colcon.colcon_core.package_identification Level 1 _identify(src/DoosanBootcamp3rd/dsr_moveit2) by extension 'colcon_meta'
[0.541s] colcon.colcon_core.package_identification Level 1 _identify(src/DoosanBootcamp3rd/dsr_moveit2) by extensions ['ros']
[0.541s] colcon.colcon_core.package_identification Level 1 _identify(src/DoosanBootcamp3rd/dsr_moveit2) by extension 'ros'
[0.541s] colcon.colcon_core.package_identification Level 1 _identify(src/DoosanBootcamp3rd/dsr_moveit2) by extensions ['cmake', 'python']
[0.541s] colcon.colcon_core.package_identification Level 1 _identify(src/DoosanBootcamp3rd/dsr_moveit2) by extension 'cmake'
[0.541s] colcon.colcon_core.package_identification Level 1 _identify(src/DoosanBootcamp3rd/dsr_moveit2) by extension 'python'
[0.541s] colcon.colcon_core.package_identification Level 1 _identify(src/DoosanBootcamp3rd/dsr_moveit2) by extensions ['python_setup_py']
[0.541s] colcon.colcon_core.package_identification Level 1 _identify(src/DoosanBootcamp3rd/dsr_moveit2) by extension 'python_setup_py'
[0.541s] colcon.colcon_core.package_identification Level 1 _identify(src/DoosanBootcamp3rd/dsr_moveit2/dsr_moveit_config_a0509) by extensions ['ignore', 'ignore_ament_install']
[0.541s] colcon.colcon_core.package_identification Level 1 _identify(src/DoosanBootcamp3rd/dsr_moveit2/dsr_moveit_config_a0509) by extension 'ignore'
[0.541s] colcon.colcon_core.package_identification Level 1 _identify(src/DoosanBootcamp3rd/dsr_moveit2/dsr_moveit_config_a0509) by extension 'ignore_ament_install'
[0.541s] colcon.colcon_core.package_identification Level 1 _identify(src/DoosanBootcamp3rd/dsr_moveit2/dsr_moveit_config_a0509) by extensions ['colcon_pkg']
[0.541s] colcon.colcon_core.package_identification Level 1 _identify(src/DoosanBootcamp3rd/dsr_moveit2/dsr_moveit_config_a0509) by extension 'colcon_pkg'
[0.541s] colcon.colcon_core.package_identification Level 1 _identify(src/DoosanBootcamp3rd/dsr_moveit2/dsr_moveit_config_a0509) by extensions ['colcon_meta']
[0.541s] colcon.colcon_core.package_identification Level 1 _identify(src/DoosanBootcamp3rd/dsr_moveit2/dsr_moveit_config_a0509) by extension 'colcon_meta'
[0.541s] colcon.colcon_core.package_identification Level 1 _identify(src/DoosanBootcamp3rd/dsr_moveit2/dsr_moveit_config_a0509) by extensions ['ros']
[0.541s] colcon.colcon_core.package_identification Level 1 _identify(src/DoosanBootcamp3rd/dsr_moveit2/dsr_moveit_config_a0509) by extension 'ros'
[0.542s] colcon.colcon_core.package_identification DEBUG Package 'src/DoosanBootcamp3rd/dsr_moveit2/dsr_moveit_config_a0509' with type 'ros.ament_cmake' and name 'dsr_moveit_config_a0509'
[0.542s] colcon.colcon_core.package_identification Level 1 _identify(src/DoosanBootcamp3rd/dsr_moveit2/dsr_moveit_config_a0912) by extensions ['ignore', 'ignore_ament_install']
[0.542s] colcon.colcon_core.package_identification Level 1 _identify(src/DoosanBootcamp3rd/dsr_moveit2/dsr_moveit_config_a0912) by extension 'ignore'
[0.543s] colcon.colcon_core.package_identification Level 1 _identify(src/DoosanBootcamp3rd/dsr_moveit2/dsr_moveit_config_a0912) by extension 'ignore_ament_install'
[0.543s] colcon.colcon_core.package_identification Level 1 _identify(src/DoosanBootcamp3rd/dsr_moveit2/dsr_moveit_config_a0912) by extensions ['colcon_pkg']
[0.543s] colcon.colcon_core.package_identification Level 1 _identify(src/DoosanBootcamp3rd/dsr_moveit2/dsr_moveit_config_a0912) by extension 'colcon_pkg'
[0.543s] colcon.colcon_core.package_identification Level 1 _identify(src/DoosanBootcamp3rd/dsr_moveit2/dsr_moveit_config_a0912) by extensions ['colcon_meta']
[0.543s] colcon.colcon_core.package_identification Level 1 _identify(src/DoosanBootcamp3rd/dsr_moveit2/dsr_moveit_config_a0912) by extension 'colcon_meta'
[0.543s] colcon.colcon_core.package_identification Level 1 _identify(src/DoosanBootcamp3rd/dsr_moveit2/dsr_moveit_config_a0912) by extensions ['ros']
[0.543s] colcon.colcon_core.package_identification Level 1 _identify(src/DoosanBootcamp3rd/dsr_moveit2/dsr_moveit_config_a0912) by extension 'ros'
[0.543s] colcon.colcon_core.package_identification DEBUG Package 'src/DoosanBootcamp3rd/dsr_moveit2/dsr_moveit_config_a0912' with type 'ros.ament_cmake' and name 'dsr_moveit_config_a0912'
[0.544s] colcon.colcon_core.package_identification Level 1 _identify(src/DoosanBootcamp3rd/dsr_moveit2/dsr_moveit_config_e0509) by extensions ['ignore', 'ignore_ament_install']
[0.544s] colcon.colcon_core.package_identification Level 1 _identify(src/DoosanBootcamp3rd/dsr_moveit2/dsr_moveit_config_e0509) by extension 'ignore'
[0.544s] colcon.colcon_core.package_identification Level 1 _identify(src/DoosanBootcamp3rd/dsr_moveit2/dsr_moveit_config_e0509) by extension 'ignore_ament_install'
[0.544s] colcon.colcon_core.package_identification Level 1 _identify(src/DoosanBootcamp3rd/dsr_moveit2/dsr_moveit_config_e0509) by extensions ['colcon_pkg']
[0.544s] colcon.colcon_core.package_identification Level 1 _identify(src/DoosanBootcamp3rd/dsr_moveit2/dsr_moveit_config_e0509) by extension 'colcon_pkg'
[0.544s] colcon.colcon_core.package_identification Level 1 _identify(src/DoosanBootcamp3rd/dsr_moveit2/dsr_moveit_config_e0509) by extensions ['colcon_meta']
[0.544s] colcon.colcon_core.package_identification Level 1 _identify(src/DoosanBootcamp3rd/dsr_moveit2/dsr_moveit_config_e0509) by extension 'colcon_meta'
[0.544s] colcon.colcon_core.package_identification Level 1 _identify(src/DoosanBootcamp3rd/dsr_moveit2/dsr_moveit_config_e0509) by extensions ['ros']
[0.544s] colcon.colcon_core.package_identification Level 1 _identify(src/DoosanBootcamp3rd/dsr_moveit2/dsr_moveit_config_e0509) by extension 'ros'
[0.545s] colcon.colcon_core.package_identification DEBUG Package 'src/DoosanBootcamp3rd/dsr_moveit2/dsr_moveit_config_e0509' with type 'ros.ament_cmake' and name 'dsr_moveit_config_e0509'
[0.545s] colcon.colcon_core.package_identification Level 1 _identify(src/DoosanBootcamp3rd/dsr_moveit2/dsr_moveit_config_h2017) by extensions ['ignore', 'ignore_ament_install']
[0.545s] colcon.colcon_core.package_identification Level 1 _identify(src/DoosanBootcamp3rd/dsr_moveit2/dsr_moveit_config_h2017) by extension 'ignore'
[0.545s] colcon.colcon_core.package_identification Level 1 _identify(src/DoosanBootcamp3rd/dsr_moveit2/dsr_moveit_config_h2017) by extension 'ignore_ament_install'
[0.545s] colcon.colcon_core.package_identification Level 1 _identify(src/DoosanBootcamp3rd/dsr_moveit2/dsr_moveit_config_h2017) by extensions ['colcon_pkg']
[0.545s] colcon.colcon_core.package_identification Level 1 _identify(src/DoosanBootcamp3rd/dsr_moveit2/dsr_moveit_config_h2017) by extension 'colcon_pkg'
[0.545s] colcon.colcon_core.package_identification Level 1 _identify(src/DoosanBootcamp3rd/dsr_moveit2/dsr_moveit_config_h2017) by extensions ['colcon_meta']
[0.545s] colcon.colcon_core.package_identification Level 1 _identify(src/DoosanBootcamp3rd/dsr_moveit2/dsr_moveit_config_h2017) by extension 'colcon_meta'
[0.545s] colcon.colcon_core.package_identification Level 1 _identify(src/DoosanBootcamp3rd/dsr_moveit2/dsr_moveit_config_h2017) by extensions ['ros']
[0.545s] colcon.colcon_core.package_identification Level 1 _identify(src/DoosanBootcamp3rd/dsr_moveit2/dsr_moveit_config_h2017) by extension 'ros'
[0.546s] colcon.colcon_core.package_identification DEBUG Package 'src/DoosanBootcamp3rd/dsr_moveit2/dsr_moveit_config_h2017' with type 'ros.ament_cmake' and name 'dsr_moveit_config_h2017'
[0.546s] colcon.colcon_core.package_identification Level 1 _identify(src/DoosanBootcamp3rd/dsr_moveit2/dsr_moveit_config_h2515) by extensions ['ignore', 'ignore_ament_install']
[0.546s] colcon.colcon_core.package_identification Level 1 _identify(src/DoosanBootcamp3rd/dsr_moveit2/dsr_moveit_config_h2515) by extension 'ignore'
[0.546s] colcon.colcon_core.package_identification Level 1 _identify(src/DoosanBootcamp3rd/dsr_moveit2/dsr_moveit_config_h2515) by extension 'ignore_ament_install'
[0.546s] colcon.colcon_core.package_identification Level 1 _identify(src/DoosanBootcamp3rd/dsr_moveit2/dsr_moveit_config_h2515) by extensions ['colcon_pkg']
[0.546s] colcon.colcon_core.package_identification Level 1 _identify(src/DoosanBootcamp3rd/dsr_moveit2/dsr_moveit_config_h2515) by extension 'colcon_pkg'
[0.546s] colcon.colcon_core.package_identification Level 1 _identify(src/DoosanBootcamp3rd/dsr_moveit2/dsr_moveit_config_h2515) by extensions ['colcon_meta']
[0.546s] colcon.colcon_core.package_identification Level 1 _identify(src/DoosanBootcamp3rd/dsr_moveit2/dsr_moveit_config_h2515) by extension 'colcon_meta'
[0.546s] colcon.colcon_core.package_identification Level 1 _identify(src/DoosanBootcamp3rd/dsr_moveit2/dsr_moveit_config_h2515) by extensions ['ros']
[0.546s] colcon.colcon_core.package_identification Level 1 _identify(src/DoosanBootcamp3rd/dsr_moveit2/dsr_moveit_config_h2515) by extension 'ros'
[0.547s] colcon.colcon_core.package_identification DEBUG Package 'src/DoosanBootcamp3rd/dsr_moveit2/dsr_moveit_config_h2515' with type 'ros.ament_cmake' and name 'dsr_moveit_config_h2515'
[0.547s] colcon.colcon_core.package_identification Level 1 _identify(src/DoosanBootcamp3rd/dsr_moveit2/dsr_moveit_config_m0609) by extensions ['ignore', 'ignore_ament_install']
[0.547s] colcon.colcon_core.package_identification Level 1 _identify(src/DoosanBootcamp3rd/dsr_moveit2/dsr_moveit_config_m0609) by extension 'ignore'
[0.547s] colcon.colcon_core.package_identification Level 1 _identify(src/DoosanBootcamp3rd/dsr_moveit2/dsr_moveit_config_m0609) by extension 'ignore_ament_install'
[0.548s] colcon.colcon_core.package_identification Level 1 _identify(src/DoosanBootcamp3rd/dsr_moveit2/dsr_moveit_config_m0609) by extensions ['colcon_pkg']
[0.548s] colcon.colcon_core.package_identification Level 1 _identify(src/DoosanBootcamp3rd/dsr_moveit2/dsr_moveit_config_m0609) by extension 'colcon_pkg'
[0.548s] colcon.colcon_core.package_identification Level 1 _identify(src/DoosanBootcamp3rd/dsr_moveit2/dsr_moveit_config_m0609) by extensions ['colcon_meta']
[0.548s] colcon.colcon_core.package_identification Level 1 _identify(src/DoosanBootcamp3rd/dsr_moveit2/dsr_moveit_config_m0609) by extension 'colcon_meta'
[0.548s] colcon.colcon_core.package_identification Level 1 _identify(src/DoosanBootcamp3rd/dsr_moveit2/dsr_moveit_config_m0609) by extensions ['ros']
[0.548s] colcon.colcon_core.package_identification Level 1 _identify(src/DoosanBootcamp3rd/dsr_moveit2/dsr_moveit_config_m0609) by extension 'ros'
[0.548s] colcon.colcon_core.package_identification DEBUG Package 'src/DoosanBootcamp3rd/dsr_moveit2/dsr_moveit_config_m0609' with type 'ros.ament_cmake' and name 'dsr_moveit_config_m0609'
[0.548s] colcon.colcon_core.package_identification Level 1 _identify(src/DoosanBootcamp3rd/dsr_moveit2/dsr_moveit_config_m0617) by extensions ['ignore', 'ignore_ament_install']
[0.549s] colcon.colcon_core.package_identification Level 1 _identify(src/DoosanBootcamp3rd/dsr_moveit2/dsr_moveit_config_m0617) by extension 'ignore'
[0.549s] colcon.colcon_core.package_identification Level 1 _identify(src/DoosanBootcamp3rd/dsr_moveit2/dsr_moveit_config_m0617) by extension 'ignore_ament_install'
[0.549s] colcon.colcon_core.package_identification Level 1 _identify(src/DoosanBootcamp3rd/dsr_moveit2/dsr_moveit_config_m0617) by extensions ['colcon_pkg']
[0.549s] colcon.colcon_core.package_identification Level 1 _identify(src/DoosanBootcamp3rd/dsr_moveit2/dsr_moveit_config_m0617) by extension 'colcon_pkg'
[0.549s] colcon.colcon_core.package_identification Level 1 _identify(src/DoosanBootcamp3rd/dsr_moveit2/dsr_moveit_config_m0617) by extensions ['colcon_meta']
[0.549s] colcon.colcon_core.package_identification Level 1 _identify(src/DoosanBootcamp3rd/dsr_moveit2/dsr_moveit_config_m0617) by extension 'colcon_meta'
[0.549s] colcon.colcon_core.package_identification Level 1 _identify(src/DoosanBootcamp3rd/dsr_moveit2/dsr_moveit_config_m0617) by extensions ['ros']
[0.549s] colcon.colcon_core.package_identification Level 1 _identify(src/DoosanBootcamp3rd/dsr_moveit2/dsr_moveit_config_m0617) by extension 'ros'
[0.549s] colcon.colcon_core.package_identification DEBUG Package 'src/DoosanBootcamp3rd/dsr_moveit2/dsr_moveit_config_m0617' with type 'ros.ament_cmake' and name 'dsr_moveit_config_m0617'
[0.550s] colcon.colcon_core.package_identification Level 1 _identify(src/DoosanBootcamp3rd/dsr_moveit2/dsr_moveit_config_m1013) by extensions ['ignore', 'ignore_ament_install']
[0.550s] colcon.colcon_core.package_identification Level 1 _identify(src/DoosanBootcamp3rd/dsr_moveit2/dsr_moveit_config_m1013) by extension 'ignore'
[0.550s] colcon.colcon_core.package_identification Level 1 _identify(src/DoosanBootcamp3rd/dsr_moveit2/dsr_moveit_config_m1013) by extension 'ignore_ament_install'
[0.550s] colcon.colcon_core.package_identification Level 1 _identify(src/DoosanBootcamp3rd/dsr_moveit2/dsr_moveit_config_m1013) by extensions ['colcon_pkg']
[0.550s] colcon.colcon_core.package_identification Level 1 _identify(src/DoosanBootcamp3rd/dsr_moveit2/dsr_moveit_config_m1013) by extension 'colcon_pkg'
[0.550s] colcon.colcon_core.package_identification Level 1 _identify(src/DoosanBootcamp3rd/dsr_moveit2/dsr_moveit_config_m1013) by extensions ['colcon_meta']
[0.550s] colcon.colcon_core.package_identification Level 1 _identify(src/DoosanBootcamp3rd/dsr_moveit2/dsr_moveit_config_m1013) by extension 'colcon_meta'
[0.550s] colcon.colcon_core.package_identification Level 1 _identify(src/DoosanBootcamp3rd/dsr_moveit2/dsr_moveit_config_m1013) by extensions ['ros']
[0.550s] colcon.colcon_core.package_identification Level 1 _identify(src/DoosanBootcamp3rd/dsr_moveit2/dsr_moveit_config_m1013) by extension 'ros'
[0.551s] colcon.colcon_core.package_identification DEBUG Package 'src/DoosanBootcamp3rd/dsr_moveit2/dsr_moveit_config_m1013' with type 'ros.ament_cmake' and name 'dsr_moveit_config_m1013'
[0.551s] colcon.colcon_core.package_identification Level 1 _identify(src/DoosanBootcamp3rd/dsr_moveit2/dsr_moveit_config_m1509) by extensions ['ignore', 'ignore_ament_install']
[0.551s] colcon.colcon_core.package_identification Level 1 _identify(src/DoosanBootcamp3rd/dsr_moveit2/dsr_moveit_config_m1509) by extension 'ignore'
[0.551s] colcon.colcon_core.package_identification Level 1 _identify(src/DoosanBootcamp3rd/dsr_moveit2/dsr_moveit_config_m1509) by extension 'ignore_ament_install'
[0.551s] colcon.colcon_core.package_identification Level 1 _identify(src/DoosanBootcamp3rd/dsr_moveit2/dsr_moveit_config_m1509) by extensions ['colcon_pkg']
[0.551s] colcon.colcon_core.package_identification Level 1 _identify(src/DoosanBootcamp3rd/dsr_moveit2/dsr_moveit_config_m1509) by extension 'colcon_pkg'
[0.551s] colcon.colcon_core.package_identification Level 1 _identify(src/DoosanBootcamp3rd/dsr_moveit2/dsr_moveit_config_m1509) by extensions ['colcon_meta']
[0.551s] colcon.colcon_core.package_identification Level 1 _identify(src/DoosanBootcamp3rd/dsr_moveit2/dsr_moveit_config_m1509) by extension 'colcon_meta'
[0.551s] colcon.colcon_core.package_identification Level 1 _identify(src/DoosanBootcamp3rd/dsr_moveit2/dsr_moveit_config_m1509) by extensions ['ros']
[0.551s] colcon.colcon_core.package_identification Level 1 _identify(src/DoosanBootcamp3rd/dsr_moveit2/dsr_moveit_config_m1509) by extension 'ros'
[0.552s] colcon.colcon_core.package_identification DEBUG Package 'src/DoosanBootcamp3rd/dsr_moveit2/dsr_moveit_config_m1509' with type 'ros.ament_cmake' and name 'dsr_moveit_config_m1509'
[0.552s] colcon.colcon_core.package_identification Level 1 _identify(src/DoosanBootcamp3rd/dsr_moveit2/dsr_moveit_config_p3020) by extensions ['ignore', 'ignore_ament_install']
[0.552s] colcon.colcon_core.package_identification Level 1 _identify(src/DoosanBootcamp3rd/dsr_moveit2/dsr_moveit_config_p3020) by extension 'ignore'
[0.553s] colcon.colcon_core.package_identification Level 1 _identify(src/DoosanBootcamp3rd/dsr_moveit2/dsr_moveit_config_p3020) by extension 'ignore_ament_install'
[0.553s] colcon.colcon_core.package_identification Level 1 _identify(src/DoosanBootcamp3rd/dsr_moveit2/dsr_moveit_config_p3020) by extensions ['colcon_pkg']
[0.553s] colcon.colcon_core.package_identification Level 1 _identify(src/DoosanBootcamp3rd/dsr_moveit2/dsr_moveit_config_p3020) by extension 'colcon_pkg'
[0.553s] colcon.colcon_core.package_identification Level 1 _identify(src/DoosanBootcamp3rd/dsr_moveit2/dsr_moveit_config_p3020) by extensions ['colcon_meta']
[0.553s] colcon.colcon_core.package_identification Level 1 _identify(src/DoosanBootcamp3rd/dsr_moveit2/dsr_moveit_config_p3020) by extension 'colcon_meta'
[0.553s] colcon.colcon_core.package_identification Level 1 _identify(src/DoosanBootcamp3rd/dsr_moveit2/dsr_moveit_config_p3020) by extensions ['ros']
[0.553s] colcon.colcon_core.package_identification Level 1 _identify(src/DoosanBootcamp3rd/dsr_moveit2/dsr_moveit_config_p3020) by extension 'ros'
[0.553s] colcon.colcon_core.package_identification DEBUG Package 'src/DoosanBootcamp3rd/dsr_moveit2/dsr_moveit_config_p3020' with type 'ros.ament_cmake' and name 'dsr_moveit_config_p3020'
[0.554s] colcon.colcon_core.package_identification Level 1 _identify(src/DoosanBootcamp3rd/dsr_msgs2) by extensions ['ignore', 'ignore_ament_install']
[0.554s] colcon.colcon_core.package_identification Level 1 _identify(src/DoosanBootcamp3rd/dsr_msgs2) by extension 'ignore'
[0.554s] colcon.colcon_core.package_identification Level 1 _identify(src/DoosanBootcamp3rd/dsr_msgs2) by extension 'ignore_ament_install'
[0.554s] colcon.colcon_core.package_identification Level 1 _identify(src/DoosanBootcamp3rd/dsr_msgs2) by extensions ['colcon_pkg']
[0.554s] colcon.colcon_core.package_identification Level 1 _identify(src/DoosanBootcamp3rd/dsr_msgs2) by extension 'colcon_pkg'
[0.554s] colcon.colcon_core.package_identification Level 1 _identify(src/DoosanBootcamp3rd/dsr_msgs2) by extensions ['colcon_meta']
[0.554s] colcon.colcon_core.package_identification Level 1 _identify(src/DoosanBootcamp3rd/dsr_msgs2) by extension 'colcon_meta'
[0.554s] colcon.colcon_core.package_identification Level 1 _identify(src/DoosanBootcamp3rd/dsr_msgs2) by extensions ['ros']
[0.554s] colcon.colcon_core.package_identification Level 1 _identify(src/DoosanBootcamp3rd/dsr_msgs2) by extension 'ros'
[0.555s] colcon.colcon_core.package_identification DEBUG Package 'src/DoosanBootcamp3rd/dsr_msgs2' with type 'ros.ament_cmake' and name 'dsr_msgs2'
[0.555s] colcon.colcon_core.package_identification Level 1 _identify(src/DoosanBootcamp3rd/dsr_rokey) by extensions ['ignore', 'ignore_ament_install']
[0.555s] colcon.colcon_core.package_identification Level 1 _identify(src/DoosanBootcamp3rd/dsr_rokey) by extension 'ignore'
[0.555s] colcon.colcon_core.package_identification Level 1 _identify(src/DoosanBootcamp3rd/dsr_rokey) by extension 'ignore_ament_install'
[0.555s] colcon.colcon_core.package_identification Level 1 _identify(src/DoosanBootcamp3rd/dsr_rokey) by extensions ['colcon_pkg']
[0.555s] colcon.colcon_core.package_identification Level 1 _identify(src/DoosanBootcamp3rd/dsr_rokey) by extension 'colcon_pkg'
[0.556s] colcon.colcon_core.package_identification Level 1 _identify(src/DoosanBootcamp3rd/dsr_rokey) by extensions ['colcon_meta']
[0.556s] colcon.colcon_core.package_identification Level 1 _identify(src/DoosanBootcamp3rd/dsr_rokey) by extension 'colcon_meta'
[0.556s] colcon.colcon_core.package_identification Level 1 _identify(src/DoosanBootcamp3rd/dsr_rokey) by extensions ['ros']
[0.556s] colcon.colcon_core.package_identification Level 1 _identify(src/DoosanBootcamp3rd/dsr_rokey) by extension 'ros'
[0.556s] colcon.colcon_core.package_identification Level 1 _identify(src/DoosanBootcamp3rd/dsr_rokey) by extensions ['cmake', 'python']
[0.556s] colcon.colcon_core.package_identification Level 1 _identify(src/DoosanBootcamp3rd/dsr_rokey) by extension 'cmake'
[0.556s] colcon.colcon_core.package_identification Level 1 _identify(src/DoosanBootcamp3rd/dsr_rokey) by extension 'python'
[0.556s] colcon.colcon_core.package_identification Level 1 _identify(src/DoosanBootcamp3rd/dsr_rokey) by extensions ['python_setup_py']
[0.556s] colcon.colcon_core.package_identification Level 1 _identify(src/DoosanBootcamp3rd/dsr_rokey) by extension 'python_setup_py'
[0.556s] colcon.colcon_core.package_identification Level 1 _identify(src/DoosanBootcamp3rd/dsr_rokey/od_msg) by extensions ['ignore', 'ignore_ament_install']
[0.556s] colcon.colcon_core.package_identification Level 1 _identify(src/DoosanBootcamp3rd/dsr_rokey/od_msg) by extension 'ignore'
[0.556s] colcon.colcon_core.package_identification Level 1 _identify(src/DoosanBootcamp3rd/dsr_rokey/od_msg) by extension 'ignore_ament_install'
[0.556s] colcon.colcon_core.package_identification Level 1 _identify(src/DoosanBootcamp3rd/dsr_rokey/od_msg) by extensions ['colcon_pkg']
[0.556s] colcon.colcon_core.package_identification Level 1 _identify(src/DoosanBootcamp3rd/dsr_rokey/od_msg) by extension 'colcon_pkg'
[0.556s] colcon.colcon_core.package_identification Level 1 _identify(src/DoosanBootcamp3rd/dsr_rokey/od_msg) by extensions ['colcon_meta']
[0.556s] colcon.colcon_core.package_identification Level 1 _identify(src/DoosanBootcamp3rd/dsr_rokey/od_msg) by extension 'colcon_meta'
[0.556s] colcon.colcon_core.package_identification Level 1 _identify(src/DoosanBootcamp3rd/dsr_rokey/od_msg) by extensions ['ros']
[0.556s] colcon.colcon_core.package_identification Level 1 _identify(src/DoosanBootcamp3rd/dsr_rokey/od_msg) by extension 'ros'
[0.557s] colcon.colcon_core.package_identification DEBUG Package 'src/DoosanBootcamp3rd/dsr_rokey/od_msg' with type 'ros.catkin' and name 'od_msg'
[0.557s] colcon.colcon_core.package_identification Level 1 _identify(src/DoosanBootcamp3rd/dsr_rokey/pick_and_place_text) by extensions ['ignore', 'ignore_ament_install']
[0.557s] colcon.colcon_core.package_identification Level 1 _identify(src/DoosanBootcamp3rd/dsr_rokey/pick_and_place_text) by extension 'ignore'
[0.557s] colcon.colcon_core.package_identification Level 1 _identify(src/DoosanBootcamp3rd/dsr_rokey/pick_and_place_text) by extension 'ignore_ament_install'
[0.557s] colcon.colcon_core.package_identification Level 1 _identify(src/DoosanBootcamp3rd/dsr_rokey/pick_and_place_text) by extensions ['colcon_pkg']
[0.558s] colcon.colcon_core.package_identification Level 1 _identify(src/DoosanBootcamp3rd/dsr_rokey/pick_and_place_text) by extension 'colcon_pkg'
[0.558s] colcon.colcon_core.package_identification Level 1 _identify(src/DoosanBootcamp3rd/dsr_rokey/pick_and_place_text) by extensions ['colcon_meta']
[0.558s] colcon.colcon_core.package_identification Level 1 _identify(src/DoosanBootcamp3rd/dsr_rokey/pick_and_place_text) by extension 'colcon_meta'
[0.558s] colcon.colcon_core.package_identification Level 1 _identify(src/DoosanBootcamp3rd/dsr_rokey/pick_and_place_text) by extensions ['ros']
[0.558s] colcon.colcon_core.package_identification Level 1 _identify(src/DoosanBootcamp3rd/dsr_rokey/pick_and_place_text) by extension 'ros'
[0.558s] colcon.colcon_core.package_identification DEBUG Package 'src/DoosanBootcamp3rd/dsr_rokey/pick_and_place_text' with type 'ros.ament_python' and name 'pick_and_place_text'
[0.558s] colcon.colcon_core.package_identification Level 1 _identify(src/DoosanBootcamp3rd/dsr_rokey/pick_and_place_voice) by extensions ['ignore', 'ignore_ament_install']
[0.559s] colcon.colcon_core.package_identification Level 1 _identify(src/DoosanBootcamp3rd/dsr_rokey/pick_and_place_voice) by extension 'ignore'
[0.559s] colcon.colcon_core.package_identification Level 1 _identify(src/DoosanBootcamp3rd/dsr_rokey/pick_and_place_voice) by extension 'ignore_ament_install'
[0.559s] colcon.colcon_core.package_identification Level 1 _identify(src/DoosanBootcamp3rd/dsr_rokey/pick_and_place_voice) by extensions ['colcon_pkg']
[0.559s] colcon.colcon_core.package_identification Level 1 _identify(src/DoosanBootcamp3rd/dsr_rokey/pick_and_place_voice) by extension 'colcon_pkg'
[0.559s] colcon.colcon_core.package_identification Level 1 _identify(src/DoosanBootcamp3rd/dsr_rokey/pick_and_place_voice) by extensions ['colcon_meta']
[0.559s] colcon.colcon_core.package_identification Level 1 _identify(src/DoosanBootcamp3rd/dsr_rokey/pick_and_place_voice) by extension 'colcon_meta'
[0.559s] colcon.colcon_core.package_identification Level 1 _identify(src/DoosanBootcamp3rd/dsr_rokey/pick_and_place_voice) by extensions ['ros']
[0.559s] colcon.colcon_core.package_identification Level 1 _identify(src/DoosanBootcamp3rd/dsr_rokey/pick_and_place_voice) by extension 'ros'
[0.559s] colcon.colcon_core.package_identification DEBUG Package 'src/DoosanBootcamp3rd/dsr_rokey/pick_and_place_voice' with type 'ros.ament_python' and name 'pick_and_place_voice'
[0.560s] colcon.colcon_core.package_identification Level 1 _identify(src/DoosanBootcamp3rd/dsr_rokey/rokey) by extensions ['ignore', 'ignore_ament_install']
[0.560s] colcon.colcon_core.package_identification Level 1 _identify(src/DoosanBootcamp3rd/dsr_rokey/rokey) by extension 'ignore'
[0.560s] colcon.colcon_core.package_identification Level 1 _identify(src/DoosanBootcamp3rd/dsr_rokey/rokey) by extension 'ignore_ament_install'
[0.560s] colcon.colcon_core.package_identification Level 1 _identify(src/DoosanBootcamp3rd/dsr_rokey/rokey) by extensions ['colcon_pkg']
[0.560s] colcon.colcon_core.package_identification Level 1 _identify(src/DoosanBootcamp3rd/dsr_rokey/rokey) by extension 'colcon_pkg'
[0.560s] colcon.colcon_core.package_identification Level 1 _identify(src/DoosanBootcamp3rd/dsr_rokey/rokey) by extensions ['colcon_meta']
[0.560s] colcon.colcon_core.package_identification Level 1 _identify(src/DoosanBootcamp3rd/dsr_rokey/rokey) by extension 'colcon_meta'
[0.560s] colcon.colcon_core.package_identification Level 1 _identify(src/DoosanBootcamp3rd/dsr_rokey/rokey) by extensions ['ros']
[0.560s] colcon.colcon_core.package_identification Level 1 _identify(src/DoosanBootcamp3rd/dsr_rokey/rokey) by extension 'ros'
[0.561s] colcon.colcon_core.package_identification DEBUG Package 'src/DoosanBootcamp3rd/dsr_rokey/rokey' with type 'ros.ament_python' and name 'rokey'
[0.561s] colcon.colcon_core.package_identification Level 1 _identify(src/DoosanBootcamp3rd/dsr_tests) by extensions ['ignore', 'ignore_ament_install']
[0.561s] colcon.colcon_core.package_identification Level 1 _identify(src/DoosanBootcamp3rd/dsr_tests) by extension 'ignore'
[0.561s] colcon.colcon_core.package_identification Level 1 _identify(src/DoosanBootcamp3rd/dsr_tests) by extension 'ignore_ament_install'
[0.561s] colcon.colcon_core.package_identification Level 1 _identify(src/DoosanBootcamp3rd/dsr_tests) by extensions ['colcon_pkg']
[0.561s] colcon.colcon_core.package_identification Level 1 _identify(src/DoosanBootcamp3rd/dsr_tests) by extension 'colcon_pkg'
[0.561s] colcon.colcon_core.package_identification Level 1 _identify(src/DoosanBootcamp3rd/dsr_tests) by extensions ['colcon_meta']
[0.561s] colcon.colcon_core.package_identification Level 1 _identify(src/DoosanBootcamp3rd/dsr_tests) by extension 'colcon_meta'
[0.561s] colcon.colcon_core.package_identification Level 1 _identify(src/DoosanBootcamp3rd/dsr_tests) by extensions ['ros']
[0.562s] colcon.colcon_core.package_identification Level 1 _identify(src/DoosanBootcamp3rd/dsr_tests) by extension 'ros'
[0.562s] colcon.colcon_core.package_identification DEBUG Package 'src/DoosanBootcamp3rd/dsr_tests' with type 'ros.ament_python' and name 'dsr_tests'
[0.562s] colcon.colcon_core.package_identification Level 1 _identify(src/doosan_somacube_rl) by extensions ['ignore', 'ignore_ament_install']
[0.563s] colcon.colcon_core.package_identification Level 1 _identify(src/doosan_somacube_rl) by extension 'ignore'
[0.563s] colcon.colcon_core.package_identification Level 1 _identify(src/doosan_somacube_rl) by extension 'ignore_ament_install'
[0.563s] colcon.colcon_core.package_identification Level 1 _identify(src/doosan_somacube_rl) by extensions ['colcon_pkg']
[0.563s] colcon.colcon_core.package_identification Level 1 _identify(src/doosan_somacube_rl) by extension 'colcon_pkg'
[0.563s] colcon.colcon_core.package_identification Level 1 _identify(src/doosan_somacube_rl) by extensions ['colcon_meta']
[0.563s] colcon.colcon_core.package_identification Level 1 _identify(src/doosan_somacube_rl) by extension 'colcon_meta'
[0.563s] colcon.colcon_core.package_identification Level 1 _identify(src/doosan_somacube_rl) by extensions ['ros']
[0.563s] colcon.colcon_core.package_identification Level 1 _identify(src/doosan_somacube_rl) by extension 'ros'
[0.564s] colcon.colcon_core.package_identification DEBUG Package 'src/doosan_somacube_rl' with type 'ros.ament_cmake' and name 'doosan_somacube_rl'
[0.564s] colcon.colcon_core.package_identification Level 1 _identify(test_logs) by extensions ['ignore', 'ignore_ament_install']
[0.564s] colcon.colcon_core.package_identification Level 1 _identify(test_logs) by extension 'ignore'
[0.564s] colcon.colcon_core.package_identification Level 1 _identify(test_logs) by extension 'ignore_ament_install'
[0.565s] colcon.colcon_core.package_identification Level 1 _identify(test_logs) by extensions ['colcon_pkg']
[0.565s] colcon.colcon_core.package_identification Level 1 _identify(test_logs) by extension 'colcon_pkg'
[0.565s] colcon.colcon_core.package_identification Level 1 _identify(test_logs) by extensions ['colcon_meta']
[0.565s] colcon.colcon_core.package_identification Level 1 _identify(test_logs) by extension 'colcon_meta'
[0.565s] colcon.colcon_core.package_identification Level 1 _identify(test_logs) by extensions ['ros']
[0.565s] colcon.colcon_core.package_identification Level 1 _identify(test_logs) by extension 'ros'
[0.565s] colcon.colcon_core.package_identification Level 1 _identify(test_logs) by extensions ['cmake', 'python']
[0.565s] colcon.colcon_core.package_identification Level 1 _identify(test_logs) by extension 'cmake'
[0.565s] colcon.colcon_core.package_identification Level 1 _identify(test_logs) by extension 'python'
[0.565s] colcon.colcon_core.package_identification Level 1 _identify(test_logs) by extensions ['python_setup_py']
[0.565s] colcon.colcon_core.package_identification Level 1 _identify(test_logs) by extension 'python_setup_py'
[0.565s] colcon.colcon_core.package_identification Level 1 _identify(test_logs/manual_file_test_20250809_115410) by extensions ['ignore', 'ignore_ament_install']
[0.565s] colcon.colcon_core.package_identification Level 1 _identify(test_logs/manual_file_test_20250809_115410) by extension 'ignore'
[0.565s] colcon.colcon_core.package_identification Level 1 _identify(test_logs/manual_file_test_20250809_115410) by extension 'ignore_ament_install'
[0.565s] colcon.colcon_core.package_identification Level 1 _identify(test_logs/manual_file_test_20250809_115410) by extensions ['colcon_pkg']
[0.565s] colcon.colcon_core.package_identification Level 1 _identify(test_logs/manual_file_test_20250809_115410) by extension 'colcon_pkg'
[0.566s] colcon.colcon_core.package_identification Level 1 _identify(test_logs/manual_file_test_20250809_115410) by extensions ['colcon_meta']
[0.566s] colcon.colcon_core.package_identification Level 1 _identify(test_logs/manual_file_test_20250809_115410) by extension 'colcon_meta'
[0.566s] colcon.colcon_core.package_identification Level 1 _identify(test_logs/manual_file_test_20250809_115410) by extensions ['ros']
[0.566s] colcon.colcon_core.package_identification Level 1 _identify(test_logs/manual_file_test_20250809_115410) by extension 'ros'
[0.566s] colcon.colcon_core.package_identification Level 1 _identify(test_logs/manual_file_test_20250809_115410) by extensions ['cmake', 'python']
[0.566s] colcon.colcon_core.package_identification Level 1 _identify(test_logs/manual_file_test_20250809_115410) by extension 'cmake'
[0.566s] colcon.colcon_core.package_identification Level 1 _identify(test_logs/manual_file_test_20250809_115410) by extension 'python'
[0.566s] colcon.colcon_core.package_identification Level 1 _identify(test_logs/manual_file_test_20250809_115410) by extensions ['python_setup_py']
[0.566s] colcon.colcon_core.package_identification Level 1 _identify(test_logs/manual_file_test_20250809_115410) by extension 'python_setup_py'
[0.566s] colcon.colcon_core.package_identification Level 1 _identify(test_logs/manual_ros2_test_20250809_115410) by extensions ['ignore', 'ignore_ament_install']
[0.566s] colcon.colcon_core.package_identification Level 1 _identify(test_logs/manual_ros2_test_20250809_115410) by extension 'ignore'
[0.566s] colcon.colcon_core.package_identification Level 1 _identify(test_logs/manual_ros2_test_20250809_115410) by extension 'ignore_ament_install'
[0.566s] colcon.colcon_core.package_identification Level 1 _identify(test_logs/manual_ros2_test_20250809_115410) by extensions ['colcon_pkg']
[0.566s] colcon.colcon_core.package_identification Level 1 _identify(test_logs/manual_ros2_test_20250809_115410) by extension 'colcon_pkg'
[0.566s] colcon.colcon_core.package_identification Level 1 _identify(test_logs/manual_ros2_test_20250809_115410) by extensions ['colcon_meta']
[0.566s] colcon.colcon_core.package_identification Level 1 _identify(test_logs/manual_ros2_test_20250809_115410) by extension 'colcon_meta'
[0.566s] colcon.colcon_core.package_identification Level 1 _identify(test_logs/manual_ros2_test_20250809_115410) by extensions ['ros']
[0.567s] colcon.colcon_core.package_identification Level 1 _identify(test_logs/manual_ros2_test_20250809_115410) by extension 'ros'
[0.567s] colcon.colcon_core.package_identification Level 1 _identify(test_logs/manual_ros2_test_20250809_115410) by extensions ['cmake', 'python']
[0.567s] colcon.colcon_core.package_identification Level 1 _identify(test_logs/manual_ros2_test_20250809_115410) by extension 'cmake'
[0.567s] colcon.colcon_core.package_identification Level 1 _identify(test_logs/manual_ros2_test_20250809_115410) by extension 'python'
[0.567s] colcon.colcon_core.package_identification Level 1 _identify(test_logs/manual_ros2_test_20250809_115410) by extensions ['python_setup_py']
[0.567s] colcon.colcon_core.package_identification Level 1 _identify(test_logs/manual_ros2_test_20250809_115410) by extension 'python_setup_py'
[0.567s] colcon.colcon_core.package_identification Level 1 _identify(test_logs/manual_ros2_test_20250809_115410/tensorboard) by extensions ['ignore', 'ignore_ament_install']
[0.567s] colcon.colcon_core.package_identification Level 1 _identify(test_logs/manual_ros2_test_20250809_115410/tensorboard) by extension 'ignore'
[0.567s] colcon.colcon_core.package_identification Level 1 _identify(test_logs/manual_ros2_test_20250809_115410/tensorboard) by extension 'ignore_ament_install'
[0.567s] colcon.colcon_core.package_identification Level 1 _identify(test_logs/manual_ros2_test_20250809_115410/tensorboard) by extensions ['colcon_pkg']
[0.567s] colcon.colcon_core.package_identification Level 1 _identify(test_logs/manual_ros2_test_20250809_115410/tensorboard) by extension 'colcon_pkg'
[0.567s] colcon.colcon_core.package_identification Level 1 _identify(test_logs/manual_ros2_test_20250809_115410/tensorboard) by extensions ['colcon_meta']
[0.567s] colcon.colcon_core.package_identification Level 1 _identify(test_logs/manual_ros2_test_20250809_115410/tensorboard) by extension 'colcon_meta'
[0.567s] colcon.colcon_core.package_identification Level 1 _identify(test_logs/manual_ros2_test_20250809_115410/tensorboard) by extensions ['ros']
[0.567s] colcon.colcon_core.package_identification Level 1 _identify(test_logs/manual_ros2_test_20250809_115410/tensorboard) by extension 'ros'
[0.567s] colcon.colcon_core.package_identification Level 1 _identify(test_logs/manual_ros2_test_20250809_115410/tensorboard) by extensions ['cmake', 'python']
[0.567s] colcon.colcon_core.package_identification Level 1 _identify(test_logs/manual_ros2_test_20250809_115410/tensorboard) by extension 'cmake'
[0.567s] colcon.colcon_core.package_identification Level 1 _identify(test_logs/manual_ros2_test_20250809_115410/tensorboard) by extension 'python'
[0.567s] colcon.colcon_core.package_identification Level 1 _identify(test_logs/manual_ros2_test_20250809_115410/tensorboard) by extensions ['python_setup_py']
[0.568s] colcon.colcon_core.package_identification Level 1 _identify(test_logs/manual_ros2_test_20250809_115410/tensorboard) by extension 'python_setup_py'
[0.568s] colcon.colcon_core.package_discovery Level 1 discover_packages(recursive) using defaults
[0.568s] colcon.colcon_core.package_discovery Level 1 discover_packages(ignore) discover
[0.568s] colcon.colcon_core.package_discovery Level 1 discover_packages(ignore) using defaults
[0.568s] colcon.colcon_core.package_discovery Level 1 discover_packages(path) discover
[0.568s] colcon.colcon_core.package_discovery Level 1 discover_packages(path) using defaults
[0.599s] colcon.colcon_core.verb Level 5 set package 'doosan_somacube_rl' build argument 'cmake_args' from command line to 'None'
[0.600s] colcon.colcon_core.verb Level 5 set package 'doosan_somacube_rl' build argument 'cmake_target' from command line to 'None'
[0.600s] colcon.colcon_core.verb Level 5 set package 'doosan_somacube_rl' build argument 'cmake_target_skip_unavailable' from command line to 'False'
[0.600s] colcon.colcon_core.verb Level 5 set package 'doosan_somacube_rl' build argument 'cmake_clean_cache' from command line to 'False'
[0.600s] colcon.colcon_core.verb Level 5 set package 'doosan_somacube_rl' build argument 'cmake_clean_first' from command line to 'False'
[0.600s] colcon.colcon_core.verb Level 5 set package 'doosan_somacube_rl' build argument 'cmake_force_configure' from command line to 'False'
[0.600s] colcon.colcon_core.verb Level 5 set package 'doosan_somacube_rl' build argument 'ament_cmake_args' from command line to 'None'
[0.600s] colcon.colcon_core.verb Level 5 set package 'doosan_somacube_rl' build argument 'catkin_cmake_args' from command line to 'None'
[0.600s] colcon.colcon_core.verb Level 5 set package 'doosan_somacube_rl' build argument 'catkin_skip_building_tests' from command line to 'False'
[0.600s] colcon.colcon_core.verb DEBUG Building package 'doosan_somacube_rl' with the following arguments: {'ament_cmake_args': None, 'build_base': '/home/jack/ros2_ws/build/doosan_somacube_rl', 'catkin_cmake_args': None, 'catkin_skip_building_tests': False, 'cmake_args': None, 'cmake_clean_cache': False, 'cmake_clean_first': False, 'cmake_force_configure': False, 'cmake_target': None, 'cmake_target_skip_unavailable': False, 'install_base': '/home/jack/ros2_ws/install/doosan_somacube_rl', 'merge_install': False, 'path': '/home/jack/ros2_ws/src/doosan_somacube_rl', 'symlink_install': False, 'test_result_base': None}
[0.600s] colcon.colcon_core.verb Level 5 set package 'dsr_common2' build argument 'cmake_args' from command line to 'None'
[0.600s] colcon.colcon_core.verb Level 5 set package 'dsr_common2' build argument 'cmake_target' from command line to 'None'
[0.600s] colcon.colcon_core.verb Level 5 set package 'dsr_common2' build argument 'cmake_target_skip_unavailable' from command line to 'False'
[0.600s] colcon.colcon_core.verb Level 5 set package 'dsr_common2' build argument 'cmake_clean_cache' from command line to 'False'
[0.600s] colcon.colcon_core.verb Level 5 set package 'dsr_common2' build argument 'cmake_clean_first' from command line to 'False'
[0.600s] colcon.colcon_core.verb Level 5 set package 'dsr_common2' build argument 'cmake_force_configure' from command line to 'False'
[0.600s] colcon.colcon_core.verb Level 5 set package 'dsr_common2' build argument 'ament_cmake_args' from command line to 'None'
[0.600s] colcon.colcon_core.verb Level 5 set package 'dsr_common2' build argument 'catkin_cmake_args' from command line to 'None'
[0.600s] colcon.colcon_core.verb Level 5 set package 'dsr_common2' build argument 'catkin_skip_building_tests' from command line to 'False'
[0.600s] colcon.colcon_core.verb DEBUG Building package 'dsr_common2' with the following arguments: {'ament_cmake_args': None, 'build_base': '/home/jack/ros2_ws/build/dsr_common2', 'catkin_cmake_args': None, 'catkin_skip_building_tests': False, 'cmake_args': None, 'cmake_clean_cache': False, 'cmake_clean_first': False, 'cmake_force_configure': False, 'cmake_target': None, 'cmake_target_skip_unavailable': False, 'install_base': '/home/jack/ros2_ws/install/dsr_common2', 'merge_install': False, 'path': '/home/jack/ros2_ws/src/DoosanBootcamp3rd/dsr_common2', 'symlink_install': False, 'test_result_base': None}
[0.601s] colcon.colcon_core.verb Level 5 set package 'dsr_description2' build argument 'cmake_args' from command line to 'None'
[0.601s] colcon.colcon_core.verb Level 5 set package 'dsr_description2' build argument 'cmake_target' from command line to 'None'
[0.601s] colcon.colcon_core.verb Level 5 set package 'dsr_description2' build argument 'cmake_target_skip_unavailable' from command line to 'False'
[0.601s] colcon.colcon_core.verb Level 5 set package 'dsr_description2' build argument 'cmake_clean_cache' from command line to 'False'
[0.601s] colcon.colcon_core.verb Level 5 set package 'dsr_description2' build argument 'cmake_clean_first' from command line to 'False'
[0.601s] colcon.colcon_core.verb Level 5 set package 'dsr_description2' build argument 'cmake_force_configure' from command line to 'False'
[0.601s] colcon.colcon_core.verb Level 5 set package 'dsr_description2' build argument 'ament_cmake_args' from command line to 'None'
[0.601s] colcon.colcon_core.verb Level 5 set package 'dsr_description2' build argument 'catkin_cmake_args' from command line to 'None'
[0.601s] colcon.colcon_core.verb Level 5 set package 'dsr_description2' build argument 'catkin_skip_building_tests' from command line to 'False'
[0.601s] colcon.colcon_core.verb DEBUG Building package 'dsr_description2' with the following arguments: {'ament_cmake_args': None, 'build_base': '/home/jack/ros2_ws/build/dsr_description2', 'catkin_cmake_args': None, 'catkin_skip_building_tests': False, 'cmake_args': None, 'cmake_clean_cache': False, 'cmake_clean_first': False, 'cmake_force_configure': False, 'cmake_target': None, 'cmake_target_skip_unavailable': False, 'install_base': '/home/jack/ros2_ws/install/dsr_description2', 'merge_install': False, 'path': '/home/jack/ros2_ws/src/DoosanBootcamp3rd/dsr_description2', 'symlink_install': False, 'test_result_base': None}
[0.601s] colcon.colcon_core.verb Level 5 set package 'dsr_moveit_config_a0509' build argument 'cmake_args' from command line to 'None'
[0.601s] colcon.colcon_core.verb Level 5 set package 'dsr_moveit_config_a0509' build argument 'cmake_target' from command line to 'None'
[0.601s] colcon.colcon_core.verb Level 5 set package 'dsr_moveit_config_a0509' build argument 'cmake_target_skip_unavailable' from command line to 'False'
[0.601s] colcon.colcon_core.verb Level 5 set package 'dsr_moveit_config_a0509' build argument 'cmake_clean_cache' from command line to 'False'
[0.601s] colcon.colcon_core.verb Level 5 set package 'dsr_moveit_config_a0509' build argument 'cmake_clean_first' from command line to 'False'
[0.601s] colcon.colcon_core.verb Level 5 set package 'dsr_moveit_config_a0509' build argument 'cmake_force_configure' from command line to 'False'
[0.601s] colcon.colcon_core.verb Level 5 set package 'dsr_moveit_config_a0509' build argument 'ament_cmake_args' from command line to 'None'
[0.601s] colcon.colcon_core.verb Level 5 set package 'dsr_moveit_config_a0509' build argument 'catkin_cmake_args' from command line to 'None'
[0.601s] colcon.colcon_core.verb Level 5 set package 'dsr_moveit_config_a0509' build argument 'catkin_skip_building_tests' from command line to 'False'
[0.601s] colcon.colcon_core.verb DEBUG Building package 'dsr_moveit_config_a0509' with the following arguments: {'ament_cmake_args': None, 'build_base': '/home/jack/ros2_ws/build/dsr_moveit_config_a0509', 'catkin_cmake_args': None, 'catkin_skip_building_tests': False, 'cmake_args': None, 'cmake_clean_cache': False, 'cmake_clean_first': False, 'cmake_force_configure': False, 'cmake_target': None, 'cmake_target_skip_unavailable': False, 'install_base': '/home/jack/ros2_ws/install/dsr_moveit_config_a0509', 'merge_install': False, 'path': '/home/jack/ros2_ws/src/DoosanBootcamp3rd/dsr_moveit2/dsr_moveit_config_a0509', 'symlink_install': False, 'test_result_base': None}
[0.602s] colcon.colcon_core.verb Level 5 set package 'dsr_moveit_config_a0912' build argument 'cmake_args' from command line to 'None'
[0.602s] colcon.colcon_core.verb Level 5 set package 'dsr_moveit_config_a0912' build argument 'cmake_target' from command line to 'None'
[0.602s] colcon.colcon_core.verb Level 5 set package 'dsr_moveit_config_a0912' build argument 'cmake_target_skip_unavailable' from command line to 'False'
[0.602s] colcon.colcon_core.verb Level 5 set package 'dsr_moveit_config_a0912' build argument 'cmake_clean_cache' from command line to 'False'
[0.602s] colcon.colcon_core.verb Level 5 set package 'dsr_moveit_config_a0912' build argument 'cmake_clean_first' from command line to 'False'
[0.602s] colcon.colcon_core.verb Level 5 set package 'dsr_moveit_config_a0912' build argument 'cmake_force_configure' from command line to 'False'
[0.602s] colcon.colcon_core.verb Level 5 set package 'dsr_moveit_config_a0912' build argument 'ament_cmake_args' from command line to 'None'
[0.602s] colcon.colcon_core.verb Level 5 set package 'dsr_moveit_config_a0912' build argument 'catkin_cmake_args' from command line to 'None'
[0.602s] colcon.colcon_core.verb Level 5 set package 'dsr_moveit_config_a0912' build argument 'catkin_skip_building_tests' from command line to 'False'
[0.602s] colcon.colcon_core.verb DEBUG Building package 'dsr_moveit_config_a0912' with the following arguments: {'ament_cmake_args': None, 'build_base': '/home/jack/ros2_ws/build/dsr_moveit_config_a0912', 'catkin_cmake_args': None, 'catkin_skip_building_tests': False, 'cmake_args': None, 'cmake_clean_cache': False, 'cmake_clean_first': False, 'cmake_force_configure': False, 'cmake_target': None, 'cmake_target_skip_unavailable': False, 'install_base': '/home/jack/ros2_ws/install/dsr_moveit_config_a0912', 'merge_install': False, 'path': '/home/jack/ros2_ws/src/DoosanBootcamp3rd/dsr_moveit2/dsr_moveit_config_a0912', 'symlink_install': False, 'test_result_base': None}
[0.602s] colcon.colcon_core.verb Level 5 set package 'dsr_moveit_config_e0509' build argument 'cmake_args' from command line to 'None'
[0.602s] colcon.colcon_core.verb Level 5 set package 'dsr_moveit_config_e0509' build argument 'cmake_target' from command line to 'None'
[0.602s] colcon.colcon_core.verb Level 5 set package 'dsr_moveit_config_e0509' build argument 'cmake_target_skip_unavailable' from command line to 'False'
[0.602s] colcon.colcon_core.verb Level 5 set package 'dsr_moveit_config_e0509' build argument 'cmake_clean_cache' from command line to 'False'
[0.602s] colcon.colcon_core.verb Level 5 set package 'dsr_moveit_config_e0509' build argument 'cmake_clean_first' from command line to 'False'
[0.602s] colcon.colcon_core.verb Level 5 set package 'dsr_moveit_config_e0509' build argument 'cmake_force_configure' from command line to 'False'
[0.602s] colcon.colcon_core.verb Level 5 set package 'dsr_moveit_config_e0509' build argument 'ament_cmake_args' from command line to 'None'
[0.602s] colcon.colcon_core.verb Level 5 set package 'dsr_moveit_config_e0509' build argument 'catkin_cmake_args' from command line to 'None'
[0.602s] colcon.colcon_core.verb Level 5 set package 'dsr_moveit_config_e0509' build argument 'catkin_skip_building_tests' from command line to 'False'
[0.602s] colcon.colcon_core.verb DEBUG Building package 'dsr_moveit_config_e0509' with the following arguments: {'ament_cmake_args': None, 'build_base': '/home/jack/ros2_ws/build/dsr_moveit_config_e0509', 'catkin_cmake_args': None, 'catkin_skip_building_tests': False, 'cmake_args': None, 'cmake_clean_cache': False, 'cmake_clean_first': False, 'cmake_force_configure': False, 'cmake_target': None, 'cmake_target_skip_unavailable': False, 'install_base': '/home/jack/ros2_ws/install/dsr_moveit_config_e0509', 'merge_install': False, 'path': '/home/jack/ros2_ws/src/DoosanBootcamp3rd/dsr_moveit2/dsr_moveit_config_e0509', 'symlink_install': False, 'test_result_base': None}
[0.603s] colcon.colcon_core.verb Level 5 set package 'dsr_moveit_config_h2017' build argument 'cmake_args' from command line to 'None'
[0.603s] colcon.colcon_core.verb Level 5 set package 'dsr_moveit_config_h2017' build argument 'cmake_target' from command line to 'None'
[0.603s] colcon.colcon_core.verb Level 5 set package 'dsr_moveit_config_h2017' build argument 'cmake_target_skip_unavailable' from command line to 'False'
[0.603s] colcon.colcon_core.verb Level 5 set package 'dsr_moveit_config_h2017' build argument 'cmake_clean_cache' from command line to 'False'
[0.603s] colcon.colcon_core.verb Level 5 set package 'dsr_moveit_config_h2017' build argument 'cmake_clean_first' from command line to 'False'
[0.603s] colcon.colcon_core.verb Level 5 set package 'dsr_moveit_config_h2017' build argument 'cmake_force_configure' from command line to 'False'
[0.603s] colcon.colcon_core.verb Level 5 set package 'dsr_moveit_config_h2017' build argument 'ament_cmake_args' from command line to 'None'
[0.603s] colcon.colcon_core.verb Level 5 set package 'dsr_moveit_config_h2017' build argument 'catkin_cmake_args' from command line to 'None'
[0.603s] colcon.colcon_core.verb Level 5 set package 'dsr_moveit_config_h2017' build argument 'catkin_skip_building_tests' from command line to 'False'
[0.603s] colcon.colcon_core.verb DEBUG Building package 'dsr_moveit_config_h2017' with the following arguments: {'ament_cmake_args': None, 'build_base': '/home/jack/ros2_ws/build/dsr_moveit_config_h2017', 'catkin_cmake_args': None, 'catkin_skip_building_tests': False, 'cmake_args': None, 'cmake_clean_cache': False, 'cmake_clean_first': False, 'cmake_force_configure': False, 'cmake_target': None, 'cmake_target_skip_unavailable': False, 'install_base': '/home/jack/ros2_ws/install/dsr_moveit_config_h2017', 'merge_install': False, 'path': '/home/jack/ros2_ws/src/DoosanBootcamp3rd/dsr_moveit2/dsr_moveit_config_h2017', 'symlink_install': False, 'test_result_base': None}
[0.603s] colcon.colcon_core.verb Level 5 set package 'dsr_moveit_config_h2515' build argument 'cmake_args' from command line to 'None'
[0.603s] colcon.colcon_core.verb Level 5 set package 'dsr_moveit_config_h2515' build argument 'cmake_target' from command line to 'None'
[0.603s] colcon.colcon_core.verb Level 5 set package 'dsr_moveit_config_h2515' build argument 'cmake_target_skip_unavailable' from command line to 'False'
[0.603s] colcon.colcon_core.verb Level 5 set package 'dsr_moveit_config_h2515' build argument 'cmake_clean_cache' from command line to 'False'
[0.603s] colcon.colcon_core.verb Level 5 set package 'dsr_moveit_config_h2515' build argument 'cmake_clean_first' from command line to 'False'
[0.603s] colcon.colcon_core.verb Level 5 set package 'dsr_moveit_config_h2515' build argument 'cmake_force_configure' from command line to 'False'
[0.603s] colcon.colcon_core.verb Level 5 set package 'dsr_moveit_config_h2515' build argument 'ament_cmake_args' from command line to 'None'
[0.603s] colcon.colcon_core.verb Level 5 set package 'dsr_moveit_config_h2515' build argument 'catkin_cmake_args' from command line to 'None'
[0.603s] colcon.colcon_core.verb Level 5 set package 'dsr_moveit_config_h2515' build argument 'catkin_skip_building_tests' from command line to 'False'
[0.603s] colcon.colcon_core.verb DEBUG Building package 'dsr_moveit_config_h2515' with the following arguments: {'ament_cmake_args': None, 'build_base': '/home/jack/ros2_ws/build/dsr_moveit_config_h2515', 'catkin_cmake_args': None, 'catkin_skip_building_tests': False, 'cmake_args': None, 'cmake_clean_cache': False, 'cmake_clean_first': False, 'cmake_force_configure': False, 'cmake_target': None, 'cmake_target_skip_unavailable': False, 'install_base': '/home/jack/ros2_ws/install/dsr_moveit_config_h2515', 'merge_install': False, 'path': '/home/jack/ros2_ws/src/DoosanBootcamp3rd/dsr_moveit2/dsr_moveit_config_h2515', 'symlink_install': False, 'test_result_base': None}
[0.604s] colcon.colcon_core.verb Level 5 set package 'dsr_moveit_config_m0609' build argument 'cmake_args' from command line to 'None'
[0.604s] colcon.colcon_core.verb Level 5 set package 'dsr_moveit_config_m0609' build argument 'cmake_target' from command line to 'None'
[0.604s] colcon.colcon_core.verb Level 5 set package 'dsr_moveit_config_m0609' build argument 'cmake_target_skip_unavailable' from command line to 'False'
[0.604s] colcon.colcon_core.verb Level 5 set package 'dsr_moveit_config_m0609' build argument 'cmake_clean_cache' from command line to 'False'
[0.604s] colcon.colcon_core.verb Level 5 set package 'dsr_moveit_config_m0609' build argument 'cmake_clean_first' from command line to 'False'
[0.604s] colcon.colcon_core.verb Level 5 set package 'dsr_moveit_config_m0609' build argument 'cmake_force_configure' from command line to 'False'
[0.604s] colcon.colcon_core.verb Level 5 set package 'dsr_moveit_config_m0609' build argument 'ament_cmake_args' from command line to 'None'
[0.604s] colcon.colcon_core.verb Level 5 set package 'dsr_moveit_config_m0609' build argument 'catkin_cmake_args' from command line to 'None'
[0.604s] colcon.colcon_core.verb Level 5 set package 'dsr_moveit_config_m0609' build argument 'catkin_skip_building_tests' from command line to 'False'
[0.604s] colcon.colcon_core.verb DEBUG Building package 'dsr_moveit_config_m0609' with the following arguments: {'ament_cmake_args': None, 'build_base': '/home/jack/ros2_ws/build/dsr_moveit_config_m0609', 'catkin_cmake_args': None, 'catkin_skip_building_tests': False, 'cmake_args': None, 'cmake_clean_cache': False, 'cmake_clean_first': False, 'cmake_force_configure': False, 'cmake_target': None, 'cmake_target_skip_unavailable': False, 'install_base': '/home/jack/ros2_ws/install/dsr_moveit_config_m0609', 'merge_install': False, 'path': '/home/jack/ros2_ws/src/DoosanBootcamp3rd/dsr_moveit2/dsr_moveit_config_m0609', 'symlink_install': False, 'test_result_base': None}
[0.604s] colcon.colcon_core.verb Level 5 set package 'dsr_moveit_config_m0617' build argument 'cmake_args' from command line to 'None'
[0.604s] colcon.colcon_core.verb Level 5 set package 'dsr_moveit_config_m0617' build argument 'cmake_target' from command line to 'None'
[0.604s] colcon.colcon_core.verb Level 5 set package 'dsr_moveit_config_m0617' build argument 'cmake_target_skip_unavailable' from command line to 'False'
[0.604s] colcon.colcon_core.verb Level 5 set package 'dsr_moveit_config_m0617' build argument 'cmake_clean_cache' from command line to 'False'
[0.604s] colcon.colcon_core.verb Level 5 set package 'dsr_moveit_config_m0617' build argument 'cmake_clean_first' from command line to 'False'
[0.604s] colcon.colcon_core.verb Level 5 set package 'dsr_moveit_config_m0617' build argument 'cmake_force_configure' from command line to 'False'
[0.604s] colcon.colcon_core.verb Level 5 set package 'dsr_moveit_config_m0617' build argument 'ament_cmake_args' from command line to 'None'
[0.604s] colcon.colcon_core.verb Level 5 set package 'dsr_moveit_config_m0617' build argument 'catkin_cmake_args' from command line to 'None'
[0.604s] colcon.colcon_core.verb Level 5 set package 'dsr_moveit_config_m0617' build argument 'catkin_skip_building_tests' from command line to 'False'
[0.604s] colcon.colcon_core.verb DEBUG Building package 'dsr_moveit_config_m0617' with the following arguments: {'ament_cmake_args': None, 'build_base': '/home/jack/ros2_ws/build/dsr_moveit_config_m0617', 'catkin_cmake_args': None, 'catkin_skip_building_tests': False, 'cmake_args': None, 'cmake_clean_cache': False, 'cmake_clean_first': False, 'cmake_force_configure': False, 'cmake_target': None, 'cmake_target_skip_unavailable': False, 'install_base': '/home/jack/ros2_ws/install/dsr_moveit_config_m0617', 'merge_install': False, 'path': '/home/jack/ros2_ws/src/DoosanBootcamp3rd/dsr_moveit2/dsr_moveit_config_m0617', 'symlink_install': False, 'test_result_base': None}
[0.604s] colcon.colcon_core.verb Level 5 set package 'dsr_moveit_config_m1013' build argument 'cmake_args' from command line to 'None'
[0.604s] colcon.colcon_core.verb Level 5 set package 'dsr_moveit_config_m1013' build argument 'cmake_target' from command line to 'None'
[0.605s] colcon.colcon_core.verb Level 5 set package 'dsr_moveit_config_m1013' build argument 'cmake_target_skip_unavailable' from command line to 'False'
[0.605s] colcon.colcon_core.verb Level 5 set package 'dsr_moveit_config_m1013' build argument 'cmake_clean_cache' from command line to 'False'
[0.605s] colcon.colcon_core.verb Level 5 set package 'dsr_moveit_config_m1013' build argument 'cmake_clean_first' from command line to 'False'
[0.605s] colcon.colcon_core.verb Level 5 set package 'dsr_moveit_config_m1013' build argument 'cmake_force_configure' from command line to 'False'
[0.605s] colcon.colcon_core.verb Level 5 set package 'dsr_moveit_config_m1013' build argument 'ament_cmake_args' from command line to 'None'
[0.605s] colcon.colcon_core.verb Level 5 set package 'dsr_moveit_config_m1013' build argument 'catkin_cmake_args' from command line to 'None'
[0.605s] colcon.colcon_core.verb Level 5 set package 'dsr_moveit_config_m1013' build argument 'catkin_skip_building_tests' from command line to 'False'
[0.605s] colcon.colcon_core.verb DEBUG Building package 'dsr_moveit_config_m1013' with the following arguments: {'ament_cmake_args': None, 'build_base': '/home/jack/ros2_ws/build/dsr_moveit_config_m1013', 'catkin_cmake_args': None, 'catkin_skip_building_tests': False, 'cmake_args': None, 'cmake_clean_cache': False, 'cmake_clean_first': False, 'cmake_force_configure': False, 'cmake_target': None, 'cmake_target_skip_unavailable': False, 'install_base': '/home/jack/ros2_ws/install/dsr_moveit_config_m1013', 'merge_install': False, 'path': '/home/jack/ros2_ws/src/DoosanBootcamp3rd/dsr_moveit2/dsr_moveit_config_m1013', 'symlink_install': False, 'test_result_base': None}
[0.605s] colcon.colcon_core.verb Level 5 set package 'dsr_moveit_config_m1509' build argument 'cmake_args' from command line to 'None'
[0.605s] colcon.colcon_core.verb Level 5 set package 'dsr_moveit_config_m1509' build argument 'cmake_target' from command line to 'None'
[0.605s] colcon.colcon_core.verb Level 5 set package 'dsr_moveit_config_m1509' build argument 'cmake_target_skip_unavailable' from command line to 'False'
[0.605s] colcon.colcon_core.verb Level 5 set package 'dsr_moveit_config_m1509' build argument 'cmake_clean_cache' from command line to 'False'
[0.605s] colcon.colcon_core.verb Level 5 set package 'dsr_moveit_config_m1509' build argument 'cmake_clean_first' from command line to 'False'
[0.605s] colcon.colcon_core.verb Level 5 set package 'dsr_moveit_config_m1509' build argument 'cmake_force_configure' from command line to 'False'
[0.605s] colcon.colcon_core.verb Level 5 set package 'dsr_moveit_config_m1509' build argument 'ament_cmake_args' from command line to 'None'
[0.605s] colcon.colcon_core.verb Level 5 set package 'dsr_moveit_config_m1509' build argument 'catkin_cmake_args' from command line to 'None'
[0.605s] colcon.colcon_core.verb Level 5 set package 'dsr_moveit_config_m1509' build argument 'catkin_skip_building_tests' from command line to 'False'
[0.605s] colcon.colcon_core.verb DEBUG Building package 'dsr_moveit_config_m1509' with the following arguments: {'ament_cmake_args': None, 'build_base': '/home/jack/ros2_ws/build/dsr_moveit_config_m1509', 'catkin_cmake_args': None, 'catkin_skip_building_tests': False, 'cmake_args': None, 'cmake_clean_cache': False, 'cmake_clean_first': False, 'cmake_force_configure': False, 'cmake_target': None, 'cmake_target_skip_unavailable': False, 'install_base': '/home/jack/ros2_ws/install/dsr_moveit_config_m1509', 'merge_install': False, 'path': '/home/jack/ros2_ws/src/DoosanBootcamp3rd/dsr_moveit2/dsr_moveit_config_m1509', 'symlink_install': False, 'test_result_base': None}
[0.605s] colcon.colcon_core.verb Level 5 set package 'dsr_moveit_config_p3020' build argument 'cmake_args' from command line to 'None'
[0.605s] colcon.colcon_core.verb Level 5 set package 'dsr_moveit_config_p3020' build argument 'cmake_target' from command line to 'None'
[0.606s] colcon.colcon_core.verb Level 5 set package 'dsr_moveit_config_p3020' build argument 'cmake_target_skip_unavailable' from command line to 'False'
[0.606s] colcon.colcon_core.verb Level 5 set package 'dsr_moveit_config_p3020' build argument 'cmake_clean_cache' from command line to 'False'
[0.606s] colcon.colcon_core.verb Level 5 set package 'dsr_moveit_config_p3020' build argument 'cmake_clean_first' from command line to 'False'
[0.606s] colcon.colcon_core.verb Level 5 set package 'dsr_moveit_config_p3020' build argument 'cmake_force_configure' from command line to 'False'
[0.606s] colcon.colcon_core.verb Level 5 set package 'dsr_moveit_config_p3020' build argument 'ament_cmake_args' from command line to 'None'
[0.606s] colcon.colcon_core.verb Level 5 set package 'dsr_moveit_config_p3020' build argument 'catkin_cmake_args' from command line to 'None'
[0.606s] colcon.colcon_core.verb Level 5 set package 'dsr_moveit_config_p3020' build argument 'catkin_skip_building_tests' from command line to 'False'
[0.606s] colcon.colcon_core.verb DEBUG Building package 'dsr_moveit_config_p3020' with the following arguments: {'ament_cmake_args': None, 'build_base': '/home/jack/ros2_ws/build/dsr_moveit_config_p3020', 'catkin_cmake_args': None, 'catkin_skip_building_tests': False, 'cmake_args': None, 'cmake_clean_cache': False, 'cmake_clean_first': False, 'cmake_force_configure': False, 'cmake_target': None, 'cmake_target_skip_unavailable': False, 'install_base': '/home/jack/ros2_ws/install/dsr_moveit_config_p3020', 'merge_install': False, 'path': '/home/jack/ros2_ws/src/DoosanBootcamp3rd/dsr_moveit2/dsr_moveit_config_p3020', 'symlink_install': False, 'test_result_base': None}
[0.606s] colcon.colcon_core.verb Level 5 set package 'dsr_msgs2' build argument 'cmake_args' from command line to 'None'
[0.606s] colcon.colcon_core.verb Level 5 set package 'dsr_msgs2' build argument 'cmake_target' from command line to 'None'
[0.606s] colcon.colcon_core.verb Level 5 set package 'dsr_msgs2' build argument 'cmake_target_skip_unavailable' from command line to 'False'
[0.606s] colcon.colcon_core.verb Level 5 set package 'dsr_msgs2' build argument 'cmake_clean_cache' from command line to 'False'
[0.606s] colcon.colcon_core.verb Level 5 set package 'dsr_msgs2' build argument 'cmake_clean_first' from command line to 'False'
[0.606s] colcon.colcon_core.verb Level 5 set package 'dsr_msgs2' build argument 'cmake_force_configure' from command line to 'False'
[0.606s] colcon.colcon_core.verb Level 5 set package 'dsr_msgs2' build argument 'ament_cmake_args' from command line to 'None'
[0.606s] colcon.colcon_core.verb Level 5 set package 'dsr_msgs2' build argument 'catkin_cmake_args' from command line to 'None'
[0.606s] colcon.colcon_core.verb Level 5 set package 'dsr_msgs2' build argument 'catkin_skip_building_tests' from command line to 'False'
[0.606s] colcon.colcon_core.verb DEBUG Building package 'dsr_msgs2' with the following arguments: {'ament_cmake_args': None, 'build_base': '/home/jack/ros2_ws/build/dsr_msgs2', 'catkin_cmake_args': None, 'catkin_skip_building_tests': False, 'cmake_args': None, 'cmake_clean_cache': False, 'cmake_clean_first': False, 'cmake_force_configure': False, 'cmake_target': None, 'cmake_target_skip_unavailable': False, 'install_base': '/home/jack/ros2_ws/install/dsr_msgs2', 'merge_install': False, 'path': '/home/jack/ros2_ws/src/DoosanBootcamp3rd/dsr_msgs2', 'symlink_install': False, 'test_result_base': None}
[0.606s] colcon.colcon_core.verb Level 5 set package 'dsr_visualservoing' build argument 'cmake_args' from command line to 'None'
[0.606s] colcon.colcon_core.verb Level 5 set package 'dsr_visualservoing' build argument 'cmake_target' from command line to 'None'
[0.607s] colcon.colcon_core.verb Level 5 set package 'dsr_visualservoing' build argument 'cmake_target_skip_unavailable' from command line to 'False'
[0.607s] colcon.colcon_core.verb Level 5 set package 'dsr_visualservoing' build argument 'cmake_clean_cache' from command line to 'False'
[0.607s] colcon.colcon_core.verb Level 5 set package 'dsr_visualservoing' build argument 'cmake_clean_first' from command line to 'False'
[0.607s] colcon.colcon_core.verb Level 5 set package 'dsr_visualservoing' build argument 'cmake_force_configure' from command line to 'False'
[0.607s] colcon.colcon_core.verb Level 5 set package 'dsr_visualservoing' build argument 'ament_cmake_args' from command line to 'None'
[0.607s] colcon.colcon_core.verb Level 5 set package 'dsr_visualservoing' build argument 'catkin_cmake_args' from command line to 'None'
[0.607s] colcon.colcon_core.verb Level 5 set package 'dsr_visualservoing' build argument 'catkin_skip_building_tests' from command line to 'False'
[0.607s] colcon.colcon_core.verb DEBUG Building package 'dsr_visualservoing' with the following arguments: {'ament_cmake_args': None, 'build_base': '/home/jack/ros2_ws/build/dsr_visualservoing', 'catkin_cmake_args': None, 'catkin_skip_building_tests': False, 'cmake_args': None, 'cmake_clean_cache': False, 'cmake_clean_first': False, 'cmake_force_configure': False, 'cmake_target': None, 'cmake_target_skip_unavailable': False, 'install_base': '/home/jack/ros2_ws/install/dsr_visualservoing', 'merge_install': False, 'path': '/home/jack/ros2_ws/src/DoosanBootcamp3rd/dsr_example2/dsr_visualservoing', 'symlink_install': False, 'test_result_base': None}
[0.607s] colcon.colcon_core.verb Level 5 set package 'od_msg' build argument 'cmake_args' from command line to 'None'
[0.607s] colcon.colcon_core.verb Level 5 set package 'od_msg' build argument 'cmake_target' from command line to 'None'
[0.607s] colcon.colcon_core.verb Level 5 set package 'od_msg' build argument 'cmake_target_skip_unavailable' from command line to 'False'
[0.607s] colcon.colcon_core.verb Level 5 set package 'od_msg' build argument 'cmake_clean_cache' from command line to 'False'
[0.607s] colcon.colcon_core.verb Level 5 set package 'od_msg' build argument 'cmake_clean_first' from command line to 'False'
[0.607s] colcon.colcon_core.verb Level 5 set package 'od_msg' build argument 'cmake_force_configure' from command line to 'False'
[0.607s] colcon.colcon_core.verb Level 5 set package 'od_msg' build argument 'ament_cmake_args' from command line to 'None'
[0.607s] colcon.colcon_core.verb Level 5 set package 'od_msg' build argument 'catkin_cmake_args' from command line to 'None'
[0.607s] colcon.colcon_core.verb Level 5 set package 'od_msg' build argument 'catkin_skip_building_tests' from command line to 'False'
[0.607s] colcon.colcon_core.verb DEBUG Building package 'od_msg' with the following arguments: {'ament_cmake_args': None, 'build_base': '/home/jack/ros2_ws/build/od_msg', 'catkin_cmake_args': None, 'catkin_skip_building_tests': False, 'cmake_args': None, 'cmake_clean_cache': False, 'cmake_clean_first': False, 'cmake_force_configure': False, 'cmake_target': None, 'cmake_target_skip_unavailable': False, 'install_base': '/home/jack/ros2_ws/install/od_msg', 'merge_install': False, 'path': '/home/jack/ros2_ws/src/DoosanBootcamp3rd/dsr_rokey/od_msg', 'symlink_install': False, 'test_result_base': None}
[0.607s] colcon.colcon_core.verb Level 5 set package 'pick_and_place_text' build argument 'cmake_args' from command line to 'None'
[0.607s] colcon.colcon_core.verb Level 5 set package 'pick_and_place_text' build argument 'cmake_target' from command line to 'None'
[0.608s] colcon.colcon_core.verb Level 5 set package 'pick_and_place_text' build argument 'cmake_target_skip_unavailable' from command line to 'False'
[0.608s] colcon.colcon_core.verb Level 5 set package 'pick_and_place_text' build argument 'cmake_clean_cache' from command line to 'False'
[0.608s] colcon.colcon_core.verb Level 5 set package 'pick_and_place_text' build argument 'cmake_clean_first' from command line to 'False'
[0.608s] colcon.colcon_core.verb Level 5 set package 'pick_and_place_text' build argument 'cmake_force_configure' from command line to 'False'
[0.608s] colcon.colcon_core.verb Level 5 set package 'pick_and_place_text' build argument 'ament_cmake_args' from command line to 'None'
[0.608s] colcon.colcon_core.verb Level 5 set package 'pick_and_place_text' build argument 'catkin_cmake_args' from command line to 'None'
[0.608s] colcon.colcon_core.verb Level 5 set package 'pick_and_place_text' build argument 'catkin_skip_building_tests' from command line to 'False'
[0.608s] colcon.colcon_core.verb DEBUG Building package 'pick_and_place_text' with the following arguments: {'ament_cmake_args': None, 'build_base': '/home/jack/ros2_ws/build/pick_and_place_text', 'catkin_cmake_args': None, 'catkin_skip_building_tests': False, 'cmake_args': None, 'cmake_clean_cache': False, 'cmake_clean_first': False, 'cmake_force_configure': False, 'cmake_target': None, 'cmake_target_skip_unavailable': False, 'install_base': '/home/jack/ros2_ws/install/pick_and_place_text', 'merge_install': False, 'path': '/home/jack/ros2_ws/src/DoosanBootcamp3rd/dsr_rokey/pick_and_place_text', 'symlink_install': False, 'test_result_base': None}
[0.608s] colcon.colcon_core.verb Level 5 set package 'pick_and_place_voice' build argument 'cmake_args' from command line to 'None'
[0.608s] colcon.colcon_core.verb Level 5 set package 'pick_and_place_voice' build argument 'cmake_target' from command line to 'None'
[0.608s] colcon.colcon_core.verb Level 5 set package 'pick_and_place_voice' build argument 'cmake_target_skip_unavailable' from command line to 'False'
[0.608s] colcon.colcon_core.verb Level 5 set package 'pick_and_place_voice' build argument 'cmake_clean_cache' from command line to 'False'
[0.608s] colcon.colcon_core.verb Level 5 set package 'pick_and_place_voice' build argument 'cmake_clean_first' from command line to 'False'
[0.608s] colcon.colcon_core.verb Level 5 set package 'pick_and_place_voice' build argument 'cmake_force_configure' from command line to 'False'
[0.608s] colcon.colcon_core.verb Level 5 set package 'pick_and_place_voice' build argument 'ament_cmake_args' from command line to 'None'
[0.608s] colcon.colcon_core.verb Level 5 set package 'pick_and_place_voice' build argument 'catkin_cmake_args' from command line to 'None'
[0.608s] colcon.colcon_core.verb Level 5 set package 'pick_and_place_voice' build argument 'catkin_skip_building_tests' from command line to 'False'
[0.608s] colcon.colcon_core.verb DEBUG Building package 'pick_and_place_voice' with the following arguments: {'ament_cmake_args': None, 'build_base': '/home/jack/ros2_ws/build/pick_and_place_voice', 'catkin_cmake_args': None, 'catkin_skip_building_tests': False, 'cmake_args': None, 'cmake_clean_cache': False, 'cmake_clean_first': False, 'cmake_force_configure': False, 'cmake_target': None, 'cmake_target_skip_unavailable': False, 'install_base': '/home/jack/ros2_ws/install/pick_and_place_voice', 'merge_install': False, 'path': '/home/jack/ros2_ws/src/DoosanBootcamp3rd/dsr_rokey/pick_and_place_voice', 'symlink_install': False, 'test_result_base': None}
[0.608s] colcon.colcon_core.verb Level 5 set package 'rokey' build argument 'cmake_args' from command line to 'None'
[0.609s] colcon.colcon_core.verb Level 5 set package 'rokey' build argument 'cmake_target' from command line to 'None'
[0.609s] colcon.colcon_core.verb Level 5 set package 'rokey' build argument 'cmake_target_skip_unavailable' from command line to 'False'
[0.609s] colcon.colcon_core.verb Level 5 set package 'rokey' build argument 'cmake_clean_cache' from command line to 'False'
[0.609s] colcon.colcon_core.verb Level 5 set package 'rokey' build argument 'cmake_clean_first' from command line to 'False'
[0.609s] colcon.colcon_core.verb Level 5 set package 'rokey' build argument 'cmake_force_configure' from command line to 'False'
[0.609s] colcon.colcon_core.verb Level 5 set package 'rokey' build argument 'ament_cmake_args' from command line to 'None'
[0.609s] colcon.colcon_core.verb Level 5 set package 'rokey' build argument 'catkin_cmake_args' from command line to 'None'
[0.609s] colcon.colcon_core.verb Level 5 set package 'rokey' build argument 'catkin_skip_building_tests' from command line to 'False'
[0.609s] colcon.colcon_core.verb DEBUG Building package 'rokey' with the following arguments: {'ament_cmake_args': None, 'build_base': '/home/jack/ros2_ws/build/rokey', 'catkin_cmake_args': None, 'catkin_skip_building_tests': False, 'cmake_args': None, 'cmake_clean_cache': False, 'cmake_clean_first': False, 'cmake_force_configure': False, 'cmake_target': None, 'cmake_target_skip_unavailable': False, 'install_base': '/home/jack/ros2_ws/install/rokey', 'merge_install': False, 'path': '/home/jack/ros2_ws/src/DoosanBootcamp3rd/dsr_rokey/rokey', 'symlink_install': False, 'test_result_base': None}
[0.609s] colcon.colcon_core.verb Level 5 set package 'dsr_bringup2' build argument 'cmake_args' from command line to 'None'
[0.609s] colcon.colcon_core.verb Level 5 set package 'dsr_bringup2' build argument 'cmake_target' from command line to 'None'
[0.609s] colcon.colcon_core.verb Level 5 set package 'dsr_bringup2' build argument 'cmake_target_skip_unavailable' from command line to 'False'
[0.609s] colcon.colcon_core.verb Level 5 set package 'dsr_bringup2' build argument 'cmake_clean_cache' from command line to 'False'
[0.609s] colcon.colcon_core.verb Level 5 set package 'dsr_bringup2' build argument 'cmake_clean_first' from command line to 'False'
[0.609s] colcon.colcon_core.verb Level 5 set package 'dsr_bringup2' build argument 'cmake_force_configure' from command line to 'False'
[0.609s] colcon.colcon_core.verb Level 5 set package 'dsr_bringup2' build argument 'ament_cmake_args' from command line to 'None'
[0.609s] colcon.colcon_core.verb Level 5 set package 'dsr_bringup2' build argument 'catkin_cmake_args' from command line to 'None'
[0.609s] colcon.colcon_core.verb Level 5 set package 'dsr_bringup2' build argument 'catkin_skip_building_tests' from command line to 'False'
[0.609s] colcon.colcon_core.verb DEBUG Building package 'dsr_bringup2' with the following arguments: {'ament_cmake_args': None, 'build_base': '/home/jack/ros2_ws/build/dsr_bringup2', 'catkin_cmake_args': None, 'catkin_skip_building_tests': False, 'cmake_args': None, 'cmake_clean_cache': False, 'cmake_clean_first': False, 'cmake_force_configure': False, 'cmake_target': None, 'cmake_target_skip_unavailable': False, 'install_base': '/home/jack/ros2_ws/install/dsr_bringup2', 'merge_install': False, 'path': '/home/jack/ros2_ws/src/DoosanBootcamp3rd/dsr_bringup2', 'symlink_install': False, 'test_result_base': None}
[0.610s] colcon.colcon_core.verb Level 5 set package 'dsr_example' build argument 'cmake_args' from command line to 'None'
[0.610s] colcon.colcon_core.verb Level 5 set package 'dsr_example' build argument 'cmake_target' from command line to 'None'
[0.610s] colcon.colcon_core.verb Level 5 set package 'dsr_example' build argument 'cmake_target_skip_unavailable' from command line to 'False'
[0.610s] colcon.colcon_core.verb Level 5 set package 'dsr_example' build argument 'cmake_clean_cache' from command line to 'False'
[0.610s] colcon.colcon_core.verb Level 5 set package 'dsr_example' build argument 'cmake_clean_first' from command line to 'False'
[0.610s] colcon.colcon_core.verb Level 5 set package 'dsr_example' build argument 'cmake_force_configure' from command line to 'False'
[0.610s] colcon.colcon_core.verb Level 5 set package 'dsr_example' build argument 'ament_cmake_args' from command line to 'None'
[0.610s] colcon.colcon_core.verb Level 5 set package 'dsr_example' build argument 'catkin_cmake_args' from command line to 'None'
[0.610s] colcon.colcon_core.verb Level 5 set package 'dsr_example' build argument 'catkin_skip_building_tests' from command line to 'False'
[0.610s] colcon.colcon_core.verb DEBUG Building package 'dsr_example' with the following arguments: {'ament_cmake_args': None, 'build_base': '/home/jack/ros2_ws/build/dsr_example', 'catkin_cmake_args': None, 'catkin_skip_building_tests': False, 'cmake_args': None, 'cmake_clean_cache': False, 'cmake_clean_first': False, 'cmake_force_configure': False, 'cmake_target': None, 'cmake_target_skip_unavailable': False, 'install_base': '/home/jack/ros2_ws/install/dsr_example', 'merge_install': False, 'path': '/home/jack/ros2_ws/src/DoosanBootcamp3rd/dsr_example2/dsr_example', 'symlink_install': False, 'test_result_base': None}
[0.610s] colcon.colcon_core.verb Level 5 set package 'dsr_gazebo2' build argument 'cmake_args' from command line to 'None'
[0.610s] colcon.colcon_core.verb Level 5 set package 'dsr_gazebo2' build argument 'cmake_target' from command line to 'None'
[0.610s] colcon.colcon_core.verb Level 5 set package 'dsr_gazebo2' build argument 'cmake_target_skip_unavailable' from command line to 'False'
[0.610s] colcon.colcon_core.verb Level 5 set package 'dsr_gazebo2' build argument 'cmake_clean_cache' from command line to 'False'
[0.610s] colcon.colcon_core.verb Level 5 set package 'dsr_gazebo2' build argument 'cmake_clean_first' from command line to 'False'
[0.610s] colcon.colcon_core.verb Level 5 set package 'dsr_gazebo2' build argument 'cmake_force_configure' from command line to 'False'
[0.610s] colcon.colcon_core.verb Level 5 set package 'dsr_gazebo2' build argument 'ament_cmake_args' from command line to 'None'
[0.610s] colcon.colcon_core.verb Level 5 set package 'dsr_gazebo2' build argument 'catkin_cmake_args' from command line to 'None'
[0.610s] colcon.colcon_core.verb Level 5 set package 'dsr_gazebo2' build argument 'catkin_skip_building_tests' from command line to 'False'
[0.610s] colcon.colcon_core.verb DEBUG Building package 'dsr_gazebo2' with the following arguments: {'ament_cmake_args': None, 'build_base': '/home/jack/ros2_ws/build/dsr_gazebo2', 'catkin_cmake_args': None, 'catkin_skip_building_tests': False, 'cmake_args': None, 'cmake_clean_cache': False, 'cmake_clean_first': False, 'cmake_force_configure': False, 'cmake_target': None, 'cmake_target_skip_unavailable': False, 'install_base': '/home/jack/ros2_ws/install/dsr_gazebo2', 'merge_install': False, 'path': '/home/jack/ros2_ws/src/DoosanBootcamp3rd/dsr_gazebo2', 'symlink_install': False, 'test_result_base': None}
[0.611s] colcon.colcon_core.verb Level 5 set package 'dsr_hardware2' build argument 'cmake_args' from command line to 'None'
[0.611s] colcon.colcon_core.verb Level 5 set package 'dsr_hardware2' build argument 'cmake_target' from command line to 'None'
[0.611s] colcon.colcon_core.verb Level 5 set package 'dsr_hardware2' build argument 'cmake_target_skip_unavailable' from command line to 'False'
[0.611s] colcon.colcon_core.verb Level 5 set package 'dsr_hardware2' build argument 'cmake_clean_cache' from command line to 'False'
[0.611s] colcon.colcon_core.verb Level 5 set package 'dsr_hardware2' build argument 'cmake_clean_first' from command line to 'False'
[0.611s] colcon.colcon_core.verb Level 5 set package 'dsr_hardware2' build argument 'cmake_force_configure' from command line to 'False'
[0.611s] colcon.colcon_core.verb Level 5 set package 'dsr_hardware2' build argument 'ament_cmake_args' from command line to 'None'
[0.611s] colcon.colcon_core.verb Level 5 set package 'dsr_hardware2' build argument 'catkin_cmake_args' from command line to 'None'
[0.611s] colcon.colcon_core.verb Level 5 set package 'dsr_hardware2' build argument 'catkin_skip_building_tests' from command line to 'False'
[0.611s] colcon.colcon_core.verb DEBUG Building package 'dsr_hardware2' with the following arguments: {'ament_cmake_args': None, 'build_base': '/home/jack/ros2_ws/build/dsr_hardware2', 'catkin_cmake_args': None, 'catkin_skip_building_tests': False, 'cmake_args': None, 'cmake_clean_cache': False, 'cmake_clean_first': False, 'cmake_force_configure': False, 'cmake_target': None, 'cmake_target_skip_unavailable': False, 'install_base': '/home/jack/ros2_ws/install/dsr_hardware2', 'merge_install': False, 'path': '/home/jack/ros2_ws/src/DoosanBootcamp3rd/dsr_hardware2', 'symlink_install': False, 'test_result_base': None}
[0.611s] colcon.colcon_core.verb Level 5 set package 'dsr_realtime_control' build argument 'cmake_args' from command line to 'None'
[0.611s] colcon.colcon_core.verb Level 5 set package 'dsr_realtime_control' build argument 'cmake_target' from command line to 'None'
[0.611s] colcon.colcon_core.verb Level 5 set package 'dsr_realtime_control' build argument 'cmake_target_skip_unavailable' from command line to 'False'
[0.611s] colcon.colcon_core.verb Level 5 set package 'dsr_realtime_control' build argument 'cmake_clean_cache' from command line to 'False'
[0.611s] colcon.colcon_core.verb Level 5 set package 'dsr_realtime_control' build argument 'cmake_clean_first' from command line to 'False'
[0.611s] colcon.colcon_core.verb Level 5 set package 'dsr_realtime_control' build argument 'cmake_force_configure' from command line to 'False'
[0.611s] colcon.colcon_core.verb Level 5 set package 'dsr_realtime_control' build argument 'ament_cmake_args' from command line to 'None'
[0.611s] colcon.colcon_core.verb Level 5 set package 'dsr_realtime_control' build argument 'catkin_cmake_args' from command line to 'None'
[0.611s] colcon.colcon_core.verb Level 5 set package 'dsr_realtime_control' build argument 'catkin_skip_building_tests' from command line to 'False'
[0.611s] colcon.colcon_core.verb DEBUG Building package 'dsr_realtime_control' with the following arguments: {'ament_cmake_args': None, 'build_base': '/home/jack/ros2_ws/build/dsr_realtime_control', 'catkin_cmake_args': None, 'catkin_skip_building_tests': False, 'cmake_args': None, 'cmake_clean_cache': False, 'cmake_clean_first': False, 'cmake_force_configure': False, 'cmake_target': None, 'cmake_target_skip_unavailable': False, 'install_base': '/home/jack/ros2_ws/install/dsr_realtime_control', 'merge_install': False, 'path': '/home/jack/ros2_ws/src/DoosanBootcamp3rd/dsr_example2/dsr_realtime_control', 'symlink_install': False, 'test_result_base': None}
[0.611s] colcon.colcon_core.verb Level 5 set package 'dsr_tests' build argument 'cmake_args' from command line to 'None'
[0.611s] colcon.colcon_core.verb Level 5 set package 'dsr_tests' build argument 'cmake_target' from command line to 'None'
[0.612s] colcon.colcon_core.verb Level 5 set package 'dsr_tests' build argument 'cmake_target_skip_unavailable' from command line to 'False'
[0.612s] colcon.colcon_core.verb Level 5 set package 'dsr_tests' build argument 'cmake_clean_cache' from command line to 'False'
[0.612s] colcon.colcon_core.verb Level 5 set package 'dsr_tests' build argument 'cmake_clean_first' from command line to 'False'
[0.612s] colcon.colcon_core.verb Level 5 set package 'dsr_tests' build argument 'cmake_force_configure' from command line to 'False'
[0.612s] colcon.colcon_core.verb Level 5 set package 'dsr_tests' build argument 'ament_cmake_args' from command line to 'None'
[0.612s] colcon.colcon_core.verb Level 5 set package 'dsr_tests' build argument 'catkin_cmake_args' from command line to 'None'
[0.612s] colcon.colcon_core.verb Level 5 set package 'dsr_tests' build argument 'catkin_skip_building_tests' from command line to 'False'
[0.612s] colcon.colcon_core.verb DEBUG Building package 'dsr_tests' with the following arguments: {'ament_cmake_args': None, 'build_base': '/home/jack/ros2_ws/build/dsr_tests', 'catkin_cmake_args': None, 'catkin_skip_building_tests': False, 'cmake_args': None, 'cmake_clean_cache': False, 'cmake_clean_first': False, 'cmake_force_configure': False, 'cmake_target': None, 'cmake_target_skip_unavailable': False, 'install_base': '/home/jack/ros2_ws/install/dsr_tests', 'merge_install': False, 'path': '/home/jack/ros2_ws/src/DoosanBootcamp3rd/dsr_tests', 'symlink_install': False, 'test_result_base': None}
[0.612s] colcon.colcon_core.verb Level 5 set package 'dsr_controller2' build argument 'cmake_args' from command line to 'None'
[0.612s] colcon.colcon_core.verb Level 5 set package 'dsr_controller2' build argument 'cmake_target' from command line to 'None'
[0.612s] colcon.colcon_core.verb Level 5 set package 'dsr_controller2' build argument 'cmake_target_skip_unavailable' from command line to 'False'
[0.612s] colcon.colcon_core.verb Level 5 set package 'dsr_controller2' build argument 'cmake_clean_cache' from command line to 'False'
[0.612s] colcon.colcon_core.verb Level 5 set package 'dsr_controller2' build argument 'cmake_clean_first' from command line to 'False'
[0.612s] colcon.colcon_core.verb Level 5 set package 'dsr_controller2' build argument 'cmake_force_configure' from command line to 'False'
[0.612s] colcon.colcon_core.verb Level 5 set package 'dsr_controller2' build argument 'ament_cmake_args' from command line to 'None'
[0.612s] colcon.colcon_core.verb Level 5 set package 'dsr_controller2' build argument 'catkin_cmake_args' from command line to 'None'
[0.612s] colcon.colcon_core.verb Level 5 set package 'dsr_controller2' build argument 'catkin_skip_building_tests' from command line to 'False'
[0.612s] colcon.colcon_core.verb DEBUG Building package 'dsr_controller2' with the following arguments: {'ament_cmake_args': None, 'build_base': '/home/jack/ros2_ws/build/dsr_controller2', 'catkin_cmake_args': None, 'catkin_skip_building_tests': False, 'cmake_args': None, 'cmake_clean_cache': False, 'cmake_clean_first': False, 'cmake_force_configure': False, 'cmake_target': None, 'cmake_target_skip_unavailable': False, 'install_base': '/home/jack/ros2_ws/install/dsr_controller2', 'merge_install': False, 'path': '/home/jack/ros2_ws/src/DoosanBootcamp3rd/dsr_controller2', 'symlink_install': False, 'test_result_base': None}
[0.612s] colcon.colcon_core.executor INFO Executing jobs using 'parallel' executor
[0.613s] colcon.colcon_parallel_executor.executor.parallel DEBUG run_until_complete
[0.614s] colcon.colcon_ros.task.ament_cmake.build INFO Building ROS package in '/home/jack/ros2_ws/src/DoosanBootcamp3rd/dsr_msgs2' with build type 'ament_cmake'
[0.614s] colcon.colcon_cmake.task.cmake.build INFO Building CMake package in '/home/jack/ros2_ws/src/DoosanBootcamp3rd/dsr_msgs2'
[0.618s] colcon.colcon_core.plugin_system INFO Skipping extension 'colcon_core.shell.bat': Not used on non-Windows systems
[0.618s] colcon.colcon_core.shell INFO Skip shell extension 'powershell' for command environment: Not usable outside of PowerShell
[0.619s] colcon.colcon_core.shell DEBUG Skip shell extension 'dsv' for command environment
[0.625s] colcon.colcon_ros.task.ament_cmake.build INFO Building ROS package in '/home/jack/ros2_ws/src/DoosanBootcamp3rd/dsr_common2' with build type 'ament_cmake'
[0.625s] colcon.colcon_cmake.task.cmake.build INFO Building CMake package in '/home/jack/ros2_ws/src/DoosanBootcamp3rd/dsr_common2'
[0.626s] colcon.colcon_core.shell INFO Skip shell extension 'powershell' for command environment: Not usable outside of PowerShell
[0.626s] colcon.colcon_core.shell DEBUG Skip shell extension 'dsv' for command environment
[0.628s] colcon.colcon_ros.task.ament_cmake.build INFO Building ROS package in '/home/jack/ros2_ws/src/DoosanBootcamp3rd/dsr_description2' with build type 'ament_cmake'
[0.628s] colcon.colcon_cmake.task.cmake.build INFO Building CMake package in '/home/jack/ros2_ws/src/DoosanBootcamp3rd/dsr_description2'
[0.629s] colcon.colcon_core.shell INFO Skip shell extension 'powershell' for command environment: Not usable outside of PowerShell
[0.629s] colcon.colcon_core.shell DEBUG Skip shell extension 'dsv' for command environment
[0.631s] colcon.colcon_ros.task.ament_cmake.build INFO Building ROS package in '/home/jack/ros2_ws/src/doosan_somacube_rl' with build type 'ament_cmake'
[0.631s] colcon.colcon_cmake.task.cmake.build INFO Building CMake package in '/home/jack/ros2_ws/src/doosan_somacube_rl'
[0.631s] colcon.colcon_core.shell INFO Skip shell extension 'powershell' for command environment: Not usable outside of PowerShell
[0.631s] colcon.colcon_core.shell DEBUG Skip shell extension 'dsv' for command environment
[0.633s] colcon.colcon_ros.task.ament_cmake.build INFO Building ROS package in '/home/jack/ros2_ws/src/DoosanBootcamp3rd/dsr_moveit2/dsr_moveit_config_a0509' with build type 'ament_cmake'
[0.633s] colcon.colcon_cmake.task.cmake.build INFO Building CMake package in '/home/jack/ros2_ws/src/DoosanBootcamp3rd/dsr_moveit2/dsr_moveit_config_a0509'
[0.633s] colcon.colcon_core.shell INFO Skip shell extension 'powershell' for command environment: Not usable outside of PowerShell
[0.634s] colcon.colcon_core.shell DEBUG Skip shell extension 'dsv' for command environment
[0.635s] colcon.colcon_ros.task.ament_cmake.build INFO Building ROS package in '/home/jack/ros2_ws/src/DoosanBootcamp3rd/dsr_moveit2/dsr_moveit_config_a0912' with build type 'ament_cmake'
[0.636s] colcon.colcon_cmake.task.cmake.build INFO Building CMake package in '/home/jack/ros2_ws/src/DoosanBootcamp3rd/dsr_moveit2/dsr_moveit_config_a0912'
[0.636s] colcon.colcon_core.shell INFO Skip shell extension 'powershell' for command environment: Not usable outside of PowerShell
[0.636s] colcon.colcon_core.shell DEBUG Skip shell extension 'dsv' for command environment
[0.638s] colcon.colcon_ros.task.ament_cmake.build INFO Building ROS package in '/home/jack/ros2_ws/src/DoosanBootcamp3rd/dsr_moveit2/dsr_moveit_config_e0509' with build type 'ament_cmake'
[0.638s] colcon.colcon_cmake.task.cmake.build INFO Building CMake package in '/home/jack/ros2_ws/src/DoosanBootcamp3rd/dsr_moveit2/dsr_moveit_config_e0509'
[0.638s] colcon.colcon_core.shell INFO Skip shell extension 'powershell' for command environment: Not usable outside of PowerShell
[0.638s] colcon.colcon_core.shell DEBUG Skip shell extension 'dsv' for command environment
[0.640s] colcon.colcon_ros.task.ament_cmake.build INFO Building ROS package in '/home/jack/ros2_ws/src/DoosanBootcamp3rd/dsr_moveit2/dsr_moveit_config_h2017' with build type 'ament_cmake'
[0.640s] colcon.colcon_cmake.task.cmake.build INFO Building CMake package in '/home/jack/ros2_ws/src/DoosanBootcamp3rd/dsr_moveit2/dsr_moveit_config_h2017'
[0.640s] colcon.colcon_core.shell INFO Skip shell extension 'powershell' for command environment: Not usable outside of PowerShell
[0.640s] colcon.colcon_core.shell DEBUG Skip shell extension 'dsv' for command environment
[0.646s] colcon.colcon_core.event_handler.log_command DEBUG Invoking command in '/home/jack/ros2_ws/build/dsr_msgs2': CMAKE_PREFIX_PATH=/opt/ros/humble /usr/bin/cmake /home/jack/ros2_ws/src/DoosanBootcamp3rd/dsr_msgs2 -DCMAKE_INSTALL_PREFIX=/home/jack/ros2_ws/install/dsr_msgs2
[0.647s] colcon.colcon_core.event_handler.log_command DEBUG Invoking command in '/home/jack/ros2_ws/build/dsr_common2': CMAKE_PREFIX_PATH=/opt/ros/humble /usr/bin/cmake /home/jack/ros2_ws/src/DoosanBootcamp3rd/dsr_common2 -DCMAKE_INSTALL_PREFIX=/home/jack/ros2_ws/install/dsr_common2
[0.648s] colcon.colcon_core.event_handler.log_command DEBUG Invoking command in '/home/jack/ros2_ws/build/dsr_description2': CMAKE_PREFIX_PATH=/opt/ros/humble /usr/bin/cmake /home/jack/ros2_ws/src/DoosanBootcamp3rd/dsr_description2 -DCMAKE_INSTALL_PREFIX=/home/jack/ros2_ws/install/dsr_description2
[0.652s] colcon.colcon_core.event_handler.log_command DEBUG Invoking command in '/home/jack/ros2_ws/build/doosan_somacube_rl': CMAKE_PREFIX_PATH=/opt/ros/humble /usr/bin/cmake --build /home/jack/ros2_ws/build/doosan_somacube_rl -- -j8 -l8
[0.653s] colcon.colcon_core.event_handler.log_command DEBUG Invoking command in '/home/jack/ros2_ws/build/dsr_moveit_config_a0509': CMAKE_PREFIX_PATH=/opt/ros/humble /usr/bin/cmake /home/jack/ros2_ws/src/DoosanBootcamp3rd/dsr_moveit2/dsr_moveit_config_a0509 -DCMAKE_INSTALL_PREFIX=/home/jack/ros2_ws/install/dsr_moveit_config_a0509
[0.655s] colcon.colcon_core.event_handler.log_command DEBUG Invoking command in '/home/jack/ros2_ws/build/dsr_moveit_config_a0912': CMAKE_PREFIX_PATH=/opt/ros/humble /usr/bin/cmake /home/jack/ros2_ws/src/DoosanBootcamp3rd/dsr_moveit2/dsr_moveit_config_a0912 -DCMAKE_INSTALL_PREFIX=/home/jack/ros2_ws/install/dsr_moveit_config_a0912
[0.657s] colcon.colcon_core.event_handler.log_command DEBUG Invoking command in '/home/jack/ros2_ws/build/dsr_moveit_config_e0509': CMAKE_PREFIX_PATH=/opt/ros/humble /usr/bin/cmake /home/jack/ros2_ws/src/DoosanBootcamp3rd/dsr_moveit2/dsr_moveit_config_e0509 -DCMAKE_INSTALL_PREFIX=/home/jack/ros2_ws/install/dsr_moveit_config_e0509
[0.658s] colcon.colcon_core.event_handler.log_command DEBUG Invoking command in '/home/jack/ros2_ws/build/dsr_moveit_config_h2017': CMAKE_PREFIX_PATH=/opt/ros/humble /usr/bin/cmake /home/jack/ros2_ws/src/DoosanBootcamp3rd/dsr_moveit2/dsr_moveit_config_h2017 -DCMAKE_INSTALL_PREFIX=/home/jack/ros2_ws/install/dsr_moveit_config_h2017
[1.509s] colcon.colcon_core.event_handler.log_command DEBUG Invoked command in '/home/jack/ros2_ws/build/doosan_somacube_rl' returned '0': CMAKE_PREFIX_PATH=/opt/ros/humble /usr/bin/cmake --build /home/jack/ros2_ws/build/doosan_somacube_rl -- -j8 -l8
[1.545s] colcon.colcon_core.event_handler.log_command DEBUG Invoking command in '/home/jack/ros2_ws/build/doosan_somacube_rl': CMAKE_PREFIX_PATH=/opt/ros/humble /usr/bin/cmake --install /home/jack/ros2_ws/build/doosan_somacube_rl
[1.665s] colcon.colcon_core.environment Level 1 create_environment_scripts_only(doosan_somacube_rl)
[1.666s] colcon.colcon_core.event_handler.log_command DEBUG Invoked command in '/home/jack/ros2_ws/build/doosan_somacube_rl' returned '0': CMAKE_PREFIX_PATH=/opt/ros/humble /usr/bin/cmake --install /home/jack/ros2_ws/build/doosan_somacube_rl
[1.688s] colcon.colcon_core.environment Level 1 checking '/home/jack/ros2_ws/install/doosan_somacube_rl' for CMake module files
[1.689s] colcon.colcon_core.environment Level 1 checking '/home/jack/ros2_ws/install/doosan_somacube_rl' for CMake config files
[1.698s] colcon.colcon_core.shell Level 1 create_environment_hook('doosan_somacube_rl', 'cmake_prefix_path')
[1.699s] colcon.colcon_core.shell INFO Creating environment hook '/home/jack/ros2_ws/install/doosan_somacube_rl/share/doosan_somacube_rl/hook/cmake_prefix_path.ps1'
[1.701s] colcon.colcon_core.shell INFO Creating environment descriptor '/home/jack/ros2_ws/install/doosan_somacube_rl/share/doosan_somacube_rl/hook/cmake_prefix_path.dsv'
[1.703s] colcon.colcon_core.shell INFO Creating environment hook '/home/jack/ros2_ws/install/doosan_somacube_rl/share/doosan_somacube_rl/hook/cmake_prefix_path.sh'
[1.704s] colcon.colcon_core.environment Level 1 checking '/home/jack/ros2_ws/install/doosan_somacube_rl/lib'
[1.705s] colcon.colcon_core.shell Level 1 create_environment_hook('doosan_somacube_rl', 'ld_library_path_lib')
[1.705s] colcon.colcon_core.shell INFO Creating environment hook '/home/jack/ros2_ws/install/doosan_somacube_rl/share/doosan_somacube_rl/hook/ld_library_path_lib.ps1'
[1.706s] colcon.colcon_core.shell INFO Creating environment descriptor '/home/jack/ros2_ws/install/doosan_somacube_rl/share/doosan_somacube_rl/hook/ld_library_path_lib.dsv'
[1.706s] colcon.colcon_core.shell INFO Creating environment hook '/home/jack/ros2_ws/install/doosan_somacube_rl/share/doosan_somacube_rl/hook/ld_library_path_lib.sh'
[1.707s] colcon.colcon_core.environment Level 1 checking '/home/jack/ros2_ws/install/doosan_somacube_rl/bin'
[1.707s] colcon.colcon_core.environment Level 1 checking '/home/jack/ros2_ws/install/doosan_somacube_rl/lib/pkgconfig/doosan_somacube_rl.pc'
[1.708s] colcon.colcon_core.environment Level 1 checking '/home/jack/ros2_ws/install/doosan_somacube_rl/lib/python3.10/site-packages'
[1.708s] colcon.colcon_core.environment Level 1 checking '/home/jack/ros2_ws/install/doosan_somacube_rl/bin'
[1.709s] colcon.colcon_core.shell INFO Creating package script '/home/jack/ros2_ws/install/doosan_somacube_rl/share/doosan_somacube_rl/package.ps1'
[1.711s] colcon.colcon_core.shell INFO Creating package descriptor '/home/jack/ros2_ws/install/doosan_somacube_rl/share/doosan_somacube_rl/package.dsv'
[1.713s] colcon.colcon_core.shell INFO Creating package script '/home/jack/ros2_ws/install/doosan_somacube_rl/share/doosan_somacube_rl/package.sh'
[1.715s] colcon.colcon_core.shell INFO Creating package script '/home/jack/ros2_ws/install/doosan_somacube_rl/share/doosan_somacube_rl/package.bash'
[1.717s] colcon.colcon_core.shell INFO Creating package script '/home/jack/ros2_ws/install/doosan_somacube_rl/share/doosan_somacube_rl/package.zsh'
[1.719s] colcon.colcon_core.environment Level 1 create_file_with_runtime_dependencies(/home/jack/ros2_ws/install/doosan_somacube_rl/share/colcon-core/packages/doosan_somacube_rl)
[1.720s] colcon.colcon_core.environment Level 1 create_environment_scripts_only(doosan_somacube_rl)
[1.720s] colcon.colcon_core.environment Level 1 checking '/home/jack/ros2_ws/install/doosan_somacube_rl' for CMake module files
[1.721s] colcon.colcon_core.environment Level 1 checking '/home/jack/ros2_ws/install/doosan_somacube_rl' for CMake config files
[1.723s] colcon.colcon_core.shell Level 1 create_environment_hook('doosan_somacube_rl', 'cmake_prefix_path')
[1.723s] colcon.colcon_core.shell INFO Creating environment hook '/home/jack/ros2_ws/install/doosan_somacube_rl/share/doosan_somacube_rl/hook/cmake_prefix_path.ps1'
[1.724s] colcon.colcon_core.shell INFO Creating environment descriptor '/home/jack/ros2_ws/install/doosan_somacube_rl/share/doosan_somacube_rl/hook/cmake_prefix_path.dsv'
[1.725s] colcon.colcon_core.shell INFO Creating environment hook '/home/jack/ros2_ws/install/doosan_somacube_rl/share/doosan_somacube_rl/hook/cmake_prefix_path.sh'
[1.726s] colcon.colcon_core.environment Level 1 checking '/home/jack/ros2_ws/install/doosan_somacube_rl/lib'
[1.727s] colcon.colcon_core.shell Level 1 create_environment_hook('doosan_somacube_rl', 'ld_library_path_lib')
[1.727s] colcon.colcon_core.shell INFO Creating environment hook '/home/jack/ros2_ws/install/doosan_somacube_rl/share/doosan_somacube_rl/hook/ld_library_path_lib.ps1'
[1.728s] colcon.colcon_core.shell INFO Creating environment descriptor '/home/jack/ros2_ws/install/doosan_somacube_rl/share/doosan_somacube_rl/hook/ld_library_path_lib.dsv'
[1.729s] colcon.colcon_core.shell INFO Creating environment hook '/home/jack/ros2_ws/install/doosan_somacube_rl/share/doosan_somacube_rl/hook/ld_library_path_lib.sh'
[1.729s] colcon.colcon_core.environment Level 1 checking '/home/jack/ros2_ws/install/doosan_somacube_rl/bin'
[1.729s] colcon.colcon_core.environment Level 1 checking '/home/jack/ros2_ws/install/doosan_somacube_rl/lib/pkgconfig/doosan_somacube_rl.pc'
[1.730s] colcon.colcon_core.environment Level 1 checking '/home/jack/ros2_ws/install/doosan_somacube_rl/lib/python3.10/site-packages'
[1.730s] colcon.colcon_core.environment Level 1 checking '/home/jack/ros2_ws/install/doosan_somacube_rl/bin'
[1.730s] colcon.colcon_core.shell INFO Creating package script '/home/jack/ros2_ws/install/doosan_somacube_rl/share/doosan_somacube_rl/package.ps1'
[1.732s] colcon.colcon_core.shell INFO Creating package descriptor '/home/jack/ros2_ws/install/doosan_somacube_rl/share/doosan_somacube_rl/package.dsv'
[1.733s] colcon.colcon_core.shell INFO Creating package script '/home/jack/ros2_ws/install/doosan_somacube_rl/share/doosan_somacube_rl/package.sh'
[1.734s] colcon.colcon_core.shell INFO Creating package script '/home/jack/ros2_ws/install/doosan_somacube_rl/share/doosan_somacube_rl/package.bash'
[1.735s] colcon.colcon_core.shell INFO Creating package script '/home/jack/ros2_ws/install/doosan_somacube_rl/share/doosan_somacube_rl/package.zsh'
[1.736s] colcon.colcon_core.environment Level 1 create_file_with_runtime_dependencies(/home/jack/ros2_ws/install/doosan_somacube_rl/share/colcon-core/packages/doosan_somacube_rl)
[1.736s] colcon.colcon_ros.task.ament_cmake.build INFO Building ROS package in '/home/jack/ros2_ws/src/DoosanBootcamp3rd/dsr_moveit2/dsr_moveit_config_h2515' with build type 'ament_cmake'
[1.736s] colcon.colcon_cmake.task.cmake.build INFO Building CMake package in '/home/jack/ros2_ws/src/DoosanBootcamp3rd/dsr_moveit2/dsr_moveit_config_h2515'
[1.737s] colcon.colcon_core.shell INFO Skip shell extension 'powershell' for command environment: Not usable outside of PowerShell
[1.737s] colcon.colcon_core.shell DEBUG Skip shell extension 'dsv' for command environment
[1.757s] colcon.colcon_core.event_handler.log_command DEBUG Invoking command in '/home/jack/ros2_ws/build/dsr_moveit_config_h2515': CMAKE_PREFIX_PATH=/opt/ros/humble /usr/bin/cmake /home/jack/ros2_ws/src/DoosanBootcamp3rd/dsr_moveit2/dsr_moveit_config_h2515 -DCMAKE_INSTALL_PREFIX=/home/jack/ros2_ws/install/dsr_moveit_config_h2515
[1.775s] colcon.colcon_core.event_handler.log_command DEBUG Invoked command in '/home/jack/ros2_ws/build/dsr_moveit_config_a0509' returned '0': CMAKE_PREFIX_PATH=/opt/ros/humble /usr/bin/cmake /home/jack/ros2_ws/src/DoosanBootcamp3rd/dsr_moveit2/dsr_moveit_config_a0509 -DCMAKE_INSTALL_PREFIX=/home/jack/ros2_ws/install/dsr_moveit_config_a0509
[1.779s] colcon.colcon_core.event_handler.log_command DEBUG Invoking command in '/home/jack/ros2_ws/build/dsr_moveit_config_a0509': CMAKE_PREFIX_PATH=/opt/ros/humble /usr/bin/cmake --build /home/jack/ros2_ws/build/dsr_moveit_config_a0509 -- -j8 -l8
[1.780s] colcon.colcon_core.event_handler.log_command DEBUG Invoked command in '/home/jack/ros2_ws/build/dsr_description2' returned '0': CMAKE_PREFIX_PATH=/opt/ros/humble /usr/bin/cmake /home/jack/ros2_ws/src/DoosanBootcamp3rd/dsr_description2 -DCMAKE_INSTALL_PREFIX=/home/jack/ros2_ws/install/dsr_description2
[1.780s] colcon.colcon_core.event_handler.log_command DEBUG Invoking command in '/home/jack/ros2_ws/build/dsr_description2': CMAKE_PREFIX_PATH=/opt/ros/humble /usr/bin/cmake --build /home/jack/ros2_ws/build/dsr_description2 -- -j8 -l8
[1.785s] colcon.colcon_core.event_handler.log_command DEBUG Invoked command in '/home/jack/ros2_ws/build/dsr_common2' returned '0': CMAKE_PREFIX_PATH=/opt/ros/humble /usr/bin/cmake /home/jack/ros2_ws/src/DoosanBootcamp3rd/dsr_common2 -DCMAKE_INSTALL_PREFIX=/home/jack/ros2_ws/install/dsr_common2
[1.786s] colcon.colcon_core.event_handler.log_command DEBUG Invoking command in '/home/jack/ros2_ws/build/dsr_common2': CMAKE_PREFIX_PATH=/opt/ros/humble /usr/bin/cmake --build /home/jack/ros2_ws/build/dsr_common2 -- -j8 -l8
[1.787s] colcon.colcon_core.event_handler.log_command DEBUG Invoked command in '/home/jack/ros2_ws/build/dsr_moveit_config_a0912' returned '0': CMAKE_PREFIX_PATH=/opt/ros/humble /usr/bin/cmake /home/jack/ros2_ws/src/DoosanBootcamp3rd/dsr_moveit2/dsr_moveit_config_a0912 -DCMAKE_INSTALL_PREFIX=/home/jack/ros2_ws/install/dsr_moveit_config_a0912
[1.790s] colcon.colcon_core.event_handler.log_command DEBUG Invoking command in '/home/jack/ros2_ws/build/dsr_moveit_config_a0912': CMAKE_PREFIX_PATH=/opt/ros/humble /usr/bin/cmake --build /home/jack/ros2_ws/build/dsr_moveit_config_a0912 -- -j8 -l8
[1.795s] colcon.colcon_core.event_handler.log_command DEBUG Invoked command in '/home/jack/ros2_ws/build/dsr_moveit_config_h2017' returned '0': CMAKE_PREFIX_PATH=/opt/ros/humble /usr/bin/cmake /home/jack/ros2_ws/src/DoosanBootcamp3rd/dsr_moveit2/dsr_moveit_config_h2017 -DCMAKE_INSTALL_PREFIX=/home/jack/ros2_ws/install/dsr_moveit_config_h2017
[1.796s] colcon.colcon_core.event_handler.log_command DEBUG Invoking command in '/home/jack/ros2_ws/build/dsr_moveit_config_h2017': CMAKE_PREFIX_PATH=/opt/ros/humble /usr/bin/cmake --build /home/jack/ros2_ws/build/dsr_moveit_config_h2017 -- -j8 -l8
[1.799s] colcon.colcon_core.event_handler.log_command DEBUG Invoked command in '/home/jack/ros2_ws/build/dsr_moveit_config_e0509' returned '0': CMAKE_PREFIX_PATH=/opt/ros/humble /usr/bin/cmake /home/jack/ros2_ws/src/DoosanBootcamp3rd/dsr_moveit2/dsr_moveit_config_e0509 -DCMAKE_INSTALL_PREFIX=/home/jack/ros2_ws/install/dsr_moveit_config_e0509
[1.800s] colcon.colcon_core.event_handler.log_command DEBUG Invoking command in '/home/jack/ros2_ws/build/dsr_moveit_config_e0509': CMAKE_PREFIX_PATH=/opt/ros/humble /usr/bin/cmake --build /home/jack/ros2_ws/build/dsr_moveit_config_e0509 -- -j8 -l8
[1.826s] colcon.colcon_core.event_handler.log_command DEBUG Invoked command in '/home/jack/ros2_ws/build/dsr_moveit_config_a0509' returned '0': CMAKE_PREFIX_PATH=/opt/ros/humble /usr/bin/cmake --build /home/jack/ros2_ws/build/dsr_moveit_config_a0509 -- -j8 -l8
[1.830s] colcon.colcon_core.event_handler.log_command DEBUG Invoking command in '/home/jack/ros2_ws/build/dsr_moveit_config_a0509': CMAKE_PREFIX_PATH=/opt/ros/humble /usr/bin/cmake --install /home/jack/ros2_ws/build/dsr_moveit_config_a0509
[1.832s] colcon.colcon_core.event_handler.log_command DEBUG Invoked command in '/home/jack/ros2_ws/build/dsr_common2' returned '0': CMAKE_PREFIX_PATH=/opt/ros/humble /usr/bin/cmake --build /home/jack/ros2_ws/build/dsr_common2 -- -j8 -l8
[1.833s] colcon.colcon_core.event_handler.log_command DEBUG Invoking command in '/home/jack/ros2_ws/build/dsr_common2': CMAKE_PREFIX_PATH=/opt/ros/humble /usr/bin/cmake --install /home/jack/ros2_ws/build/dsr_common2
[1.839s] colcon.colcon_core.event_handler.log_command DEBUG Invoked command in '/home/jack/ros2_ws/build/dsr_description2' returned '0': CMAKE_PREFIX_PATH=/opt/ros/humble /usr/bin/cmake --build /home/jack/ros2_ws/build/dsr_description2 -- -j8 -l8
[1.840s] colcon.colcon_core.event_handler.log_command DEBUG Invoking command in '/home/jack/ros2_ws/build/dsr_description2': CMAKE_PREFIX_PATH=/opt/ros/humble /usr/bin/cmake --install /home/jack/ros2_ws/build/dsr_description2
[1.846s] colcon.colcon_core.event_handler.log_command DEBUG Invoked command in '/home/jack/ros2_ws/build/dsr_moveit_config_h2017' returned '0': CMAKE_PREFIX_PATH=/opt/ros/humble /usr/bin/cmake --build /home/jack/ros2_ws/build/dsr_moveit_config_h2017 -- -j8 -l8
[1.846s] colcon.colcon_core.event_handler.log_command DEBUG Invoking command in '/home/jack/ros2_ws/build/dsr_moveit_config_h2017': CMAKE_PREFIX_PATH=/opt/ros/humble /usr/bin/cmake --install /home/jack/ros2_ws/build/dsr_moveit_config_h2017
[1.851s] colcon.colcon_core.event_handler.log_command DEBUG Invoked command in '/home/jack/ros2_ws/build/dsr_moveit_config_a0912' returned '0': CMAKE_PREFIX_PATH=/opt/ros/humble /usr/bin/cmake --build /home/jack/ros2_ws/build/dsr_moveit_config_a0912 -- -j8 -l8
[1.855s] colcon.colcon_core.event_handler.log_command DEBUG Invoking command in '/home/jack/ros2_ws/build/dsr_moveit_config_a0912': CMAKE_PREFIX_PATH=/opt/ros/humble /usr/bin/cmake --install /home/jack/ros2_ws/build/dsr_moveit_config_a0912
[1.856s] colcon.colcon_core.environment Level 1 create_environment_scripts_only(dsr_moveit_config_a0509)
[1.856s] colcon.colcon_core.environment Level 1 checking '/home/jack/ros2_ws/install/dsr_moveit_config_a0509' for CMake module files
[1.857s] colcon.colcon_core.environment Level 1 checking '/home/jack/ros2_ws/install/dsr_moveit_config_a0509' for CMake config files
[1.857s] colcon.colcon_core.shell Level 1 create_environment_hook('dsr_moveit_config_a0509', 'cmake_prefix_path')
[1.857s] colcon.colcon_core.shell INFO Creating environment hook '/home/jack/ros2_ws/install/dsr_moveit_config_a0509/share/dsr_moveit_config_a0509/hook/cmake_prefix_path.ps1'
[1.858s] colcon.colcon_core.event_handler.log_command DEBUG Invoked command in '/home/jack/ros2_ws/build/dsr_moveit_config_a0509' returned '0': CMAKE_PREFIX_PATH=/opt/ros/humble /usr/bin/cmake --install /home/jack/ros2_ws/build/dsr_moveit_config_a0509
[1.858s] colcon.colcon_core.shell INFO Creating environment descriptor '/home/jack/ros2_ws/install/dsr_moveit_config_a0509/share/dsr_moveit_config_a0509/hook/cmake_prefix_path.dsv'
[1.859s] colcon.colcon_core.shell INFO Creating environment hook '/home/jack/ros2_ws/install/dsr_moveit_config_a0509/share/dsr_moveit_config_a0509/hook/cmake_prefix_path.sh'
[1.859s] colcon.colcon_core.environment Level 1 checking '/home/jack/ros2_ws/install/dsr_moveit_config_a0509/bin'
[1.859s] colcon.colcon_core.environment Level 1 checking '/home/jack/ros2_ws/install/dsr_moveit_config_a0509/lib/pkgconfig/dsr_moveit_config_a0509.pc'
[1.859s] colcon.colcon_core.environment Level 1 checking '/home/jack/ros2_ws/install/dsr_moveit_config_a0509/lib/python3.10/site-packages'
[1.860s] colcon.colcon_core.environment Level 1 checking '/home/jack/ros2_ws/install/dsr_moveit_config_a0509/bin'
[1.860s] colcon.colcon_core.shell INFO Creating package script '/home/jack/ros2_ws/install/dsr_moveit_config_a0509/share/dsr_moveit_config_a0509/package.ps1'
[1.860s] colcon.colcon_core.shell INFO Creating package descriptor '/home/jack/ros2_ws/install/dsr_moveit_config_a0509/share/dsr_moveit_config_a0509/package.dsv'
[1.861s] colcon.colcon_core.shell INFO Creating package script '/home/jack/ros2_ws/install/dsr_moveit_config_a0509/share/dsr_moveit_config_a0509/package.sh'
[1.861s] colcon.colcon_core.shell INFO Creating package script '/home/jack/ros2_ws/install/dsr_moveit_config_a0509/share/dsr_moveit_config_a0509/package.bash'
[1.861s] colcon.colcon_core.shell INFO Creating package script '/home/jack/ros2_ws/install/dsr_moveit_config_a0509/share/dsr_moveit_config_a0509/package.zsh'
[1.862s] colcon.colcon_core.environment Level 1 create_file_with_runtime_dependencies(/home/jack/ros2_ws/install/dsr_moveit_config_a0509/share/colcon-core/packages/dsr_moveit_config_a0509)
[1.862s] colcon.colcon_core.environment Level 1 create_environment_scripts_only(dsr_moveit_config_a0509)
[1.863s] colcon.colcon_core.environment Level 1 checking '/home/jack/ros2_ws/install/dsr_moveit_config_a0509' for CMake module files
[1.863s] colcon.colcon_core.environment Level 1 checking '/home/jack/ros2_ws/install/dsr_moveit_config_a0509' for CMake config files
[1.863s] colcon.colcon_core.shell Level 1 create_environment_hook('dsr_moveit_config_a0509', 'cmake_prefix_path')
[1.863s] colcon.colcon_core.shell INFO Creating environment hook '/home/jack/ros2_ws/install/dsr_moveit_config_a0509/share/dsr_moveit_config_a0509/hook/cmake_prefix_path.ps1'
[1.864s] colcon.colcon_core.shell INFO Creating environment descriptor '/home/jack/ros2_ws/install/dsr_moveit_config_a0509/share/dsr_moveit_config_a0509/hook/cmake_prefix_path.dsv'
[1.864s] colcon.colcon_core.shell INFO Creating environment hook '/home/jack/ros2_ws/install/dsr_moveit_config_a0509/share/dsr_moveit_config_a0509/hook/cmake_prefix_path.sh'
[1.864s] colcon.colcon_core.environment Level 1 checking '/home/jack/ros2_ws/install/dsr_moveit_config_a0509/bin'
[1.865s] colcon.colcon_core.environment Level 1 checking '/home/jack/ros2_ws/install/dsr_moveit_config_a0509/lib/pkgconfig/dsr_moveit_config_a0509.pc'
[1.865s] colcon.colcon_core.environment Level 1 checking '/home/jack/ros2_ws/install/dsr_moveit_config_a0509/lib/python3.10/site-packages'
[1.865s] colcon.colcon_core.environment Level 1 checking '/home/jack/ros2_ws/install/dsr_moveit_config_a0509/bin'
[1.865s] colcon.colcon_core.shell INFO Creating package script '/home/jack/ros2_ws/install/dsr_moveit_config_a0509/share/dsr_moveit_config_a0509/package.ps1'
[1.866s] colcon.colcon_core.shell INFO Creating package descriptor '/home/jack/ros2_ws/install/dsr_moveit_config_a0509/share/dsr_moveit_config_a0509/package.dsv'
[1.866s] colcon.colcon_core.shell INFO Creating package script '/home/jack/ros2_ws/install/dsr_moveit_config_a0509/share/dsr_moveit_config_a0509/package.sh'
[1.867s] colcon.colcon_core.shell INFO Creating package script '/home/jack/ros2_ws/install/dsr_moveit_config_a0509/share/dsr_moveit_config_a0509/package.bash'
[1.867s] colcon.colcon_core.shell INFO Creating package script '/home/jack/ros2_ws/install/dsr_moveit_config_a0509/share/dsr_moveit_config_a0509/package.zsh'
[1.867s] colcon.colcon_core.environment Level 1 create_file_with_runtime_dependencies(/home/jack/ros2_ws/install/dsr_moveit_config_a0509/share/colcon-core/packages/dsr_moveit_config_a0509)
[1.871s] colcon.colcon_core.event_handler.log_command DEBUG Invoked command in '/home/jack/ros2_ws/build/dsr_moveit_config_e0509' returned '0': CMAKE_PREFIX_PATH=/opt/ros/humble /usr/bin/cmake --build /home/jack/ros2_ws/build/dsr_moveit_config_e0509 -- -j8 -l8
[1.872s] colcon.colcon_core.event_handler.log_command DEBUG Invoking command in '/home/jack/ros2_ws/build/dsr_moveit_config_e0509': CMAKE_PREFIX_PATH=/opt/ros/humble /usr/bin/cmake --install /home/jack/ros2_ws/build/dsr_moveit_config_e0509
[1.873s] colcon.colcon_ros.task.ament_cmake.build INFO Building ROS package in '/home/jack/ros2_ws/src/DoosanBootcamp3rd/dsr_moveit2/dsr_moveit_config_m0609' with build type 'ament_cmake'
[1.873s] colcon.colcon_cmake.task.cmake.build INFO Building CMake package in '/home/jack/ros2_ws/src/DoosanBootcamp3rd/dsr_moveit2/dsr_moveit_config_m0609'
[1.873s] colcon.colcon_core.shell INFO Skip shell extension 'powershell' for command environment: Not usable outside of PowerShell
[1.874s] colcon.colcon_core.shell DEBUG Skip shell extension 'dsv' for command environment
[1.879s] colcon.colcon_core.environment Level 1 create_environment_scripts_only(dsr_common2)
[1.880s] colcon.colcon_core.environment Level 1 checking '/home/jack/ros2_ws/install/dsr_common2' for CMake module files
[1.884s] colcon.colcon_core.environment Level 1 checking '/home/jack/ros2_ws/install/dsr_common2' for CMake config files
[1.885s] colcon.colcon_core.event_handler.log_command DEBUG Invoked command in '/home/jack/ros2_ws/build/dsr_common2' returned '0': CMAKE_PREFIX_PATH=/opt/ros/humble /usr/bin/cmake --install /home/jack/ros2_ws/build/dsr_common2
[1.885s] colcon.colcon_core.shell Level 1 create_environment_hook('dsr_common2', 'cmake_prefix_path')
[1.886s] colcon.colcon_core.shell INFO Creating environment hook '/home/jack/ros2_ws/install/dsr_common2/share/dsr_common2/hook/cmake_prefix_path.ps1'
[1.886s] colcon.colcon_core.shell INFO Creating environment descriptor '/home/jack/ros2_ws/install/dsr_common2/share/dsr_common2/hook/cmake_prefix_path.dsv'
[1.887s] colcon.colcon_core.shell INFO Creating environment hook '/home/jack/ros2_ws/install/dsr_common2/share/dsr_common2/hook/cmake_prefix_path.sh'
[1.887s] colcon.colcon_core.environment Level 1 checking '/home/jack/ros2_ws/install/dsr_common2/lib'
[1.887s] colcon.colcon_core.environment Level 1 checking '/home/jack/ros2_ws/install/dsr_common2/bin'
[1.887s] colcon.colcon_core.environment Level 1 checking '/home/jack/ros2_ws/install/dsr_common2/lib/pkgconfig/dsr_common2.pc'
[1.888s] colcon.colcon_core.environment Level 1 checking '/home/jack/ros2_ws/install/dsr_common2/lib/python3.10/site-packages'
[1.888s] colcon.colcon_core.environment Level 1 checking '/home/jack/ros2_ws/install/dsr_common2/bin'
[1.888s] colcon.colcon_core.shell INFO Creating package script '/home/jack/ros2_ws/install/dsr_common2/share/dsr_common2/package.ps1'
[1.889s] colcon.colcon_core.shell INFO Creating package descriptor '/home/jack/ros2_ws/install/dsr_common2/share/dsr_common2/package.dsv'
[1.889s] colcon.colcon_core.shell INFO Creating package script '/home/jack/ros2_ws/install/dsr_common2/share/dsr_common2/package.sh'
[1.890s] colcon.colcon_core.shell INFO Creating package script '/home/jack/ros2_ws/install/dsr_common2/share/dsr_common2/package.bash'
[1.890s] colcon.colcon_core.shell INFO Creating package script '/home/jack/ros2_ws/install/dsr_common2/share/dsr_common2/package.zsh'
[1.890s] colcon.colcon_core.environment Level 1 create_file_with_runtime_dependencies(/home/jack/ros2_ws/install/dsr_common2/share/colcon-core/packages/dsr_common2)
[1.891s] colcon.colcon_core.environment Level 1 create_environment_scripts_only(dsr_common2)
[1.891s] colcon.colcon_core.environment Level 1 checking '/home/jack/ros2_ws/install/dsr_common2' for CMake module files
[1.892s] colcon.colcon_core.environment Level 1 checking '/home/jack/ros2_ws/install/dsr_common2' for CMake config files
[1.892s] colcon.colcon_core.shell Level 1 create_environment_hook('dsr_common2', 'cmake_prefix_path')
[1.892s] colcon.colcon_core.shell INFO Creating environment hook '/home/jack/ros2_ws/install/dsr_common2/share/dsr_common2/hook/cmake_prefix_path.ps1'
[1.893s] colcon.colcon_core.shell INFO Creating environment descriptor '/home/jack/ros2_ws/install/dsr_common2/share/dsr_common2/hook/cmake_prefix_path.dsv'
[1.893s] colcon.colcon_core.shell INFO Creating environment hook '/home/jack/ros2_ws/install/dsr_common2/share/dsr_common2/hook/cmake_prefix_path.sh'
[1.894s] colcon.colcon_core.environment Level 1 checking '/home/jack/ros2_ws/install/dsr_common2/lib'
[1.894s] colcon.colcon_core.environment Level 1 checking '/home/jack/ros2_ws/install/dsr_common2/bin'
[1.894s] colcon.colcon_core.environment Level 1 checking '/home/jack/ros2_ws/install/dsr_common2/lib/pkgconfig/dsr_common2.pc'
[1.894s] colcon.colcon_core.environment Level 1 checking '/home/jack/ros2_ws/install/dsr_common2/lib/python3.10/site-packages'
[1.894s] colcon.colcon_core.environment Level 1 checking '/home/jack/ros2_ws/install/dsr_common2/bin'
[1.895s] colcon.colcon_core.shell INFO Creating package script '/home/jack/ros2_ws/install/dsr_common2/share/dsr_common2/package.ps1'
[1.895s] colcon.colcon_core.shell INFO Creating package descriptor '/home/jack/ros2_ws/install/dsr_common2/share/dsr_common2/package.dsv'
[1.896s] colcon.colcon_core.shell INFO Creating package script '/home/jack/ros2_ws/install/dsr_common2/share/dsr_common2/package.sh'
[1.896s] colcon.colcon_core.shell INFO Creating package script '/home/jack/ros2_ws/install/dsr_common2/share/dsr_common2/package.bash'
[1.897s] colcon.colcon_core.shell INFO Creating package script '/home/jack/ros2_ws/install/dsr_common2/share/dsr_common2/package.zsh'
[1.897s] colcon.colcon_core.environment Level 1 create_file_with_runtime_dependencies(/home/jack/ros2_ws/install/dsr_common2/share/colcon-core/packages/dsr_common2)
[1.898s] colcon.colcon_core.environment Level 1 create_environment_scripts_only(dsr_moveit_config_h2017)
[1.898s] colcon.colcon_core.environment Level 1 checking '/home/jack/ros2_ws/install/dsr_moveit_config_h2017' for CMake module files
[1.899s] colcon.colcon_core.event_handler.log_command DEBUG Invoked command in '/home/jack/ros2_ws/build/dsr_moveit_config_h2017' returned '0': CMAKE_PREFIX_PATH=/opt/ros/humble /usr/bin/cmake --install /home/jack/ros2_ws/build/dsr_moveit_config_h2017
[1.899s] colcon.colcon_core.environment Level 1 checking '/home/jack/ros2_ws/install/dsr_moveit_config_h2017' for CMake config files
[1.900s] colcon.colcon_core.shell Level 1 create_environment_hook('dsr_moveit_config_h2017', 'cmake_prefix_path')
[1.900s] colcon.colcon_core.shell INFO Creating environment hook '/home/jack/ros2_ws/install/dsr_moveit_config_h2017/share/dsr_moveit_config_h2017/hook/cmake_prefix_path.ps1'
[1.900s] colcon.colcon_core.shell INFO Creating environment descriptor '/home/jack/ros2_ws/install/dsr_moveit_config_h2017/share/dsr_moveit_config_h2017/hook/cmake_prefix_path.dsv'
[1.900s] colcon.colcon_core.shell INFO Creating environment hook '/home/jack/ros2_ws/install/dsr_moveit_config_h2017/share/dsr_moveit_config_h2017/hook/cmake_prefix_path.sh'
[1.901s] colcon.colcon_core.environment Level 1 checking '/home/jack/ros2_ws/install/dsr_moveit_config_h2017/bin'
[1.901s] colcon.colcon_core.environment Level 1 checking '/home/jack/ros2_ws/install/dsr_moveit_config_h2017/lib/pkgconfig/dsr_moveit_config_h2017.pc'
[1.901s] colcon.colcon_core.environment Level 1 checking '/home/jack/ros2_ws/install/dsr_moveit_config_h2017/lib/python3.10/site-packages'
[1.902s] colcon.colcon_core.environment Level 1 checking '/home/jack/ros2_ws/install/dsr_moveit_config_h2017/bin'
[1.902s] colcon.colcon_core.shell INFO Creating package script '/home/jack/ros2_ws/install/dsr_moveit_config_h2017/share/dsr_moveit_config_h2017/package.ps1'
[1.902s] colcon.colcon_core.shell INFO Creating package descriptor '/home/jack/ros2_ws/install/dsr_moveit_config_h2017/share/dsr_moveit_config_h2017/package.dsv'
[1.903s] colcon.colcon_core.shell INFO Creating package script '/home/jack/ros2_ws/install/dsr_moveit_config_h2017/share/dsr_moveit_config_h2017/package.sh'
[1.903s] colcon.colcon_core.shell INFO Creating package script '/home/jack/ros2_ws/install/dsr_moveit_config_h2017/share/dsr_moveit_config_h2017/package.bash'
[1.904s] colcon.colcon_core.shell INFO Creating package script '/home/jack/ros2_ws/install/dsr_moveit_config_h2017/share/dsr_moveit_config_h2017/package.zsh'
[1.904s] colcon.colcon_core.environment Level 1 create_file_with_runtime_dependencies(/home/jack/ros2_ws/install/dsr_moveit_config_h2017/share/colcon-core/packages/dsr_moveit_config_h2017)
[1.905s] colcon.colcon_core.environment Level 1 create_environment_scripts_only(dsr_moveit_config_h2017)
[1.905s] colcon.colcon_core.environment Level 1 checking '/home/jack/ros2_ws/install/dsr_moveit_config_h2017' for CMake module files
[1.906s] colcon.colcon_core.environment Level 1 checking '/home/jack/ros2_ws/install/dsr_moveit_config_h2017' for CMake config files
[1.906s] colcon.colcon_core.shell Level 1 create_environment_hook('dsr_moveit_config_h2017', 'cmake_prefix_path')
[1.906s] colcon.colcon_core.shell INFO Creating environment hook '/home/jack/ros2_ws/install/dsr_moveit_config_h2017/share/dsr_moveit_config_h2017/hook/cmake_prefix_path.ps1'
[1.907s] colcon.colcon_core.shell INFO Creating environment descriptor '/home/jack/ros2_ws/install/dsr_moveit_config_h2017/share/dsr_moveit_config_h2017/hook/cmake_prefix_path.dsv'
[1.907s] colcon.colcon_core.shell INFO Creating environment hook '/home/jack/ros2_ws/install/dsr_moveit_config_h2017/share/dsr_moveit_config_h2017/hook/cmake_prefix_path.sh'
[1.908s] colcon.colcon_core.environment Level 1 checking '/home/jack/ros2_ws/install/dsr_moveit_config_h2017/bin'
[1.908s] colcon.colcon_core.environment Level 1 checking '/home/jack/ros2_ws/install/dsr_moveit_config_h2017/lib/pkgconfig/dsr_moveit_config_h2017.pc'
[1.908s] colcon.colcon_core.environment Level 1 checking '/home/jack/ros2_ws/install/dsr_moveit_config_h2017/lib/python3.10/site-packages'
[1.908s] colcon.colcon_core.environment Level 1 checking '/home/jack/ros2_ws/install/dsr_moveit_config_h2017/bin'
[1.909s] colcon.colcon_core.shell INFO Creating package script '/home/jack/ros2_ws/install/dsr_moveit_config_h2017/share/dsr_moveit_config_h2017/package.ps1'
[1.909s] colcon.colcon_core.shell INFO Creating package descriptor '/home/jack/ros2_ws/install/dsr_moveit_config_h2017/share/dsr_moveit_config_h2017/package.dsv'
[1.910s] colcon.colcon_core.shell INFO Creating package script '/home/jack/ros2_ws/install/dsr_moveit_config_h2017/share/dsr_moveit_config_h2017/package.sh'
[1.910s] colcon.colcon_core.shell INFO Creating package script '/home/jack/ros2_ws/install/dsr_moveit_config_h2017/share/dsr_moveit_config_h2017/package.bash'
[1.911s] colcon.colcon_core.shell INFO Creating package script '/home/jack/ros2_ws/install/dsr_moveit_config_h2017/share/dsr_moveit_config_h2017/package.zsh'
[1.911s] colcon.colcon_core.environment Level 1 create_file_with_runtime_dependencies(/home/jack/ros2_ws/install/dsr_moveit_config_h2017/share/colcon-core/packages/dsr_moveit_config_h2017)
[1.913s] colcon.colcon_ros.task.ament_cmake.build INFO Building ROS package in '/home/jack/ros2_ws/src/DoosanBootcamp3rd/dsr_moveit2/dsr_moveit_config_m0617' with build type 'ament_cmake'
[1.913s] colcon.colcon_cmake.task.cmake.build INFO Building CMake package in '/home/jack/ros2_ws/src/DoosanBootcamp3rd/dsr_moveit2/dsr_moveit_config_m0617'
[1.914s] colcon.colcon_core.shell INFO Skip shell extension 'powershell' for command environment: Not usable outside of PowerShell
[1.914s] colcon.colcon_core.shell DEBUG Skip shell extension 'dsv' for command environment
[1.918s] colcon.colcon_ros.task.ament_cmake.build INFO Building ROS package in '/home/jack/ros2_ws/src/DoosanBootcamp3rd/dsr_moveit2/dsr_moveit_config_m1013' with build type 'ament_cmake'
[1.918s] colcon.colcon_cmake.task.cmake.build INFO Building CMake package in '/home/jack/ros2_ws/src/DoosanBootcamp3rd/dsr_moveit2/dsr_moveit_config_m1013'
[1.919s] colcon.colcon_core.shell INFO Skip shell extension 'powershell' for command environment: Not usable outside of PowerShell
[1.919s] colcon.colcon_core.shell DEBUG Skip shell extension 'dsv' for command environment
[1.923s] colcon.colcon_core.environment Level 1 create_environment_scripts_only(dsr_moveit_config_a0912)
[1.923s] colcon.colcon_core.environment Level 1 checking '/home/jack/ros2_ws/install/dsr_moveit_config_a0912' for CMake module files
[1.924s] colcon.colcon_core.environment Level 1 checking '/home/jack/ros2_ws/install/dsr_moveit_config_a0912' for CMake config files
[1.924s] colcon.colcon_core.event_handler.log_command DEBUG Invoked command in '/home/jack/ros2_ws/build/dsr_moveit_config_a0912' returned '0': CMAKE_PREFIX_PATH=/opt/ros/humble /usr/bin/cmake --install /home/jack/ros2_ws/build/dsr_moveit_config_a0912
[1.925s] colcon.colcon_core.shell Level 1 create_environment_hook('dsr_moveit_config_a0912', 'cmake_prefix_path')
[1.925s] colcon.colcon_core.shell INFO Creating environment hook '/home/jack/ros2_ws/install/dsr_moveit_config_a0912/share/dsr_moveit_config_a0912/hook/cmake_prefix_path.ps1'
[1.926s] colcon.colcon_core.shell INFO Creating environment descriptor '/home/jack/ros2_ws/install/dsr_moveit_config_a0912/share/dsr_moveit_config_a0912/hook/cmake_prefix_path.dsv'
[1.926s] colcon.colcon_core.shell INFO Creating environment hook '/home/jack/ros2_ws/install/dsr_moveit_config_a0912/share/dsr_moveit_config_a0912/hook/cmake_prefix_path.sh'
[1.927s] colcon.colcon_core.environment Level 1 checking '/home/jack/ros2_ws/install/dsr_moveit_config_a0912/bin'
[1.927s] colcon.colcon_core.environment Level 1 checking '/home/jack/ros2_ws/install/dsr_moveit_config_a0912/lib/pkgconfig/dsr_moveit_config_a0912.pc'
[1.927s] colcon.colcon_core.environment Level 1 checking '/home/jack/ros2_ws/install/dsr_moveit_config_a0912/lib/python3.10/site-packages'
[1.928s] colcon.colcon_core.environment Level 1 checking '/home/jack/ros2_ws/install/dsr_moveit_config_a0912/bin'
[1.928s] colcon.colcon_core.shell INFO Creating package script '/home/jack/ros2_ws/install/dsr_moveit_config_a0912/share/dsr_moveit_config_a0912/package.ps1'
[1.928s] colcon.colcon_core.shell INFO Creating package descriptor '/home/jack/ros2_ws/install/dsr_moveit_config_a0912/share/dsr_moveit_config_a0912/package.dsv'
[1.929s] colcon.colcon_core.shell INFO Creating package script '/home/jack/ros2_ws/install/dsr_moveit_config_a0912/share/dsr_moveit_config_a0912/package.sh'
[1.929s] colcon.colcon_core.shell INFO Creating package script '/home/jack/ros2_ws/install/dsr_moveit_config_a0912/share/dsr_moveit_config_a0912/package.bash'
[1.930s] colcon.colcon_core.shell INFO Creating package script '/home/jack/ros2_ws/install/dsr_moveit_config_a0912/share/dsr_moveit_config_a0912/package.zsh'
[1.930s] colcon.colcon_core.environment Level 1 create_file_with_runtime_dependencies(/home/jack/ros2_ws/install/dsr_moveit_config_a0912/share/colcon-core/packages/dsr_moveit_config_a0912)
[1.931s] colcon.colcon_core.environment Level 1 create_environment_scripts_only(dsr_moveit_config_a0912)
[1.931s] colcon.colcon_core.environment Level 1 checking '/home/jack/ros2_ws/install/dsr_moveit_config_a0912' for CMake module files
[1.931s] colcon.colcon_core.environment Level 1 checking '/home/jack/ros2_ws/install/dsr_moveit_config_a0912' for CMake config files
[1.932s] colcon.colcon_core.shell Level 1 create_environment_hook('dsr_moveit_config_a0912', 'cmake_prefix_path')
[1.932s] colcon.colcon_core.shell INFO Creating environment hook '/home/jack/ros2_ws/install/dsr_moveit_config_a0912/share/dsr_moveit_config_a0912/hook/cmake_prefix_path.ps1'
[1.933s] colcon.colcon_core.shell INFO Creating environment descriptor '/home/jack/ros2_ws/install/dsr_moveit_config_a0912/share/dsr_moveit_config_a0912/hook/cmake_prefix_path.dsv'
[1.933s] colcon.colcon_core.shell INFO Creating environment hook '/home/jack/ros2_ws/install/dsr_moveit_config_a0912/share/dsr_moveit_config_a0912/hook/cmake_prefix_path.sh'
[1.934s] colcon.colcon_core.environment Level 1 checking '/home/jack/ros2_ws/install/dsr_moveit_config_a0912/bin'
[1.934s] colcon.colcon_core.environment Level 1 checking '/home/jack/ros2_ws/install/dsr_moveit_config_a0912/lib/pkgconfig/dsr_moveit_config_a0912.pc'
[1.934s] colcon.colcon_core.environment Level 1 checking '/home/jack/ros2_ws/install/dsr_moveit_config_a0912/lib/python3.10/site-packages'
[1.934s] colcon.colcon_core.environment Level 1 checking '/home/jack/ros2_ws/install/dsr_moveit_config_a0912/bin'
[1.934s] colcon.colcon_core.shell INFO Creating package script '/home/jack/ros2_ws/install/dsr_moveit_config_a0912/share/dsr_moveit_config_a0912/package.ps1'
[1.936s] colcon.colcon_core.shell INFO Creating package descriptor '/home/jack/ros2_ws/install/dsr_moveit_config_a0912/share/dsr_moveit_config_a0912/package.dsv'
[1.937s] colcon.colcon_core.shell INFO Creating package script '/home/jack/ros2_ws/install/dsr_moveit_config_a0912/share/dsr_moveit_config_a0912/package.sh'
[1.937s] colcon.colcon_core.shell INFO Creating package script '/home/jack/ros2_ws/install/dsr_moveit_config_a0912/share/dsr_moveit_config_a0912/package.bash'
[1.937s] colcon.colcon_core.shell INFO Creating package script '/home/jack/ros2_ws/install/dsr_moveit_config_a0912/share/dsr_moveit_config_a0912/package.zsh'
[1.938s] colcon.colcon_core.environment Level 1 create_file_with_runtime_dependencies(/home/jack/ros2_ws/install/dsr_moveit_config_a0912/share/colcon-core/packages/dsr_moveit_config_a0912)
[1.939s] colcon.colcon_ros.task.ament_cmake.build INFO Building ROS package in '/home/jack/ros2_ws/src/DoosanBootcamp3rd/dsr_moveit2/dsr_moveit_config_m1509' with build type 'ament_cmake'
[1.939s] colcon.colcon_cmake.task.cmake.build INFO Building CMake package in '/home/jack/ros2_ws/src/DoosanBootcamp3rd/dsr_moveit2/dsr_moveit_config_m1509'
[1.940s] colcon.colcon_core.shell INFO Skip shell extension 'powershell' for command environment: Not usable outside of PowerShell
[1.940s] colcon.colcon_core.shell DEBUG Skip shell extension 'dsv' for command environment
[1.948s] colcon.colcon_core.environment Level 1 create_environment_scripts_only(dsr_moveit_config_e0509)
[1.948s] colcon.colcon_core.environment Level 1 checking '/home/jack/ros2_ws/install/dsr_moveit_config_e0509' for CMake module files
[1.949s] colcon.colcon_core.event_handler.log_command DEBUG Invoked command in '/home/jack/ros2_ws/build/dsr_moveit_config_e0509' returned '0': CMAKE_PREFIX_PATH=/opt/ros/humble /usr/bin/cmake --install /home/jack/ros2_ws/build/dsr_moveit_config_e0509
[1.949s] colcon.colcon_core.environment Level 1 checking '/home/jack/ros2_ws/install/dsr_moveit_config_e0509' for CMake config files
[1.949s] colcon.colcon_core.shell Level 1 create_environment_hook('dsr_moveit_config_e0509', 'cmake_prefix_path')
[1.950s] colcon.colcon_core.shell INFO Creating environment hook '/home/jack/ros2_ws/install/dsr_moveit_config_e0509/share/dsr_moveit_config_e0509/hook/cmake_prefix_path.ps1'
[1.950s] colcon.colcon_core.shell INFO Creating environment descriptor '/home/jack/ros2_ws/install/dsr_moveit_config_e0509/share/dsr_moveit_config_e0509/hook/cmake_prefix_path.dsv'
[1.950s] colcon.colcon_core.shell INFO Creating environment hook '/home/jack/ros2_ws/install/dsr_moveit_config_e0509/share/dsr_moveit_config_e0509/hook/cmake_prefix_path.sh'
[1.951s] colcon.colcon_core.environment Level 1 checking '/home/jack/ros2_ws/install/dsr_moveit_config_e0509/bin'
[1.951s] colcon.colcon_core.environment Level 1 checking '/home/jack/ros2_ws/install/dsr_moveit_config_e0509/lib/pkgconfig/dsr_moveit_config_e0509.pc'
[1.951s] colcon.colcon_core.environment Level 1 checking '/home/jack/ros2_ws/install/dsr_moveit_config_e0509/lib/python3.10/site-packages'
[1.951s] colcon.colcon_core.environment Level 1 checking '/home/jack/ros2_ws/install/dsr_moveit_config_e0509/bin'
[1.951s] colcon.colcon_core.shell INFO Creating package script '/home/jack/ros2_ws/install/dsr_moveit_config_e0509/share/dsr_moveit_config_e0509/package.ps1'
[1.951s] colcon.colcon_core.shell INFO Creating package descriptor '/home/jack/ros2_ws/install/dsr_moveit_config_e0509/share/dsr_moveit_config_e0509/package.dsv'
[1.952s] colcon.colcon_core.shell INFO Creating package script '/home/jack/ros2_ws/install/dsr_moveit_config_e0509/share/dsr_moveit_config_e0509/package.sh'
[1.952s] colcon.colcon_core.shell INFO Creating package script '/home/jack/ros2_ws/install/dsr_moveit_config_e0509/share/dsr_moveit_config_e0509/package.bash'
[1.952s] colcon.colcon_core.shell INFO Creating package script '/home/jack/ros2_ws/install/dsr_moveit_config_e0509/share/dsr_moveit_config_e0509/package.zsh'
[1.953s] colcon.colcon_core.environment Level 1 create_file_with_runtime_dependencies(/home/jack/ros2_ws/install/dsr_moveit_config_e0509/share/colcon-core/packages/dsr_moveit_config_e0509)
[1.953s] colcon.colcon_core.environment Level 1 create_environment_scripts_only(dsr_moveit_config_e0509)
[1.953s] colcon.colcon_core.environment Level 1 checking '/home/jack/ros2_ws/install/dsr_moveit_config_e0509' for CMake module files
[1.954s] colcon.colcon_core.environment Level 1 checking '/home/jack/ros2_ws/install/dsr_moveit_config_e0509' for CMake config files
[1.954s] colcon.colcon_core.shell Level 1 create_environment_hook('dsr_moveit_config_e0509', 'cmake_prefix_path')
[1.954s] colcon.colcon_core.shell INFO Creating environment hook '/home/jack/ros2_ws/install/dsr_moveit_config_e0509/share/dsr_moveit_config_e0509/hook/cmake_prefix_path.ps1'
[1.954s] colcon.colcon_core.shell INFO Creating environment descriptor '/home/jack/ros2_ws/install/dsr_moveit_config_e0509/share/dsr_moveit_config_e0509/hook/cmake_prefix_path.dsv'
[1.955s] colcon.colcon_core.shell INFO Creating environment hook '/home/jack/ros2_ws/install/dsr_moveit_config_e0509/share/dsr_moveit_config_e0509/hook/cmake_prefix_path.sh'
[1.955s] colcon.colcon_core.environment Level 1 checking '/home/jack/ros2_ws/install/dsr_moveit_config_e0509/bin'
[1.955s] colcon.colcon_core.environment Level 1 checking '/home/jack/ros2_ws/install/dsr_moveit_config_e0509/lib/pkgconfig/dsr_moveit_config_e0509.pc'
[1.955s] colcon.colcon_core.environment Level 1 checking '/home/jack/ros2_ws/install/dsr_moveit_config_e0509/lib/python3.10/site-packages'
[1.955s] colcon.colcon_core.environment Level 1 checking '/home/jack/ros2_ws/install/dsr_moveit_config_e0509/bin'
[1.956s] colcon.colcon_core.shell INFO Creating package script '/home/jack/ros2_ws/install/dsr_moveit_config_e0509/share/dsr_moveit_config_e0509/package.ps1'
[1.956s] colcon.colcon_core.shell INFO Creating package descriptor '/home/jack/ros2_ws/install/dsr_moveit_config_e0509/share/dsr_moveit_config_e0509/package.dsv'
[1.956s] colcon.colcon_core.shell INFO Creating package script '/home/jack/ros2_ws/install/dsr_moveit_config_e0509/share/dsr_moveit_config_e0509/package.sh'
[1.957s] colcon.colcon_core.shell INFO Creating package script '/home/jack/ros2_ws/install/dsr_moveit_config_e0509/share/dsr_moveit_config_e0509/package.bash'
[1.957s] colcon.colcon_core.shell INFO Creating package script '/home/jack/ros2_ws/install/dsr_moveit_config_e0509/share/dsr_moveit_config_e0509/package.zsh'
[1.957s] colcon.colcon_core.environment Level 1 create_file_with_runtime_dependencies(/home/jack/ros2_ws/install/dsr_moveit_config_e0509/share/colcon-core/packages/dsr_moveit_config_e0509)
[1.960s] colcon.colcon_core.event_handler.log_command DEBUG Invoking command in '/home/jack/ros2_ws/build/dsr_moveit_config_m0609': CMAKE_PREFIX_PATH=/opt/ros/humble /usr/bin/cmake /home/jack/ros2_ws/src/DoosanBootcamp3rd/dsr_moveit2/dsr_moveit_config_m0609 -DCMAKE_INSTALL_PREFIX=/home/jack/ros2_ws/install/dsr_moveit_config_m0609
[1.961s] colcon.colcon_ros.task.ament_cmake.build INFO Building ROS package in '/home/jack/ros2_ws/src/DoosanBootcamp3rd/dsr_moveit2/dsr_moveit_config_p3020' with build type 'ament_cmake'
[1.961s] colcon.colcon_cmake.task.cmake.build INFO Building CMake package in '/home/jack/ros2_ws/src/DoosanBootcamp3rd/dsr_moveit2/dsr_moveit_config_p3020'
[1.961s] colcon.colcon_core.shell INFO Skip shell extension 'powershell' for command environment: Not usable outside of PowerShell
[1.961s] colcon.colcon_core.shell DEBUG Skip shell extension 'dsv' for command environment
[1.969s] colcon.colcon_core.event_handler.log_command DEBUG Invoking command in '/home/jack/ros2_ws/build/dsr_moveit_config_m0617': CMAKE_PREFIX_PATH=/opt/ros/humble /usr/bin/cmake /home/jack/ros2_ws/src/DoosanBootcamp3rd/dsr_moveit2/dsr_moveit_config_m0617 -DCMAKE_INSTALL_PREFIX=/home/jack/ros2_ws/install/dsr_moveit_config_m0617
[1.970s] colcon.colcon_core.event_handler.log_command DEBUG Invoking command in '/home/jack/ros2_ws/build/dsr_moveit_config_m1013': CMAKE_PREFIX_PATH=/opt/ros/humble /usr/bin/cmake /home/jack/ros2_ws/src/DoosanBootcamp3rd/dsr_moveit2/dsr_moveit_config_m1013 -DCMAKE_INSTALL_PREFIX=/home/jack/ros2_ws/install/dsr_moveit_config_m1013
[1.974s] colcon.colcon_core.event_handler.log_command DEBUG Invoking command in '/home/jack/ros2_ws/build/dsr_moveit_config_m1509': CMAKE_PREFIX_PATH=/opt/ros/humble /usr/bin/cmake /home/jack/ros2_ws/src/DoosanBootcamp3rd/dsr_moveit2/dsr_moveit_config_m1509 -DCMAKE_INSTALL_PREFIX=/home/jack/ros2_ws/install/dsr_moveit_config_m1509
[1.978s] colcon.colcon_core.event_handler.log_command DEBUG Invoking command in '/home/jack/ros2_ws/build/dsr_moveit_config_p3020': CMAKE_PREFIX_PATH=/opt/ros/humble /usr/bin/cmake /home/jack/ros2_ws/src/DoosanBootcamp3rd/dsr_moveit2/dsr_moveit_config_p3020 -DCMAKE_INSTALL_PREFIX=/home/jack/ros2_ws/install/dsr_moveit_config_p3020
[2.840s] colcon.colcon_core.event_handler.log_command DEBUG Invoked command in '/home/jack/ros2_ws/build/dsr_moveit_config_h2515' returned '0': CMAKE_PREFIX_PATH=/opt/ros/humble /usr/bin/cmake /home/jack/ros2_ws/src/DoosanBootcamp3rd/dsr_moveit2/dsr_moveit_config_h2515 -DCMAKE_INSTALL_PREFIX=/home/jack/ros2_ws/install/dsr_moveit_config_h2515
[2.841s] colcon.colcon_core.event_handler.log_command DEBUG Invoking command in '/home/jack/ros2_ws/build/dsr_moveit_config_h2515': CMAKE_PREFIX_PATH=/opt/ros/humble /usr/bin/cmake --build /home/jack/ros2_ws/build/dsr_moveit_config_h2515 -- -j8 -l8
[2.916s] colcon.colcon_core.event_handler.log_command DEBUG Invoked command in '/home/jack/ros2_ws/build/dsr_moveit_config_h2515' returned '0': CMAKE_PREFIX_PATH=/opt/ros/humble /usr/bin/cmake --build /home/jack/ros2_ws/build/dsr_moveit_config_h2515 -- -j8 -l8
[2.921s] colcon.colcon_core.event_handler.log_command DEBUG Invoking command in '/home/jack/ros2_ws/build/dsr_moveit_config_h2515': CMAKE_PREFIX_PATH=/opt/ros/humble /usr/bin/cmake --install /home/jack/ros2_ws/build/dsr_moveit_config_h2515
[2.984s] colcon.colcon_core.environment Level 1 create_environment_scripts_only(dsr_moveit_config_h2515)
[2.985s] colcon.colcon_core.environment Level 1 checking '/home/jack/ros2_ws/install/dsr_moveit_config_h2515' for CMake module files
[2.988s] colcon.colcon_core.environment Level 1 checking '/home/jack/ros2_ws/install/dsr_moveit_config_h2515' for CMake config files
[2.988s] colcon.colcon_core.shell Level 1 create_environment_hook('dsr_moveit_config_h2515', 'cmake_prefix_path')
[2.987s] colcon.colcon_core.event_handler.log_command DEBUG Invoked command in '/home/jack/ros2_ws/build/dsr_moveit_config_h2515' returned '0': CMAKE_PREFIX_PATH=/opt/ros/humble /usr/bin/cmake --install /home/jack/ros2_ws/build/dsr_moveit_config_h2515
[2.991s] colcon.colcon_core.shell INFO Creating environment hook '/home/jack/ros2_ws/install/dsr_moveit_config_h2515/share/dsr_moveit_config_h2515/hook/cmake_prefix_path.ps1'
[2.993s] colcon.colcon_core.shell INFO Creating environment descriptor '/home/jack/ros2_ws/install/dsr_moveit_config_h2515/share/dsr_moveit_config_h2515/hook/cmake_prefix_path.dsv'
[3.003s] colcon.colcon_core.shell INFO Creating environment hook '/home/jack/ros2_ws/install/dsr_moveit_config_h2515/share/dsr_moveit_config_h2515/hook/cmake_prefix_path.sh'
[3.005s] colcon.colcon_core.environment Level 1 checking '/home/jack/ros2_ws/install/dsr_moveit_config_h2515/bin'
[3.005s] colcon.colcon_core.environment Level 1 checking '/home/jack/ros2_ws/install/dsr_moveit_config_h2515/lib/pkgconfig/dsr_moveit_config_h2515.pc'
[3.009s] colcon.colcon_core.environment Level 1 checking '/home/jack/ros2_ws/install/dsr_moveit_config_h2515/lib/python3.10/site-packages'
[3.010s] colcon.colcon_core.environment Level 1 checking '/home/jack/ros2_ws/install/dsr_moveit_config_h2515/bin'
[3.013s] colcon.colcon_core.shell INFO Creating package script '/home/jack/ros2_ws/install/dsr_moveit_config_h2515/share/dsr_moveit_config_h2515/package.ps1'
[3.014s] colcon.colcon_core.shell INFO Creating package descriptor '/home/jack/ros2_ws/install/dsr_moveit_config_h2515/share/dsr_moveit_config_h2515/package.dsv'
[3.015s] colcon.colcon_core.shell INFO Creating package script '/home/jack/ros2_ws/install/dsr_moveit_config_h2515/share/dsr_moveit_config_h2515/package.sh'
[3.021s] colcon.colcon_core.shell INFO Creating package script '/home/jack/ros2_ws/install/dsr_moveit_config_h2515/share/dsr_moveit_config_h2515/package.bash'
[3.027s] colcon.colcon_core.shell INFO Creating package script '/home/jack/ros2_ws/install/dsr_moveit_config_h2515/share/dsr_moveit_config_h2515/package.zsh'
[3.028s] colcon.colcon_core.environment Level 1 create_file_with_runtime_dependencies(/home/jack/ros2_ws/install/dsr_moveit_config_h2515/share/colcon-core/packages/dsr_moveit_config_h2515)
[3.029s] colcon.colcon_core.environment Level 1 create_environment_scripts_only(dsr_moveit_config_h2515)
[3.029s] colcon.colcon_core.environment Level 1 checking '/home/jack/ros2_ws/install/dsr_moveit_config_h2515' for CMake module files
[3.030s] colcon.colcon_core.environment Level 1 checking '/home/jack/ros2_ws/install/dsr_moveit_config_h2515' for CMake config files
[3.039s] colcon.colcon_core.shell Level 1 create_environment_hook('dsr_moveit_config_h2515', 'cmake_prefix_path')
[3.041s] colcon.colcon_core.shell INFO Creating environment hook '/home/jack/ros2_ws/install/dsr_moveit_config_h2515/share/dsr_moveit_config_h2515/hook/cmake_prefix_path.ps1'
[3.042s] colcon.colcon_core.shell INFO Creating environment descriptor '/home/jack/ros2_ws/install/dsr_moveit_config_h2515/share/dsr_moveit_config_h2515/hook/cmake_prefix_path.dsv'
[3.043s] colcon.colcon_core.shell INFO Creating environment hook '/home/jack/ros2_ws/install/dsr_moveit_config_h2515/share/dsr_moveit_config_h2515/hook/cmake_prefix_path.sh'
[3.049s] colcon.colcon_core.environment Level 1 checking '/home/jack/ros2_ws/install/dsr_moveit_config_h2515/bin'
[3.049s] colcon.colcon_core.environment Level 1 checking '/home/jack/ros2_ws/install/dsr_moveit_config_h2515/lib/pkgconfig/dsr_moveit_config_h2515.pc'
[3.049s] colcon.colcon_core.environment Level 1 checking '/home/jack/ros2_ws/install/dsr_moveit_config_h2515/lib/python3.10/site-packages'
[3.050s] colcon.colcon_core.environment Level 1 checking '/home/jack/ros2_ws/install/dsr_moveit_config_h2515/bin'
[3.050s] colcon.colcon_core.shell INFO Creating package script '/home/jack/ros2_ws/install/dsr_moveit_config_h2515/share/dsr_moveit_config_h2515/package.ps1'
[3.055s] colcon.colcon_core.shell INFO Creating package descriptor '/home/jack/ros2_ws/install/dsr_moveit_config_h2515/share/dsr_moveit_config_h2515/package.dsv'
[3.062s] colcon.colcon_core.shell INFO Creating package script '/home/jack/ros2_ws/install/dsr_moveit_config_h2515/share/dsr_moveit_config_h2515/package.sh'
[3.062s] colcon.colcon_core.shell INFO Creating package script '/home/jack/ros2_ws/install/dsr_moveit_config_h2515/share/dsr_moveit_config_h2515/package.bash'
[3.063s] colcon.colcon_core.shell INFO Creating package script '/home/jack/ros2_ws/install/dsr_moveit_config_h2515/share/dsr_moveit_config_h2515/package.zsh'
[3.064s] colcon.colcon_core.environment Level 1 create_file_with_runtime_dependencies(/home/jack/ros2_ws/install/dsr_moveit_config_h2515/share/colcon-core/packages/dsr_moveit_config_h2515)
[3.071s] colcon.colcon_ros.task.ament_python.build INFO Building ROS package in '/home/jack/ros2_ws/src/DoosanBootcamp3rd/dsr_example2/dsr_visualservoing' with build type 'ament_python'
[3.072s] colcon.colcon_core.shell Level 1 create_environment_hook('dsr_visualservoing', 'ament_prefix_path')
[3.072s] colcon.colcon_core.shell INFO Creating environment hook '/home/jack/ros2_ws/install/dsr_visualservoing/share/dsr_visualservoing/hook/ament_prefix_path.ps1'
[3.073s] colcon.colcon_core.shell INFO Creating environment descriptor '/home/jack/ros2_ws/install/dsr_visualservoing/share/dsr_visualservoing/hook/ament_prefix_path.dsv'
[3.074s] colcon.colcon_core.shell INFO Creating environment hook '/home/jack/ros2_ws/install/dsr_visualservoing/share/dsr_visualservoing/hook/ament_prefix_path.sh'
[3.080s] colcon.colcon_core.shell INFO Skip shell extension 'powershell' for command environment: Not usable outside of PowerShell
[3.080s] colcon.colcon_core.shell DEBUG Skip shell extension 'dsv' for command environment
[3.811s] colcon.colcon_core.task.python.build INFO Building Python package in '/home/jack/ros2_ws/src/DoosanBootcamp3rd/dsr_example2/dsr_visualservoing'
[3.811s] colcon.colcon_core.shell INFO Skip shell extension 'powershell' for command environment: Not usable outside of PowerShell
[3.811s] colcon.colcon_core.shell DEBUG Skip shell extension 'dsv' for command environment
[3.825s] colcon.colcon_core.environment Level 1 create_environment_scripts_only(dsr_description2)
[3.826s] colcon.colcon_core.environment Level 1 checking '/home/jack/ros2_ws/install/dsr_description2' for CMake module files
[3.827s] colcon.colcon_core.environment Level 1 checking '/home/jack/ros2_ws/install/dsr_description2' for CMake config files
[3.832s] colcon.colcon_core.shell Level 1 create_environment_hook('dsr_description2', 'cmake_prefix_path')
[3.833s] colcon.colcon_core.shell INFO Creating environment hook '/home/jack/ros2_ws/install/dsr_description2/share/dsr_description2/hook/cmake_prefix_path.ps1'
[3.836s] colcon.colcon_core.shell INFO Creating environment descriptor '/home/jack/ros2_ws/install/dsr_description2/share/dsr_description2/hook/cmake_prefix_path.dsv'
[3.837s] colcon.colcon_core.shell INFO Creating environment hook '/home/jack/ros2_ws/install/dsr_description2/share/dsr_description2/hook/cmake_prefix_path.sh'
[3.839s] colcon.colcon_core.environment Level 1 checking '/home/jack/ros2_ws/install/dsr_description2/bin'
[3.839s] colcon.colcon_core.environment Level 1 checking '/home/jack/ros2_ws/install/dsr_description2/lib/pkgconfig/dsr_description2.pc'
[3.839s] colcon.colcon_core.environment Level 1 checking '/home/jack/ros2_ws/install/dsr_description2/lib/python3.10/site-packages'
[3.839s] colcon.colcon_core.environment Level 1 checking '/home/jack/ros2_ws/install/dsr_description2/bin'
[3.840s] colcon.colcon_core.shell INFO Creating package script '/home/jack/ros2_ws/install/dsr_description2/share/dsr_description2/package.ps1'
[3.844s] colcon.colcon_core.shell INFO Creating package descriptor '/home/jack/ros2_ws/install/dsr_description2/share/dsr_description2/package.dsv'
[3.846s] colcon.colcon_core.shell INFO Creating package script '/home/jack/ros2_ws/install/dsr_description2/share/dsr_description2/package.sh'
[3.847s] colcon.colcon_core.shell INFO Creating package script '/home/jack/ros2_ws/install/dsr_description2/share/dsr_description2/package.bash'
[3.847s] colcon.colcon_core.shell INFO Creating package script '/home/jack/ros2_ws/install/dsr_description2/share/dsr_description2/package.zsh'
[3.848s] colcon.colcon_core.environment Level 1 create_file_with_runtime_dependencies(/home/jack/ros2_ws/install/dsr_description2/share/colcon-core/packages/dsr_description2)
[3.849s] colcon.colcon_core.environment Level 1 create_environment_scripts_only(dsr_description2)
[3.850s] colcon.colcon_core.environment Level 1 checking '/home/jack/ros2_ws/install/dsr_description2' for CMake module files
[3.851s] colcon.colcon_core.environment Level 1 checking '/home/jack/ros2_ws/install/dsr_description2' for CMake config files
[3.853s] colcon.colcon_core.event_handler.log_command DEBUG Invoked command in '/home/jack/ros2_ws/build/dsr_description2' returned '0': CMAKE_PREFIX_PATH=/opt/ros/humble /usr/bin/cmake --install /home/jack/ros2_ws/build/dsr_description2
[3.854s] colcon.colcon_core.shell Level 1 create_environment_hook('dsr_description2', 'cmake_prefix_path')
[3.855s] colcon.colcon_core.shell INFO Creating environment hook '/home/jack/ros2_ws/install/dsr_description2/share/dsr_description2/hook/cmake_prefix_path.ps1'
[3.856s] colcon.colcon_core.shell INFO Creating environment descriptor '/home/jack/ros2_ws/install/dsr_description2/share/dsr_description2/hook/cmake_prefix_path.dsv'
[3.856s] colcon.colcon_core.shell INFO Creating environment hook '/home/jack/ros2_ws/install/dsr_description2/share/dsr_description2/hook/cmake_prefix_path.sh'
[3.857s] colcon.colcon_core.environment Level 1 checking '/home/jack/ros2_ws/install/dsr_description2/bin'
[3.857s] colcon.colcon_core.environment Level 1 checking '/home/jack/ros2_ws/install/dsr_description2/lib/pkgconfig/dsr_description2.pc'
[3.858s] colcon.colcon_core.environment Level 1 checking '/home/jack/ros2_ws/install/dsr_description2/lib/python3.10/site-packages'
[3.858s] colcon.colcon_core.environment Level 1 checking '/home/jack/ros2_ws/install/dsr_description2/bin'
[3.859s] colcon.colcon_core.shell INFO Creating package script '/home/jack/ros2_ws/install/dsr_description2/share/dsr_description2/package.ps1'
[3.860s] colcon.colcon_core.shell INFO Creating package descriptor '/home/jack/ros2_ws/install/dsr_description2/share/dsr_description2/package.dsv'
[3.861s] colcon.colcon_core.shell INFO Creating package script '/home/jack/ros2_ws/install/dsr_description2/share/dsr_description2/package.sh'
[3.861s] colcon.colcon_core.shell INFO Creating package script '/home/jack/ros2_ws/install/dsr_description2/share/dsr_description2/package.bash'
[3.862s] colcon.colcon_core.shell INFO Creating package script '/home/jack/ros2_ws/install/dsr_description2/share/dsr_description2/package.zsh'
[3.863s] colcon.colcon_core.environment Level 1 create_file_with_runtime_dependencies(/home/jack/ros2_ws/install/dsr_description2/share/colcon-core/packages/dsr_description2)
[3.866s] colcon.colcon_core.event_handler.log_command DEBUG Invoked command in '/home/jack/ros2_ws/build/dsr_moveit_config_m1509' returned '0': CMAKE_PREFIX_PATH=/opt/ros/humble /usr/bin/cmake /home/jack/ros2_ws/src/DoosanBootcamp3rd/dsr_moveit2/dsr_moveit_config_m1509 -DCMAKE_INSTALL_PREFIX=/home/jack/ros2_ws/install/dsr_moveit_config_m1509
[3.867s] colcon.colcon_core.event_handler.log_command DEBUG Invoking command in '/home/jack/ros2_ws/build/dsr_moveit_config_m1509': CMAKE_PREFIX_PATH=/opt/ros/humble /usr/bin/cmake --build /home/jack/ros2_ws/build/dsr_moveit_config_m1509 -- -j8 -l8
[3.868s] colcon.colcon_core.event_handler.log_command DEBUG Invoked command in '/home/jack/ros2_ws/build/dsr_moveit_config_m0617' returned '0': CMAKE_PREFIX_PATH=/opt/ros/humble /usr/bin/cmake /home/jack/ros2_ws/src/DoosanBootcamp3rd/dsr_moveit2/dsr_moveit_config_m0617 -DCMAKE_INSTALL_PREFIX=/home/jack/ros2_ws/install/dsr_moveit_config_m0617
[3.869s] colcon.colcon_core.event_handler.log_command DEBUG Invoking command in '/home/jack/ros2_ws/build/dsr_moveit_config_m0617': CMAKE_PREFIX_PATH=/opt/ros/humble /usr/bin/cmake --build /home/jack/ros2_ws/build/dsr_moveit_config_m0617 -- -j8 -l8
[3.879s] colcon.colcon_core.event_handler.log_command DEBUG Invoked command in '/home/jack/ros2_ws/build/dsr_moveit_config_m0609' returned '0': CMAKE_PREFIX_PATH=/opt/ros/humble /usr/bin/cmake /home/jack/ros2_ws/src/DoosanBootcamp3rd/dsr_moveit2/dsr_moveit_config_m0609 -DCMAKE_INSTALL_PREFIX=/home/jack/ros2_ws/install/dsr_moveit_config_m0609
[3.880s] colcon.colcon_core.event_handler.log_command DEBUG Invoking command in '/home/jack/ros2_ws/build/dsr_moveit_config_m0609': CMAKE_PREFIX_PATH=/opt/ros/humble /usr/bin/cmake --build /home/jack/ros2_ws/build/dsr_moveit_config_m0609 -- -j8 -l8
[3.884s] colcon.colcon_core.event_handler.log_command DEBUG Invoked command in '/home/jack/ros2_ws/build/dsr_moveit_config_m1013' returned '0': CMAKE_PREFIX_PATH=/opt/ros/humble /usr/bin/cmake /home/jack/ros2_ws/src/DoosanBootcamp3rd/dsr_moveit2/dsr_moveit_config_m1013 -DCMAKE_INSTALL_PREFIX=/home/jack/ros2_ws/install/dsr_moveit_config_m1013
[3.887s] colcon.colcon_core.event_handler.log_command DEBUG Invoking command in '/home/jack/ros2_ws/build/dsr_moveit_config_m1013': CMAKE_PREFIX_PATH=/opt/ros/humble /usr/bin/cmake --build /home/jack/ros2_ws/build/dsr_moveit_config_m1013 -- -j8 -l8
[3.894s] colcon.colcon_core.event_handler.log_command DEBUG Invoked command in '/home/jack/ros2_ws/build/dsr_moveit_config_p3020' returned '0': CMAKE_PREFIX_PATH=/opt/ros/humble /usr/bin/cmake /home/jack/ros2_ws/src/DoosanBootcamp3rd/dsr_moveit2/dsr_moveit_config_p3020 -DCMAKE_INSTALL_PREFIX=/home/jack/ros2_ws/install/dsr_moveit_config_p3020
[3.895s] colcon.colcon_core.event_handler.log_command DEBUG Invoking command in '/home/jack/ros2_ws/build/dsr_moveit_config_p3020': CMAKE_PREFIX_PATH=/opt/ros/humble /usr/bin/cmake --build /home/jack/ros2_ws/build/dsr_moveit_config_p3020 -- -j8 -l8
[3.896s] colcon.colcon_ros.task.catkin.build INFO Building ROS package in '/home/jack/ros2_ws/src/DoosanBootcamp3rd/dsr_rokey/od_msg' with build type 'catkin'
[3.896s] colcon.colcon_cmake.task.cmake.build INFO Building CMake package in '/home/jack/ros2_ws/src/DoosanBootcamp3rd/dsr_rokey/od_msg'
[3.897s] colcon.colcon_core.shell INFO Skip shell extension 'powershell' for command environment: Not usable outside of PowerShell
[3.897s] colcon.colcon_core.shell DEBUG Skip shell extension 'dsv' for command environment
[3.932s] colcon.colcon_core.event_handler.log_command DEBUG Invoking command in '/home/jack/ros2_ws/build/od_msg': /usr/bin/cmake /home/jack/ros2_ws/src/DoosanBootcamp3rd/dsr_rokey/od_msg -DCATKIN_INSTALL_INTO_PREFIX_ROOT=0 -DCMAKE_INSTALL_PREFIX=/home/jack/ros2_ws/install/od_msg
[3.965s] colcon.colcon_core.event_handler.log_command DEBUG Invoked command in '/home/jack/ros2_ws/build/dsr_moveit_config_m1509' returned '0': CMAKE_PREFIX_PATH=/opt/ros/humble /usr/bin/cmake --build /home/jack/ros2_ws/build/dsr_moveit_config_m1509 -- -j8 -l8
[3.966s] colcon.colcon_core.event_handler.log_command DEBUG Invoking command in '/home/jack/ros2_ws/build/dsr_moveit_config_m1509': CMAKE_PREFIX_PATH=/opt/ros/humble /usr/bin/cmake --install /home/jack/ros2_ws/build/dsr_moveit_config_m1509
[3.980s] colcon.colcon_core.event_handler.log_command DEBUG Invoked command in '/home/jack/ros2_ws/build/dsr_moveit_config_m0617' returned '0': CMAKE_PREFIX_PATH=/opt/ros/humble /usr/bin/cmake --build /home/jack/ros2_ws/build/dsr_moveit_config_m0617 -- -j8 -l8
[3.981s] colcon.colcon_core.event_handler.log_command DEBUG Invoking command in '/home/jack/ros2_ws/build/dsr_moveit_config_m0617': CMAKE_PREFIX_PATH=/opt/ros/humble /usr/bin/cmake --install /home/jack/ros2_ws/build/dsr_moveit_config_m0617
[4.008s] colcon.colcon_core.environment Level 1 create_environment_scripts_only(dsr_moveit_config_m1509)
[4.008s] colcon.colcon_core.environment Level 1 checking '/home/jack/ros2_ws/install/dsr_moveit_config_m1509' for CMake module files
[4.009s] colcon.colcon_core.environment Level 1 checking '/home/jack/ros2_ws/install/dsr_moveit_config_m1509' for CMake config files
[4.011s] colcon.colcon_core.event_handler.log_command DEBUG Invoked command in '/home/jack/ros2_ws/build/dsr_moveit_config_m1509' returned '0': CMAKE_PREFIX_PATH=/opt/ros/humble /usr/bin/cmake --install /home/jack/ros2_ws/build/dsr_moveit_config_m1509
[4.012s] colcon.colcon_core.shell Level 1 create_environment_hook('dsr_moveit_config_m1509', 'cmake_prefix_path')
[4.012s] colcon.colcon_core.shell INFO Creating environment hook '/home/jack/ros2_ws/install/dsr_moveit_config_m1509/share/dsr_moveit_config_m1509/hook/cmake_prefix_path.ps1'
[4.013s] colcon.colcon_core.shell INFO Creating environment descriptor '/home/jack/ros2_ws/install/dsr_moveit_config_m1509/share/dsr_moveit_config_m1509/hook/cmake_prefix_path.dsv'
[4.016s] colcon.colcon_core.shell INFO Creating environment hook '/home/jack/ros2_ws/install/dsr_moveit_config_m1509/share/dsr_moveit_config_m1509/hook/cmake_prefix_path.sh'
[4.017s] colcon.colcon_core.environment Level 1 checking '/home/jack/ros2_ws/install/dsr_moveit_config_m1509/bin'
[4.017s] colcon.colcon_core.environment Level 1 checking '/home/jack/ros2_ws/install/dsr_moveit_config_m1509/lib/pkgconfig/dsr_moveit_config_m1509.pc'
[4.017s] colcon.colcon_core.environment Level 1 checking '/home/jack/ros2_ws/install/dsr_moveit_config_m1509/lib/python3.10/site-packages'
[4.018s] colcon.colcon_core.environment Level 1 checking '/home/jack/ros2_ws/install/dsr_moveit_config_m1509/bin'
[4.018s] colcon.colcon_core.shell INFO Creating package script '/home/jack/ros2_ws/install/dsr_moveit_config_m1509/share/dsr_moveit_config_m1509/package.ps1'
[4.019s] colcon.colcon_core.shell INFO Creating package descriptor '/home/jack/ros2_ws/install/dsr_moveit_config_m1509/share/dsr_moveit_config_m1509/package.dsv'
[4.020s] colcon.colcon_core.shell INFO Creating package script '/home/jack/ros2_ws/install/dsr_moveit_config_m1509/share/dsr_moveit_config_m1509/package.sh'
[4.021s] colcon.colcon_core.shell INFO Creating package script '/home/jack/ros2_ws/install/dsr_moveit_config_m1509/share/dsr_moveit_config_m1509/package.bash'
[4.021s] colcon.colcon_core.shell INFO Creating package script '/home/jack/ros2_ws/install/dsr_moveit_config_m1509/share/dsr_moveit_config_m1509/package.zsh'
[4.022s] colcon.colcon_core.environment Level 1 create_file_with_runtime_dependencies(/home/jack/ros2_ws/install/dsr_moveit_config_m1509/share/colcon-core/packages/dsr_moveit_config_m1509)
[4.023s] colcon.colcon_core.environment Level 1 create_environment_scripts_only(dsr_moveit_config_m1509)
[4.023s] colcon.colcon_core.environment Level 1 checking '/home/jack/ros2_ws/install/dsr_moveit_config_m1509' for CMake module files
[4.024s] colcon.colcon_core.environment Level 1 checking '/home/jack/ros2_ws/install/dsr_moveit_config_m1509' for CMake config files
[4.024s] colcon.colcon_core.shell Level 1 create_environment_hook('dsr_moveit_config_m1509', 'cmake_prefix_path')
[4.025s] colcon.colcon_core.shell INFO Creating environment hook '/home/jack/ros2_ws/install/dsr_moveit_config_m1509/share/dsr_moveit_config_m1509/hook/cmake_prefix_path.ps1'
[4.025s] colcon.colcon_core.shell INFO Creating environment descriptor '/home/jack/ros2_ws/install/dsr_moveit_config_m1509/share/dsr_moveit_config_m1509/hook/cmake_prefix_path.dsv'
[4.026s] colcon.colcon_core.shell INFO Creating environment hook '/home/jack/ros2_ws/install/dsr_moveit_config_m1509/share/dsr_moveit_config_m1509/hook/cmake_prefix_path.sh'
[4.027s] colcon.colcon_core.environment Level 1 checking '/home/jack/ros2_ws/install/dsr_moveit_config_m1509/bin'
[4.027s] colcon.colcon_core.environment Level 1 checking '/home/jack/ros2_ws/install/dsr_moveit_config_m1509/lib/pkgconfig/dsr_moveit_config_m1509.pc'
[4.028s] colcon.colcon_core.environment Level 1 checking '/home/jack/ros2_ws/install/dsr_moveit_config_m1509/lib/python3.10/site-packages'
[4.028s] colcon.colcon_core.environment Level 1 checking '/home/jack/ros2_ws/install/dsr_moveit_config_m1509/bin'
[4.030s] colcon.colcon_core.shell INFO Creating package script '/home/jack/ros2_ws/install/dsr_moveit_config_m1509/share/dsr_moveit_config_m1509/package.ps1'
[4.031s] colcon.colcon_core.shell INFO Creating package descriptor '/home/jack/ros2_ws/install/dsr_moveit_config_m1509/share/dsr_moveit_config_m1509/package.dsv'
[4.031s] colcon.colcon_core.shell INFO Creating package script '/home/jack/ros2_ws/install/dsr_moveit_config_m1509/share/dsr_moveit_config_m1509/package.sh'
[4.032s] colcon.colcon_core.shell INFO Creating package script '/home/jack/ros2_ws/install/dsr_moveit_config_m1509/share/dsr_moveit_config_m1509/package.bash'
[4.033s] colcon.colcon_core.shell INFO Creating package script '/home/jack/ros2_ws/install/dsr_moveit_config_m1509/share/dsr_moveit_config_m1509/package.zsh'
[4.034s] colcon.colcon_core.environment Level 1 create_file_with_runtime_dependencies(/home/jack/ros2_ws/install/dsr_moveit_config_m1509/share/colcon-core/packages/dsr_moveit_config_m1509)
[4.054s] colcon.colcon_core.event_handler.log_command DEBUG Invoked command in '/home/jack/ros2_ws/build/dsr_moveit_config_m0609' returned '0': CMAKE_PREFIX_PATH=/opt/ros/humble /usr/bin/cmake --build /home/jack/ros2_ws/build/dsr_moveit_config_m0609 -- -j8 -l8
[4.055s] colcon.colcon_ros.task.ament_python.build INFO Building ROS package in '/home/jack/ros2_ws/src/DoosanBootcamp3rd/dsr_rokey/pick_and_place_text' with build type 'ament_python'
[4.056s] colcon.colcon_core.shell Level 1 create_environment_hook('pick_and_place_text', 'ament_prefix_path')
[4.056s] colcon.colcon_core.shell INFO Creating environment hook '/home/jack/ros2_ws/install/pick_and_place_text/share/pick_and_place_text/hook/ament_prefix_path.ps1'
[4.057s] colcon.colcon_core.shell INFO Creating environment descriptor '/home/jack/ros2_ws/install/pick_and_place_text/share/pick_and_place_text/hook/ament_prefix_path.dsv'
[4.057s] colcon.colcon_core.shell INFO Creating environment hook '/home/jack/ros2_ws/install/pick_and_place_text/share/pick_and_place_text/hook/ament_prefix_path.sh'
[4.058s] colcon.colcon_core.shell INFO Skip shell extension 'powershell' for command environment: Not usable outside of PowerShell
[4.058s] colcon.colcon_core.shell DEBUG Skip shell extension 'dsv' for command environment
[4.060s] colcon.colcon_core.event_handler.log_command DEBUG Invoking command in '/home/jack/ros2_ws/build/dsr_moveit_config_m0609': CMAKE_PREFIX_PATH=/opt/ros/humble /usr/bin/cmake --install /home/jack/ros2_ws/build/dsr_moveit_config_m0609
[4.061s] colcon.colcon_core.event_handler.log_command DEBUG Invoked command in '/home/jack/ros2_ws/build/dsr_moveit_config_m1013' returned '0': CMAKE_PREFIX_PATH=/opt/ros/humble /usr/bin/cmake --build /home/jack/ros2_ws/build/dsr_moveit_config_m1013 -- -j8 -l8
[4.061s] colcon.colcon_core.event_handler.log_command DEBUG Invoking command in '/home/jack/ros2_ws/build/dsr_moveit_config_m1013': CMAKE_PREFIX_PATH=/opt/ros/humble /usr/bin/cmake --install /home/jack/ros2_ws/build/dsr_moveit_config_m1013
[4.067s] colcon.colcon_core.event_handler.log_command DEBUG Invoked command in '/home/jack/ros2_ws/build/dsr_moveit_config_p3020' returned '0': CMAKE_PREFIX_PATH=/opt/ros/humble /usr/bin/cmake --build /home/jack/ros2_ws/build/dsr_moveit_config_p3020 -- -j8 -l8
[4.074s] colcon.colcon_core.environment Level 1 create_environment_scripts_only(dsr_moveit_config_m0617)
[4.075s] colcon.colcon_core.environment Level 1 checking '/home/jack/ros2_ws/install/dsr_moveit_config_m0617' for CMake module files
[4.076s] colcon.colcon_core.event_handler.log_command DEBUG Invoking command in '/home/jack/ros2_ws/build/dsr_moveit_config_p3020': CMAKE_PREFIX_PATH=/opt/ros/humble /usr/bin/cmake --install /home/jack/ros2_ws/build/dsr_moveit_config_p3020
[4.077s] colcon.colcon_core.event_handler.log_command DEBUG Invoked command in '/home/jack/ros2_ws/build/dsr_moveit_config_m0617' returned '0': CMAKE_PREFIX_PATH=/opt/ros/humble /usr/bin/cmake --install /home/jack/ros2_ws/build/dsr_moveit_config_m0617
[4.079s] colcon.colcon_core.environment Level 1 checking '/home/jack/ros2_ws/install/dsr_moveit_config_m0617' for CMake config files
[4.079s] colcon.colcon_core.shell Level 1 create_environment_hook('dsr_moveit_config_m0617', 'cmake_prefix_path')
[4.081s] colcon.colcon_core.shell INFO Creating environment hook '/home/jack/ros2_ws/install/dsr_moveit_config_m0617/share/dsr_moveit_config_m0617/hook/cmake_prefix_path.ps1'
[4.082s] colcon.colcon_core.shell INFO Creating environment descriptor '/home/jack/ros2_ws/install/dsr_moveit_config_m0617/share/dsr_moveit_config_m0617/hook/cmake_prefix_path.dsv'
[4.082s] colcon.colcon_core.shell INFO Creating environment hook '/home/jack/ros2_ws/install/dsr_moveit_config_m0617/share/dsr_moveit_config_m0617/hook/cmake_prefix_path.sh'
[4.086s] colcon.colcon_core.environment Level 1 checking '/home/jack/ros2_ws/install/dsr_moveit_config_m0617/bin'
[4.086s] colcon.colcon_core.environment Level 1 checking '/home/jack/ros2_ws/install/dsr_moveit_config_m0617/lib/pkgconfig/dsr_moveit_config_m0617.pc'
[4.086s] colcon.colcon_core.environment Level 1 checking '/home/jack/ros2_ws/install/dsr_moveit_config_m0617/lib/python3.10/site-packages'
[4.087s] colcon.colcon_core.environment Level 1 checking '/home/jack/ros2_ws/install/dsr_moveit_config_m0617/bin'
[4.087s] colcon.colcon_core.shell INFO Creating package script '/home/jack/ros2_ws/install/dsr_moveit_config_m0617/share/dsr_moveit_config_m0617/package.ps1'
[4.088s] colcon.colcon_core.shell INFO Creating package descriptor '/home/jack/ros2_ws/install/dsr_moveit_config_m0617/share/dsr_moveit_config_m0617/package.dsv'
[4.089s] colcon.colcon_core.shell INFO Creating package script '/home/jack/ros2_ws/install/dsr_moveit_config_m0617/share/dsr_moveit_config_m0617/package.sh'
[4.090s] colcon.colcon_core.shell INFO Creating package script '/home/jack/ros2_ws/install/dsr_moveit_config_m0617/share/dsr_moveit_config_m0617/package.bash'
[4.090s] colcon.colcon_core.shell INFO Creating package script '/home/jack/ros2_ws/install/dsr_moveit_config_m0617/share/dsr_moveit_config_m0617/package.zsh'
[4.091s] colcon.colcon_core.environment Level 1 create_file_with_runtime_dependencies(/home/jack/ros2_ws/install/dsr_moveit_config_m0617/share/colcon-core/packages/dsr_moveit_config_m0617)
[4.092s] colcon.colcon_core.environment Level 1 create_environment_scripts_only(dsr_moveit_config_m0617)
[4.093s] colcon.colcon_core.environment Level 1 checking '/home/jack/ros2_ws/install/dsr_moveit_config_m0617' for CMake module files
[4.094s] colcon.colcon_core.environment Level 1 checking '/home/jack/ros2_ws/install/dsr_moveit_config_m0617' for CMake config files
[4.094s] colcon.colcon_core.shell Level 1 create_environment_hook('dsr_moveit_config_m0617', 'cmake_prefix_path')
[4.095s] colcon.colcon_core.shell INFO Creating environment hook '/home/jack/ros2_ws/install/dsr_moveit_config_m0617/share/dsr_moveit_config_m0617/hook/cmake_prefix_path.ps1'
[4.096s] colcon.colcon_core.shell INFO Creating environment descriptor '/home/jack/ros2_ws/install/dsr_moveit_config_m0617/share/dsr_moveit_config_m0617/hook/cmake_prefix_path.dsv'
[4.097s] colcon.colcon_core.shell INFO Creating environment hook '/home/jack/ros2_ws/install/dsr_moveit_config_m0617/share/dsr_moveit_config_m0617/hook/cmake_prefix_path.sh'
[4.098s] colcon.colcon_core.environment Level 1 checking '/home/jack/ros2_ws/install/dsr_moveit_config_m0617/bin'
[4.098s] colcon.colcon_core.environment Level 1 checking '/home/jack/ros2_ws/install/dsr_moveit_config_m0617/lib/pkgconfig/dsr_moveit_config_m0617.pc'
[4.099s] colcon.colcon_core.environment Level 1 checking '/home/jack/ros2_ws/install/dsr_moveit_config_m0617/lib/python3.10/site-packages'
[4.100s] colcon.colcon_core.environment Level 1 checking '/home/jack/ros2_ws/install/dsr_moveit_config_m0617/bin'
[4.100s] colcon.colcon_core.shell INFO Creating package script '/home/jack/ros2_ws/install/dsr_moveit_config_m0617/share/dsr_moveit_config_m0617/package.ps1'
[4.101s] colcon.colcon_core.shell INFO Creating package descriptor '/home/jack/ros2_ws/install/dsr_moveit_config_m0617/share/dsr_moveit_config_m0617/package.dsv'
[4.102s] colcon.colcon_core.shell INFO Creating package script '/home/jack/ros2_ws/install/dsr_moveit_config_m0617/share/dsr_moveit_config_m0617/package.sh'
[4.103s] colcon.colcon_core.shell INFO Creating package script '/home/jack/ros2_ws/install/dsr_moveit_config_m0617/share/dsr_moveit_config_m0617/package.bash'
[4.104s] colcon.colcon_core.shell INFO Creating package script '/home/jack/ros2_ws/install/dsr_moveit_config_m0617/share/dsr_moveit_config_m0617/package.zsh'
[4.104s] colcon.colcon_core.environment Level 1 create_file_with_runtime_dependencies(/home/jack/ros2_ws/install/dsr_moveit_config_m0617/share/colcon-core/packages/dsr_moveit_config_m0617)
[4.106s] colcon.colcon_ros.task.ament_python.build INFO Building ROS package in '/home/jack/ros2_ws/src/DoosanBootcamp3rd/dsr_rokey/pick_and_place_voice' with build type 'ament_python'
[4.107s] colcon.colcon_core.shell Level 1 create_environment_hook('pick_and_place_voice', 'ament_prefix_path')
[4.107s] colcon.colcon_core.shell INFO Creating environment hook '/home/jack/ros2_ws/install/pick_and_place_voice/share/pick_and_place_voice/hook/ament_prefix_path.ps1'
[4.108s] colcon.colcon_core.shell INFO Creating environment descriptor '/home/jack/ros2_ws/install/pick_and_place_voice/share/pick_and_place_voice/hook/ament_prefix_path.dsv'
[4.109s] colcon.colcon_core.shell INFO Creating environment hook '/home/jack/ros2_ws/install/pick_and_place_voice/share/pick_and_place_voice/hook/ament_prefix_path.sh'
[4.110s] colcon.colcon_core.shell INFO Skip shell extension 'powershell' for command environment: Not usable outside of PowerShell
[4.110s] colcon.colcon_core.shell DEBUG Skip shell extension 'dsv' for command environment
[4.125s] colcon.colcon_core.environment Level 1 create_environment_scripts_only(dsr_moveit_config_m0609)
[4.126s] colcon.colcon_core.environment Level 1 checking '/home/jack/ros2_ws/install/dsr_moveit_config_m0609' for CMake module files
[4.126s] colcon.colcon_core.environment Level 1 checking '/home/jack/ros2_ws/install/dsr_moveit_config_m0609' for CMake config files
[4.127s] colcon.colcon_core.shell Level 1 create_environment_hook('dsr_moveit_config_m0609', 'cmake_prefix_path')
[4.127s] colcon.colcon_core.shell INFO Creating environment hook '/home/jack/ros2_ws/install/dsr_moveit_config_m0609/share/dsr_moveit_config_m0609/hook/cmake_prefix_path.ps1'
[4.128s] colcon.colcon_core.shell INFO Creating environment descriptor '/home/jack/ros2_ws/install/dsr_moveit_config_m0609/share/dsr_moveit_config_m0609/hook/cmake_prefix_path.dsv'
[4.133s] colcon.colcon_core.shell INFO Creating environment hook '/home/jack/ros2_ws/install/dsr_moveit_config_m0609/share/dsr_moveit_config_m0609/hook/cmake_prefix_path.sh'
[4.134s] colcon.colcon_core.environment Level 1 checking '/home/jack/ros2_ws/install/dsr_moveit_config_m0609/bin'
[4.134s] colcon.colcon_core.environment Level 1 checking '/home/jack/ros2_ws/install/dsr_moveit_config_m0609/lib/pkgconfig/dsr_moveit_config_m0609.pc'
[4.134s] colcon.colcon_core.environment Level 1 checking '/home/jack/ros2_ws/install/dsr_moveit_config_m0609/lib/python3.10/site-packages'
[4.135s] colcon.colcon_core.environment Level 1 checking '/home/jack/ros2_ws/install/dsr_moveit_config_m0609/bin'
[4.135s] colcon.colcon_core.shell INFO Creating package script '/home/jack/ros2_ws/install/dsr_moveit_config_m0609/share/dsr_moveit_config_m0609/package.ps1'
[4.136s] colcon.colcon_core.shell INFO Creating package descriptor '/home/jack/ros2_ws/install/dsr_moveit_config_m0609/share/dsr_moveit_config_m0609/package.dsv'
[4.139s] colcon.colcon_core.shell INFO Creating package script '/home/jack/ros2_ws/install/dsr_moveit_config_m0609/share/dsr_moveit_config_m0609/package.sh'
[4.140s] colcon.colcon_core.shell INFO Creating package script '/home/jack/ros2_ws/install/dsr_moveit_config_m0609/share/dsr_moveit_config_m0609/package.bash'
[4.141s] colcon.colcon_core.shell INFO Creating package script '/home/jack/ros2_ws/install/dsr_moveit_config_m0609/share/dsr_moveit_config_m0609/package.zsh'
[4.142s] colcon.colcon_core.environment Level 1 create_file_with_runtime_dependencies(/home/jack/ros2_ws/install/dsr_moveit_config_m0609/share/colcon-core/packages/dsr_moveit_config_m0609)
[4.140s] colcon.colcon_core.event_handler.log_command DEBUG Invoked command in '/home/jack/ros2_ws/build/dsr_moveit_config_m0609' returned '0': CMAKE_PREFIX_PATH=/opt/ros/humble /usr/bin/cmake --install /home/jack/ros2_ws/build/dsr_moveit_config_m0609
[4.143s] colcon.colcon_core.environment Level 1 create_environment_scripts_only(dsr_moveit_config_m0609)
[4.145s] colcon.colcon_core.environment Level 1 checking '/home/jack/ros2_ws/install/dsr_moveit_config_m0609' for CMake module files
[4.145s] colcon.colcon_core.environment Level 1 checking '/home/jack/ros2_ws/install/dsr_moveit_config_m0609' for CMake config files
[4.146s] colcon.colcon_core.shell Level 1 create_environment_hook('dsr_moveit_config_m0609', 'cmake_prefix_path')
[4.146s] colcon.colcon_core.shell INFO Creating environment hook '/home/jack/ros2_ws/install/dsr_moveit_config_m0609/share/dsr_moveit_config_m0609/hook/cmake_prefix_path.ps1'
[4.147s] colcon.colcon_core.shell INFO Creating environment descriptor '/home/jack/ros2_ws/install/dsr_moveit_config_m0609/share/dsr_moveit_config_m0609/hook/cmake_prefix_path.dsv'
[4.149s] colcon.colcon_core.shell INFO Creating environment hook '/home/jack/ros2_ws/install/dsr_moveit_config_m0609/share/dsr_moveit_config_m0609/hook/cmake_prefix_path.sh'
[4.150s] colcon.colcon_core.environment Level 1 checking '/home/jack/ros2_ws/install/dsr_moveit_config_m0609/bin'
[4.150s] colcon.colcon_core.environment Level 1 checking '/home/jack/ros2_ws/install/dsr_moveit_config_m0609/lib/pkgconfig/dsr_moveit_config_m0609.pc'
[4.151s] colcon.colcon_core.environment Level 1 checking '/home/jack/ros2_ws/install/dsr_moveit_config_m0609/lib/python3.10/site-packages'
[4.151s] colcon.colcon_core.environment Level 1 checking '/home/jack/ros2_ws/install/dsr_moveit_config_m0609/bin'
[4.152s] colcon.colcon_core.shell INFO Creating package script '/home/jack/ros2_ws/install/dsr_moveit_config_m0609/share/dsr_moveit_config_m0609/package.ps1'
[4.152s] colcon.colcon_core.shell INFO Creating package descriptor '/home/jack/ros2_ws/install/dsr_moveit_config_m0609/share/dsr_moveit_config_m0609/package.dsv'
[4.153s] colcon.colcon_core.shell INFO Creating package script '/home/jack/ros2_ws/install/dsr_moveit_config_m0609/share/dsr_moveit_config_m0609/package.sh'
[4.154s] colcon.colcon_core.shell INFO Creating package script '/home/jack/ros2_ws/install/dsr_moveit_config_m0609/share/dsr_moveit_config_m0609/package.bash'
[4.155s] colcon.colcon_core.shell INFO Creating package script '/home/jack/ros2_ws/install/dsr_moveit_config_m0609/share/dsr_moveit_config_m0609/package.zsh'
[4.155s] colcon.colcon_core.environment Level 1 create_file_with_runtime_dependencies(/home/jack/ros2_ws/install/dsr_moveit_config_m0609/share/colcon-core/packages/dsr_moveit_config_m0609)
[4.156s] colcon.colcon_core.environment Level 1 create_environment_scripts_only(dsr_moveit_config_m1013)
[4.157s] colcon.colcon_core.event_handler.log_command DEBUG Invoked command in '/home/jack/ros2_ws/build/dsr_moveit_config_m1013' returned '0': CMAKE_PREFIX_PATH=/opt/ros/humble /usr/bin/cmake --install /home/jack/ros2_ws/build/dsr_moveit_config_m1013
[4.158s] colcon.colcon_core.environment Level 1 checking '/home/jack/ros2_ws/install/dsr_moveit_config_m1013' for CMake module files
[4.159s] colcon.colcon_core.environment Level 1 checking '/home/jack/ros2_ws/install/dsr_moveit_config_m1013' for CMake config files
[4.159s] colcon.colcon_core.shell Level 1 create_environment_hook('dsr_moveit_config_m1013', 'cmake_prefix_path')
[4.160s] colcon.colcon_core.shell INFO Creating environment hook '/home/jack/ros2_ws/install/dsr_moveit_config_m1013/share/dsr_moveit_config_m1013/hook/cmake_prefix_path.ps1'
[4.164s] colcon.colcon_core.shell INFO Creating environment descriptor '/home/jack/ros2_ws/install/dsr_moveit_config_m1013/share/dsr_moveit_config_m1013/hook/cmake_prefix_path.dsv'
[4.164s] colcon.colcon_core.shell INFO Creating environment hook '/home/jack/ros2_ws/install/dsr_moveit_config_m1013/share/dsr_moveit_config_m1013/hook/cmake_prefix_path.sh'
[4.166s] colcon.colcon_core.environment Level 1 checking '/home/jack/ros2_ws/install/dsr_moveit_config_m1013/bin'
[4.166s] colcon.colcon_core.environment Level 1 checking '/home/jack/ros2_ws/install/dsr_moveit_config_m1013/lib/pkgconfig/dsr_moveit_config_m1013.pc'
[4.167s] colcon.colcon_core.environment Level 1 checking '/home/jack/ros2_ws/install/dsr_moveit_config_m1013/lib/python3.10/site-packages'
[4.167s] colcon.colcon_core.environment Level 1 checking '/home/jack/ros2_ws/install/dsr_moveit_config_m1013/bin'
[4.168s] colcon.colcon_core.shell INFO Creating package script '/home/jack/ros2_ws/install/dsr_moveit_config_m1013/share/dsr_moveit_config_m1013/package.ps1'
[4.168s] colcon.colcon_core.shell INFO Creating package descriptor '/home/jack/ros2_ws/install/dsr_moveit_config_m1013/share/dsr_moveit_config_m1013/package.dsv'
[4.169s] colcon.colcon_core.shell INFO Creating package script '/home/jack/ros2_ws/install/dsr_moveit_config_m1013/share/dsr_moveit_config_m1013/package.sh'
[4.170s] colcon.colcon_core.shell INFO Creating package script '/home/jack/ros2_ws/install/dsr_moveit_config_m1013/share/dsr_moveit_config_m1013/package.bash'
[4.170s] colcon.colcon_core.shell INFO Creating package script '/home/jack/ros2_ws/install/dsr_moveit_config_m1013/share/dsr_moveit_config_m1013/package.zsh'
[4.175s] colcon.colcon_core.environment Level 1 create_file_with_runtime_dependencies(/home/jack/ros2_ws/install/dsr_moveit_config_m1013/share/colcon-core/packages/dsr_moveit_config_m1013)
[4.176s] colcon.colcon_core.environment Level 1 create_environment_scripts_only(dsr_moveit_config_m1013)
[4.177s] colcon.colcon_core.environment Level 1 checking '/home/jack/ros2_ws/install/dsr_moveit_config_m1013' for CMake module files
[4.177s] colcon.colcon_core.environment Level 1 checking '/home/jack/ros2_ws/install/dsr_moveit_config_m1013' for CMake config files
[4.179s] colcon.colcon_core.shell Level 1 create_environment_hook('dsr_moveit_config_m1013', 'cmake_prefix_path')
[4.182s] colcon.colcon_core.shell INFO Creating environment hook '/home/jack/ros2_ws/install/dsr_moveit_config_m1013/share/dsr_moveit_config_m1013/hook/cmake_prefix_path.ps1'
[4.182s] colcon.colcon_core.shell INFO Creating environment descriptor '/home/jack/ros2_ws/install/dsr_moveit_config_m1013/share/dsr_moveit_config_m1013/hook/cmake_prefix_path.dsv'
[4.183s] colcon.colcon_core.shell INFO Creating environment hook '/home/jack/ros2_ws/install/dsr_moveit_config_m1013/share/dsr_moveit_config_m1013/hook/cmake_prefix_path.sh'
[4.184s] colcon.colcon_core.environment Level 1 checking '/home/jack/ros2_ws/install/dsr_moveit_config_m1013/bin'
[4.184s] colcon.colcon_core.environment Level 1 checking '/home/jack/ros2_ws/install/dsr_moveit_config_m1013/lib/pkgconfig/dsr_moveit_config_m1013.pc'
[4.184s] colcon.colcon_core.environment Level 1 checking '/home/jack/ros2_ws/install/dsr_moveit_config_m1013/lib/python3.10/site-packages'
[4.185s] colcon.colcon_core.environment Level 1 checking '/home/jack/ros2_ws/install/dsr_moveit_config_m1013/bin'
[4.185s] colcon.colcon_core.shell INFO Creating package script '/home/jack/ros2_ws/install/dsr_moveit_config_m1013/share/dsr_moveit_config_m1013/package.ps1'
[4.186s] colcon.colcon_core.shell INFO Creating package descriptor '/home/jack/ros2_ws/install/dsr_moveit_config_m1013/share/dsr_moveit_config_m1013/package.dsv'
[4.187s] colcon.colcon_core.shell INFO Creating package script '/home/jack/ros2_ws/install/dsr_moveit_config_m1013/share/dsr_moveit_config_m1013/package.sh'
[4.188s] colcon.colcon_core.shell INFO Creating package script '/home/jack/ros2_ws/install/dsr_moveit_config_m1013/share/dsr_moveit_config_m1013/package.bash'
[4.189s] colcon.colcon_core.shell INFO Creating package script '/home/jack/ros2_ws/install/dsr_moveit_config_m1013/share/dsr_moveit_config_m1013/package.zsh'
[4.189s] colcon.colcon_core.environment Level 1 create_file_with_runtime_dependencies(/home/jack/ros2_ws/install/dsr_moveit_config_m1013/share/colcon-core/packages/dsr_moveit_config_m1013)
[4.191s] colcon.colcon_ros.task.ament_python.build INFO Building ROS package in '/home/jack/ros2_ws/src/DoosanBootcamp3rd/dsr_rokey/rokey' with build type 'ament_python'
[4.192s] colcon.colcon_core.shell Level 1 create_environment_hook('rokey', 'ament_prefix_path')
[4.192s] colcon.colcon_core.shell INFO Creating environment hook '/home/jack/ros2_ws/install/rokey/share/rokey/hook/ament_prefix_path.ps1'
[4.193s] colcon.colcon_core.shell INFO Creating environment descriptor '/home/jack/ros2_ws/install/rokey/share/rokey/hook/ament_prefix_path.dsv'
[4.194s] colcon.colcon_core.shell INFO Creating environment hook '/home/jack/ros2_ws/install/rokey/share/rokey/hook/ament_prefix_path.sh'
[4.194s] colcon.colcon_core.shell INFO Skip shell extension 'powershell' for command environment: Not usable outside of PowerShell
[4.195s] colcon.colcon_core.shell DEBUG Skip shell extension 'dsv' for command environment
[4.204s] colcon.colcon_ros.task.ament_python.build INFO Building ROS package in '/home/jack/ros2_ws/src/DoosanBootcamp3rd/dsr_example2/dsr_example' with build type 'ament_python'
[4.204s] colcon.colcon_core.shell Level 1 create_environment_hook('dsr_example', 'ament_prefix_path')
[4.205s] colcon.colcon_core.shell INFO Creating environment hook '/home/jack/ros2_ws/install/dsr_example/share/dsr_example/hook/ament_prefix_path.ps1'
[4.206s] colcon.colcon_core.shell INFO Creating environment descriptor '/home/jack/ros2_ws/install/dsr_example/share/dsr_example/hook/ament_prefix_path.dsv'
[4.206s] colcon.colcon_core.shell INFO Creating environment hook '/home/jack/ros2_ws/install/dsr_example/share/dsr_example/hook/ament_prefix_path.sh'
[4.207s] colcon.colcon_core.shell INFO Skip shell extension 'powershell' for command environment: Not usable outside of PowerShell
[4.207s] colcon.colcon_core.shell DEBUG Skip shell extension 'dsv' for command environment
[4.889s] colcon.colcon_ros.task.ament_python.build WARNING Package 'pick_and_place_text' doesn't explicitly install a marker in the package index (colcon-ros currently does it implicitly but that fallback will be removed in the future)
[4.890s] colcon.colcon_core.task.python.build INFO Building Python package in '/home/jack/ros2_ws/src/DoosanBootcamp3rd/dsr_rokey/pick_and_place_text'
[4.891s] colcon.colcon_core.shell INFO Skip shell extension 'powershell' for command environment: Not usable outside of PowerShell
[4.891s] colcon.colcon_core.shell DEBUG Skip shell extension 'dsv' for command environment
[4.901s] colcon.colcon_core.environment Level 1 create_environment_scripts_only(dsr_moveit_config_p3020)
[4.901s] colcon.colcon_core.event_handler.log_command DEBUG Invoked command in '/home/jack/ros2_ws/build/dsr_moveit_config_p3020' returned '0': CMAKE_PREFIX_PATH=/opt/ros/humble /usr/bin/cmake --install /home/jack/ros2_ws/build/dsr_moveit_config_p3020
[4.902s] colcon.colcon_core.environment Level 1 checking '/home/jack/ros2_ws/install/dsr_moveit_config_p3020' for CMake module files
[4.903s] colcon.colcon_core.environment Level 1 checking '/home/jack/ros2_ws/install/dsr_moveit_config_p3020' for CMake config files
[4.903s] colcon.colcon_core.shell Level 1 create_environment_hook('dsr_moveit_config_p3020', 'cmake_prefix_path')
[4.904s] colcon.colcon_core.shell INFO Creating environment hook '/home/jack/ros2_ws/install/dsr_moveit_config_p3020/share/dsr_moveit_config_p3020/hook/cmake_prefix_path.ps1'
[4.904s] colcon.colcon_core.shell INFO Creating environment descriptor '/home/jack/ros2_ws/install/dsr_moveit_config_p3020/share/dsr_moveit_config_p3020/hook/cmake_prefix_path.dsv'
[4.905s] colcon.colcon_core.shell INFO Creating environment hook '/home/jack/ros2_ws/install/dsr_moveit_config_p3020/share/dsr_moveit_config_p3020/hook/cmake_prefix_path.sh'
[4.906s] colcon.colcon_core.environment Level 1 checking '/home/jack/ros2_ws/install/dsr_moveit_config_p3020/bin'
[4.906s] colcon.colcon_core.environment Level 1 checking '/home/jack/ros2_ws/install/dsr_moveit_config_p3020/lib/pkgconfig/dsr_moveit_config_p3020.pc'
[4.907s] colcon.colcon_core.environment Level 1 checking '/home/jack/ros2_ws/install/dsr_moveit_config_p3020/lib/python3.10/site-packages'
[4.907s] colcon.colcon_core.environment Level 1 checking '/home/jack/ros2_ws/install/dsr_moveit_config_p3020/bin'
[4.907s] colcon.colcon_core.shell INFO Creating package script '/home/jack/ros2_ws/install/dsr_moveit_config_p3020/share/dsr_moveit_config_p3020/package.ps1'
[4.908s] colcon.colcon_core.shell INFO Creating package descriptor '/home/jack/ros2_ws/install/dsr_moveit_config_p3020/share/dsr_moveit_config_p3020/package.dsv'
[4.909s] colcon.colcon_core.shell INFO Creating package script '/home/jack/ros2_ws/install/dsr_moveit_config_p3020/share/dsr_moveit_config_p3020/package.sh'
[4.909s] colcon.colcon_core.shell INFO Creating package script '/home/jack/ros2_ws/install/dsr_moveit_config_p3020/share/dsr_moveit_config_p3020/package.bash'
[4.910s] colcon.colcon_core.shell INFO Creating package script '/home/jack/ros2_ws/install/dsr_moveit_config_p3020/share/dsr_moveit_config_p3020/package.zsh'
[4.911s] colcon.colcon_core.environment Level 1 create_file_with_runtime_dependencies(/home/jack/ros2_ws/install/dsr_moveit_config_p3020/share/colcon-core/packages/dsr_moveit_config_p3020)
[4.912s] colcon.colcon_core.environment Level 1 create_environment_scripts_only(dsr_moveit_config_p3020)
[4.912s] colcon.colcon_core.environment Level 1 checking '/home/jack/ros2_ws/install/dsr_moveit_config_p3020' for CMake module files
[4.913s] colcon.colcon_core.environment Level 1 checking '/home/jack/ros2_ws/install/dsr_moveit_config_p3020' for CMake config files
[4.913s] colcon.colcon_core.shell Level 1 create_environment_hook('dsr_moveit_config_p3020', 'cmake_prefix_path')
[4.914s] colcon.colcon_core.shell INFO Creating environment hook '/home/jack/ros2_ws/install/dsr_moveit_config_p3020/share/dsr_moveit_config_p3020/hook/cmake_prefix_path.ps1'
[4.914s] colcon.colcon_core.shell INFO Creating environment descriptor '/home/jack/ros2_ws/install/dsr_moveit_config_p3020/share/dsr_moveit_config_p3020/hook/cmake_prefix_path.dsv'
[4.915s] colcon.colcon_core.shell INFO Creating environment hook '/home/jack/ros2_ws/install/dsr_moveit_config_p3020/share/dsr_moveit_config_p3020/hook/cmake_prefix_path.sh'
[4.916s] colcon.colcon_core.environment Level 1 checking '/home/jack/ros2_ws/install/dsr_moveit_config_p3020/bin'
[4.916s] colcon.colcon_core.environment Level 1 checking '/home/jack/ros2_ws/install/dsr_moveit_config_p3020/lib/pkgconfig/dsr_moveit_config_p3020.pc'
[4.917s] colcon.colcon_core.environment Level 1 checking '/home/jack/ros2_ws/install/dsr_moveit_config_p3020/lib/python3.10/site-packages'
[4.917s] colcon.colcon_core.environment Level 1 checking '/home/jack/ros2_ws/install/dsr_moveit_config_p3020/bin'
[4.918s] colcon.colcon_core.shell INFO Creating package script '/home/jack/ros2_ws/install/dsr_moveit_config_p3020/share/dsr_moveit_config_p3020/package.ps1'
[4.918s] colcon.colcon_core.shell INFO Creating package descriptor '/home/jack/ros2_ws/install/dsr_moveit_config_p3020/share/dsr_moveit_config_p3020/package.dsv'
[4.919s] colcon.colcon_core.shell INFO Creating package script '/home/jack/ros2_ws/install/dsr_moveit_config_p3020/share/dsr_moveit_config_p3020/package.sh'
[4.920s] colcon.colcon_core.shell INFO Creating package script '/home/jack/ros2_ws/install/dsr_moveit_config_p3020/share/dsr_moveit_config_p3020/package.bash'
[4.921s] colcon.colcon_core.shell INFO Creating package script '/home/jack/ros2_ws/install/dsr_moveit_config_p3020/share/dsr_moveit_config_p3020/package.zsh'
[4.921s] colcon.colcon_core.environment Level 1 create_file_with_runtime_dependencies(/home/jack/ros2_ws/install/dsr_moveit_config_p3020/share/colcon-core/packages/dsr_moveit_config_p3020)
[4.926s] colcon.colcon_ros.task.ament_cmake.build INFO Building ROS package in '/home/jack/ros2_ws/src/DoosanBootcamp3rd/dsr_gazebo2' with build type 'ament_cmake'
[4.926s] colcon.colcon_cmake.task.cmake.build INFO Building CMake package in '/home/jack/ros2_ws/src/DoosanBootcamp3rd/dsr_gazebo2'
[4.927s] colcon.colcon_core.shell INFO Skip shell extension 'powershell' for command environment: Not usable outside of PowerShell
[4.927s] colcon.colcon_core.shell DEBUG Skip shell extension 'dsv' for command environment
[5.515s] colcon.colcon_ros.task.ament_python.build WARNING Package 'pick_and_place_voice' doesn't explicitly install a marker in the package index (colcon-ros currently does it implicitly but that fallback will be removed in the future)
[5.519s] colcon.colcon_core.task.python.build INFO Building Python package in '/home/jack/ros2_ws/src/DoosanBootcamp3rd/dsr_rokey/pick_and_place_voice'
[5.519s] colcon.colcon_core.shell INFO Skip shell extension 'powershell' for command environment: Not usable outside of PowerShell
[5.520s] colcon.colcon_core.shell DEBUG Skip shell extension 'dsv' for command environment
[6.118s] colcon.colcon_core.task.python.build INFO Building Python package in '/home/jack/ros2_ws/src/DoosanBootcamp3rd/dsr_rokey/rokey'
[6.119s] colcon.colcon_core.shell INFO Skip shell extension 'powershell' for command environment: Not usable outside of PowerShell
[6.119s] colcon.colcon_core.shell DEBUG Skip shell extension 'dsv' for command environment
[6.660s] colcon.colcon_core.task.python.build INFO Building Python package in '/home/jack/ros2_ws/src/DoosanBootcamp3rd/dsr_example2/dsr_example'
[6.661s] colcon.colcon_core.shell INFO Skip shell extension 'powershell' for command environment: Not usable outside of PowerShell
[6.661s] colcon.colcon_core.shell DEBUG Skip shell extension 'dsv' for command environment
[6.670s] colcon.colcon_core.event_handler.log_command DEBUG Invoking command in '/home/jack/ros2_ws/src/DoosanBootcamp3rd/dsr_example2/dsr_visualservoing': PYTHONPATH=/home/jack/ros2_ws/build/dsr_visualservoing/prefix_override:/home/jack/.local/lib/python3.10/site-packages/colcon_core/task/python/colcon_distutils_commands:/home/jack/ros2_ws/install/dsr_visualservoing/lib/python3.10/site-packages:${PYTHONPATH} /usr/bin/python3 -W ignore:setup.py install is deprecated -W ignore:easy_install command is deprecated setup.py egg_info --egg-base ../../../../build/dsr_visualservoing build --build-base /home/jack/ros2_ws/build/dsr_visualservoing/build install --record /home/jack/ros2_ws/build/dsr_visualservoing/install.log --single-version-externally-managed install_data
[6.680s] colcon.colcon_core.event_handler.log_command DEBUG Invoking command in '/home/jack/ros2_ws/build/dsr_gazebo2': AMENT_PREFIX_PATH=/home/jack/ros2_ws/install/dsr_description2:${AMENT_PREFIX_PATH} CMAKE_PREFIX_PATH=/home/jack/ros2_ws/install/dsr_description2:/opt/ros/humble /usr/bin/cmake /home/jack/ros2_ws/src/DoosanBootcamp3rd/dsr_gazebo2 -DCMAKE_INSTALL_PREFIX=/home/jack/ros2_ws/install/dsr_gazebo2
[6.801s] colcon.colcon_core.event_handler.log_command DEBUG Invoked command in '/home/jack/ros2_ws/build/od_msg' returned '0': /usr/bin/cmake /home/jack/ros2_ws/src/DoosanBootcamp3rd/dsr_rokey/od_msg -DCATKIN_INSTALL_INTO_PREFIX_ROOT=0 -DCMAKE_INSTALL_PREFIX=/home/jack/ros2_ws/install/od_msg
[6.811s] colcon.colcon_core.event_handler.log_command DEBUG Invoking command in '/home/jack/ros2_ws/build/od_msg': /usr/bin/cmake --build /home/jack/ros2_ws/build/od_msg -- -j8 -l8
[7.523s] colcon.colcon_core.environment Level 1 checking '/home/jack/ros2_ws/install/dsr_visualservoing' for CMake module files
[7.523s] colcon.colcon_core.environment Level 1 checking '/home/jack/ros2_ws/install/dsr_visualservoing' for CMake config files
[7.524s] colcon.colcon_core.environment Level 1 checking '/home/jack/ros2_ws/install/dsr_visualservoing/lib'
[7.524s] colcon.colcon_core.environment Level 1 checking '/home/jack/ros2_ws/install/dsr_visualservoing/bin'
[7.524s] colcon.colcon_core.environment Level 1 checking '/home/jack/ros2_ws/install/dsr_visualservoing/lib/pkgconfig/dsr_visualservoing.pc'
[7.524s] colcon.colcon_core.environment Level 1 checking '/home/jack/ros2_ws/install/dsr_visualservoing/lib/python3.10/site-packages'
[7.525s] colcon.colcon_core.shell Level 1 create_environment_hook('dsr_visualservoing', 'pythonpath')
[7.525s] colcon.colcon_core.shell INFO Creating environment hook '/home/jack/ros2_ws/install/dsr_visualservoing/share/dsr_visualservoing/hook/pythonpath.ps1'
[7.526s] colcon.colcon_core.shell INFO Creating environment descriptor '/home/jack/ros2_ws/install/dsr_visualservoing/share/dsr_visualservoing/hook/pythonpath.dsv'
[7.527s] colcon.colcon_core.event_handler.log_command DEBUG Invoked command in '/home/jack/ros2_ws/src/DoosanBootcamp3rd/dsr_example2/dsr_visualservoing' returned '0': PYTHONPATH=/home/jack/ros2_ws/build/dsr_visualservoing/prefix_override:/home/jack/.local/lib/python3.10/site-packages/colcon_core/task/python/colcon_distutils_commands:/home/jack/ros2_ws/install/dsr_visualservoing/lib/python3.10/site-packages:${PYTHONPATH} /usr/bin/python3 -W ignore:setup.py install is deprecated -W ignore:easy_install command is deprecated setup.py egg_info --egg-base ../../../../build/dsr_visualservoing build --build-base /home/jack/ros2_ws/build/dsr_visualservoing/build install --record /home/jack/ros2_ws/build/dsr_visualservoing/install.log --single-version-externally-managed install_data
[7.529s] colcon.colcon_core.shell INFO Creating environment hook '/home/jack/ros2_ws/install/dsr_visualservoing/share/dsr_visualservoing/hook/pythonpath.sh'
[7.529s] colcon.colcon_core.environment Level 1 checking '/home/jack/ros2_ws/install/dsr_visualservoing/bin'
[7.530s] colcon.colcon_core.environment Level 1 create_environment_scripts_only(dsr_visualservoing)
[7.530s] colcon.colcon_core.shell INFO Creating package script '/home/jack/ros2_ws/install/dsr_visualservoing/share/dsr_visualservoing/package.ps1'
[7.531s] colcon.colcon_core.shell INFO Creating package descriptor '/home/jack/ros2_ws/install/dsr_visualservoing/share/dsr_visualservoing/package.dsv'
[7.534s] colcon.colcon_core.shell INFO Creating package script '/home/jack/ros2_ws/install/dsr_visualservoing/share/dsr_visualservoing/package.sh'
[7.536s] colcon.colcon_core.shell INFO Creating package script '/home/jack/ros2_ws/install/dsr_visualservoing/share/dsr_visualservoing/package.bash'
[7.537s] colcon.colcon_core.shell INFO Creating package script '/home/jack/ros2_ws/install/dsr_visualservoing/share/dsr_visualservoing/package.zsh'
[7.537s] colcon.colcon_core.environment Level 1 create_file_with_runtime_dependencies(/home/jack/ros2_ws/install/dsr_visualservoing/share/colcon-core/packages/dsr_visualservoing)
[7.549s] colcon.colcon_core.event_handler.log_command DEBUG Invoking command in '/home/jack/ros2_ws/src/DoosanBootcamp3rd/dsr_rokey/pick_and_place_voice': PYTHONPATH=/home/jack/ros2_ws/build/pick_and_place_voice/prefix_override:/home/jack/.local/lib/python3.10/site-packages/colcon_core/task/python/colcon_distutils_commands:/home/jack/ros2_ws/install/pick_and_place_voice/lib/python3.10/site-packages:${PYTHONPATH} /usr/bin/python3 -W ignore:setup.py install is deprecated -W ignore:easy_install command is deprecated setup.py egg_info --egg-base ../../../../build/pick_and_place_voice build --build-base /home/jack/ros2_ws/build/pick_and_place_voice/build install --record /home/jack/ros2_ws/build/pick_and_place_voice/install.log --single-version-externally-managed install_data
[7.583s] colcon.colcon_core.event_handler.log_command DEBUG Invoking command in '/home/jack/ros2_ws/src/DoosanBootcamp3rd/dsr_example2/dsr_example': AMENT_PREFIX_PATH=/home/jack/ros2_ws/install/dsr_common2:${AMENT_PREFIX_PATH} CMAKE_PREFIX_PATH=/home/jack/ros2_ws/install/dsr_common2 PYTHONPATH=/home/jack/ros2_ws/build/dsr_example/prefix_override:/home/jack/.local/lib/python3.10/site-packages/colcon_core/task/python/colcon_distutils_commands:/home/jack/ros2_ws/install/dsr_example/lib/python3.10/site-packages:${PYTHONPATH} /usr/bin/python3 -W ignore:setup.py install is deprecated -W ignore:easy_install command is deprecated setup.py egg_info --egg-base ../../../../build/dsr_example build --build-base /home/jack/ros2_ws/build/dsr_example/build install --record /home/jack/ros2_ws/build/dsr_example/install.log --single-version-externally-managed install_data
[7.624s] colcon.colcon_core.event_handler.log_command DEBUG Invoking command in '/home/jack/ros2_ws/src/DoosanBootcamp3rd/dsr_rokey/pick_and_place_text': PYTHONPATH=/home/jack/ros2_ws/build/pick_and_place_text/prefix_override:/home/jack/.local/lib/python3.10/site-packages/colcon_core/task/python/colcon_distutils_commands:/home/jack/ros2_ws/install/pick_and_place_text/lib/python3.10/site-packages:${PYTHONPATH} /usr/bin/python3 -W ignore:setup.py install is deprecated -W ignore:easy_install command is deprecated setup.py egg_info --egg-base ../../../../build/pick_and_place_text build --build-base /home/jack/ros2_ws/build/pick_and_place_text/build install --record /home/jack/ros2_ws/build/pick_and_place_text/install.log --single-version-externally-managed install_data
[7.768s] colcon.colcon_core.event_handler.log_command DEBUG Invoking command in '/home/jack/ros2_ws/src/DoosanBootcamp3rd/dsr_rokey/rokey': PYTHONPATH=/home/jack/ros2_ws/build/rokey/prefix_override:/home/jack/.local/lib/python3.10/site-packages/colcon_core/task/python/colcon_distutils_commands:/home/jack/ros2_ws/install/rokey/lib/python3.10/site-packages:${PYTHONPATH} /usr/bin/python3 -W ignore:setup.py install is deprecated -W ignore:easy_install command is deprecated setup.py egg_info --egg-base ../../../../build/rokey build --build-base /home/jack/ros2_ws/build/rokey/build install --record /home/jack/ros2_ws/build/rokey/install.log --single-version-externally-managed install_data
[8.451s] colcon.colcon_core.environment Level 1 checking '/home/jack/ros2_ws/install/rokey' for CMake module files
[8.454s] colcon.colcon_core.environment Level 1 checking '/home/jack/ros2_ws/install/rokey' for CMake config files
[8.454s] colcon.colcon_core.environment Level 1 checking '/home/jack/ros2_ws/install/rokey/lib'
[8.453s] colcon.colcon_core.event_handler.log_command DEBUG Invoked command in '/home/jack/ros2_ws/src/DoosanBootcamp3rd/dsr_rokey/rokey' returned '0': PYTHONPATH=/home/jack/ros2_ws/build/rokey/prefix_override:/home/jack/.local/lib/python3.10/site-packages/colcon_core/task/python/colcon_distutils_commands:/home/jack/ros2_ws/install/rokey/lib/python3.10/site-packages:${PYTHONPATH} /usr/bin/python3 -W ignore:setup.py install is deprecated -W ignore:easy_install command is deprecated setup.py egg_info --egg-base ../../../../build/rokey build --build-base /home/jack/ros2_ws/build/rokey/build install --record /home/jack/ros2_ws/build/rokey/install.log --single-version-externally-managed install_data
[8.455s] colcon.colcon_core.environment Level 1 checking '/home/jack/ros2_ws/install/rokey/bin'
[8.455s] colcon.colcon_core.environment Level 1 checking '/home/jack/ros2_ws/install/rokey/lib/pkgconfig/rokey.pc'
[8.455s] colcon.colcon_core.environment Level 1 checking '/home/jack/ros2_ws/install/rokey/lib/python3.10/site-packages'
[8.455s] colcon.colcon_core.shell Level 1 create_environment_hook('rokey', 'pythonpath')
[8.455s] colcon.colcon_core.shell INFO Creating environment hook '/home/jack/ros2_ws/install/rokey/share/rokey/hook/pythonpath.ps1'
[8.456s] colcon.colcon_core.shell INFO Creating environment descriptor '/home/jack/ros2_ws/install/rokey/share/rokey/hook/pythonpath.dsv'
[8.456s] colcon.colcon_core.shell INFO Creating environment hook '/home/jack/ros2_ws/install/rokey/share/rokey/hook/pythonpath.sh'
[8.457s] colcon.colcon_core.environment Level 1 checking '/home/jack/ros2_ws/install/rokey/bin'
[8.457s] colcon.colcon_core.environment Level 1 create_environment_scripts_only(rokey)
[8.458s] colcon.colcon_core.shell INFO Creating package script '/home/jack/ros2_ws/install/rokey/share/rokey/package.ps1'
[8.458s] colcon.colcon_core.shell INFO Creating package descriptor '/home/jack/ros2_ws/install/rokey/share/rokey/package.dsv'
[8.459s] colcon.colcon_core.shell INFO Creating package script '/home/jack/ros2_ws/install/rokey/share/rokey/package.sh'
[8.460s] colcon.colcon_core.shell INFO Creating package script '/home/jack/ros2_ws/install/rokey/share/rokey/package.bash'
[8.460s] colcon.colcon_core.shell INFO Creating package script '/home/jack/ros2_ws/install/rokey/share/rokey/package.zsh'
[8.461s] colcon.colcon_core.environment Level 1 create_file_with_runtime_dependencies(/home/jack/ros2_ws/install/rokey/share/colcon-core/packages/rokey)
[8.463s] colcon.colcon_core.environment Level 1 checking '/home/jack/ros2_ws/install/pick_and_place_text' for CMake module files
[8.464s] colcon.colcon_core.environment Level 1 checking '/home/jack/ros2_ws/install/pick_and_place_text' for CMake config files
[8.465s] colcon.colcon_core.environment Level 1 checking '/home/jack/ros2_ws/install/pick_and_place_text/lib'
[8.465s] colcon.colcon_core.environment Level 1 checking '/home/jack/ros2_ws/install/pick_and_place_text/bin'
[8.465s] colcon.colcon_core.environment Level 1 checking '/home/jack/ros2_ws/install/pick_and_place_text/lib/pkgconfig/pick_and_place_text.pc'
[8.465s] colcon.colcon_core.environment Level 1 checking '/home/jack/ros2_ws/install/pick_and_place_text/lib/python3.10/site-packages'
[8.465s] colcon.colcon_core.shell Level 1 create_environment_hook('pick_and_place_text', 'pythonpath')
[8.465s] colcon.colcon_core.shell INFO Creating environment hook '/home/jack/ros2_ws/install/pick_and_place_text/share/pick_and_place_text/hook/pythonpath.ps1'
[8.466s] colcon.colcon_core.shell INFO Creating environment descriptor '/home/jack/ros2_ws/install/pick_and_place_text/share/pick_and_place_text/hook/pythonpath.dsv'
[8.466s] colcon.colcon_core.shell INFO Creating environment hook '/home/jack/ros2_ws/install/pick_and_place_text/share/pick_and_place_text/hook/pythonpath.sh'
[8.472s] colcon.colcon_core.event_handler.log_command DEBUG Invoked command in '/home/jack/ros2_ws/src/DoosanBootcamp3rd/dsr_rokey/pick_and_place_text' returned '0': PYTHONPATH=/home/jack/ros2_ws/build/pick_and_place_text/prefix_override:/home/jack/.local/lib/python3.10/site-packages/colcon_core/task/python/colcon_distutils_commands:/home/jack/ros2_ws/install/pick_and_place_text/lib/python3.10/site-packages:${PYTHONPATH} /usr/bin/python3 -W ignore:setup.py install is deprecated -W ignore:easy_install command is deprecated setup.py egg_info --egg-base ../../../../build/pick_and_place_text build --build-base /home/jack/ros2_ws/build/pick_and_place_text/build install --record /home/jack/ros2_ws/build/pick_and_place_text/install.log --single-version-externally-managed install_data
[8.473s] colcon.colcon_core.environment Level 1 checking '/home/jack/ros2_ws/install/pick_and_place_text/bin'
[8.474s] colcon.colcon_core.environment Level 1 create_environment_scripts_only(pick_and_place_text)
[8.474s] colcon.colcon_core.shell INFO Creating package script '/home/jack/ros2_ws/install/pick_and_place_text/share/pick_and_place_text/package.ps1'
[8.475s] colcon.colcon_core.shell INFO Creating package descriptor '/home/jack/ros2_ws/install/pick_and_place_text/share/pick_and_place_text/package.dsv'
[8.475s] colcon.colcon_core.shell INFO Creating package script '/home/jack/ros2_ws/install/pick_and_place_text/share/pick_and_place_text/package.sh'
[8.476s] colcon.colcon_core.shell INFO Creating package script '/home/jack/ros2_ws/install/pick_and_place_text/share/pick_and_place_text/package.bash'
[8.476s] colcon.colcon_core.shell INFO Creating package script '/home/jack/ros2_ws/install/pick_and_place_text/share/pick_and_place_text/package.zsh'
[8.479s] colcon.colcon_core.environment Level 1 create_file_with_runtime_dependencies(/home/jack/ros2_ws/install/pick_and_place_text/share/colcon-core/packages/pick_and_place_text)
[8.544s] colcon.colcon_core.environment Level 1 checking '/home/jack/ros2_ws/install/pick_and_place_voice' for CMake module files
[8.545s] colcon.colcon_core.environment Level 1 checking '/home/jack/ros2_ws/install/pick_and_place_voice' for CMake config files
[8.546s] colcon.colcon_core.event_handler.log_command DEBUG Invoked command in '/home/jack/ros2_ws/src/DoosanBootcamp3rd/dsr_rokey/pick_and_place_voice' returned '0': PYTHONPATH=/home/jack/ros2_ws/build/pick_and_place_voice/prefix_override:/home/jack/.local/lib/python3.10/site-packages/colcon_core/task/python/colcon_distutils_commands:/home/jack/ros2_ws/install/pick_and_place_voice/lib/python3.10/site-packages:${PYTHONPATH} /usr/bin/python3 -W ignore:setup.py install is deprecated -W ignore:easy_install command is deprecated setup.py egg_info --egg-base ../../../../build/pick_and_place_voice build --build-base /home/jack/ros2_ws/build/pick_and_place_voice/build install --record /home/jack/ros2_ws/build/pick_and_place_voice/install.log --single-version-externally-managed install_data
[8.547s] colcon.colcon_core.environment Level 1 checking '/home/jack/ros2_ws/install/pick_and_place_voice/lib'
[8.547s] colcon.colcon_core.environment Level 1 checking '/home/jack/ros2_ws/install/pick_and_place_voice/bin'
[8.548s] colcon.colcon_core.environment Level 1 checking '/home/jack/ros2_ws/install/pick_and_place_voice/lib/pkgconfig/pick_and_place_voice.pc'
[8.549s] colcon.colcon_core.environment Level 1 checking '/home/jack/ros2_ws/install/pick_and_place_voice/lib/python3.10/site-packages'
[8.549s] colcon.colcon_core.shell Level 1 create_environment_hook('pick_and_place_voice', 'pythonpath')
[8.549s] colcon.colcon_core.shell INFO Creating environment hook '/home/jack/ros2_ws/install/pick_and_place_voice/share/pick_and_place_voice/hook/pythonpath.ps1'
[8.550s] colcon.colcon_core.shell INFO Creating environment descriptor '/home/jack/ros2_ws/install/pick_and_place_voice/share/pick_and_place_voice/hook/pythonpath.dsv'
[8.550s] colcon.colcon_core.shell INFO Creating environment hook '/home/jack/ros2_ws/install/pick_and_place_voice/share/pick_and_place_voice/hook/pythonpath.sh'
[8.551s] colcon.colcon_core.environment Level 1 checking '/home/jack/ros2_ws/install/pick_and_place_voice/bin'
[8.551s] colcon.colcon_core.environment Level 1 create_environment_scripts_only(pick_and_place_voice)
[8.551s] colcon.colcon_core.shell INFO Creating package script '/home/jack/ros2_ws/install/pick_and_place_voice/share/pick_and_place_voice/package.ps1'
[8.554s] colcon.colcon_core.shell INFO Creating package descriptor '/home/jack/ros2_ws/install/pick_and_place_voice/share/pick_and_place_voice/package.dsv'
[8.557s] colcon.colcon_core.shell INFO Creating package script '/home/jack/ros2_ws/install/pick_and_place_voice/share/pick_and_place_voice/package.sh'
[8.558s] colcon.colcon_core.shell INFO Creating package script '/home/jack/ros2_ws/install/pick_and_place_voice/share/pick_and_place_voice/package.bash'
[8.558s] colcon.colcon_core.shell INFO Creating package script '/home/jack/ros2_ws/install/pick_and_place_voice/share/pick_and_place_voice/package.zsh'
[8.559s] colcon.colcon_core.environment Level 1 create_file_with_runtime_dependencies(/home/jack/ros2_ws/install/pick_and_place_voice/share/colcon-core/packages/pick_and_place_voice)
[8.588s] colcon.colcon_core.environment Level 1 checking '/home/jack/ros2_ws/install/dsr_example' for CMake module files
[8.588s] colcon.colcon_core.event_handler.log_command DEBUG Invoked command in '/home/jack/ros2_ws/src/DoosanBootcamp3rd/dsr_example2/dsr_example' returned '0': AMENT_PREFIX_PATH=/home/jack/ros2_ws/install/dsr_common2:${AMENT_PREFIX_PATH} CMAKE_PREFIX_PATH=/home/jack/ros2_ws/install/dsr_common2 PYTHONPATH=/home/jack/ros2_ws/build/dsr_example/prefix_override:/home/jack/.local/lib/python3.10/site-packages/colcon_core/task/python/colcon_distutils_commands:/home/jack/ros2_ws/install/dsr_example/lib/python3.10/site-packages:${PYTHONPATH} /usr/bin/python3 -W ignore:setup.py install is deprecated -W ignore:easy_install command is deprecated setup.py egg_info --egg-base ../../../../build/dsr_example build --build-base /home/jack/ros2_ws/build/dsr_example/build install --record /home/jack/ros2_ws/build/dsr_example/install.log --single-version-externally-managed install_data
[8.591s] colcon.colcon_core.environment Level 1 checking '/home/jack/ros2_ws/install/dsr_example' for CMake config files
[8.592s] colcon.colcon_core.environment Level 1 checking '/home/jack/ros2_ws/install/dsr_example/lib'
[8.592s] colcon.colcon_core.environment Level 1 checking '/home/jack/ros2_ws/install/dsr_example/bin'
[8.593s] colcon.colcon_core.environment Level 1 checking '/home/jack/ros2_ws/install/dsr_example/lib/pkgconfig/dsr_example.pc'
[8.593s] colcon.colcon_core.environment Level 1 checking '/home/jack/ros2_ws/install/dsr_example/lib/python3.10/site-packages'
[8.593s] colcon.colcon_core.shell Level 1 create_environment_hook('dsr_example', 'pythonpath')
[8.597s] colcon.colcon_core.shell INFO Creating environment hook '/home/jack/ros2_ws/install/dsr_example/share/dsr_example/hook/pythonpath.ps1'
[8.597s] colcon.colcon_core.shell INFO Creating environment descriptor '/home/jack/ros2_ws/install/dsr_example/share/dsr_example/hook/pythonpath.dsv'
[8.598s] colcon.colcon_core.shell INFO Creating environment hook '/home/jack/ros2_ws/install/dsr_example/share/dsr_example/hook/pythonpath.sh'
[8.599s] colcon.colcon_core.environment Level 1 checking '/home/jack/ros2_ws/install/dsr_example/bin'
[8.599s] colcon.colcon_core.environment Level 1 create_environment_scripts_only(dsr_example)
[8.599s] colcon.colcon_core.shell INFO Creating package script '/home/jack/ros2_ws/install/dsr_example/share/dsr_example/package.ps1'
[8.600s] colcon.colcon_core.shell INFO Creating package descriptor '/home/jack/ros2_ws/install/dsr_example/share/dsr_example/package.dsv'
[8.600s] colcon.colcon_core.shell INFO Creating package script '/home/jack/ros2_ws/install/dsr_example/share/dsr_example/package.sh'
[8.606s] colcon.colcon_core.shell INFO Creating package script '/home/jack/ros2_ws/install/dsr_example/share/dsr_example/package.bash'
[8.606s] colcon.colcon_core.shell INFO Creating package script '/home/jack/ros2_ws/install/dsr_example/share/dsr_example/package.zsh'
[8.607s] colcon.colcon_core.environment Level 1 create_file_with_runtime_dependencies(/home/jack/ros2_ws/install/dsr_example/share/colcon-core/packages/dsr_example)
[9.215s] colcon.colcon_core.event_handler.log_command DEBUG Invoked command in '/home/jack/ros2_ws/build/dsr_msgs2' returned '0': CMAKE_PREFIX_PATH=/opt/ros/humble /usr/bin/cmake /home/jack/ros2_ws/src/DoosanBootcamp3rd/dsr_msgs2 -DCMAKE_INSTALL_PREFIX=/home/jack/ros2_ws/install/dsr_msgs2
[9.216s] colcon.colcon_core.event_handler.log_command DEBUG Invoking command in '/home/jack/ros2_ws/build/dsr_msgs2': CMAKE_PREFIX_PATH=/opt/ros/humble /usr/bin/cmake --build /home/jack/ros2_ws/build/dsr_msgs2 -- -j8 -l8
[9.575s] colcon.colcon_core.event_handler.log_command DEBUG Invoked command in '/home/jack/ros2_ws/build/dsr_gazebo2' returned '0': AMENT_PREFIX_PATH=/home/jack/ros2_ws/install/dsr_description2:${AMENT_PREFIX_PATH} CMAKE_PREFIX_PATH=/home/jack/ros2_ws/install/dsr_description2:/opt/ros/humble /usr/bin/cmake /home/jack/ros2_ws/src/DoosanBootcamp3rd/dsr_gazebo2 -DCMAKE_INSTALL_PREFIX=/home/jack/ros2_ws/install/dsr_gazebo2
[9.575s] colcon.colcon_core.event_handler.log_command DEBUG Invoking command in '/home/jack/ros2_ws/build/dsr_gazebo2': AMENT_PREFIX_PATH=/home/jack/ros2_ws/install/dsr_description2:${AMENT_PREFIX_PATH} CMAKE_PREFIX_PATH=/home/jack/ros2_ws/install/dsr_description2:/opt/ros/humble /usr/bin/cmake --build /home/jack/ros2_ws/build/dsr_gazebo2 -- -j8 -l8
[9.630s] colcon.colcon_core.event_handler.log_command DEBUG Invoked command in '/home/jack/ros2_ws/build/dsr_gazebo2' returned '0': AMENT_PREFIX_PATH=/home/jack/ros2_ws/install/dsr_description2:${AMENT_PREFIX_PATH} CMAKE_PREFIX_PATH=/home/jack/ros2_ws/install/dsr_description2:/opt/ros/humble /usr/bin/cmake --build /home/jack/ros2_ws/build/dsr_gazebo2 -- -j8 -l8
[9.631s] colcon.colcon_core.event_handler.log_command DEBUG Invoking command in '/home/jack/ros2_ws/build/dsr_gazebo2': AMENT_PREFIX_PATH=/home/jack/ros2_ws/install/dsr_description2:${AMENT_PREFIX_PATH} CMAKE_PREFIX_PATH=/home/jack/ros2_ws/install/dsr_description2:/opt/ros/humble /usr/bin/cmake --install /home/jack/ros2_ws/build/dsr_gazebo2
[10.153s] colcon.colcon_core.environment Level 1 create_environment_scripts_only(dsr_gazebo2)
[10.153s] colcon.colcon_core.environment Level 1 checking '/home/jack/ros2_ws/install/dsr_gazebo2' for CMake module files
[10.154s] colcon.colcon_core.environment Level 1 checking '/home/jack/ros2_ws/install/dsr_gazebo2' for CMake config files
[10.154s] colcon.colcon_core.shell Level 1 create_environment_hook('dsr_gazebo2', 'cmake_prefix_path')
[10.154s] colcon.colcon_core.shell INFO Creating environment hook '/home/jack/ros2_ws/install/dsr_gazebo2/share/dsr_gazebo2/hook/cmake_prefix_path.ps1'
[10.155s] colcon.colcon_core.shell INFO Creating environment descriptor '/home/jack/ros2_ws/install/dsr_gazebo2/share/dsr_gazebo2/hook/cmake_prefix_path.dsv'
[10.156s] colcon.colcon_core.event_handler.log_command DEBUG Invoked command in '/home/jack/ros2_ws/build/dsr_gazebo2' returned '0': AMENT_PREFIX_PATH=/home/jack/ros2_ws/install/dsr_description2:${AMENT_PREFIX_PATH} CMAKE_PREFIX_PATH=/home/jack/ros2_ws/install/dsr_description2:/opt/ros/humble /usr/bin/cmake --install /home/jack/ros2_ws/build/dsr_gazebo2
[10.157s] colcon.colcon_core.shell INFO Creating environment hook '/home/jack/ros2_ws/install/dsr_gazebo2/share/dsr_gazebo2/hook/cmake_prefix_path.sh'
[10.158s] colcon.colcon_core.environment Level 1 checking '/home/jack/ros2_ws/install/dsr_gazebo2/bin'
[10.158s] colcon.colcon_core.environment Level 1 checking '/home/jack/ros2_ws/install/dsr_gazebo2/lib/pkgconfig/dsr_gazebo2.pc'
[10.158s] colcon.colcon_core.environment Level 1 checking '/home/jack/ros2_ws/install/dsr_gazebo2/lib/python3.10/site-packages'
[10.158s] colcon.colcon_core.environment Level 1 checking '/home/jack/ros2_ws/install/dsr_gazebo2/bin'
[10.159s] colcon.colcon_core.shell INFO Creating package script '/home/jack/ros2_ws/install/dsr_gazebo2/share/dsr_gazebo2/package.ps1'
[10.159s] colcon.colcon_core.shell INFO Creating package descriptor '/home/jack/ros2_ws/install/dsr_gazebo2/share/dsr_gazebo2/package.dsv'
[10.160s] colcon.colcon_core.shell INFO Creating package script '/home/jack/ros2_ws/install/dsr_gazebo2/share/dsr_gazebo2/package.sh'
[10.160s] colcon.colcon_core.shell INFO Creating package script '/home/jack/ros2_ws/install/dsr_gazebo2/share/dsr_gazebo2/package.bash'
[10.161s] colcon.colcon_core.shell INFO Creating package script '/home/jack/ros2_ws/install/dsr_gazebo2/share/dsr_gazebo2/package.zsh'
[10.161s] colcon.colcon_core.environment Level 1 create_file_with_runtime_dependencies(/home/jack/ros2_ws/install/dsr_gazebo2/share/colcon-core/packages/dsr_gazebo2)
[10.162s] colcon.colcon_core.environment Level 1 create_environment_scripts_only(dsr_gazebo2)
[10.162s] colcon.colcon_core.environment Level 1 checking '/home/jack/ros2_ws/install/dsr_gazebo2' for CMake module files
[10.163s] colcon.colcon_core.environment Level 1 checking '/home/jack/ros2_ws/install/dsr_gazebo2' for CMake config files
[10.163s] colcon.colcon_core.shell Level 1 create_environment_hook('dsr_gazebo2', 'cmake_prefix_path')
[10.163s] colcon.colcon_core.shell INFO Creating environment hook '/home/jack/ros2_ws/install/dsr_gazebo2/share/dsr_gazebo2/hook/cmake_prefix_path.ps1'
[10.164s] colcon.colcon_core.shell INFO Creating environment descriptor '/home/jack/ros2_ws/install/dsr_gazebo2/share/dsr_gazebo2/hook/cmake_prefix_path.dsv'
[10.164s] colcon.colcon_core.shell INFO Creating environment hook '/home/jack/ros2_ws/install/dsr_gazebo2/share/dsr_gazebo2/hook/cmake_prefix_path.sh'
[10.165s] colcon.colcon_core.environment Level 1 checking '/home/jack/ros2_ws/install/dsr_gazebo2/bin'
[10.165s] colcon.colcon_core.environment Level 1 checking '/home/jack/ros2_ws/install/dsr_gazebo2/lib/pkgconfig/dsr_gazebo2.pc'
[10.166s] colcon.colcon_core.environment Level 1 checking '/home/jack/ros2_ws/install/dsr_gazebo2/lib/python3.10/site-packages'
[10.166s] colcon.colcon_core.environment Level 1 checking '/home/jack/ros2_ws/install/dsr_gazebo2/bin'
[10.166s] colcon.colcon_core.shell INFO Creating package script '/home/jack/ros2_ws/install/dsr_gazebo2/share/dsr_gazebo2/package.ps1'
[10.168s] colcon.colcon_core.shell INFO Creating package descriptor '/home/jack/ros2_ws/install/dsr_gazebo2/share/dsr_gazebo2/package.dsv'
[10.168s] colcon.colcon_core.shell INFO Creating package script '/home/jack/ros2_ws/install/dsr_gazebo2/share/dsr_gazebo2/package.sh'
[10.169s] colcon.colcon_core.shell INFO Creating package script '/home/jack/ros2_ws/install/dsr_gazebo2/share/dsr_gazebo2/package.bash'
[10.170s] colcon.colcon_core.shell INFO Creating package script '/home/jack/ros2_ws/install/dsr_gazebo2/share/dsr_gazebo2/package.zsh'
[10.171s] colcon.colcon_core.environment Level 1 create_file_with_runtime_dependencies(/home/jack/ros2_ws/install/dsr_gazebo2/share/colcon-core/packages/dsr_gazebo2)
[10.698s] colcon.colcon_core.event_handler.log_command DEBUG Invoked command in '/home/jack/ros2_ws/build/od_msg' returned '0': /usr/bin/cmake --build /home/jack/ros2_ws/build/od_msg -- -j8 -l8
[10.700s] colcon.colcon_core.event_handler.log_command DEBUG Invoking command in '/home/jack/ros2_ws/build/od_msg': /usr/bin/cmake --install /home/jack/ros2_ws/build/od_msg
[10.781s] colcon.colcon_core.shell Level 1 create_environment_hook('od_msg', 'ros_package_path')
[10.781s] colcon.colcon_core.shell INFO Creating environment hook '/home/jack/ros2_ws/install/od_msg/share/od_msg/hook/ros_package_path.ps1'
[10.782s] colcon.colcon_core.shell INFO Creating environment descriptor '/home/jack/ros2_ws/install/od_msg/share/od_msg/hook/ros_package_path.dsv'
[10.783s] colcon.colcon_core.shell INFO Creating environment hook '/home/jack/ros2_ws/install/od_msg/share/od_msg/hook/ros_package_path.sh'
[10.784s] colcon.colcon_core.event_handler.log_command DEBUG Invoked command in '/home/jack/ros2_ws/build/od_msg' returned '0': /usr/bin/cmake --install /home/jack/ros2_ws/build/od_msg
[10.785s] colcon.colcon_ros.task.catkin Level 1 checking '/home/jack/ros2_ws/install/od_msg/local/lib/python3.10/dist-packages'
[10.785s] colcon.colcon_core.shell Level 1 create_environment_hook('od_msg', 'catkin_pythonpath')
[10.785s] colcon.colcon_core.shell INFO Creating environment hook '/home/jack/ros2_ws/install/od_msg/share/od_msg/hook/catkin_pythonpath.ps1'
[10.786s] colcon.colcon_core.shell INFO Creating environment descriptor '/home/jack/ros2_ws/install/od_msg/share/od_msg/hook/catkin_pythonpath.dsv'
[10.786s] colcon.colcon_core.shell INFO Creating environment hook '/home/jack/ros2_ws/install/od_msg/share/od_msg/hook/catkin_pythonpath.sh'
[10.787s] colcon.colcon_core.shell Level 1 create_environment_hook('od_msg', 'pkg_config_path')
[10.787s] colcon.colcon_core.shell INFO Creating environment hook '/home/jack/ros2_ws/install/od_msg/share/od_msg/hook/pkg_config_path.ps1'
[10.788s] colcon.colcon_core.shell INFO Creating environment descriptor '/home/jack/ros2_ws/install/od_msg/share/od_msg/hook/pkg_config_path.dsv'
[10.788s] colcon.colcon_core.shell INFO Creating environment hook '/home/jack/ros2_ws/install/od_msg/share/od_msg/hook/pkg_config_path.sh'
[10.791s] colcon.colcon_core.shell Level 1 create_environment_hook('od_msg', 'pkg_config_path_multiarch')
[10.792s] colcon.colcon_core.shell INFO Creating environment hook '/home/jack/ros2_ws/install/od_msg/share/od_msg/hook/pkg_config_path_multiarch.ps1'
[10.792s] colcon.colcon_core.shell INFO Creating environment descriptor '/home/jack/ros2_ws/install/od_msg/share/od_msg/hook/pkg_config_path_multiarch.dsv'
[10.793s] colcon.colcon_core.shell INFO Creating environment hook '/home/jack/ros2_ws/install/od_msg/share/od_msg/hook/pkg_config_path_multiarch.sh'
[10.795s] colcon.colcon_core.environment Level 1 create_environment_scripts_only(od_msg)
[10.795s] colcon.colcon_core.environment Level 1 checking '/home/jack/ros2_ws/install/od_msg' for CMake module files
[10.796s] colcon.colcon_core.environment Level 1 checking '/home/jack/ros2_ws/install/od_msg' for CMake config files
[10.797s] colcon.colcon_core.shell Level 1 create_environment_hook('od_msg', 'cmake_prefix_path')
[10.797s] colcon.colcon_core.shell INFO Creating environment hook '/home/jack/ros2_ws/install/od_msg/share/od_msg/hook/cmake_prefix_path.ps1'
[10.798s] colcon.colcon_core.shell INFO Creating environment descriptor '/home/jack/ros2_ws/install/od_msg/share/od_msg/hook/cmake_prefix_path.dsv'
[10.798s] colcon.colcon_core.shell INFO Creating environment hook '/home/jack/ros2_ws/install/od_msg/share/od_msg/hook/cmake_prefix_path.sh'
[10.799s] colcon.colcon_core.environment Level 1 checking '/home/jack/ros2_ws/install/od_msg/lib'
[10.799s] colcon.colcon_core.shell Level 1 create_environment_hook('od_msg', 'ld_library_path_lib')
[10.800s] colcon.colcon_core.shell INFO Creating environment hook '/home/jack/ros2_ws/install/od_msg/share/od_msg/hook/ld_library_path_lib.ps1'
[10.801s] colcon.colcon_core.shell INFO Creating environment descriptor '/home/jack/ros2_ws/install/od_msg/share/od_msg/hook/ld_library_path_lib.dsv'
[10.801s] colcon.colcon_core.shell INFO Creating environment hook '/home/jack/ros2_ws/install/od_msg/share/od_msg/hook/ld_library_path_lib.sh'
[10.802s] colcon.colcon_core.environment Level 1 checking '/home/jack/ros2_ws/install/od_msg/bin'
[10.802s] colcon.colcon_core.environment Level 1 checking '/home/jack/ros2_ws/install/od_msg/lib/pkgconfig/od_msg.pc'
[10.802s] colcon.colcon_core.environment Level 1 checking '/home/jack/ros2_ws/install/od_msg/lib/python3.10/site-packages'
[10.803s] colcon.colcon_core.environment Level 1 checking '/home/jack/ros2_ws/install/od_msg/bin'
[10.804s] colcon.colcon_core.shell INFO Creating package script '/home/jack/ros2_ws/install/od_msg/share/od_msg/package.ps1'
[10.805s] colcon.colcon_core.shell INFO Creating package descriptor '/home/jack/ros2_ws/install/od_msg/share/od_msg/package.dsv'
[10.806s] colcon.colcon_core.shell INFO Creating package script '/home/jack/ros2_ws/install/od_msg/share/od_msg/package.sh'
[10.807s] colcon.colcon_core.shell INFO Creating package script '/home/jack/ros2_ws/install/od_msg/share/od_msg/package.bash'
[10.808s] colcon.colcon_core.shell INFO Creating package script '/home/jack/ros2_ws/install/od_msg/share/od_msg/package.zsh'
[10.809s] colcon.colcon_core.environment Level 1 create_file_with_runtime_dependencies(/home/jack/ros2_ws/install/od_msg/share/colcon-core/packages/od_msg)
[166.629s] colcon.colcon_core.event_handler.log_command DEBUG Invoked command in '/home/jack/ros2_ws/build/dsr_msgs2' returned '0': CMAKE_PREFIX_PATH=/opt/ros/humble /usr/bin/cmake --build /home/jack/ros2_ws/build/dsr_msgs2 -- -j8 -l8
[166.631s] colcon.colcon_core.event_handler.log_command DEBUG Invoking command in '/home/jack/ros2_ws/build/dsr_msgs2': CMAKE_PREFIX_PATH=/opt/ros/humble /usr/bin/cmake --install /home/jack/ros2_ws/build/dsr_msgs2
[168.123s] colcon.colcon_core.environment Level 1 create_environment_scripts_only(dsr_msgs2)
[168.124s] colcon.colcon_core.environment Level 1 checking '/home/jack/ros2_ws/install/dsr_msgs2' for CMake module files
[168.124s] colcon.colcon_core.event_handler.log_command DEBUG Invoked command in '/home/jack/ros2_ws/build/dsr_msgs2' returned '0': CMAKE_PREFIX_PATH=/opt/ros/humble /usr/bin/cmake --install /home/jack/ros2_ws/build/dsr_msgs2
[168.125s] colcon.colcon_core.environment Level 1 checking '/home/jack/ros2_ws/install/dsr_msgs2' for CMake config files
[168.127s] colcon.colcon_core.shell Level 1 create_environment_hook('dsr_msgs2', 'cmake_prefix_path')
[168.127s] colcon.colcon_core.shell INFO Creating environment hook '/home/jack/ros2_ws/install/dsr_msgs2/share/dsr_msgs2/hook/cmake_prefix_path.ps1'
[168.129s] colcon.colcon_core.shell INFO Creating environment descriptor '/home/jack/ros2_ws/install/dsr_msgs2/share/dsr_msgs2/hook/cmake_prefix_path.dsv'
[168.130s] colcon.colcon_core.shell INFO Creating environment hook '/home/jack/ros2_ws/install/dsr_msgs2/share/dsr_msgs2/hook/cmake_prefix_path.sh'
[168.130s] colcon.colcon_core.environment Level 1 checking '/home/jack/ros2_ws/install/dsr_msgs2/lib'
[168.130s] colcon.colcon_core.shell Level 1 create_environment_hook('dsr_msgs2', 'ld_library_path_lib')
[168.131s] colcon.colcon_core.shell INFO Creating environment hook '/home/jack/ros2_ws/install/dsr_msgs2/share/dsr_msgs2/hook/ld_library_path_lib.ps1'
[168.131s] colcon.colcon_core.shell INFO Creating environment descriptor '/home/jack/ros2_ws/install/dsr_msgs2/share/dsr_msgs2/hook/ld_library_path_lib.dsv'
[168.131s] colcon.colcon_core.shell INFO Creating environment hook '/home/jack/ros2_ws/install/dsr_msgs2/share/dsr_msgs2/hook/ld_library_path_lib.sh'
[168.131s] colcon.colcon_core.environment Level 1 checking '/home/jack/ros2_ws/install/dsr_msgs2/bin'
[168.131s] colcon.colcon_core.environment Level 1 checking '/home/jack/ros2_ws/install/dsr_msgs2/lib/pkgconfig/dsr_msgs2.pc'
[168.132s] colcon.colcon_core.environment Level 1 checking '/home/jack/ros2_ws/install/dsr_msgs2/lib/python3.10/site-packages'
[168.132s] colcon.colcon_core.environment Level 1 checking '/home/jack/ros2_ws/install/dsr_msgs2/bin'
[168.132s] colcon.colcon_core.shell INFO Creating package script '/home/jack/ros2_ws/install/dsr_msgs2/share/dsr_msgs2/package.ps1'
[168.133s] colcon.colcon_core.shell INFO Creating package descriptor '/home/jack/ros2_ws/install/dsr_msgs2/share/dsr_msgs2/package.dsv'
[168.133s] colcon.colcon_core.shell INFO Creating package script '/home/jack/ros2_ws/install/dsr_msgs2/share/dsr_msgs2/package.sh'
[168.134s] colcon.colcon_core.shell INFO Creating package script '/home/jack/ros2_ws/install/dsr_msgs2/share/dsr_msgs2/package.bash'
[168.135s] colcon.colcon_core.shell INFO Creating package script '/home/jack/ros2_ws/install/dsr_msgs2/share/dsr_msgs2/package.zsh'
[168.135s] colcon.colcon_core.environment Level 1 create_file_with_runtime_dependencies(/home/jack/ros2_ws/install/dsr_msgs2/share/colcon-core/packages/dsr_msgs2)
[168.136s] colcon.colcon_core.environment Level 1 create_environment_scripts_only(dsr_msgs2)
[168.136s] colcon.colcon_core.environment Level 1 checking '/home/jack/ros2_ws/install/dsr_msgs2' for CMake module files
[168.137s] colcon.colcon_core.environment Level 1 checking '/home/jack/ros2_ws/install/dsr_msgs2' for CMake config files
[168.139s] colcon.colcon_core.shell Level 1 create_environment_hook('dsr_msgs2', 'cmake_prefix_path')
[168.140s] colcon.colcon_core.shell INFO Creating environment hook '/home/jack/ros2_ws/install/dsr_msgs2/share/dsr_msgs2/hook/cmake_prefix_path.ps1'
[168.140s] colcon.colcon_core.shell INFO Creating environment descriptor '/home/jack/ros2_ws/install/dsr_msgs2/share/dsr_msgs2/hook/cmake_prefix_path.dsv'
[168.141s] colcon.colcon_core.shell INFO Creating environment hook '/home/jack/ros2_ws/install/dsr_msgs2/share/dsr_msgs2/hook/cmake_prefix_path.sh'
[168.141s] colcon.colcon_core.environment Level 1 checking '/home/jack/ros2_ws/install/dsr_msgs2/lib'
[168.141s] colcon.colcon_core.shell Level 1 create_environment_hook('dsr_msgs2', 'ld_library_path_lib')
[168.142s] colcon.colcon_core.shell INFO Creating environment hook '/home/jack/ros2_ws/install/dsr_msgs2/share/dsr_msgs2/hook/ld_library_path_lib.ps1'
[168.142s] colcon.colcon_core.shell INFO Creating environment descriptor '/home/jack/ros2_ws/install/dsr_msgs2/share/dsr_msgs2/hook/ld_library_path_lib.dsv'
[168.142s] colcon.colcon_core.shell INFO Creating environment hook '/home/jack/ros2_ws/install/dsr_msgs2/share/dsr_msgs2/hook/ld_library_path_lib.sh'
[168.143s] colcon.colcon_core.environment Level 1 checking '/home/jack/ros2_ws/install/dsr_msgs2/bin'
[168.143s] colcon.colcon_core.environment Level 1 checking '/home/jack/ros2_ws/install/dsr_msgs2/lib/pkgconfig/dsr_msgs2.pc'
[168.143s] colcon.colcon_core.environment Level 1 checking '/home/jack/ros2_ws/install/dsr_msgs2/lib/python3.10/site-packages'
[168.143s] colcon.colcon_core.environment Level 1 checking '/home/jack/ros2_ws/install/dsr_msgs2/bin'
[168.143s] colcon.colcon_core.shell INFO Creating package script '/home/jack/ros2_ws/install/dsr_msgs2/share/dsr_msgs2/package.ps1'
[168.144s] colcon.colcon_core.shell INFO Creating package descriptor '/home/jack/ros2_ws/install/dsr_msgs2/share/dsr_msgs2/package.dsv'
[168.144s] colcon.colcon_core.shell INFO Creating package script '/home/jack/ros2_ws/install/dsr_msgs2/share/dsr_msgs2/package.sh'
[168.145s] colcon.colcon_core.shell INFO Creating package script '/home/jack/ros2_ws/install/dsr_msgs2/share/dsr_msgs2/package.bash'
[168.145s] colcon.colcon_core.shell INFO Creating package script '/home/jack/ros2_ws/install/dsr_msgs2/share/dsr_msgs2/package.zsh'
[168.145s] colcon.colcon_core.environment Level 1 create_file_with_runtime_dependencies(/home/jack/ros2_ws/install/dsr_msgs2/share/colcon-core/packages/dsr_msgs2)
[168.146s] colcon.colcon_ros.task.ament_cmake.build INFO Building ROS package in '/home/jack/ros2_ws/src/DoosanBootcamp3rd/dsr_hardware2' with build type 'ament_cmake'
[168.146s] colcon.colcon_cmake.task.cmake.build INFO Building CMake package in '/home/jack/ros2_ws/src/DoosanBootcamp3rd/dsr_hardware2'
[168.146s] colcon.colcon_core.shell INFO Skip shell extension 'powershell' for command environment: Not usable outside of PowerShell
[168.146s] colcon.colcon_core.shell DEBUG Skip shell extension 'dsv' for command environment
[168.151s] colcon.colcon_ros.task.ament_python.build INFO Building ROS package in '/home/jack/ros2_ws/src/DoosanBootcamp3rd/dsr_bringup2' with build type 'ament_python'
[168.151s] colcon.colcon_core.shell Level 1 create_environment_hook('dsr_bringup2', 'ament_prefix_path')
[168.151s] colcon.colcon_core.shell INFO Creating environment hook '/home/jack/ros2_ws/install/dsr_bringup2/share/dsr_bringup2/hook/ament_prefix_path.ps1'
[168.152s] colcon.colcon_core.shell INFO Creating environment descriptor '/home/jack/ros2_ws/install/dsr_bringup2/share/dsr_bringup2/hook/ament_prefix_path.dsv'
[168.152s] colcon.colcon_core.shell INFO Creating environment hook '/home/jack/ros2_ws/install/dsr_bringup2/share/dsr_bringup2/hook/ament_prefix_path.sh'
[168.152s] colcon.colcon_core.shell INFO Skip shell extension 'powershell' for command environment: Not usable outside of PowerShell
[168.152s] colcon.colcon_core.shell DEBUG Skip shell extension 'dsv' for command environment
[168.155s] colcon.colcon_ros.task.ament_cmake.build INFO Building ROS package in '/home/jack/ros2_ws/src/DoosanBootcamp3rd/dsr_example2/dsr_realtime_control' with build type 'ament_cmake'
[168.155s] colcon.colcon_cmake.task.cmake.build INFO Building CMake package in '/home/jack/ros2_ws/src/DoosanBootcamp3rd/dsr_example2/dsr_realtime_control'
[168.155s] colcon.colcon_core.shell INFO Skip shell extension 'powershell' for command environment: Not usable outside of PowerShell
[168.155s] colcon.colcon_core.shell DEBUG Skip shell extension 'dsv' for command environment
[168.159s] colcon.colcon_ros.task.ament_python.build INFO Building ROS package in '/home/jack/ros2_ws/src/DoosanBootcamp3rd/dsr_tests' with build type 'ament_python'
[168.159s] colcon.colcon_core.shell Level 1 create_environment_hook('dsr_tests', 'ament_prefix_path')
[168.159s] colcon.colcon_core.shell INFO Creating environment hook '/home/jack/ros2_ws/install/dsr_tests/share/dsr_tests/hook/ament_prefix_path.ps1'
[168.160s] colcon.colcon_core.shell INFO Creating environment descriptor '/home/jack/ros2_ws/install/dsr_tests/share/dsr_tests/hook/ament_prefix_path.dsv'
[168.160s] colcon.colcon_core.shell INFO Creating environment hook '/home/jack/ros2_ws/install/dsr_tests/share/dsr_tests/hook/ament_prefix_path.sh'
[168.160s] colcon.colcon_core.shell INFO Skip shell extension 'powershell' for command environment: Not usable outside of PowerShell
[168.160s] colcon.colcon_core.shell DEBUG Skip shell extension 'dsv' for command environment
[168.167s] colcon.colcon_core.event_handler.log_command DEBUG Invoking command in '/home/jack/ros2_ws/build/dsr_hardware2': AMENT_PREFIX_PATH=/home/jack/ros2_ws/install/dsr_msgs2:${AMENT_PREFIX_PATH} CMAKE_PREFIX_PATH=/home/jack/ros2_ws/install/dsr_msgs2:/opt/ros/humble LD_LIBRARY_PATH=/home/jack/ros2_ws/install/dsr_msgs2/lib:${LD_LIBRARY_PATH} PYTHONPATH=/home/jack/ros2_ws/install/dsr_msgs2/local/lib/python3.10/dist-packages:${PYTHONPATH} /usr/bin/cmake /home/jack/ros2_ws/src/DoosanBootcamp3rd/dsr_hardware2 -DCMAKE_INSTALL_PREFIX=/home/jack/ros2_ws/install/dsr_hardware2
[168.722s] colcon.colcon_core.task.python.build INFO Building Python package in '/home/jack/ros2_ws/src/DoosanBootcamp3rd/dsr_bringup2'
[168.722s] colcon.colcon_core.shell INFO Skip shell extension 'powershell' for command environment: Not usable outside of PowerShell
[168.722s] colcon.colcon_core.shell DEBUG Skip shell extension 'dsv' for command environment
[168.730s] colcon.colcon_core.event_handler.log_command DEBUG Invoking command in '/home/jack/ros2_ws/build/dsr_realtime_control': AMENT_PREFIX_PATH=/home/jack/ros2_ws/install/dsr_msgs2:${AMENT_PREFIX_PATH} CMAKE_PREFIX_PATH=/home/jack/ros2_ws/install/dsr_msgs2:/opt/ros/humble LD_LIBRARY_PATH=/home/jack/ros2_ws/install/dsr_msgs2/lib:${LD_LIBRARY_PATH} PYTHONPATH=/home/jack/ros2_ws/install/dsr_msgs2/local/lib/python3.10/dist-packages:${PYTHONPATH} /usr/bin/cmake /home/jack/ros2_ws/src/DoosanBootcamp3rd/dsr_example2/dsr_realtime_control -DCMAKE_INSTALL_PREFIX=/home/jack/ros2_ws/install/dsr_realtime_control
[169.077s] colcon.colcon_core.task.python.build INFO Building Python package in '/home/jack/ros2_ws/src/DoosanBootcamp3rd/dsr_tests'
[169.078s] colcon.colcon_core.shell INFO Skip shell extension 'powershell' for command environment: Not usable outside of PowerShell
[169.078s] colcon.colcon_core.shell DEBUG Skip shell extension 'dsv' for command environment
[169.596s] colcon.colcon_core.event_handler.log_command DEBUG Invoked command in '/home/jack/ros2_ws/build/dsr_hardware2' returned '0': AMENT_PREFIX_PATH=/home/jack/ros2_ws/install/dsr_msgs2:${AMENT_PREFIX_PATH} CMAKE_PREFIX_PATH=/home/jack/ros2_ws/install/dsr_msgs2:/opt/ros/humble LD_LIBRARY_PATH=/home/jack/ros2_ws/install/dsr_msgs2/lib:${LD_LIBRARY_PATH} PYTHONPATH=/home/jack/ros2_ws/install/dsr_msgs2/local/lib/python3.10/dist-packages:${PYTHONPATH} /usr/bin/cmake /home/jack/ros2_ws/src/DoosanBootcamp3rd/dsr_hardware2 -DCMAKE_INSTALL_PREFIX=/home/jack/ros2_ws/install/dsr_hardware2
[169.598s] colcon.colcon_core.event_handler.log_command DEBUG Invoking command in '/home/jack/ros2_ws/build/dsr_hardware2': AMENT_PREFIX_PATH=/home/jack/ros2_ws/install/dsr_msgs2:${AMENT_PREFIX_PATH} CMAKE_PREFIX_PATH=/home/jack/ros2_ws/install/dsr_msgs2:/opt/ros/humble LD_LIBRARY_PATH=/home/jack/ros2_ws/install/dsr_msgs2/lib:${LD_LIBRARY_PATH} PYTHONPATH=/home/jack/ros2_ws/install/dsr_msgs2/local/lib/python3.10/dist-packages:${PYTHONPATH} /usr/bin/cmake --build /home/jack/ros2_ws/build/dsr_hardware2 -- -j8 -l8
[169.640s] colcon.colcon_core.event_handler.log_command DEBUG Invoked command in '/home/jack/ros2_ws/build/dsr_hardware2' returned '0': AMENT_PREFIX_PATH=/home/jack/ros2_ws/install/dsr_msgs2:${AMENT_PREFIX_PATH} CMAKE_PREFIX_PATH=/home/jack/ros2_ws/install/dsr_msgs2:/opt/ros/humble LD_LIBRARY_PATH=/home/jack/ros2_ws/install/dsr_msgs2/lib:${LD_LIBRARY_PATH} PYTHONPATH=/home/jack/ros2_ws/install/dsr_msgs2/local/lib/python3.10/dist-packages:${PYTHONPATH} /usr/bin/cmake --build /home/jack/ros2_ws/build/dsr_hardware2 -- -j8 -l8
[169.642s] colcon.colcon_core.event_handler.log_command DEBUG Invoking command in '/home/jack/ros2_ws/build/dsr_hardware2': AMENT_PREFIX_PATH=/home/jack/ros2_ws/install/dsr_msgs2:${AMENT_PREFIX_PATH} CMAKE_PREFIX_PATH=/home/jack/ros2_ws/install/dsr_msgs2:/opt/ros/humble LD_LIBRARY_PATH=/home/jack/ros2_ws/install/dsr_msgs2/lib:${LD_LIBRARY_PATH} PYTHONPATH=/home/jack/ros2_ws/install/dsr_msgs2/local/lib/python3.10/dist-packages:${PYTHONPATH} /usr/bin/cmake --install /home/jack/ros2_ws/build/dsr_hardware2
[169.651s] colcon.colcon_core.environment Level 1 create_environment_scripts_only(dsr_hardware2)
[169.652s] colcon.colcon_core.environment Level 1 checking '/home/jack/ros2_ws/install/dsr_hardware2' for CMake module files
[169.652s] colcon.colcon_core.event_handler.log_command DEBUG Invoked command in '/home/jack/ros2_ws/build/dsr_hardware2' returned '0': AMENT_PREFIX_PATH=/home/jack/ros2_ws/install/dsr_msgs2:${AMENT_PREFIX_PATH} CMAKE_PREFIX_PATH=/home/jack/ros2_ws/install/dsr_msgs2:/opt/ros/humble LD_LIBRARY_PATH=/home/jack/ros2_ws/install/dsr_msgs2/lib:${LD_LIBRARY_PATH} PYTHONPATH=/home/jack/ros2_ws/install/dsr_msgs2/local/lib/python3.10/dist-packages:${PYTHONPATH} /usr/bin/cmake --install /home/jack/ros2_ws/build/dsr_hardware2
[169.652s] colcon.colcon_core.environment Level 1 checking '/home/jack/ros2_ws/install/dsr_hardware2' for CMake config files
[169.653s] colcon.colcon_core.shell Level 1 create_environment_hook('dsr_hardware2', 'cmake_prefix_path')
[169.653s] colcon.colcon_core.shell INFO Creating environment hook '/home/jack/ros2_ws/install/dsr_hardware2/share/dsr_hardware2/hook/cmake_prefix_path.ps1'
[169.653s] colcon.colcon_core.shell INFO Creating environment descriptor '/home/jack/ros2_ws/install/dsr_hardware2/share/dsr_hardware2/hook/cmake_prefix_path.dsv'
[169.653s] colcon.colcon_core.shell INFO Creating environment hook '/home/jack/ros2_ws/install/dsr_hardware2/share/dsr_hardware2/hook/cmake_prefix_path.sh'
[169.654s] colcon.colcon_core.environment Level 1 checking '/home/jack/ros2_ws/install/dsr_hardware2/bin'
[169.654s] colcon.colcon_core.environment Level 1 checking '/home/jack/ros2_ws/install/dsr_hardware2/lib/pkgconfig/dsr_hardware2.pc'
[169.654s] colcon.colcon_core.environment Level 1 checking '/home/jack/ros2_ws/install/dsr_hardware2/lib/python3.10/site-packages'
[169.655s] colcon.colcon_core.environment Level 1 checking '/home/jack/ros2_ws/install/dsr_hardware2/bin'
[169.655s] colcon.colcon_core.shell INFO Creating package script '/home/jack/ros2_ws/install/dsr_hardware2/share/dsr_hardware2/package.ps1'
[169.656s] colcon.colcon_core.shell INFO Creating package descriptor '/home/jack/ros2_ws/install/dsr_hardware2/share/dsr_hardware2/package.dsv'
[169.656s] colcon.colcon_core.shell INFO Creating package script '/home/jack/ros2_ws/install/dsr_hardware2/share/dsr_hardware2/package.sh'
[169.657s] colcon.colcon_core.shell INFO Creating package script '/home/jack/ros2_ws/install/dsr_hardware2/share/dsr_hardware2/package.bash'
[169.657s] colcon.colcon_core.shell INFO Creating package script '/home/jack/ros2_ws/install/dsr_hardware2/share/dsr_hardware2/package.zsh'
[169.657s] colcon.colcon_core.environment Level 1 create_file_with_runtime_dependencies(/home/jack/ros2_ws/install/dsr_hardware2/share/colcon-core/packages/dsr_hardware2)
[169.658s] colcon.colcon_core.environment Level 1 create_environment_scripts_only(dsr_hardware2)
[169.659s] colcon.colcon_core.environment Level 1 checking '/home/jack/ros2_ws/install/dsr_hardware2' for CMake module files
[169.659s] colcon.colcon_core.environment Level 1 checking '/home/jack/ros2_ws/install/dsr_hardware2' for CMake config files
[169.659s] colcon.colcon_core.shell Level 1 create_environment_hook('dsr_hardware2', 'cmake_prefix_path')
[169.660s] colcon.colcon_core.shell INFO Creating environment hook '/home/jack/ros2_ws/install/dsr_hardware2/share/dsr_hardware2/hook/cmake_prefix_path.ps1'
[169.660s] colcon.colcon_core.shell INFO Creating environment descriptor '/home/jack/ros2_ws/install/dsr_hardware2/share/dsr_hardware2/hook/cmake_prefix_path.dsv'
[169.661s] colcon.colcon_core.shell INFO Creating environment hook '/home/jack/ros2_ws/install/dsr_hardware2/share/dsr_hardware2/hook/cmake_prefix_path.sh'
[169.662s] colcon.colcon_core.environment Level 1 checking '/home/jack/ros2_ws/install/dsr_hardware2/bin'
[169.662s] colcon.colcon_core.environment Level 1 checking '/home/jack/ros2_ws/install/dsr_hardware2/lib/pkgconfig/dsr_hardware2.pc'
[169.662s] colcon.colcon_core.environment Level 1 checking '/home/jack/ros2_ws/install/dsr_hardware2/lib/python3.10/site-packages'
[169.662s] colcon.colcon_core.environment Level 1 checking '/home/jack/ros2_ws/install/dsr_hardware2/bin'
[169.663s] colcon.colcon_core.shell INFO Creating package script '/home/jack/ros2_ws/install/dsr_hardware2/share/dsr_hardware2/package.ps1'
[169.663s] colcon.colcon_core.shell INFO Creating package descriptor '/home/jack/ros2_ws/install/dsr_hardware2/share/dsr_hardware2/package.dsv'
[169.664s] colcon.colcon_core.shell INFO Creating package script '/home/jack/ros2_ws/install/dsr_hardware2/share/dsr_hardware2/package.sh'
[169.664s] colcon.colcon_core.shell INFO Creating package script '/home/jack/ros2_ws/install/dsr_hardware2/share/dsr_hardware2/package.bash'
[169.665s] colcon.colcon_core.shell INFO Creating package script '/home/jack/ros2_ws/install/dsr_hardware2/share/dsr_hardware2/package.zsh'
[169.665s] colcon.colcon_core.environment Level 1 create_file_with_runtime_dependencies(/home/jack/ros2_ws/install/dsr_hardware2/share/colcon-core/packages/dsr_hardware2)
[169.666s] colcon.colcon_ros.task.ament_cmake.build INFO Building ROS package in '/home/jack/ros2_ws/src/DoosanBootcamp3rd/dsr_controller2' with build type 'ament_cmake'
[169.666s] colcon.colcon_cmake.task.cmake.build INFO Building CMake package in '/home/jack/ros2_ws/src/DoosanBootcamp3rd/dsr_controller2'
[169.666s] colcon.colcon_core.shell INFO Skip shell extension 'powershell' for command environment: Not usable outside of PowerShell
[169.666s] colcon.colcon_core.shell DEBUG Skip shell extension 'dsv' for command environment
[169.675s] colcon.colcon_core.event_handler.log_command DEBUG Invoking command in '/home/jack/ros2_ws/build/dsr_controller2': AMENT_PREFIX_PATH=/home/jack/ros2_ws/install/dsr_hardware2:/home/jack/ros2_ws/install/dsr_msgs2:${AMENT_PREFIX_PATH} CMAKE_PREFIX_PATH=/home/jack/ros2_ws/install/dsr_hardware2:/home/jack/ros2_ws/install/dsr_msgs2:/opt/ros/humble LD_LIBRARY_PATH=/home/jack/ros2_ws/install/dsr_msgs2/lib:${LD_LIBRARY_PATH} PYTHONPATH=/home/jack/ros2_ws/install/dsr_msgs2/local/lib/python3.10/dist-packages:${PYTHONPATH} /usr/bin/cmake /home/jack/ros2_ws/src/DoosanBootcamp3rd/dsr_controller2 -DCMAKE_INSTALL_PREFIX=/home/jack/ros2_ws/install/dsr_controller2
[169.697s] colcon.colcon_core.event_handler.log_command DEBUG Invoking command in '/home/jack/ros2_ws/src/DoosanBootcamp3rd/dsr_tests': AMENT_PREFIX_PATH=/home/jack/ros2_ws/install/dsr_msgs2:/home/jack/ros2_ws/install/dsr_common2:${AMENT_PREFIX_PATH} CMAKE_PREFIX_PATH=/home/jack/ros2_ws/install/dsr_msgs2:/home/jack/ros2_ws/install/dsr_common2 LD_LIBRARY_PATH=/home/jack/ros2_ws/install/dsr_msgs2/lib:${LD_LIBRARY_PATH} PYTHONPATH=/home/jack/ros2_ws/build/dsr_tests/prefix_override:/home/jack/.local/lib/python3.10/site-packages/colcon_core/task/python/colcon_distutils_commands:/home/jack/ros2_ws/install/dsr_tests/lib/python3.10/site-packages:/home/jack/ros2_ws/install/dsr_msgs2/local/lib/python3.10/dist-packages:${PYTHONPATH} /usr/bin/python3 -W ignore:setup.py install is deprecated -W ignore:easy_install command is deprecated setup.py egg_info --egg-base ../../../build/dsr_tests build --build-base /home/jack/ros2_ws/build/dsr_tests/build install --record /home/jack/ros2_ws/build/dsr_tests/install.log --single-version-externally-managed install_data
[169.698s] colcon.colcon_core.event_handler.log_command DEBUG Invoking command in '/home/jack/ros2_ws/src/DoosanBootcamp3rd/dsr_bringup2': AMENT_PREFIX_PATH=/home/jack/ros2_ws/install/dsr_msgs2:${AMENT_PREFIX_PATH} CMAKE_PREFIX_PATH=/home/jack/ros2_ws/install/dsr_msgs2 LD_LIBRARY_PATH=/home/jack/ros2_ws/install/dsr_msgs2/lib:${LD_LIBRARY_PATH} PYTHONPATH=/home/jack/ros2_ws/build/dsr_bringup2/prefix_override:/home/jack/.local/lib/python3.10/site-packages/colcon_core/task/python/colcon_distutils_commands:/home/jack/ros2_ws/install/dsr_bringup2/lib/python3.10/site-packages:/home/jack/ros2_ws/install/dsr_msgs2/local/lib/python3.10/dist-packages:${PYTHONPATH} /usr/bin/python3 -W ignore:setup.py install is deprecated -W ignore:easy_install command is deprecated setup.py egg_info --egg-base ../../../build/dsr_bringup2 build --build-base /home/jack/ros2_ws/build/dsr_bringup2/build install --record /home/jack/ros2_ws/build/dsr_bringup2/install.log --single-version-externally-managed install_data
[170.172s] colcon.colcon_core.event_handler.log_command DEBUG Invoked command in '/home/jack/ros2_ws/build/dsr_realtime_control' returned '0': AMENT_PREFIX_PATH=/home/jack/ros2_ws/install/dsr_msgs2:${AMENT_PREFIX_PATH} CMAKE_PREFIX_PATH=/home/jack/ros2_ws/install/dsr_msgs2:/opt/ros/humble LD_LIBRARY_PATH=/home/jack/ros2_ws/install/dsr_msgs2/lib:${LD_LIBRARY_PATH} PYTHONPATH=/home/jack/ros2_ws/install/dsr_msgs2/local/lib/python3.10/dist-packages:${PYTHONPATH} /usr/bin/cmake /home/jack/ros2_ws/src/DoosanBootcamp3rd/dsr_example2/dsr_realtime_control -DCMAKE_INSTALL_PREFIX=/home/jack/ros2_ws/install/dsr_realtime_control
[170.173s] colcon.colcon_core.event_handler.log_command DEBUG Invoking command in '/home/jack/ros2_ws/build/dsr_realtime_control': AMENT_PREFIX_PATH=/home/jack/ros2_ws/install/dsr_msgs2:${AMENT_PREFIX_PATH} CMAKE_PREFIX_PATH=/home/jack/ros2_ws/install/dsr_msgs2:/opt/ros/humble LD_LIBRARY_PATH=/home/jack/ros2_ws/install/dsr_msgs2/lib:${LD_LIBRARY_PATH} PYTHONPATH=/home/jack/ros2_ws/install/dsr_msgs2/local/lib/python3.10/dist-packages:${PYTHONPATH} /usr/bin/cmake --build /home/jack/ros2_ws/build/dsr_realtime_control -- -j8 -l8
[170.202s] colcon.colcon_core.event_handler.log_command DEBUG Invoked command in '/home/jack/ros2_ws/src/DoosanBootcamp3rd/dsr_tests' returned '1': AMENT_PREFIX_PATH=/home/jack/ros2_ws/install/dsr_msgs2:/home/jack/ros2_ws/install/dsr_common2:${AMENT_PREFIX_PATH} CMAKE_PREFIX_PATH=/home/jack/ros2_ws/install/dsr_msgs2:/home/jack/ros2_ws/install/dsr_common2 LD_LIBRARY_PATH=/home/jack/ros2_ws/install/dsr_msgs2/lib:${LD_LIBRARY_PATH} PYTHONPATH=/home/jack/ros2_ws/build/dsr_tests/prefix_override:/home/jack/.local/lib/python3.10/site-packages/colcon_core/task/python/colcon_distutils_commands:/home/jack/ros2_ws/install/dsr_tests/lib/python3.10/site-packages:/home/jack/ros2_ws/install/dsr_msgs2/local/lib/python3.10/dist-packages:${PYTHONPATH} /usr/bin/python3 -W ignore:setup.py install is deprecated -W ignore:easy_install command is deprecated setup.py egg_info --egg-base ../../../build/dsr_tests build --build-base /home/jack/ros2_ws/build/dsr_tests/build install --record /home/jack/ros2_ws/build/dsr_tests/install.log --single-version-externally-managed install_data
