[0.413s] [34mcolcon[0m [1;30mDEBUG[0m [32mCommand line arguments: ['/home/jack/.local/bin/colcon', 'build', '--packages-select', 'rokey'][0m
[0.414s] [34mcolcon[0m [1;30mDEBUG[0m [32mParsed command line arguments: Namespace(log_base=None, log_level=None, verb_name='build', build_base='build', install_base='install', merge_install=False, symlink_install=False, test_result_base=None, continue_on_error=False, executor='parallel', parallel_workers=8, event_handlers=None, ignore_user_meta=False, metas=['./colcon.meta'], base_paths=['.'], packages_ignore=None, packages_ignore_regex=None, paths=None, packages_up_to=None, packages_up_to_regex=None, packages_above=None, packages_above_and_dependencies=None, packages_above_depth=None, packages_select_by_dep=None, packages_skip_by_dep=None, packages_skip_up_to=None, packages_select_build_failed=False, packages_skip_build_finished=False, packages_select_test_failures=False, packages_skip_test_passed=False, packages_select=['rokey'], packages_skip=None, packages_select_regex=None, packages_skip_regex=None, packages_start=None, packages_end=None, cmake_args=None, cmake_target=None, cmake_target_skip_unavailable=False, cmake_clean_cache=False, cmake_clean_first=False, cmake_force_configure=False, ament_cmake_args=None, catkin_cmake_args=None, catkin_skip_building_tests=False, verb_parser=<colcon_defaults.argument_parser.defaults.DefaultArgumentsDecorator object at 0x79846e90bd30>, verb_extension=<colcon_core.verb.build.BuildVerb object at 0x79846e90b8e0>, main=<bound method BuildVerb.main of <colcon_core.verb.build.BuildVerb object at 0x79846e90b8e0>>)[0m
[0.662s] [34mcolcon.colcon_core.package_discovery[0m [1;30mLevel 1[0m discover_packages(colcon_meta) check parameters
[0.663s] [34mcolcon.colcon_core.package_discovery[0m [1;30mLevel 1[0m discover_packages(recursive) check parameters
[0.663s] [34mcolcon.colcon_core.package_discovery[0m [1;30mLevel 1[0m discover_packages(ignore) check parameters
[0.663s] [34mcolcon.colcon_core.package_discovery[0m [1;30mLevel 1[0m discover_packages(path) check parameters
[0.663s] [34mcolcon.colcon_core.package_discovery[0m [1;30mLevel 1[0m discover_packages(colcon_meta) discover
[0.663s] [34mcolcon.colcon_core.package_discovery[0m [1;30mLevel 1[0m discover_packages(recursive) discover
[0.663s] [34mcolcon.colcon_core.package_discovery[0m [1;30mINFO[0m Crawling recursively for packages in '/home/jack/ros2_ws'
[0.663s] [34mcolcon.colcon_core.package_identification[0m [1;30mLevel 1[0m _identify(.) by extensions ['ignore', 'ignore_ament_install']
[0.663s] [34mcolcon.colcon_core.package_identification[0m [1;30mLevel 1[0m _identify(.) by extension 'ignore'
[0.663s] [34mcolcon.colcon_core.package_identification[0m [1;30mLevel 1[0m _identify(.) by extension 'ignore_ament_install'
[0.663s] [34mcolcon.colcon_core.package_identification[0m [1;30mLevel 1[0m _identify(.) by extensions ['colcon_pkg']
[0.663s] [34mcolcon.colcon_core.package_identification[0m [1;30mLevel 1[0m _identify(.) by extension 'colcon_pkg'
[0.663s] [34mcolcon.colcon_core.package_identification[0m [1;30mLevel 1[0m _identify(.) by extensions ['colcon_meta']
[0.663s] [34mcolcon.colcon_core.package_identification[0m [1;30mLevel 1[0m _identify(.) by extension 'colcon_meta'
[0.663s] [34mcolcon.colcon_core.package_identification[0m [1;30mLevel 1[0m _identify(.) by extensions ['ros']
[0.663s] [34mcolcon.colcon_core.package_identification[0m [1;30mLevel 1[0m _identify(.) by extension 'ros'
[0.677s] [34mcolcon.colcon_core.package_identification[0m [1;30mLevel 1[0m _identify(.) by extensions ['cmake', 'python']
[0.677s] [34mcolcon.colcon_core.package_identification[0m [1;30mLevel 1[0m _identify(.) by extension 'cmake'
[0.677s] [34mcolcon.colcon_core.package_identification[0m [1;30mLevel 1[0m _identify(.) by extension 'python'
[0.677s] [34mcolcon.colcon_core.package_identification[0m [1;30mLevel 1[0m _identify(.) by extensions ['python_setup_py']
[0.677s] [34mcolcon.colcon_core.package_identification[0m [1;30mLevel 1[0m _identify(.) by extension 'python_setup_py'
[0.677s] [34mcolcon.colcon_core.package_identification[0m [1;30mLevel 1[0m _identify(__pycache__) by extensions ['ignore', 'ignore_ament_install']
[0.678s] [34mcolcon.colcon_core.package_identification[0m [1;30mLevel 1[0m _identify(__pycache__) by extension 'ignore'
[0.678s] [34mcolcon.colcon_core.package_identification[0m [1;30mLevel 1[0m _identify(__pycache__) by extension 'ignore_ament_install'
[0.678s] [34mcolcon.colcon_core.package_identification[0m [1;30mLevel 1[0m _identify(__pycache__) by extensions ['colcon_pkg']
[0.678s] [34mcolcon.colcon_core.package_identification[0m [1;30mLevel 1[0m _identify(__pycache__) by extension 'colcon_pkg'
[0.678s] [34mcolcon.colcon_core.package_identification[0m [1;30mLevel 1[0m _identify(__pycache__) by extensions ['colcon_meta']
[0.678s] [34mcolcon.colcon_core.package_identification[0m [1;30mLevel 1[0m _identify(__pycache__) by extension 'colcon_meta'
[0.678s] [34mcolcon.colcon_core.package_identification[0m [1;30mLevel 1[0m _identify(__pycache__) by extensions ['ros']
[0.678s] [34mcolcon.colcon_core.package_identification[0m [1;30mLevel 1[0m _identify(__pycache__) by extension 'ros'
[0.678s] [34mcolcon.colcon_core.package_identification[0m [1;30mLevel 1[0m _identify(__pycache__) by extensions ['cmake', 'python']
[0.678s] [34mcolcon.colcon_core.package_identification[0m [1;30mLevel 1[0m _identify(__pycache__) by extension 'cmake'
[0.678s] [34mcolcon.colcon_core.package_identification[0m [1;30mLevel 1[0m _identify(__pycache__) by extension 'python'
[0.678s] [34mcolcon.colcon_core.package_identification[0m [1;30mLevel 1[0m _identify(__pycache__) by extensions ['python_setup_py']
[0.678s] [34mcolcon.colcon_core.package_identification[0m [1;30mLevel 1[0m _identify(__pycache__) by extension 'python_setup_py'
[0.678s] [34mcolcon.colcon_core.package_identification[0m [1;30mLevel 1[0m _identify(build) by extensions ['ignore', 'ignore_ament_install']
[0.678s] [34mcolcon.colcon_core.package_identification[0m [1;30mLevel 1[0m _identify(build) by extension 'ignore'
[0.678s] [34mcolcon.colcon_core.package_identification[0m [1;30mLevel 1[0m _identify(build) ignored
[0.678s] [34mcolcon.colcon_core.package_identification[0m [1;30mLevel 1[0m _identify(install) by extensions ['ignore', 'ignore_ament_install']
[0.678s] [34mcolcon.colcon_core.package_identification[0m [1;30mLevel 1[0m _identify(install) by extension 'ignore'
[0.678s] [34mcolcon.colcon_core.package_identification[0m [1;30mLevel 1[0m _identify(install) ignored
[0.678s] [34mcolcon.colcon_core.package_identification[0m [1;30mLevel 1[0m _identify(integration_test_20250811_155133) by extensions ['ignore', 'ignore_ament_install']
[0.678s] [34mcolcon.colcon_core.package_identification[0m [1;30mLevel 1[0m _identify(integration_test_20250811_155133) by extension 'ignore'
[0.678s] [34mcolcon.colcon_core.package_identification[0m [1;30mLevel 1[0m _identify(integration_test_20250811_155133) by extension 'ignore_ament_install'
[0.678s] [34mcolcon.colcon_core.package_identification[0m [1;30mLevel 1[0m _identify(integration_test_20250811_155133) by extensions ['colcon_pkg']
[0.678s] [34mcolcon.colcon_core.package_identification[0m [1;30mLevel 1[0m _identify(integration_test_20250811_155133) by extension 'colcon_pkg'
[0.678s] [34mcolcon.colcon_core.package_identification[0m [1;30mLevel 1[0m _identify(integration_test_20250811_155133) by extensions ['colcon_meta']
[0.678s] [34mcolcon.colcon_core.package_identification[0m [1;30mLevel 1[0m _identify(integration_test_20250811_155133) by extension 'colcon_meta'
[0.678s] [34mcolcon.colcon_core.package_identification[0m [1;30mLevel 1[0m _identify(integration_test_20250811_155133) by extensions ['ros']
[0.679s] [34mcolcon.colcon_core.package_identification[0m [1;30mLevel 1[0m _identify(integration_test_20250811_155133) by extension 'ros'
[0.679s] [34mcolcon.colcon_core.package_identification[0m [1;30mLevel 1[0m _identify(integration_test_20250811_155133) by extensions ['cmake', 'python']
[0.679s] [34mcolcon.colcon_core.package_identification[0m [1;30mLevel 1[0m _identify(integration_test_20250811_155133) by extension 'cmake'
[0.679s] [34mcolcon.colcon_core.package_identification[0m [1;30mLevel 1[0m _identify(integration_test_20250811_155133) by extension 'python'
[0.679s] [34mcolcon.colcon_core.package_identification[0m [1;30mLevel 1[0m _identify(integration_test_20250811_155133) by extensions ['python_setup_py']
[0.679s] [34mcolcon.colcon_core.package_identification[0m [1;30mLevel 1[0m _identify(integration_test_20250811_155133) by extension 'python_setup_py'
[0.679s] [34mcolcon.colcon_core.package_identification[0m [1;30mLevel 1[0m _identify(log) by extensions ['ignore', 'ignore_ament_install']
[0.679s] [34mcolcon.colcon_core.package_identification[0m [1;30mLevel 1[0m _identify(log) by extension 'ignore'
[0.679s] [34mcolcon.colcon_core.package_identification[0m [1;30mLevel 1[0m _identify(log) ignored
[0.679s] [34mcolcon.colcon_core.package_identification[0m [1;30mLevel 1[0m _identify(logs) by extensions ['ignore', 'ignore_ament_install']
[0.679s] [34mcolcon.colcon_core.package_identification[0m [1;30mLevel 1[0m _identify(logs) by extension 'ignore'
[0.679s] [34mcolcon.colcon_core.package_identification[0m [1;30mLevel 1[0m _identify(logs) by extension 'ignore_ament_install'
[0.679s] [34mcolcon.colcon_core.package_identification[0m [1;30mLevel 1[0m _identify(logs) by extensions ['colcon_pkg']
[0.679s] [34mcolcon.colcon_core.package_identification[0m [1;30mLevel 1[0m _identify(logs) by extension 'colcon_pkg'
[0.679s] [34mcolcon.colcon_core.package_identification[0m [1;30mLevel 1[0m _identify(logs) by extensions ['colcon_meta']
[0.679s] [34mcolcon.colcon_core.package_identification[0m [1;30mLevel 1[0m _identify(logs) by extension 'colcon_meta'
[0.679s] [34mcolcon.colcon_core.package_identification[0m [1;30mLevel 1[0m _identify(logs) by extensions ['ros']
[0.679s] [34mcolcon.colcon_core.package_identification[0m [1;30mLevel 1[0m _identify(logs) by extension 'ros'
[0.679s] [34mcolcon.colcon_core.package_identification[0m [1;30mLevel 1[0m _identify(logs) by extensions ['cmake', 'python']
[0.679s] [34mcolcon.colcon_core.package_identification[0m [1;30mLevel 1[0m _identify(logs) by extension 'cmake'
[0.679s] [34mcolcon.colcon_core.package_identification[0m [1;30mLevel 1[0m _identify(logs) by extension 'python'
[0.679s] [34mcolcon.colcon_core.package_identification[0m [1;30mLevel 1[0m _identify(logs) by extensions ['python_setup_py']
[0.679s] [34mcolcon.colcon_core.package_identification[0m [1;30mLevel 1[0m _identify(logs) by extension 'python_setup_py'
[0.679s] [34mcolcon.colcon_core.package_identification[0m [1;30mLevel 1[0m _identify(logs/full_training_1754642916) by extensions ['ignore', 'ignore_ament_install']
[0.679s] [34mcolcon.colcon_core.package_identification[0m [1;30mLevel 1[0m _identify(logs/full_training_1754642916) by extension 'ignore'
[0.679s] [34mcolcon.colcon_core.package_identification[0m [1;30mLevel 1[0m _identify(logs/full_training_1754642916) by extension 'ignore_ament_install'
[0.679s] [34mcolcon.colcon_core.package_identification[0m [1;30mLevel 1[0m _identify(logs/full_training_1754642916) by extensions ['colcon_pkg']
[0.679s] [34mcolcon.colcon_core.package_identification[0m [1;30mLevel 1[0m _identify(logs/full_training_1754642916) by extension 'colcon_pkg'
[0.679s] [34mcolcon.colcon_core.package_identification[0m [1;30mLevel 1[0m _identify(logs/full_training_1754642916) by extensions ['colcon_meta']
[0.680s] [34mcolcon.colcon_core.package_identification[0m [1;30mLevel 1[0m _identify(logs/full_training_1754642916) by extension 'colcon_meta'
[0.680s] [34mcolcon.colcon_core.package_identification[0m [1;30mLevel 1[0m _identify(logs/full_training_1754642916) by extensions ['ros']
[0.680s] [34mcolcon.colcon_core.package_identification[0m [1;30mLevel 1[0m _identify(logs/full_training_1754642916) by extension 'ros'
[0.680s] [34mcolcon.colcon_core.package_identification[0m [1;30mLevel 1[0m _identify(logs/full_training_1754642916) by extensions ['cmake', 'python']
[0.680s] [34mcolcon.colcon_core.package_identification[0m [1;30mLevel 1[0m _identify(logs/full_training_1754642916) by extension 'cmake'
[0.680s] [34mcolcon.colcon_core.package_identification[0m [1;30mLevel 1[0m _identify(logs/full_training_1754642916) by extension 'python'
[0.680s] [34mcolcon.colcon_core.package_identification[0m [1;30mLevel 1[0m _identify(logs/full_training_1754642916) by extensions ['python_setup_py']
[0.680s] [34mcolcon.colcon_core.package_identification[0m [1;30mLevel 1[0m _identify(logs/full_training_1754642916) by extension 'python_setup_py'
[0.680s] [34mcolcon.colcon_core.package_identification[0m [1;30mLevel 1[0m _identify(logs/full_training_1754642916/eval_logs) by extensions ['ignore', 'ignore_ament_install']
[0.680s] [34mcolcon.colcon_core.package_identification[0m [1;30mLevel 1[0m _identify(logs/full_training_1754642916/eval_logs) by extension 'ignore'
[0.680s] [34mcolcon.colcon_core.package_identification[0m [1;30mLevel 1[0m _identify(logs/full_training_1754642916/eval_logs) by extension 'ignore_ament_install'
[0.680s] [34mcolcon.colcon_core.package_identification[0m [1;30mLevel 1[0m _identify(logs/full_training_1754642916/eval_logs) by extensions ['colcon_pkg']
[0.680s] [34mcolcon.colcon_core.package_identification[0m [1;30mLevel 1[0m _identify(logs/full_training_1754642916/eval_logs) by extension 'colcon_pkg'
[0.680s] [34mcolcon.colcon_core.package_identification[0m [1;30mLevel 1[0m _identify(logs/full_training_1754642916/eval_logs) by extensions ['colcon_meta']
[0.680s] [34mcolcon.colcon_core.package_identification[0m [1;30mLevel 1[0m _identify(logs/full_training_1754642916/eval_logs) by extension 'colcon_meta'
[0.680s] [34mcolcon.colcon_core.package_identification[0m [1;30mLevel 1[0m _identify(logs/full_training_1754642916/eval_logs) by extensions ['ros']
[0.680s] [34mcolcon.colcon_core.package_identification[0m [1;30mLevel 1[0m _identify(logs/full_training_1754642916/eval_logs) by extension 'ros'
[0.680s] [34mcolcon.colcon_core.package_identification[0m [1;30mLevel 1[0m _identify(logs/full_training_1754642916/eval_logs) by extensions ['cmake', 'python']
[0.680s] [34mcolcon.colcon_core.package_identification[0m [1;30mLevel 1[0m _identify(logs/full_training_1754642916/eval_logs) by extension 'cmake'
[0.680s] [34mcolcon.colcon_core.package_identification[0m [1;30mLevel 1[0m _identify(logs/full_training_1754642916/eval_logs) by extension 'python'
[0.680s] [34mcolcon.colcon_core.package_identification[0m [1;30mLevel 1[0m _identify(logs/full_training_1754642916/eval_logs) by extensions ['python_setup_py']
[0.680s] [34mcolcon.colcon_core.package_identification[0m [1;30mLevel 1[0m _identify(logs/full_training_1754642916/eval_logs) by extension 'python_setup_py'
[0.680s] [34mcolcon.colcon_core.package_identification[0m [1;30mLevel 1[0m _identify(logs/m0609_training_20250809_152628) by extensions ['ignore', 'ignore_ament_install']
[0.680s] [34mcolcon.colcon_core.package_identification[0m [1;30mLevel 1[0m _identify(logs/m0609_training_20250809_152628) by extension 'ignore'
[0.680s] [34mcolcon.colcon_core.package_identification[0m [1;30mLevel 1[0m _identify(logs/m0609_training_20250809_152628) by extension 'ignore_ament_install'
[0.680s] [34mcolcon.colcon_core.package_identification[0m [1;30mLevel 1[0m _identify(logs/m0609_training_20250809_152628) by extensions ['colcon_pkg']
[0.680s] [34mcolcon.colcon_core.package_identification[0m [1;30mLevel 1[0m _identify(logs/m0609_training_20250809_152628) by extension 'colcon_pkg'
[0.680s] [34mcolcon.colcon_core.package_identification[0m [1;30mLevel 1[0m _identify(logs/m0609_training_20250809_152628) by extensions ['colcon_meta']
[0.680s] [34mcolcon.colcon_core.package_identification[0m [1;30mLevel 1[0m _identify(logs/m0609_training_20250809_152628) by extension 'colcon_meta'
[0.680s] [34mcolcon.colcon_core.package_identification[0m [1;30mLevel 1[0m _identify(logs/m0609_training_20250809_152628) by extensions ['ros']
[0.680s] [34mcolcon.colcon_core.package_identification[0m [1;30mLevel 1[0m _identify(logs/m0609_training_20250809_152628) by extension 'ros'
[0.680s] [34mcolcon.colcon_core.package_identification[0m [1;30mLevel 1[0m _identify(logs/m0609_training_20250809_152628) by extensions ['cmake', 'python']
[0.680s] [34mcolcon.colcon_core.package_identification[0m [1;30mLevel 1[0m _identify(logs/m0609_training_20250809_152628) by extension 'cmake'
[0.681s] [34mcolcon.colcon_core.package_identification[0m [1;30mLevel 1[0m _identify(logs/m0609_training_20250809_152628) by extension 'python'
[0.681s] [34mcolcon.colcon_core.package_identification[0m [1;30mLevel 1[0m _identify(logs/m0609_training_20250809_152628) by extensions ['python_setup_py']
[0.681s] [34mcolcon.colcon_core.package_identification[0m [1;30mLevel 1[0m _identify(logs/m0609_training_20250809_152628) by extension 'python_setup_py'
[0.681s] [34mcolcon.colcon_core.package_identification[0m [1;30mLevel 1[0m _identify(logs/production_1754644720) by extensions ['ignore', 'ignore_ament_install']
[0.681s] [34mcolcon.colcon_core.package_identification[0m [1;30mLevel 1[0m _identify(logs/production_1754644720) by extension 'ignore'
[0.681s] [34mcolcon.colcon_core.package_identification[0m [1;30mLevel 1[0m _identify(logs/production_1754644720) by extension 'ignore_ament_install'
[0.681s] [34mcolcon.colcon_core.package_identification[0m [1;30mLevel 1[0m _identify(logs/production_1754644720) by extensions ['colcon_pkg']
[0.681s] [34mcolcon.colcon_core.package_identification[0m [1;30mLevel 1[0m _identify(logs/production_1754644720) by extension 'colcon_pkg'
[0.681s] [34mcolcon.colcon_core.package_identification[0m [1;30mLevel 1[0m _identify(logs/production_1754644720) by extensions ['colcon_meta']
[0.681s] [34mcolcon.colcon_core.package_identification[0m [1;30mLevel 1[0m _identify(logs/production_1754644720) by extension 'colcon_meta'
[0.681s] [34mcolcon.colcon_core.package_identification[0m [1;30mLevel 1[0m _identify(logs/production_1754644720) by extensions ['ros']
[0.681s] [34mcolcon.colcon_core.package_identification[0m [1;30mLevel 1[0m _identify(logs/production_1754644720) by extension 'ros'
[0.681s] [34mcolcon.colcon_core.package_identification[0m [1;30mLevel 1[0m _identify(logs/production_1754644720) by extensions ['cmake', 'python']
[0.681s] [34mcolcon.colcon_core.package_identification[0m [1;30mLevel 1[0m _identify(logs/production_1754644720) by extension 'cmake'
[0.681s] [34mcolcon.colcon_core.package_identification[0m [1;30mLevel 1[0m _identify(logs/production_1754644720) by extension 'python'
[0.681s] [34mcolcon.colcon_core.package_identification[0m [1;30mLevel 1[0m _identify(logs/production_1754644720) by extensions ['python_setup_py']
[0.681s] [34mcolcon.colcon_core.package_identification[0m [1;30mLevel 1[0m _identify(logs/production_1754644720) by extension 'python_setup_py'
[0.681s] [34mcolcon.colcon_core.package_identification[0m [1;30mLevel 1[0m _identify(logs/production_simple_1754644791) by extensions ['ignore', 'ignore_ament_install']
[0.681s] [34mcolcon.colcon_core.package_identification[0m [1;30mLevel 1[0m _identify(logs/production_simple_1754644791) by extension 'ignore'
[0.681s] [34mcolcon.colcon_core.package_identification[0m [1;30mLevel 1[0m _identify(logs/production_simple_1754644791) by extension 'ignore_ament_install'
[0.681s] [34mcolcon.colcon_core.package_identification[0m [1;30mLevel 1[0m _identify(logs/production_simple_1754644791) by extensions ['colcon_pkg']
[0.681s] [34mcolcon.colcon_core.package_identification[0m [1;30mLevel 1[0m _identify(logs/production_simple_1754644791) by extension 'colcon_pkg'
[0.681s] [34mcolcon.colcon_core.package_identification[0m [1;30mLevel 1[0m _identify(logs/production_simple_1754644791) by extensions ['colcon_meta']
[0.681s] [34mcolcon.colcon_core.package_identification[0m [1;30mLevel 1[0m _identify(logs/production_simple_1754644791) by extension 'colcon_meta'
[0.681s] [34mcolcon.colcon_core.package_identification[0m [1;30mLevel 1[0m _identify(logs/production_simple_1754644791) by extensions ['ros']
[0.681s] [34mcolcon.colcon_core.package_identification[0m [1;30mLevel 1[0m _identify(logs/production_simple_1754644791) by extension 'ros'
[0.681s] [34mcolcon.colcon_core.package_identification[0m [1;30mLevel 1[0m _identify(logs/production_simple_1754644791) by extensions ['cmake', 'python']
[0.681s] [34mcolcon.colcon_core.package_identification[0m [1;30mLevel 1[0m _identify(logs/production_simple_1754644791) by extension 'cmake'
[0.681s] [34mcolcon.colcon_core.package_identification[0m [1;30mLevel 1[0m _identify(logs/production_simple_1754644791) by extension 'python'
[0.681s] [34mcolcon.colcon_core.package_identification[0m [1;30mLevel 1[0m _identify(logs/production_simple_1754644791) by extensions ['python_setup_py']
[0.682s] [34mcolcon.colcon_core.package_identification[0m [1;30mLevel 1[0m _identify(logs/production_simple_1754644791) by extension 'python_setup_py'
[0.682s] [34mcolcon.colcon_core.package_identification[0m [1;30mLevel 1[0m _identify(logs/production_simple_1754644791/eval_logs) by extensions ['ignore', 'ignore_ament_install']
[0.682s] [34mcolcon.colcon_core.package_identification[0m [1;30mLevel 1[0m _identify(logs/production_simple_1754644791/eval_logs) by extension 'ignore'
[0.682s] [34mcolcon.colcon_core.package_identification[0m [1;30mLevel 1[0m _identify(logs/production_simple_1754644791/eval_logs) by extension 'ignore_ament_install'
[0.682s] [34mcolcon.colcon_core.package_identification[0m [1;30mLevel 1[0m _identify(logs/production_simple_1754644791/eval_logs) by extensions ['colcon_pkg']
[0.682s] [34mcolcon.colcon_core.package_identification[0m [1;30mLevel 1[0m _identify(logs/production_simple_1754644791/eval_logs) by extension 'colcon_pkg'
[0.682s] [34mcolcon.colcon_core.package_identification[0m [1;30mLevel 1[0m _identify(logs/production_simple_1754644791/eval_logs) by extensions ['colcon_meta']
[0.682s] [34mcolcon.colcon_core.package_identification[0m [1;30mLevel 1[0m _identify(logs/production_simple_1754644791/eval_logs) by extension 'colcon_meta'
[0.682s] [34mcolcon.colcon_core.package_identification[0m [1;30mLevel 1[0m _identify(logs/production_simple_1754644791/eval_logs) by extensions ['ros']
[0.682s] [34mcolcon.colcon_core.package_identification[0m [1;30mLevel 1[0m _identify(logs/production_simple_1754644791/eval_logs) by extension 'ros'
[0.682s] [34mcolcon.colcon_core.package_identification[0m [1;30mLevel 1[0m _identify(logs/production_simple_1754644791/eval_logs) by extensions ['cmake', 'python']
[0.682s] [34mcolcon.colcon_core.package_identification[0m [1;30mLevel 1[0m _identify(logs/production_simple_1754644791/eval_logs) by extension 'cmake'
[0.682s] [34mcolcon.colcon_core.package_identification[0m [1;30mLevel 1[0m _identify(logs/production_simple_1754644791/eval_logs) by extension 'python'
[0.682s] [34mcolcon.colcon_core.package_identification[0m [1;30mLevel 1[0m _identify(logs/production_simple_1754644791/eval_logs) by extensions ['python_setup_py']
[0.682s] [34mcolcon.colcon_core.package_identification[0m [1;30mLevel 1[0m _identify(logs/production_simple_1754644791/eval_logs) by extension 'python_setup_py'
[0.682s] [34mcolcon.colcon_core.package_identification[0m [1;30mLevel 1[0m _identify(logs/production_test_1754644781) by extensions ['ignore', 'ignore_ament_install']
[0.682s] [34mcolcon.colcon_core.package_identification[0m [1;30mLevel 1[0m _identify(logs/production_test_1754644781) by extension 'ignore'
[0.682s] [34mcolcon.colcon_core.package_identification[0m [1;30mLevel 1[0m _identify(logs/production_test_1754644781) by extension 'ignore_ament_install'
[0.682s] [34mcolcon.colcon_core.package_identification[0m [1;30mLevel 1[0m _identify(logs/production_test_1754644781) by extensions ['colcon_pkg']
[0.682s] [34mcolcon.colcon_core.package_identification[0m [1;30mLevel 1[0m _identify(logs/production_test_1754644781) by extension 'colcon_pkg'
[0.682s] [34mcolcon.colcon_core.package_identification[0m [1;30mLevel 1[0m _identify(logs/production_test_1754644781) by extensions ['colcon_meta']
[0.682s] [34mcolcon.colcon_core.package_identification[0m [1;30mLevel 1[0m _identify(logs/production_test_1754644781) by extension 'colcon_meta'
[0.682s] [34mcolcon.colcon_core.package_identification[0m [1;30mLevel 1[0m _identify(logs/production_test_1754644781) by extensions ['ros']
[0.682s] [34mcolcon.colcon_core.package_identification[0m [1;30mLevel 1[0m _identify(logs/production_test_1754644781) by extension 'ros'
[0.682s] [34mcolcon.colcon_core.package_identification[0m [1;30mLevel 1[0m _identify(logs/production_test_1754644781) by extensions ['cmake', 'python']
[0.682s] [34mcolcon.colcon_core.package_identification[0m [1;30mLevel 1[0m _identify(logs/production_test_1754644781) by extension 'cmake'
[0.682s] [34mcolcon.colcon_core.package_identification[0m [1;30mLevel 1[0m _identify(logs/production_test_1754644781) by extension 'python'
[0.682s] [34mcolcon.colcon_core.package_identification[0m [1;30mLevel 1[0m _identify(logs/production_test_1754644781) by extensions ['python_setup_py']
[0.682s] [34mcolcon.colcon_core.package_identification[0m [1;30mLevel 1[0m _identify(logs/production_test_1754644781) by extension 'python_setup_py'
[0.682s] [34mcolcon.colcon_core.package_identification[0m [1;30mLevel 1[0m _identify(logs/production_test_1754644781/eval_logs) by extensions ['ignore', 'ignore_ament_install']
[0.683s] [34mcolcon.colcon_core.package_identification[0m [1;30mLevel 1[0m _identify(logs/production_test_1754644781/eval_logs) by extension 'ignore'
[0.683s] [34mcolcon.colcon_core.package_identification[0m [1;30mLevel 1[0m _identify(logs/production_test_1754644781/eval_logs) by extension 'ignore_ament_install'
[0.683s] [34mcolcon.colcon_core.package_identification[0m [1;30mLevel 1[0m _identify(logs/production_test_1754644781/eval_logs) by extensions ['colcon_pkg']
[0.683s] [34mcolcon.colcon_core.package_identification[0m [1;30mLevel 1[0m _identify(logs/production_test_1754644781/eval_logs) by extension 'colcon_pkg'
[0.683s] [34mcolcon.colcon_core.package_identification[0m [1;30mLevel 1[0m _identify(logs/production_test_1754644781/eval_logs) by extensions ['colcon_meta']
[0.683s] [34mcolcon.colcon_core.package_identification[0m [1;30mLevel 1[0m _identify(logs/production_test_1754644781/eval_logs) by extension 'colcon_meta'
[0.683s] [34mcolcon.colcon_core.package_identification[0m [1;30mLevel 1[0m _identify(logs/production_test_1754644781/eval_logs) by extensions ['ros']
[0.683s] [34mcolcon.colcon_core.package_identification[0m [1;30mLevel 1[0m _identify(logs/production_test_1754644781/eval_logs) by extension 'ros'
[0.683s] [34mcolcon.colcon_core.package_identification[0m [1;30mLevel 1[0m _identify(logs/production_test_1754644781/eval_logs) by extensions ['cmake', 'python']
[0.683s] [34mcolcon.colcon_core.package_identification[0m [1;30mLevel 1[0m _identify(logs/production_test_1754644781/eval_logs) by extension 'cmake'
[0.683s] [34mcolcon.colcon_core.package_identification[0m [1;30mLevel 1[0m _identify(logs/production_test_1754644781/eval_logs) by extension 'python'
[0.683s] [34mcolcon.colcon_core.package_identification[0m [1;30mLevel 1[0m _identify(logs/production_test_1754644781/eval_logs) by extensions ['python_setup_py']
[0.683s] [34mcolcon.colcon_core.package_identification[0m [1;30mLevel 1[0m _identify(logs/production_test_1754644781/eval_logs) by extension 'python_setup_py'
[0.683s] [34mcolcon.colcon_core.package_identification[0m [1;30mLevel 1[0m _identify(logs/soma_cube_training_20250808_233651) by extensions ['ignore', 'ignore_ament_install']
[0.683s] [34mcolcon.colcon_core.package_identification[0m [1;30mLevel 1[0m _identify(logs/soma_cube_training_20250808_233651) by extension 'ignore'
[0.683s] [34mcolcon.colcon_core.package_identification[0m [1;30mLevel 1[0m _identify(logs/soma_cube_training_20250808_233651) by extension 'ignore_ament_install'
[0.683s] [34mcolcon.colcon_core.package_identification[0m [1;30mLevel 1[0m _identify(logs/soma_cube_training_20250808_233651) by extensions ['colcon_pkg']
[0.683s] [34mcolcon.colcon_core.package_identification[0m [1;30mLevel 1[0m _identify(logs/soma_cube_training_20250808_233651) by extension 'colcon_pkg'
[0.683s] [34mcolcon.colcon_core.package_identification[0m [1;30mLevel 1[0m _identify(logs/soma_cube_training_20250808_233651) by extensions ['colcon_meta']
[0.683s] [34mcolcon.colcon_core.package_identification[0m [1;30mLevel 1[0m _identify(logs/soma_cube_training_20250808_233651) by extension 'colcon_meta'
[0.683s] [34mcolcon.colcon_core.package_identification[0m [1;30mLevel 1[0m _identify(logs/soma_cube_training_20250808_233651) by extensions ['ros']
[0.683s] [34mcolcon.colcon_core.package_identification[0m [1;30mLevel 1[0m _identify(logs/soma_cube_training_20250808_233651) by extension 'ros'
[0.683s] [34mcolcon.colcon_core.package_identification[0m [1;30mLevel 1[0m _identify(logs/soma_cube_training_20250808_233651) by extensions ['cmake', 'python']
[0.683s] [34mcolcon.colcon_core.package_identification[0m [1;30mLevel 1[0m _identify(logs/soma_cube_training_20250808_233651) by extension 'cmake'
[0.683s] [34mcolcon.colcon_core.package_identification[0m [1;30mLevel 1[0m _identify(logs/soma_cube_training_20250808_233651) by extension 'python'
[0.683s] [34mcolcon.colcon_core.package_identification[0m [1;30mLevel 1[0m _identify(logs/soma_cube_training_20250808_233651) by extensions ['python_setup_py']
[0.683s] [34mcolcon.colcon_core.package_identification[0m [1;30mLevel 1[0m _identify(logs/soma_cube_training_20250808_233651) by extension 'python_setup_py'
[0.683s] [34mcolcon.colcon_core.package_identification[0m [1;30mLevel 1[0m _identify(logs/soma_cube_training_20250808_233651/tensorboard) by extensions ['ignore', 'ignore_ament_install']
[0.683s] [34mcolcon.colcon_core.package_identification[0m [1;30mLevel 1[0m _identify(logs/soma_cube_training_20250808_233651/tensorboard) by extension 'ignore'
[0.683s] [34mcolcon.colcon_core.package_identification[0m [1;30mLevel 1[0m _identify(logs/soma_cube_training_20250808_233651/tensorboard) by extension 'ignore_ament_install'
[0.683s] [34mcolcon.colcon_core.package_identification[0m [1;30mLevel 1[0m _identify(logs/soma_cube_training_20250808_233651/tensorboard) by extensions ['colcon_pkg']
[0.684s] [34mcolcon.colcon_core.package_identification[0m [1;30mLevel 1[0m _identify(logs/soma_cube_training_20250808_233651/tensorboard) by extension 'colcon_pkg'
[0.684s] [34mcolcon.colcon_core.package_identification[0m [1;30mLevel 1[0m _identify(logs/soma_cube_training_20250808_233651/tensorboard) by extensions ['colcon_meta']
[0.684s] [34mcolcon.colcon_core.package_identification[0m [1;30mLevel 1[0m _identify(logs/soma_cube_training_20250808_233651/tensorboard) by extension 'colcon_meta'
[0.684s] [34mcolcon.colcon_core.package_identification[0m [1;30mLevel 1[0m _identify(logs/soma_cube_training_20250808_233651/tensorboard) by extensions ['ros']
[0.684s] [34mcolcon.colcon_core.package_identification[0m [1;30mLevel 1[0m _identify(logs/soma_cube_training_20250808_233651/tensorboard) by extension 'ros'
[0.684s] [34mcolcon.colcon_core.package_identification[0m [1;30mLevel 1[0m _identify(logs/soma_cube_training_20250808_233651/tensorboard) by extensions ['cmake', 'python']
[0.684s] [34mcolcon.colcon_core.package_identification[0m [1;30mLevel 1[0m _identify(logs/soma_cube_training_20250808_233651/tensorboard) by extension 'cmake'
[0.684s] [34mcolcon.colcon_core.package_identification[0m [1;30mLevel 1[0m _identify(logs/soma_cube_training_20250808_233651/tensorboard) by extension 'python'
[0.684s] [34mcolcon.colcon_core.package_identification[0m [1;30mLevel 1[0m _identify(logs/soma_cube_training_20250808_233651/tensorboard) by extensions ['python_setup_py']
[0.684s] [34mcolcon.colcon_core.package_identification[0m [1;30mLevel 1[0m _identify(logs/soma_cube_training_20250808_233651/tensorboard) by extension 'python_setup_py'
[0.684s] [34mcolcon.colcon_core.package_identification[0m [1;30mLevel 1[0m _identify(logs/soma_cube_training_20250808_233744) by extensions ['ignore', 'ignore_ament_install']
[0.684s] [34mcolcon.colcon_core.package_identification[0m [1;30mLevel 1[0m _identify(logs/soma_cube_training_20250808_233744) by extension 'ignore'
[0.684s] [34mcolcon.colcon_core.package_identification[0m [1;30mLevel 1[0m _identify(logs/soma_cube_training_20250808_233744) by extension 'ignore_ament_install'
[0.684s] [34mcolcon.colcon_core.package_identification[0m [1;30mLevel 1[0m _identify(logs/soma_cube_training_20250808_233744) by extensions ['colcon_pkg']
[0.684s] [34mcolcon.colcon_core.package_identification[0m [1;30mLevel 1[0m _identify(logs/soma_cube_training_20250808_233744) by extension 'colcon_pkg'
[0.684s] [34mcolcon.colcon_core.package_identification[0m [1;30mLevel 1[0m _identify(logs/soma_cube_training_20250808_233744) by extensions ['colcon_meta']
[0.684s] [34mcolcon.colcon_core.package_identification[0m [1;30mLevel 1[0m _identify(logs/soma_cube_training_20250808_233744) by extension 'colcon_meta'
[0.684s] [34mcolcon.colcon_core.package_identification[0m [1;30mLevel 1[0m _identify(logs/soma_cube_training_20250808_233744) by extensions ['ros']
[0.684s] [34mcolcon.colcon_core.package_identification[0m [1;30mLevel 1[0m _identify(logs/soma_cube_training_20250808_233744) by extension 'ros'
[0.684s] [34mcolcon.colcon_core.package_identification[0m [1;30mLevel 1[0m _identify(logs/soma_cube_training_20250808_233744) by extensions ['cmake', 'python']
[0.684s] [34mcolcon.colcon_core.package_identification[0m [1;30mLevel 1[0m _identify(logs/soma_cube_training_20250808_233744) by extension 'cmake'
[0.684s] [34mcolcon.colcon_core.package_identification[0m [1;30mLevel 1[0m _identify(logs/soma_cube_training_20250808_233744) by extension 'python'
[0.684s] [34mcolcon.colcon_core.package_identification[0m [1;30mLevel 1[0m _identify(logs/soma_cube_training_20250808_233744) by extensions ['python_setup_py']
[0.684s] [34mcolcon.colcon_core.package_identification[0m [1;30mLevel 1[0m _identify(logs/soma_cube_training_20250808_233744) by extension 'python_setup_py'
[0.684s] [34mcolcon.colcon_core.package_identification[0m [1;30mLevel 1[0m _identify(logs/soma_cube_training_20250808_233744/tensorboard) by extensions ['ignore', 'ignore_ament_install']
[0.684s] [34mcolcon.colcon_core.package_identification[0m [1;30mLevel 1[0m _identify(logs/soma_cube_training_20250808_233744/tensorboard) by extension 'ignore'
[0.684s] [34mcolcon.colcon_core.package_identification[0m [1;30mLevel 1[0m _identify(logs/soma_cube_training_20250808_233744/tensorboard) by extension 'ignore_ament_install'
[0.684s] [34mcolcon.colcon_core.package_identification[0m [1;30mLevel 1[0m _identify(logs/soma_cube_training_20250808_233744/tensorboard) by extensions ['colcon_pkg']
[0.684s] [34mcolcon.colcon_core.package_identification[0m [1;30mLevel 1[0m _identify(logs/soma_cube_training_20250808_233744/tensorboard) by extension 'colcon_pkg'
[0.684s] [34mcolcon.colcon_core.package_identification[0m [1;30mLevel 1[0m _identify(logs/soma_cube_training_20250808_233744/tensorboard) by extensions ['colcon_meta']
[0.684s] [34mcolcon.colcon_core.package_identification[0m [1;30mLevel 1[0m _identify(logs/soma_cube_training_20250808_233744/tensorboard) by extension 'colcon_meta'
[0.684s] [34mcolcon.colcon_core.package_identification[0m [1;30mLevel 1[0m _identify(logs/soma_cube_training_20250808_233744/tensorboard) by extensions ['ros']
[0.684s] [34mcolcon.colcon_core.package_identification[0m [1;30mLevel 1[0m _identify(logs/soma_cube_training_20250808_233744/tensorboard) by extension 'ros'
[0.685s] [34mcolcon.colcon_core.package_identification[0m [1;30mLevel 1[0m _identify(logs/soma_cube_training_20250808_233744/tensorboard) by extensions ['cmake', 'python']
[0.685s] [34mcolcon.colcon_core.package_identification[0m [1;30mLevel 1[0m _identify(logs/soma_cube_training_20250808_233744/tensorboard) by extension 'cmake'
[0.685s] [34mcolcon.colcon_core.package_identification[0m [1;30mLevel 1[0m _identify(logs/soma_cube_training_20250808_233744/tensorboard) by extension 'python'
[0.685s] [34mcolcon.colcon_core.package_identification[0m [1;30mLevel 1[0m _identify(logs/soma_cube_training_20250808_233744/tensorboard) by extensions ['python_setup_py']
[0.685s] [34mcolcon.colcon_core.package_identification[0m [1;30mLevel 1[0m _identify(logs/soma_cube_training_20250808_233744/tensorboard) by extension 'python_setup_py'
[0.685s] [34mcolcon.colcon_core.package_identification[0m [1;30mLevel 1[0m _identify(logs/soma_cube_training_20250808_233807) by extensions ['ignore', 'ignore_ament_install']
[0.685s] [34mcolcon.colcon_core.package_identification[0m [1;30mLevel 1[0m _identify(logs/soma_cube_training_20250808_233807) by extension 'ignore'
[0.685s] [34mcolcon.colcon_core.package_identification[0m [1;30mLevel 1[0m _identify(logs/soma_cube_training_20250808_233807) by extension 'ignore_ament_install'
[0.685s] [34mcolcon.colcon_core.package_identification[0m [1;30mLevel 1[0m _identify(logs/soma_cube_training_20250808_233807) by extensions ['colcon_pkg']
[0.685s] [34mcolcon.colcon_core.package_identification[0m [1;30mLevel 1[0m _identify(logs/soma_cube_training_20250808_233807) by extension 'colcon_pkg'
[0.685s] [34mcolcon.colcon_core.package_identification[0m [1;30mLevel 1[0m _identify(logs/soma_cube_training_20250808_233807) by extensions ['colcon_meta']
[0.685s] [34mcolcon.colcon_core.package_identification[0m [1;30mLevel 1[0m _identify(logs/soma_cube_training_20250808_233807) by extension 'colcon_meta'
[0.685s] [34mcolcon.colcon_core.package_identification[0m [1;30mLevel 1[0m _identify(logs/soma_cube_training_20250808_233807) by extensions ['ros']
[0.685s] [34mcolcon.colcon_core.package_identification[0m [1;30mLevel 1[0m _identify(logs/soma_cube_training_20250808_233807) by extension 'ros'
[0.685s] [34mcolcon.colcon_core.package_identification[0m [1;30mLevel 1[0m _identify(logs/soma_cube_training_20250808_233807) by extensions ['cmake', 'python']
[0.685s] [34mcolcon.colcon_core.package_identification[0m [1;30mLevel 1[0m _identify(logs/soma_cube_training_20250808_233807) by extension 'cmake'
[0.685s] [34mcolcon.colcon_core.package_identification[0m [1;30mLevel 1[0m _identify(logs/soma_cube_training_20250808_233807) by extension 'python'
[0.685s] [34mcolcon.colcon_core.package_identification[0m [1;30mLevel 1[0m _identify(logs/soma_cube_training_20250808_233807) by extensions ['python_setup_py']
[0.685s] [34mcolcon.colcon_core.package_identification[0m [1;30mLevel 1[0m _identify(logs/soma_cube_training_20250808_233807) by extension 'python_setup_py'
[0.685s] [34mcolcon.colcon_core.package_identification[0m [1;30mLevel 1[0m _identify(logs/soma_cube_training_20250808_233807/tensorboard) by extensions ['ignore', 'ignore_ament_install']
[0.685s] [34mcolcon.colcon_core.package_identification[0m [1;30mLevel 1[0m _identify(logs/soma_cube_training_20250808_233807/tensorboard) by extension 'ignore'
[0.685s] [34mcolcon.colcon_core.package_identification[0m [1;30mLevel 1[0m _identify(logs/soma_cube_training_20250808_233807/tensorboard) by extension 'ignore_ament_install'
[0.685s] [34mcolcon.colcon_core.package_identification[0m [1;30mLevel 1[0m _identify(logs/soma_cube_training_20250808_233807/tensorboard) by extensions ['colcon_pkg']
[0.685s] [34mcolcon.colcon_core.package_identification[0m [1;30mLevel 1[0m _identify(logs/soma_cube_training_20250808_233807/tensorboard) by extension 'colcon_pkg'
[0.685s] [34mcolcon.colcon_core.package_identification[0m [1;30mLevel 1[0m _identify(logs/soma_cube_training_20250808_233807/tensorboard) by extensions ['colcon_meta']
[0.685s] [34mcolcon.colcon_core.package_identification[0m [1;30mLevel 1[0m _identify(logs/soma_cube_training_20250808_233807/tensorboard) by extension 'colcon_meta'
[0.685s] [34mcolcon.colcon_core.package_identification[0m [1;30mLevel 1[0m _identify(logs/soma_cube_training_20250808_233807/tensorboard) by extensions ['ros']
[0.685s] [34mcolcon.colcon_core.package_identification[0m [1;30mLevel 1[0m _identify(logs/soma_cube_training_20250808_233807/tensorboard) by extension 'ros'
[0.685s] [34mcolcon.colcon_core.package_identification[0m [1;30mLevel 1[0m _identify(logs/soma_cube_training_20250808_233807/tensorboard) by extensions ['cmake', 'python']
[0.685s] [34mcolcon.colcon_core.package_identification[0m [1;30mLevel 1[0m _identify(logs/soma_cube_training_20250808_233807/tensorboard) by extension 'cmake'
[0.686s] [34mcolcon.colcon_core.package_identification[0m [1;30mLevel 1[0m _identify(logs/soma_cube_training_20250808_233807/tensorboard) by extension 'python'
[0.686s] [34mcolcon.colcon_core.package_identification[0m [1;30mLevel 1[0m _identify(logs/soma_cube_training_20250808_233807/tensorboard) by extensions ['python_setup_py']
[0.686s] [34mcolcon.colcon_core.package_identification[0m [1;30mLevel 1[0m _identify(logs/soma_cube_training_20250808_233807/tensorboard) by extension 'python_setup_py'
[0.686s] [34mcolcon.colcon_core.package_identification[0m [1;30mLevel 1[0m _identify(logs/soma_cube_training_20250808_233828) by extensions ['ignore', 'ignore_ament_install']
[0.686s] [34mcolcon.colcon_core.package_identification[0m [1;30mLevel 1[0m _identify(logs/soma_cube_training_20250808_233828) by extension 'ignore'
[0.686s] [34mcolcon.colcon_core.package_identification[0m [1;30mLevel 1[0m _identify(logs/soma_cube_training_20250808_233828) by extension 'ignore_ament_install'
[0.686s] [34mcolcon.colcon_core.package_identification[0m [1;30mLevel 1[0m _identify(logs/soma_cube_training_20250808_233828) by extensions ['colcon_pkg']
[0.686s] [34mcolcon.colcon_core.package_identification[0m [1;30mLevel 1[0m _identify(logs/soma_cube_training_20250808_233828) by extension 'colcon_pkg'
[0.686s] [34mcolcon.colcon_core.package_identification[0m [1;30mLevel 1[0m _identify(logs/soma_cube_training_20250808_233828) by extensions ['colcon_meta']
[0.686s] [34mcolcon.colcon_core.package_identification[0m [1;30mLevel 1[0m _identify(logs/soma_cube_training_20250808_233828) by extension 'colcon_meta'
[0.686s] [34mcolcon.colcon_core.package_identification[0m [1;30mLevel 1[0m _identify(logs/soma_cube_training_20250808_233828) by extensions ['ros']
[0.686s] [34mcolcon.colcon_core.package_identification[0m [1;30mLevel 1[0m _identify(logs/soma_cube_training_20250808_233828) by extension 'ros'
[0.686s] [34mcolcon.colcon_core.package_identification[0m [1;30mLevel 1[0m _identify(logs/soma_cube_training_20250808_233828) by extensions ['cmake', 'python']
[0.686s] [34mcolcon.colcon_core.package_identification[0m [1;30mLevel 1[0m _identify(logs/soma_cube_training_20250808_233828) by extension 'cmake'
[0.686s] [34mcolcon.colcon_core.package_identification[0m [1;30mLevel 1[0m _identify(logs/soma_cube_training_20250808_233828) by extension 'python'
[0.686s] [34mcolcon.colcon_core.package_identification[0m [1;30mLevel 1[0m _identify(logs/soma_cube_training_20250808_233828) by extensions ['python_setup_py']
[0.686s] [34mcolcon.colcon_core.package_identification[0m [1;30mLevel 1[0m _identify(logs/soma_cube_training_20250808_233828) by extension 'python_setup_py'
[0.686s] [34mcolcon.colcon_core.package_identification[0m [1;30mLevel 1[0m _identify(logs/soma_cube_training_20250808_233828/tensorboard) by extensions ['ignore', 'ignore_ament_install']
[0.686s] [34mcolcon.colcon_core.package_identification[0m [1;30mLevel 1[0m _identify(logs/soma_cube_training_20250808_233828/tensorboard) by extension 'ignore'
[0.686s] [34mcolcon.colcon_core.package_identification[0m [1;30mLevel 1[0m _identify(logs/soma_cube_training_20250808_233828/tensorboard) by extension 'ignore_ament_install'
[0.686s] [34mcolcon.colcon_core.package_identification[0m [1;30mLevel 1[0m _identify(logs/soma_cube_training_20250808_233828/tensorboard) by extensions ['colcon_pkg']
[0.686s] [34mcolcon.colcon_core.package_identification[0m [1;30mLevel 1[0m _identify(logs/soma_cube_training_20250808_233828/tensorboard) by extension 'colcon_pkg'
[0.686s] [34mcolcon.colcon_core.package_identification[0m [1;30mLevel 1[0m _identify(logs/soma_cube_training_20250808_233828/tensorboard) by extensions ['colcon_meta']
[0.686s] [34mcolcon.colcon_core.package_identification[0m [1;30mLevel 1[0m _identify(logs/soma_cube_training_20250808_233828/tensorboard) by extension 'colcon_meta'
[0.686s] [34mcolcon.colcon_core.package_identification[0m [1;30mLevel 1[0m _identify(logs/soma_cube_training_20250808_233828/tensorboard) by extensions ['ros']
[0.686s] [34mcolcon.colcon_core.package_identification[0m [1;30mLevel 1[0m _identify(logs/soma_cube_training_20250808_233828/tensorboard) by extension 'ros'
[0.686s] [34mcolcon.colcon_core.package_identification[0m [1;30mLevel 1[0m _identify(logs/soma_cube_training_20250808_233828/tensorboard) by extensions ['cmake', 'python']
[0.686s] [34mcolcon.colcon_core.package_identification[0m [1;30mLevel 1[0m _identify(logs/soma_cube_training_20250808_233828/tensorboard) by extension 'cmake'
[0.686s] [34mcolcon.colcon_core.package_identification[0m [1;30mLevel 1[0m _identify(logs/soma_cube_training_20250808_233828/tensorboard) by extension 'python'
[0.686s] [34mcolcon.colcon_core.package_identification[0m [1;30mLevel 1[0m _identify(logs/soma_cube_training_20250808_233828/tensorboard) by extensions ['python_setup_py']
[0.686s] [34mcolcon.colcon_core.package_identification[0m [1;30mLevel 1[0m _identify(logs/soma_cube_training_20250808_233828/tensorboard) by extension 'python_setup_py'
[0.687s] [34mcolcon.colcon_core.package_identification[0m [1;30mLevel 1[0m _identify(logs/soma_cube_training_20250808_233843) by extensions ['ignore', 'ignore_ament_install']
[0.687s] [34mcolcon.colcon_core.package_identification[0m [1;30mLevel 1[0m _identify(logs/soma_cube_training_20250808_233843) by extension 'ignore'
[0.687s] [34mcolcon.colcon_core.package_identification[0m [1;30mLevel 1[0m _identify(logs/soma_cube_training_20250808_233843) by extension 'ignore_ament_install'
[0.687s] [34mcolcon.colcon_core.package_identification[0m [1;30mLevel 1[0m _identify(logs/soma_cube_training_20250808_233843) by extensions ['colcon_pkg']
[0.687s] [34mcolcon.colcon_core.package_identification[0m [1;30mLevel 1[0m _identify(logs/soma_cube_training_20250808_233843) by extension 'colcon_pkg'
[0.687s] [34mcolcon.colcon_core.package_identification[0m [1;30mLevel 1[0m _identify(logs/soma_cube_training_20250808_233843) by extensions ['colcon_meta']
[0.687s] [34mcolcon.colcon_core.package_identification[0m [1;30mLevel 1[0m _identify(logs/soma_cube_training_20250808_233843) by extension 'colcon_meta'
[0.687s] [34mcolcon.colcon_core.package_identification[0m [1;30mLevel 1[0m _identify(logs/soma_cube_training_20250808_233843) by extensions ['ros']
[0.687s] [34mcolcon.colcon_core.package_identification[0m [1;30mLevel 1[0m _identify(logs/soma_cube_training_20250808_233843) by extension 'ros'
[0.687s] [34mcolcon.colcon_core.package_identification[0m [1;30mLevel 1[0m _identify(logs/soma_cube_training_20250808_233843) by extensions ['cmake', 'python']
[0.687s] [34mcolcon.colcon_core.package_identification[0m [1;30mLevel 1[0m _identify(logs/soma_cube_training_20250808_233843) by extension 'cmake'
[0.687s] [34mcolcon.colcon_core.package_identification[0m [1;30mLevel 1[0m _identify(logs/soma_cube_training_20250808_233843) by extension 'python'
[0.687s] [34mcolcon.colcon_core.package_identification[0m [1;30mLevel 1[0m _identify(logs/soma_cube_training_20250808_233843) by extensions ['python_setup_py']
[0.687s] [34mcolcon.colcon_core.package_identification[0m [1;30mLevel 1[0m _identify(logs/soma_cube_training_20250808_233843) by extension 'python_setup_py'
[0.687s] [34mcolcon.colcon_core.package_identification[0m [1;30mLevel 1[0m _identify(logs/soma_cube_training_20250808_233843/tensorboard) by extensions ['ignore', 'ignore_ament_install']
[0.687s] [34mcolcon.colcon_core.package_identification[0m [1;30mLevel 1[0m _identify(logs/soma_cube_training_20250808_233843/tensorboard) by extension 'ignore'
[0.687s] [34mcolcon.colcon_core.package_identification[0m [1;30mLevel 1[0m _identify(logs/soma_cube_training_20250808_233843/tensorboard) by extension 'ignore_ament_install'
[0.687s] [34mcolcon.colcon_core.package_identification[0m [1;30mLevel 1[0m _identify(logs/soma_cube_training_20250808_233843/tensorboard) by extensions ['colcon_pkg']
[0.687s] [34mcolcon.colcon_core.package_identification[0m [1;30mLevel 1[0m _identify(logs/soma_cube_training_20250808_233843/tensorboard) by extension 'colcon_pkg'
[0.687s] [34mcolcon.colcon_core.package_identification[0m [1;30mLevel 1[0m _identify(logs/soma_cube_training_20250808_233843/tensorboard) by extensions ['colcon_meta']
[0.687s] [34mcolcon.colcon_core.package_identification[0m [1;30mLevel 1[0m _identify(logs/soma_cube_training_20250808_233843/tensorboard) by extension 'colcon_meta'
[0.687s] [34mcolcon.colcon_core.package_identification[0m [1;30mLevel 1[0m _identify(logs/soma_cube_training_20250808_233843/tensorboard) by extensions ['ros']
[0.687s] [34mcolcon.colcon_core.package_identification[0m [1;30mLevel 1[0m _identify(logs/soma_cube_training_20250808_233843/tensorboard) by extension 'ros'
[0.687s] [34mcolcon.colcon_core.package_identification[0m [1;30mLevel 1[0m _identify(logs/soma_cube_training_20250808_233843/tensorboard) by extensions ['cmake', 'python']
[0.687s] [34mcolcon.colcon_core.package_identification[0m [1;30mLevel 1[0m _identify(logs/soma_cube_training_20250808_233843/tensorboard) by extension 'cmake'
[0.687s] [34mcolcon.colcon_core.package_identification[0m [1;30mLevel 1[0m _identify(logs/soma_cube_training_20250808_233843/tensorboard) by extension 'python'
[0.687s] [34mcolcon.colcon_core.package_identification[0m [1;30mLevel 1[0m _identify(logs/soma_cube_training_20250808_233843/tensorboard) by extensions ['python_setup_py']
[0.687s] [34mcolcon.colcon_core.package_identification[0m [1;30mLevel 1[0m _identify(logs/soma_cube_training_20250808_233843/tensorboard) by extension 'python_setup_py'
[0.687s] [34mcolcon.colcon_core.package_identification[0m [1;30mLevel 1[0m _identify(logs/soma_cube_training_20250808_234153) by extensions ['ignore', 'ignore_ament_install']
[0.687s] [34mcolcon.colcon_core.package_identification[0m [1;30mLevel 1[0m _identify(logs/soma_cube_training_20250808_234153) by extension 'ignore'
[0.688s] [34mcolcon.colcon_core.package_identification[0m [1;30mLevel 1[0m _identify(logs/soma_cube_training_20250808_234153) by extension 'ignore_ament_install'
[0.688s] [34mcolcon.colcon_core.package_identification[0m [1;30mLevel 1[0m _identify(logs/soma_cube_training_20250808_234153) by extensions ['colcon_pkg']
[0.688s] [34mcolcon.colcon_core.package_identification[0m [1;30mLevel 1[0m _identify(logs/soma_cube_training_20250808_234153) by extension 'colcon_pkg'
[0.688s] [34mcolcon.colcon_core.package_identification[0m [1;30mLevel 1[0m _identify(logs/soma_cube_training_20250808_234153) by extensions ['colcon_meta']
[0.688s] [34mcolcon.colcon_core.package_identification[0m [1;30mLevel 1[0m _identify(logs/soma_cube_training_20250808_234153) by extension 'colcon_meta'
[0.688s] [34mcolcon.colcon_core.package_identification[0m [1;30mLevel 1[0m _identify(logs/soma_cube_training_20250808_234153) by extensions ['ros']
[0.688s] [34mcolcon.colcon_core.package_identification[0m [1;30mLevel 1[0m _identify(logs/soma_cube_training_20250808_234153) by extension 'ros'
[0.688s] [34mcolcon.colcon_core.package_identification[0m [1;30mLevel 1[0m _identify(logs/soma_cube_training_20250808_234153) by extensions ['cmake', 'python']
[0.688s] [34mcolcon.colcon_core.package_identification[0m [1;30mLevel 1[0m _identify(logs/soma_cube_training_20250808_234153) by extension 'cmake'
[0.688s] [34mcolcon.colcon_core.package_identification[0m [1;30mLevel 1[0m _identify(logs/soma_cube_training_20250808_234153) by extension 'python'
[0.688s] [34mcolcon.colcon_core.package_identification[0m [1;30mLevel 1[0m _identify(logs/soma_cube_training_20250808_234153) by extensions ['python_setup_py']
[0.688s] [34mcolcon.colcon_core.package_identification[0m [1;30mLevel 1[0m _identify(logs/soma_cube_training_20250808_234153) by extension 'python_setup_py'
[0.688s] [34mcolcon.colcon_core.package_identification[0m [1;30mLevel 1[0m _identify(logs/soma_cube_training_20250808_234153/tensorboard) by extensions ['ignore', 'ignore_ament_install']
[0.688s] [34mcolcon.colcon_core.package_identification[0m [1;30mLevel 1[0m _identify(logs/soma_cube_training_20250808_234153/tensorboard) by extension 'ignore'
[0.688s] [34mcolcon.colcon_core.package_identification[0m [1;30mLevel 1[0m _identify(logs/soma_cube_training_20250808_234153/tensorboard) by extension 'ignore_ament_install'
[0.688s] [34mcolcon.colcon_core.package_identification[0m [1;30mLevel 1[0m _identify(logs/soma_cube_training_20250808_234153/tensorboard) by extensions ['colcon_pkg']
[0.688s] [34mcolcon.colcon_core.package_identification[0m [1;30mLevel 1[0m _identify(logs/soma_cube_training_20250808_234153/tensorboard) by extension 'colcon_pkg'
[0.688s] [34mcolcon.colcon_core.package_identification[0m [1;30mLevel 1[0m _identify(logs/soma_cube_training_20250808_234153/tensorboard) by extensions ['colcon_meta']
[0.688s] [34mcolcon.colcon_core.package_identification[0m [1;30mLevel 1[0m _identify(logs/soma_cube_training_20250808_234153/tensorboard) by extension 'colcon_meta'
[0.688s] [34mcolcon.colcon_core.package_identification[0m [1;30mLevel 1[0m _identify(logs/soma_cube_training_20250808_234153/tensorboard) by extensions ['ros']
[0.688s] [34mcolcon.colcon_core.package_identification[0m [1;30mLevel 1[0m _identify(logs/soma_cube_training_20250808_234153/tensorboard) by extension 'ros'
[0.688s] [34mcolcon.colcon_core.package_identification[0m [1;30mLevel 1[0m _identify(logs/soma_cube_training_20250808_234153/tensorboard) by extensions ['cmake', 'python']
[0.688s] [34mcolcon.colcon_core.package_identification[0m [1;30mLevel 1[0m _identify(logs/soma_cube_training_20250808_234153/tensorboard) by extension 'cmake'
[0.688s] [34mcolcon.colcon_core.package_identification[0m [1;30mLevel 1[0m _identify(logs/soma_cube_training_20250808_234153/tensorboard) by extension 'python'
[0.688s] [34mcolcon.colcon_core.package_identification[0m [1;30mLevel 1[0m _identify(logs/soma_cube_training_20250808_234153/tensorboard) by extensions ['python_setup_py']
[0.688s] [34mcolcon.colcon_core.package_identification[0m [1;30mLevel 1[0m _identify(logs/soma_cube_training_20250808_234153/tensorboard) by extension 'python_setup_py'
[0.688s] [34mcolcon.colcon_core.package_identification[0m [1;30mLevel 1[0m _identify(logs/soma_cube_training_20250809_001742) by extensions ['ignore', 'ignore_ament_install']
[0.688s] [34mcolcon.colcon_core.package_identification[0m [1;30mLevel 1[0m _identify(logs/soma_cube_training_20250809_001742) by extension 'ignore'
[0.688s] [34mcolcon.colcon_core.package_identification[0m [1;30mLevel 1[0m _identify(logs/soma_cube_training_20250809_001742) by extension 'ignore_ament_install'
[0.688s] [34mcolcon.colcon_core.package_identification[0m [1;30mLevel 1[0m _identify(logs/soma_cube_training_20250809_001742) by extensions ['colcon_pkg']
[0.688s] [34mcolcon.colcon_core.package_identification[0m [1;30mLevel 1[0m _identify(logs/soma_cube_training_20250809_001742) by extension 'colcon_pkg'
[0.689s] [34mcolcon.colcon_core.package_identification[0m [1;30mLevel 1[0m _identify(logs/soma_cube_training_20250809_001742) by extensions ['colcon_meta']
[0.689s] [34mcolcon.colcon_core.package_identification[0m [1;30mLevel 1[0m _identify(logs/soma_cube_training_20250809_001742) by extension 'colcon_meta'
[0.689s] [34mcolcon.colcon_core.package_identification[0m [1;30mLevel 1[0m _identify(logs/soma_cube_training_20250809_001742) by extensions ['ros']
[0.689s] [34mcolcon.colcon_core.package_identification[0m [1;30mLevel 1[0m _identify(logs/soma_cube_training_20250809_001742) by extension 'ros'
[0.689s] [34mcolcon.colcon_core.package_identification[0m [1;30mLevel 1[0m _identify(logs/soma_cube_training_20250809_001742) by extensions ['cmake', 'python']
[0.689s] [34mcolcon.colcon_core.package_identification[0m [1;30mLevel 1[0m _identify(logs/soma_cube_training_20250809_001742) by extension 'cmake'
[0.689s] [34mcolcon.colcon_core.package_identification[0m [1;30mLevel 1[0m _identify(logs/soma_cube_training_20250809_001742) by extension 'python'
[0.689s] [34mcolcon.colcon_core.package_identification[0m [1;30mLevel 1[0m _identify(logs/soma_cube_training_20250809_001742) by extensions ['python_setup_py']
[0.689s] [34mcolcon.colcon_core.package_identification[0m [1;30mLevel 1[0m _identify(logs/soma_cube_training_20250809_001742) by extension 'python_setup_py'
[0.689s] [34mcolcon.colcon_core.package_identification[0m [1;30mLevel 1[0m _identify(logs/soma_cube_training_20250809_001742/tensorboard) by extensions ['ignore', 'ignore_ament_install']
[0.689s] [34mcolcon.colcon_core.package_identification[0m [1;30mLevel 1[0m _identify(logs/soma_cube_training_20250809_001742/tensorboard) by extension 'ignore'
[0.689s] [34mcolcon.colcon_core.package_identification[0m [1;30mLevel 1[0m _identify(logs/soma_cube_training_20250809_001742/tensorboard) by extension 'ignore_ament_install'
[0.689s] [34mcolcon.colcon_core.package_identification[0m [1;30mLevel 1[0m _identify(logs/soma_cube_training_20250809_001742/tensorboard) by extensions ['colcon_pkg']
[0.689s] [34mcolcon.colcon_core.package_identification[0m [1;30mLevel 1[0m _identify(logs/soma_cube_training_20250809_001742/tensorboard) by extension 'colcon_pkg'
[0.689s] [34mcolcon.colcon_core.package_identification[0m [1;30mLevel 1[0m _identify(logs/soma_cube_training_20250809_001742/tensorboard) by extensions ['colcon_meta']
[0.689s] [34mcolcon.colcon_core.package_identification[0m [1;30mLevel 1[0m _identify(logs/soma_cube_training_20250809_001742/tensorboard) by extension 'colcon_meta'
[0.689s] [34mcolcon.colcon_core.package_identification[0m [1;30mLevel 1[0m _identify(logs/soma_cube_training_20250809_001742/tensorboard) by extensions ['ros']
[0.689s] [34mcolcon.colcon_core.package_identification[0m [1;30mLevel 1[0m _identify(logs/soma_cube_training_20250809_001742/tensorboard) by extension 'ros'
[0.689s] [34mcolcon.colcon_core.package_identification[0m [1;30mLevel 1[0m _identify(logs/soma_cube_training_20250809_001742/tensorboard) by extensions ['cmake', 'python']
[0.689s] [34mcolcon.colcon_core.package_identification[0m [1;30mLevel 1[0m _identify(logs/soma_cube_training_20250809_001742/tensorboard) by extension 'cmake'
[0.689s] [34mcolcon.colcon_core.package_identification[0m [1;30mLevel 1[0m _identify(logs/soma_cube_training_20250809_001742/tensorboard) by extension 'python'
[0.689s] [34mcolcon.colcon_core.package_identification[0m [1;30mLevel 1[0m _identify(logs/soma_cube_training_20250809_001742/tensorboard) by extensions ['python_setup_py']
[0.689s] [34mcolcon.colcon_core.package_identification[0m [1;30mLevel 1[0m _identify(logs/soma_cube_training_20250809_001742/tensorboard) by extension 'python_setup_py'
[0.689s] [34mcolcon.colcon_core.package_identification[0m [1;30mLevel 1[0m _identify(logs/soma_cube_training_20250809_003052) by extensions ['ignore', 'ignore_ament_install']
[0.689s] [34mcolcon.colcon_core.package_identification[0m [1;30mLevel 1[0m _identify(logs/soma_cube_training_20250809_003052) by extension 'ignore'
[0.689s] [34mcolcon.colcon_core.package_identification[0m [1;30mLevel 1[0m _identify(logs/soma_cube_training_20250809_003052) by extension 'ignore_ament_install'
[0.689s] [34mcolcon.colcon_core.package_identification[0m [1;30mLevel 1[0m _identify(logs/soma_cube_training_20250809_003052) by extensions ['colcon_pkg']
[0.689s] [34mcolcon.colcon_core.package_identification[0m [1;30mLevel 1[0m _identify(logs/soma_cube_training_20250809_003052) by extension 'colcon_pkg'
[0.689s] [34mcolcon.colcon_core.package_identification[0m [1;30mLevel 1[0m _identify(logs/soma_cube_training_20250809_003052) by extensions ['colcon_meta']
[0.689s] [34mcolcon.colcon_core.package_identification[0m [1;30mLevel 1[0m _identify(logs/soma_cube_training_20250809_003052) by extension 'colcon_meta'
[0.689s] [34mcolcon.colcon_core.package_identification[0m [1;30mLevel 1[0m _identify(logs/soma_cube_training_20250809_003052) by extensions ['ros']
[0.690s] [34mcolcon.colcon_core.package_identification[0m [1;30mLevel 1[0m _identify(logs/soma_cube_training_20250809_003052) by extension 'ros'
[0.690s] [34mcolcon.colcon_core.package_identification[0m [1;30mLevel 1[0m _identify(logs/soma_cube_training_20250809_003052) by extensions ['cmake', 'python']
[0.690s] [34mcolcon.colcon_core.package_identification[0m [1;30mLevel 1[0m _identify(logs/soma_cube_training_20250809_003052) by extension 'cmake'
[0.690s] [34mcolcon.colcon_core.package_identification[0m [1;30mLevel 1[0m _identify(logs/soma_cube_training_20250809_003052) by extension 'python'
[0.690s] [34mcolcon.colcon_core.package_identification[0m [1;30mLevel 1[0m _identify(logs/soma_cube_training_20250809_003052) by extensions ['python_setup_py']
[0.690s] [34mcolcon.colcon_core.package_identification[0m [1;30mLevel 1[0m _identify(logs/soma_cube_training_20250809_003052) by extension 'python_setup_py'
[0.690s] [34mcolcon.colcon_core.package_identification[0m [1;30mLevel 1[0m _identify(logs/soma_cube_training_20250809_003052/tensorboard) by extensions ['ignore', 'ignore_ament_install']
[0.690s] [34mcolcon.colcon_core.package_identification[0m [1;30mLevel 1[0m _identify(logs/soma_cube_training_20250809_003052/tensorboard) by extension 'ignore'
[0.690s] [34mcolcon.colcon_core.package_identification[0m [1;30mLevel 1[0m _identify(logs/soma_cube_training_20250809_003052/tensorboard) by extension 'ignore_ament_install'
[0.690s] [34mcolcon.colcon_core.package_identification[0m [1;30mLevel 1[0m _identify(logs/soma_cube_training_20250809_003052/tensorboard) by extensions ['colcon_pkg']
[0.690s] [34mcolcon.colcon_core.package_identification[0m [1;30mLevel 1[0m _identify(logs/soma_cube_training_20250809_003052/tensorboard) by extension 'colcon_pkg'
[0.690s] [34mcolcon.colcon_core.package_identification[0m [1;30mLevel 1[0m _identify(logs/soma_cube_training_20250809_003052/tensorboard) by extensions ['colcon_meta']
[0.690s] [34mcolcon.colcon_core.package_identification[0m [1;30mLevel 1[0m _identify(logs/soma_cube_training_20250809_003052/tensorboard) by extension 'colcon_meta'
[0.690s] [34mcolcon.colcon_core.package_identification[0m [1;30mLevel 1[0m _identify(logs/soma_cube_training_20250809_003052/tensorboard) by extensions ['ros']
[0.690s] [34mcolcon.colcon_core.package_identification[0m [1;30mLevel 1[0m _identify(logs/soma_cube_training_20250809_003052/tensorboard) by extension 'ros'
[0.690s] [34mcolcon.colcon_core.package_identification[0m [1;30mLevel 1[0m _identify(logs/soma_cube_training_20250809_003052/tensorboard) by extensions ['cmake', 'python']
[0.690s] [34mcolcon.colcon_core.package_identification[0m [1;30mLevel 1[0m _identify(logs/soma_cube_training_20250809_003052/tensorboard) by extension 'cmake'
[0.690s] [34mcolcon.colcon_core.package_identification[0m [1;30mLevel 1[0m _identify(logs/soma_cube_training_20250809_003052/tensorboard) by extension 'python'
[0.690s] [34mcolcon.colcon_core.package_identification[0m [1;30mLevel 1[0m _identify(logs/soma_cube_training_20250809_003052/tensorboard) by extensions ['python_setup_py']
[0.690s] [34mcolcon.colcon_core.package_identification[0m [1;30mLevel 1[0m _identify(logs/soma_cube_training_20250809_003052/tensorboard) by extension 'python_setup_py'
[0.690s] [34mcolcon.colcon_core.package_identification[0m [1;30mLevel 1[0m _identify(logs/soma_v1_1754642331) by extensions ['ignore', 'ignore_ament_install']
[0.690s] [34mcolcon.colcon_core.package_identification[0m [1;30mLevel 1[0m _identify(logs/soma_v1_1754642331) by extension 'ignore'
[0.690s] [34mcolcon.colcon_core.package_identification[0m [1;30mLevel 1[0m _identify(logs/soma_v1_1754642331) by extension 'ignore_ament_install'
[0.690s] [34mcolcon.colcon_core.package_identification[0m [1;30mLevel 1[0m _identify(logs/soma_v1_1754642331) by extensions ['colcon_pkg']
[0.690s] [34mcolcon.colcon_core.package_identification[0m [1;30mLevel 1[0m _identify(logs/soma_v1_1754642331) by extension 'colcon_pkg'
[0.690s] [34mcolcon.colcon_core.package_identification[0m [1;30mLevel 1[0m _identify(logs/soma_v1_1754642331) by extensions ['colcon_meta']
[0.690s] [34mcolcon.colcon_core.package_identification[0m [1;30mLevel 1[0m _identify(logs/soma_v1_1754642331) by extension 'colcon_meta'
[0.690s] [34mcolcon.colcon_core.package_identification[0m [1;30mLevel 1[0m _identify(logs/soma_v1_1754642331) by extensions ['ros']
[0.690s] [34mcolcon.colcon_core.package_identification[0m [1;30mLevel 1[0m _identify(logs/soma_v1_1754642331) by extension 'ros'
[0.690s] [34mcolcon.colcon_core.package_identification[0m [1;30mLevel 1[0m _identify(logs/soma_v1_1754642331) by extensions ['cmake', 'python']
[0.691s] [34mcolcon.colcon_core.package_identification[0m [1;30mLevel 1[0m _identify(logs/soma_v1_1754642331) by extension 'cmake'
[0.691s] [34mcolcon.colcon_core.package_identification[0m [1;30mLevel 1[0m _identify(logs/soma_v1_1754642331) by extension 'python'
[0.691s] [34mcolcon.colcon_core.package_identification[0m [1;30mLevel 1[0m _identify(logs/soma_v1_1754642331) by extensions ['python_setup_py']
[0.691s] [34mcolcon.colcon_core.package_identification[0m [1;30mLevel 1[0m _identify(logs/soma_v1_1754642331) by extension 'python_setup_py'
[0.691s] [34mcolcon.colcon_core.package_identification[0m [1;30mLevel 1[0m _identify(logs/test_training_1754642529) by extensions ['ignore', 'ignore_ament_install']
[0.691s] [34mcolcon.colcon_core.package_identification[0m [1;30mLevel 1[0m _identify(logs/test_training_1754642529) by extension 'ignore'
[0.691s] [34mcolcon.colcon_core.package_identification[0m [1;30mLevel 1[0m _identify(logs/test_training_1754642529) by extension 'ignore_ament_install'
[0.691s] [34mcolcon.colcon_core.package_identification[0m [1;30mLevel 1[0m _identify(logs/test_training_1754642529) by extensions ['colcon_pkg']
[0.691s] [34mcolcon.colcon_core.package_identification[0m [1;30mLevel 1[0m _identify(logs/test_training_1754642529) by extension 'colcon_pkg'
[0.691s] [34mcolcon.colcon_core.package_identification[0m [1;30mLevel 1[0m _identify(logs/test_training_1754642529) by extensions ['colcon_meta']
[0.691s] [34mcolcon.colcon_core.package_identification[0m [1;30mLevel 1[0m _identify(logs/test_training_1754642529) by extension 'colcon_meta'
[0.691s] [34mcolcon.colcon_core.package_identification[0m [1;30mLevel 1[0m _identify(logs/test_training_1754642529) by extensions ['ros']
[0.691s] [34mcolcon.colcon_core.package_identification[0m [1;30mLevel 1[0m _identify(logs/test_training_1754642529) by extension 'ros'
[0.691s] [34mcolcon.colcon_core.package_identification[0m [1;30mLevel 1[0m _identify(logs/test_training_1754642529) by extensions ['cmake', 'python']
[0.691s] [34mcolcon.colcon_core.package_identification[0m [1;30mLevel 1[0m _identify(logs/test_training_1754642529) by extension 'cmake'
[0.691s] [34mcolcon.colcon_core.package_identification[0m [1;30mLevel 1[0m _identify(logs/test_training_1754642529) by extension 'python'
[0.691s] [34mcolcon.colcon_core.package_identification[0m [1;30mLevel 1[0m _identify(logs/test_training_1754642529) by extensions ['python_setup_py']
[0.691s] [34mcolcon.colcon_core.package_identification[0m [1;30mLevel 1[0m _identify(logs/test_training_1754642529) by extension 'python_setup_py'
[0.691s] [34mcolcon.colcon_core.package_identification[0m [1;30mLevel 1[0m _identify(logs/test_training_small_1754642539) by extensions ['ignore', 'ignore_ament_install']
[0.691s] [34mcolcon.colcon_core.package_identification[0m [1;30mLevel 1[0m _identify(logs/test_training_small_1754642539) by extension 'ignore'
[0.691s] [34mcolcon.colcon_core.package_identification[0m [1;30mLevel 1[0m _identify(logs/test_training_small_1754642539) by extension 'ignore_ament_install'
[0.691s] [34mcolcon.colcon_core.package_identification[0m [1;30mLevel 1[0m _identify(logs/test_training_small_1754642539) by extensions ['colcon_pkg']
[0.691s] [34mcolcon.colcon_core.package_identification[0m [1;30mLevel 1[0m _identify(logs/test_training_small_1754642539) by extension 'colcon_pkg'
[0.691s] [34mcolcon.colcon_core.package_identification[0m [1;30mLevel 1[0m _identify(logs/test_training_small_1754642539) by extensions ['colcon_meta']
[0.691s] [34mcolcon.colcon_core.package_identification[0m [1;30mLevel 1[0m _identify(logs/test_training_small_1754642539) by extension 'colcon_meta'
[0.691s] [34mcolcon.colcon_core.package_identification[0m [1;30mLevel 1[0m _identify(logs/test_training_small_1754642539) by extensions ['ros']
[0.691s] [34mcolcon.colcon_core.package_identification[0m [1;30mLevel 1[0m _identify(logs/test_training_small_1754642539) by extension 'ros'
[0.691s] [34mcolcon.colcon_core.package_identification[0m [1;30mLevel 1[0m _identify(logs/test_training_small_1754642539) by extensions ['cmake', 'python']
[0.691s] [34mcolcon.colcon_core.package_identification[0m [1;30mLevel 1[0m _identify(logs/test_training_small_1754642539) by extension 'cmake'
[0.691s] [34mcolcon.colcon_core.package_identification[0m [1;30mLevel 1[0m _identify(logs/test_training_small_1754642539) by extension 'python'
[0.691s] [34mcolcon.colcon_core.package_identification[0m [1;30mLevel 1[0m _identify(logs/test_training_small_1754642539) by extensions ['python_setup_py']
[0.692s] [34mcolcon.colcon_core.package_identification[0m [1;30mLevel 1[0m _identify(logs/test_training_small_1754642539) by extension 'python_setup_py'
[0.692s] [34mcolcon.colcon_core.package_identification[0m [1;30mLevel 1[0m _identify(logs/test_training_small_1754642539/eval_logs) by extensions ['ignore', 'ignore_ament_install']
[0.692s] [34mcolcon.colcon_core.package_identification[0m [1;30mLevel 1[0m _identify(logs/test_training_small_1754642539/eval_logs) by extension 'ignore'
[0.692s] [34mcolcon.colcon_core.package_identification[0m [1;30mLevel 1[0m _identify(logs/test_training_small_1754642539/eval_logs) by extension 'ignore_ament_install'
[0.692s] [34mcolcon.colcon_core.package_identification[0m [1;30mLevel 1[0m _identify(logs/test_training_small_1754642539/eval_logs) by extensions ['colcon_pkg']
[0.692s] [34mcolcon.colcon_core.package_identification[0m [1;30mLevel 1[0m _identify(logs/test_training_small_1754642539/eval_logs) by extension 'colcon_pkg'
[0.692s] [34mcolcon.colcon_core.package_identification[0m [1;30mLevel 1[0m _identify(logs/test_training_small_1754642539/eval_logs) by extensions ['colcon_meta']
[0.692s] [34mcolcon.colcon_core.package_identification[0m [1;30mLevel 1[0m _identify(logs/test_training_small_1754642539/eval_logs) by extension 'colcon_meta'
[0.692s] [34mcolcon.colcon_core.package_identification[0m [1;30mLevel 1[0m _identify(logs/test_training_small_1754642539/eval_logs) by extensions ['ros']
[0.692s] [34mcolcon.colcon_core.package_identification[0m [1;30mLevel 1[0m _identify(logs/test_training_small_1754642539/eval_logs) by extension 'ros'
[0.692s] [34mcolcon.colcon_core.package_identification[0m [1;30mLevel 1[0m _identify(logs/test_training_small_1754642539/eval_logs) by extensions ['cmake', 'python']
[0.692s] [34mcolcon.colcon_core.package_identification[0m [1;30mLevel 1[0m _identify(logs/test_training_small_1754642539/eval_logs) by extension 'cmake'
[0.692s] [34mcolcon.colcon_core.package_identification[0m [1;30mLevel 1[0m _identify(logs/test_training_small_1754642539/eval_logs) by extension 'python'
[0.692s] [34mcolcon.colcon_core.package_identification[0m [1;30mLevel 1[0m _identify(logs/test_training_small_1754642539/eval_logs) by extensions ['python_setup_py']
[0.692s] [34mcolcon.colcon_core.package_identification[0m [1;30mLevel 1[0m _identify(logs/test_training_small_1754642539/eval_logs) by extension 'python_setup_py'
[0.692s] [34mcolcon.colcon_core.package_identification[0m [1;30mLevel 1[0m _identify(logs/training_integration_test_20250809_115412) by extensions ['ignore', 'ignore_ament_install']
[0.692s] [34mcolcon.colcon_core.package_identification[0m [1;30mLevel 1[0m _identify(logs/training_integration_test_20250809_115412) by extension 'ignore'
[0.692s] [34mcolcon.colcon_core.package_identification[0m [1;30mLevel 1[0m _identify(logs/training_integration_test_20250809_115412) by extension 'ignore_ament_install'
[0.692s] [34mcolcon.colcon_core.package_identification[0m [1;30mLevel 1[0m _identify(logs/training_integration_test_20250809_115412) by extensions ['colcon_pkg']
[0.692s] [34mcolcon.colcon_core.package_identification[0m [1;30mLevel 1[0m _identify(logs/training_integration_test_20250809_115412) by extension 'colcon_pkg'
[0.692s] [34mcolcon.colcon_core.package_identification[0m [1;30mLevel 1[0m _identify(logs/training_integration_test_20250809_115412) by extensions ['colcon_meta']
[0.692s] [34mcolcon.colcon_core.package_identification[0m [1;30mLevel 1[0m _identify(logs/training_integration_test_20250809_115412) by extension 'colcon_meta'
[0.692s] [34mcolcon.colcon_core.package_identification[0m [1;30mLevel 1[0m _identify(logs/training_integration_test_20250809_115412) by extensions ['ros']
[0.692s] [34mcolcon.colcon_core.package_identification[0m [1;30mLevel 1[0m _identify(logs/training_integration_test_20250809_115412) by extension 'ros'
[0.692s] [34mcolcon.colcon_core.package_identification[0m [1;30mLevel 1[0m _identify(logs/training_integration_test_20250809_115412) by extensions ['cmake', 'python']
[0.692s] [34mcolcon.colcon_core.package_identification[0m [1;30mLevel 1[0m _identify(logs/training_integration_test_20250809_115412) by extension 'cmake'
[0.692s] [34mcolcon.colcon_core.package_identification[0m [1;30mLevel 1[0m _identify(logs/training_integration_test_20250809_115412) by extension 'python'
[0.692s] [34mcolcon.colcon_core.package_identification[0m [1;30mLevel 1[0m _identify(logs/training_integration_test_20250809_115412) by extensions ['python_setup_py']
[0.692s] [34mcolcon.colcon_core.package_identification[0m [1;30mLevel 1[0m _identify(logs/training_integration_test_20250809_115412) by extension 'python_setup_py'
[0.692s] [34mcolcon.colcon_core.package_identification[0m [1;30mLevel 1[0m _identify(logs/training_integration_test_20250809_115412/tensorboard) by extensions ['ignore', 'ignore_ament_install']
[0.693s] [34mcolcon.colcon_core.package_identification[0m [1;30mLevel 1[0m _identify(logs/training_integration_test_20250809_115412/tensorboard) by extension 'ignore'
[0.693s] [34mcolcon.colcon_core.package_identification[0m [1;30mLevel 1[0m _identify(logs/training_integration_test_20250809_115412/tensorboard) by extension 'ignore_ament_install'
[0.693s] [34mcolcon.colcon_core.package_identification[0m [1;30mLevel 1[0m _identify(logs/training_integration_test_20250809_115412/tensorboard) by extensions ['colcon_pkg']
[0.693s] [34mcolcon.colcon_core.package_identification[0m [1;30mLevel 1[0m _identify(logs/training_integration_test_20250809_115412/tensorboard) by extension 'colcon_pkg'
[0.693s] [34mcolcon.colcon_core.package_identification[0m [1;30mLevel 1[0m _identify(logs/training_integration_test_20250809_115412/tensorboard) by extensions ['colcon_meta']
[0.693s] [34mcolcon.colcon_core.package_identification[0m [1;30mLevel 1[0m _identify(logs/training_integration_test_20250809_115412/tensorboard) by extension 'colcon_meta'
[0.693s] [34mcolcon.colcon_core.package_identification[0m [1;30mLevel 1[0m _identify(logs/training_integration_test_20250809_115412/tensorboard) by extensions ['ros']
[0.693s] [34mcolcon.colcon_core.package_identification[0m [1;30mLevel 1[0m _identify(logs/training_integration_test_20250809_115412/tensorboard) by extension 'ros'
[0.693s] [34mcolcon.colcon_core.package_identification[0m [1;30mLevel 1[0m _identify(logs/training_integration_test_20250809_115412/tensorboard) by extensions ['cmake', 'python']
[0.693s] [34mcolcon.colcon_core.package_identification[0m [1;30mLevel 1[0m _identify(logs/training_integration_test_20250809_115412/tensorboard) by extension 'cmake'
[0.693s] [34mcolcon.colcon_core.package_identification[0m [1;30mLevel 1[0m _identify(logs/training_integration_test_20250809_115412/tensorboard) by extension 'python'
[0.693s] [34mcolcon.colcon_core.package_identification[0m [1;30mLevel 1[0m _identify(logs/training_integration_test_20250809_115412/tensorboard) by extensions ['python_setup_py']
[0.693s] [34mcolcon.colcon_core.package_identification[0m [1;30mLevel 1[0m _identify(logs/training_integration_test_20250809_115412/tensorboard) by extension 'python_setup_py'
[0.693s] [34mcolcon.colcon_core.package_identification[0m [1;30mLevel 1[0m _identify(models) by extensions ['ignore', 'ignore_ament_install']
[0.693s] [34mcolcon.colcon_core.package_identification[0m [1;30mLevel 1[0m _identify(models) by extension 'ignore'
[0.693s] [34mcolcon.colcon_core.package_identification[0m [1;30mLevel 1[0m _identify(models) by extension 'ignore_ament_install'
[0.693s] [34mcolcon.colcon_core.package_identification[0m [1;30mLevel 1[0m _identify(models) by extensions ['colcon_pkg']
[0.693s] [34mcolcon.colcon_core.package_identification[0m [1;30mLevel 1[0m _identify(models) by extension 'colcon_pkg'
[0.693s] [34mcolcon.colcon_core.package_identification[0m [1;30mLevel 1[0m _identify(models) by extensions ['colcon_meta']
[0.693s] [34mcolcon.colcon_core.package_identification[0m [1;30mLevel 1[0m _identify(models) by extension 'colcon_meta'
[0.693s] [34mcolcon.colcon_core.package_identification[0m [1;30mLevel 1[0m _identify(models) by extensions ['ros']
[0.693s] [34mcolcon.colcon_core.package_identification[0m [1;30mLevel 1[0m _identify(models) by extension 'ros'
[0.693s] [34mcolcon.colcon_core.package_identification[0m [1;30mLevel 1[0m _identify(models) by extensions ['cmake', 'python']
[0.693s] [34mcolcon.colcon_core.package_identification[0m [1;30mLevel 1[0m _identify(models) by extension 'cmake'
[0.693s] [34mcolcon.colcon_core.package_identification[0m [1;30mLevel 1[0m _identify(models) by extension 'python'
[0.693s] [34mcolcon.colcon_core.package_identification[0m [1;30mLevel 1[0m _identify(models) by extensions ['python_setup_py']
[0.693s] [34mcolcon.colcon_core.package_identification[0m [1;30mLevel 1[0m _identify(models) by extension 'python_setup_py'
[0.693s] [34mcolcon.colcon_core.package_identification[0m [1;30mLevel 1[0m _identify(models/best) by extensions ['ignore', 'ignore_ament_install']
[0.693s] [34mcolcon.colcon_core.package_identification[0m [1;30mLevel 1[0m _identify(models/best) by extension 'ignore'
[0.693s] [34mcolcon.colcon_core.package_identification[0m [1;30mLevel 1[0m _identify(models/best) by extension 'ignore_ament_install'
[0.694s] [34mcolcon.colcon_core.package_identification[0m [1;30mLevel 1[0m _identify(models/best) by extensions ['colcon_pkg']
[0.694s] [34mcolcon.colcon_core.package_identification[0m [1;30mLevel 1[0m _identify(models/best) by extension 'colcon_pkg'
[0.694s] [34mcolcon.colcon_core.package_identification[0m [1;30mLevel 1[0m _identify(models/best) by extensions ['colcon_meta']
[0.694s] [34mcolcon.colcon_core.package_identification[0m [1;30mLevel 1[0m _identify(models/best) by extension 'colcon_meta'
[0.694s] [34mcolcon.colcon_core.package_identification[0m [1;30mLevel 1[0m _identify(models/best) by extensions ['ros']
[0.694s] [34mcolcon.colcon_core.package_identification[0m [1;30mLevel 1[0m _identify(models/best) by extension 'ros'
[0.694s] [34mcolcon.colcon_core.package_identification[0m [1;30mLevel 1[0m _identify(models/best) by extensions ['cmake', 'python']
[0.694s] [34mcolcon.colcon_core.package_identification[0m [1;30mLevel 1[0m _identify(models/best) by extension 'cmake'
[0.694s] [34mcolcon.colcon_core.package_identification[0m [1;30mLevel 1[0m _identify(models/best) by extension 'python'
[0.694s] [34mcolcon.colcon_core.package_identification[0m [1;30mLevel 1[0m _identify(models/best) by extensions ['python_setup_py']
[0.694s] [34mcolcon.colcon_core.package_identification[0m [1;30mLevel 1[0m _identify(models/best) by extension 'python_setup_py'
[0.694s] [34mcolcon.colcon_core.package_identification[0m [1;30mLevel 1[0m _identify(models/full_training) by extensions ['ignore', 'ignore_ament_install']
[0.694s] [34mcolcon.colcon_core.package_identification[0m [1;30mLevel 1[0m _identify(models/full_training) by extension 'ignore'
[0.694s] [34mcolcon.colcon_core.package_identification[0m [1;30mLevel 1[0m _identify(models/full_training) by extension 'ignore_ament_install'
[0.694s] [34mcolcon.colcon_core.package_identification[0m [1;30mLevel 1[0m _identify(models/full_training) by extensions ['colcon_pkg']
[0.694s] [34mcolcon.colcon_core.package_identification[0m [1;30mLevel 1[0m _identify(models/full_training) by extension 'colcon_pkg'
[0.694s] [34mcolcon.colcon_core.package_identification[0m [1;30mLevel 1[0m _identify(models/full_training) by extensions ['colcon_meta']
[0.694s] [34mcolcon.colcon_core.package_identification[0m [1;30mLevel 1[0m _identify(models/full_training) by extension 'colcon_meta'
[0.694s] [34mcolcon.colcon_core.package_identification[0m [1;30mLevel 1[0m _identify(models/full_training) by extensions ['ros']
[0.694s] [34mcolcon.colcon_core.package_identification[0m [1;30mLevel 1[0m _identify(models/full_training) by extension 'ros'
[0.694s] [34mcolcon.colcon_core.package_identification[0m [1;30mLevel 1[0m _identify(models/full_training) by extensions ['cmake', 'python']
[0.694s] [34mcolcon.colcon_core.package_identification[0m [1;30mLevel 1[0m _identify(models/full_training) by extension 'cmake'
[0.694s] [34mcolcon.colcon_core.package_identification[0m [1;30mLevel 1[0m _identify(models/full_training) by extension 'python'
[0.694s] [34mcolcon.colcon_core.package_identification[0m [1;30mLevel 1[0m _identify(models/full_training) by extensions ['python_setup_py']
[0.694s] [34mcolcon.colcon_core.package_identification[0m [1;30mLevel 1[0m _identify(models/full_training) by extension 'python_setup_py'
[0.694s] [34mcolcon.colcon_core.package_identification[0m [1;30mLevel 1[0m _identify(models/full_training/best_model) by extensions ['ignore', 'ignore_ament_install']
[0.694s] [34mcolcon.colcon_core.package_identification[0m [1;30mLevel 1[0m _identify(models/full_training/best_model) by extension 'ignore'
[0.694s] [34mcolcon.colcon_core.package_identification[0m [1;30mLevel 1[0m _identify(models/full_training/best_model) by extension 'ignore_ament_install'
[0.694s] [34mcolcon.colcon_core.package_identification[0m [1;30mLevel 1[0m _identify(models/full_training/best_model) by extensions ['colcon_pkg']
[0.694s] [34mcolcon.colcon_core.package_identification[0m [1;30mLevel 1[0m _identify(models/full_training/best_model) by extension 'colcon_pkg'
[0.694s] [34mcolcon.colcon_core.package_identification[0m [1;30mLevel 1[0m _identify(models/full_training/best_model) by extensions ['colcon_meta']
[0.694s] [34mcolcon.colcon_core.package_identification[0m [1;30mLevel 1[0m _identify(models/full_training/best_model) by extension 'colcon_meta'
[0.695s] [34mcolcon.colcon_core.package_identification[0m [1;30mLevel 1[0m _identify(models/full_training/best_model) by extensions ['ros']
[0.695s] [34mcolcon.colcon_core.package_identification[0m [1;30mLevel 1[0m _identify(models/full_training/best_model) by extension 'ros'
[0.695s] [34mcolcon.colcon_core.package_identification[0m [1;30mLevel 1[0m _identify(models/full_training/best_model) by extensions ['cmake', 'python']
[0.695s] [34mcolcon.colcon_core.package_identification[0m [1;30mLevel 1[0m _identify(models/full_training/best_model) by extension 'cmake'
[0.695s] [34mcolcon.colcon_core.package_identification[0m [1;30mLevel 1[0m _identify(models/full_training/best_model) by extension 'python'
[0.695s] [34mcolcon.colcon_core.package_identification[0m [1;30mLevel 1[0m _identify(models/full_training/best_model) by extensions ['python_setup_py']
[0.695s] [34mcolcon.colcon_core.package_identification[0m [1;30mLevel 1[0m _identify(models/full_training/best_model) by extension 'python_setup_py'
[0.695s] [34mcolcon.colcon_core.package_identification[0m [1;30mLevel 1[0m _identify(models/full_training/checkpoints) by extensions ['ignore', 'ignore_ament_install']
[0.695s] [34mcolcon.colcon_core.package_identification[0m [1;30mLevel 1[0m _identify(models/full_training/checkpoints) by extension 'ignore'
[0.695s] [34mcolcon.colcon_core.package_identification[0m [1;30mLevel 1[0m _identify(models/full_training/checkpoints) by extension 'ignore_ament_install'
[0.695s] [34mcolcon.colcon_core.package_identification[0m [1;30mLevel 1[0m _identify(models/full_training/checkpoints) by extensions ['colcon_pkg']
[0.695s] [34mcolcon.colcon_core.package_identification[0m [1;30mLevel 1[0m _identify(models/full_training/checkpoints) by extension 'colcon_pkg'
[0.695s] [34mcolcon.colcon_core.package_identification[0m [1;30mLevel 1[0m _identify(models/full_training/checkpoints) by extensions ['colcon_meta']
[0.695s] [34mcolcon.colcon_core.package_identification[0m [1;30mLevel 1[0m _identify(models/full_training/checkpoints) by extension 'colcon_meta'
[0.695s] [34mcolcon.colcon_core.package_identification[0m [1;30mLevel 1[0m _identify(models/full_training/checkpoints) by extensions ['ros']
[0.695s] [34mcolcon.colcon_core.package_identification[0m [1;30mLevel 1[0m _identify(models/full_training/checkpoints) by extension 'ros'
[0.695s] [34mcolcon.colcon_core.package_identification[0m [1;30mLevel 1[0m _identify(models/full_training/checkpoints) by extensions ['cmake', 'python']
[0.695s] [34mcolcon.colcon_core.package_identification[0m [1;30mLevel 1[0m _identify(models/full_training/checkpoints) by extension 'cmake'
[0.695s] [34mcolcon.colcon_core.package_identification[0m [1;30mLevel 1[0m _identify(models/full_training/checkpoints) by extension 'python'
[0.695s] [34mcolcon.colcon_core.package_identification[0m [1;30mLevel 1[0m _identify(models/full_training/checkpoints) by extensions ['python_setup_py']
[0.695s] [34mcolcon.colcon_core.package_identification[0m [1;30mLevel 1[0m _identify(models/full_training/checkpoints) by extension 'python_setup_py'
[0.695s] [34mcolcon.colcon_core.package_identification[0m [1;30mLevel 1[0m _identify(models/m0609_ppo_20250809_152628) by extensions ['ignore', 'ignore_ament_install']
[0.695s] [34mcolcon.colcon_core.package_identification[0m [1;30mLevel 1[0m _identify(models/m0609_ppo_20250809_152628) by extension 'ignore'
[0.695s] [34mcolcon.colcon_core.package_identification[0m [1;30mLevel 1[0m _identify(models/m0609_ppo_20250809_152628) by extension 'ignore_ament_install'
[0.695s] [34mcolcon.colcon_core.package_identification[0m [1;30mLevel 1[0m _identify(models/m0609_ppo_20250809_152628) by extensions ['colcon_pkg']
[0.695s] [34mcolcon.colcon_core.package_identification[0m [1;30mLevel 1[0m _identify(models/m0609_ppo_20250809_152628) by extension 'colcon_pkg'
[0.695s] [34mcolcon.colcon_core.package_identification[0m [1;30mLevel 1[0m _identify(models/m0609_ppo_20250809_152628) by extensions ['colcon_meta']
[0.695s] [34mcolcon.colcon_core.package_identification[0m [1;30mLevel 1[0m _identify(models/m0609_ppo_20250809_152628) by extension 'colcon_meta'
[0.695s] [34mcolcon.colcon_core.package_identification[0m [1;30mLevel 1[0m _identify(models/m0609_ppo_20250809_152628) by extensions ['ros']
[0.695s] [34mcolcon.colcon_core.package_identification[0m [1;30mLevel 1[0m _identify(models/m0609_ppo_20250809_152628) by extension 'ros'
[0.696s] [34mcolcon.colcon_core.package_identification[0m [1;30mLevel 1[0m _identify(models/m0609_ppo_20250809_152628) by extensions ['cmake', 'python']
[0.696s] [34mcolcon.colcon_core.package_identification[0m [1;30mLevel 1[0m _identify(models/m0609_ppo_20250809_152628) by extension 'cmake'
[0.696s] [34mcolcon.colcon_core.package_identification[0m [1;30mLevel 1[0m _identify(models/m0609_ppo_20250809_152628) by extension 'python'
[0.696s] [34mcolcon.colcon_core.package_identification[0m [1;30mLevel 1[0m _identify(models/m0609_ppo_20250809_152628) by extensions ['python_setup_py']
[0.696s] [34mcolcon.colcon_core.package_identification[0m [1;30mLevel 1[0m _identify(models/m0609_ppo_20250809_152628) by extension 'python_setup_py'
[0.696s] [34mcolcon.colcon_core.package_identification[0m [1;30mLevel 1[0m _identify(models/new_training) by extensions ['ignore', 'ignore_ament_install']
[0.696s] [34mcolcon.colcon_core.package_identification[0m [1;30mLevel 1[0m _identify(models/new_training) by extension 'ignore'
[0.696s] [34mcolcon.colcon_core.package_identification[0m [1;30mLevel 1[0m _identify(models/new_training) by extension 'ignore_ament_install'
[0.696s] [34mcolcon.colcon_core.package_identification[0m [1;30mLevel 1[0m _identify(models/new_training) by extensions ['colcon_pkg']
[0.696s] [34mcolcon.colcon_core.package_identification[0m [1;30mLevel 1[0m _identify(models/new_training) by extension 'colcon_pkg'
[0.696s] [34mcolcon.colcon_core.package_identification[0m [1;30mLevel 1[0m _identify(models/new_training) by extensions ['colcon_meta']
[0.696s] [34mcolcon.colcon_core.package_identification[0m [1;30mLevel 1[0m _identify(models/new_training) by extension 'colcon_meta'
[0.696s] [34mcolcon.colcon_core.package_identification[0m [1;30mLevel 1[0m _identify(models/new_training) by extensions ['ros']
[0.696s] [34mcolcon.colcon_core.package_identification[0m [1;30mLevel 1[0m _identify(models/new_training) by extension 'ros'
[0.696s] [34mcolcon.colcon_core.package_identification[0m [1;30mLevel 1[0m _identify(models/new_training) by extensions ['cmake', 'python']
[0.696s] [34mcolcon.colcon_core.package_identification[0m [1;30mLevel 1[0m _identify(models/new_training) by extension 'cmake'
[0.696s] [34mcolcon.colcon_core.package_identification[0m [1;30mLevel 1[0m _identify(models/new_training) by extension 'python'
[0.696s] [34mcolcon.colcon_core.package_identification[0m [1;30mLevel 1[0m _identify(models/new_training) by extensions ['python_setup_py']
[0.696s] [34mcolcon.colcon_core.package_identification[0m [1;30mLevel 1[0m _identify(models/new_training) by extension 'python_setup_py'
[0.696s] [34mcolcon.colcon_core.package_identification[0m [1;30mLevel 1[0m _identify(models/new_training/tensorboard_logs) by extensions ['ignore', 'ignore_ament_install']
[0.696s] [34mcolcon.colcon_core.package_identification[0m [1;30mLevel 1[0m _identify(models/new_training/tensorboard_logs) by extension 'ignore'
[0.696s] [34mcolcon.colcon_core.package_identification[0m [1;30mLevel 1[0m _identify(models/new_training/tensorboard_logs) by extension 'ignore_ament_install'
[0.696s] [34mcolcon.colcon_core.package_identification[0m [1;30mLevel 1[0m _identify(models/new_training/tensorboard_logs) by extensions ['colcon_pkg']
[0.696s] [34mcolcon.colcon_core.package_identification[0m [1;30mLevel 1[0m _identify(models/new_training/tensorboard_logs) by extension 'colcon_pkg'
[0.696s] [34mcolcon.colcon_core.package_identification[0m [1;30mLevel 1[0m _identify(models/new_training/tensorboard_logs) by extensions ['colcon_meta']
[0.696s] [34mcolcon.colcon_core.package_identification[0m [1;30mLevel 1[0m _identify(models/new_training/tensorboard_logs) by extension 'colcon_meta'
[0.696s] [34mcolcon.colcon_core.package_identification[0m [1;30mLevel 1[0m _identify(models/new_training/tensorboard_logs) by extensions ['ros']
[0.696s] [34mcolcon.colcon_core.package_identification[0m [1;30mLevel 1[0m _identify(models/new_training/tensorboard_logs) by extension 'ros'
[0.696s] [34mcolcon.colcon_core.package_identification[0m [1;30mLevel 1[0m _identify(models/new_training/tensorboard_logs) by extensions ['cmake', 'python']
[0.696s] [34mcolcon.colcon_core.package_identification[0m [1;30mLevel 1[0m _identify(models/new_training/tensorboard_logs) by extension 'cmake'
[0.697s] [34mcolcon.colcon_core.package_identification[0m [1;30mLevel 1[0m _identify(models/new_training/tensorboard_logs) by extension 'python'
[0.697s] [34mcolcon.colcon_core.package_identification[0m [1;30mLevel 1[0m _identify(models/new_training/tensorboard_logs) by extensions ['python_setup_py']
[0.697s] [34mcolcon.colcon_core.package_identification[0m [1;30mLevel 1[0m _identify(models/new_training/tensorboard_logs) by extension 'python_setup_py'
[0.697s] [34mcolcon.colcon_core.package_identification[0m [1;30mLevel 1[0m _identify(models/new_training/tensorboard_logs/PPO_1) by extensions ['ignore', 'ignore_ament_install']
[0.697s] [34mcolcon.colcon_core.package_identification[0m [1;30mLevel 1[0m _identify(models/new_training/tensorboard_logs/PPO_1) by extension 'ignore'
[0.697s] [34mcolcon.colcon_core.package_identification[0m [1;30mLevel 1[0m _identify(models/new_training/tensorboard_logs/PPO_1) by extension 'ignore_ament_install'
[0.697s] [34mcolcon.colcon_core.package_identification[0m [1;30mLevel 1[0m _identify(models/new_training/tensorboard_logs/PPO_1) by extensions ['colcon_pkg']
[0.697s] [34mcolcon.colcon_core.package_identification[0m [1;30mLevel 1[0m _identify(models/new_training/tensorboard_logs/PPO_1) by extension 'colcon_pkg'
[0.697s] [34mcolcon.colcon_core.package_identification[0m [1;30mLevel 1[0m _identify(models/new_training/tensorboard_logs/PPO_1) by extensions ['colcon_meta']
[0.697s] [34mcolcon.colcon_core.package_identification[0m [1;30mLevel 1[0m _identify(models/new_training/tensorboard_logs/PPO_1) by extension 'colcon_meta'
[0.697s] [34mcolcon.colcon_core.package_identification[0m [1;30mLevel 1[0m _identify(models/new_training/tensorboard_logs/PPO_1) by extensions ['ros']
[0.697s] [34mcolcon.colcon_core.package_identification[0m [1;30mLevel 1[0m _identify(models/new_training/tensorboard_logs/PPO_1) by extension 'ros'
[0.697s] [34mcolcon.colcon_core.package_identification[0m [1;30mLevel 1[0m _identify(models/new_training/tensorboard_logs/PPO_1) by extensions ['cmake', 'python']
[0.697s] [34mcolcon.colcon_core.package_identification[0m [1;30mLevel 1[0m _identify(models/new_training/tensorboard_logs/PPO_1) by extension 'cmake'
[0.697s] [34mcolcon.colcon_core.package_identification[0m [1;30mLevel 1[0m _identify(models/new_training/tensorboard_logs/PPO_1) by extension 'python'
[0.697s] [34mcolcon.colcon_core.package_identification[0m [1;30mLevel 1[0m _identify(models/new_training/tensorboard_logs/PPO_1) by extensions ['python_setup_py']
[0.697s] [34mcolcon.colcon_core.package_identification[0m [1;30mLevel 1[0m _identify(models/new_training/tensorboard_logs/PPO_1) by extension 'python_setup_py'
[0.697s] [34mcolcon.colcon_core.package_identification[0m [1;30mLevel 1[0m _identify(models/new_training/tensorboard_logs/PPO_2) by extensions ['ignore', 'ignore_ament_install']
[0.697s] [34mcolcon.colcon_core.package_identification[0m [1;30mLevel 1[0m _identify(models/new_training/tensorboard_logs/PPO_2) by extension 'ignore'
[0.697s] [34mcolcon.colcon_core.package_identification[0m [1;30mLevel 1[0m _identify(models/new_training/tensorboard_logs/PPO_2) by extension 'ignore_ament_install'
[0.697s] [34mcolcon.colcon_core.package_identification[0m [1;30mLevel 1[0m _identify(models/new_training/tensorboard_logs/PPO_2) by extensions ['colcon_pkg']
[0.697s] [34mcolcon.colcon_core.package_identification[0m [1;30mLevel 1[0m _identify(models/new_training/tensorboard_logs/PPO_2) by extension 'colcon_pkg'
[0.697s] [34mcolcon.colcon_core.package_identification[0m [1;30mLevel 1[0m _identify(models/new_training/tensorboard_logs/PPO_2) by extensions ['colcon_meta']
[0.697s] [34mcolcon.colcon_core.package_identification[0m [1;30mLevel 1[0m _identify(models/new_training/tensorboard_logs/PPO_2) by extension 'colcon_meta'
[0.697s] [34mcolcon.colcon_core.package_identification[0m [1;30mLevel 1[0m _identify(models/new_training/tensorboard_logs/PPO_2) by extensions ['ros']
[0.697s] [34mcolcon.colcon_core.package_identification[0m [1;30mLevel 1[0m _identify(models/new_training/tensorboard_logs/PPO_2) by extension 'ros'
[0.697s] [34mcolcon.colcon_core.package_identification[0m [1;30mLevel 1[0m _identify(models/new_training/tensorboard_logs/PPO_2) by extensions ['cmake', 'python']
[0.697s] [34mcolcon.colcon_core.package_identification[0m [1;30mLevel 1[0m _identify(models/new_training/tensorboard_logs/PPO_2) by extension 'cmake'
[0.697s] [34mcolcon.colcon_core.package_identification[0m [1;30mLevel 1[0m _identify(models/new_training/tensorboard_logs/PPO_2) by extension 'python'
[0.697s] [34mcolcon.colcon_core.package_identification[0m [1;30mLevel 1[0m _identify(models/new_training/tensorboard_logs/PPO_2) by extensions ['python_setup_py']
[0.697s] [34mcolcon.colcon_core.package_identification[0m [1;30mLevel 1[0m _identify(models/new_training/tensorboard_logs/PPO_2) by extension 'python_setup_py'
[0.698s] [34mcolcon.colcon_core.package_identification[0m [1;30mLevel 1[0m _identify(models/new_training/tensorboard_logs/PPO_3) by extensions ['ignore', 'ignore_ament_install']
[0.698s] [34mcolcon.colcon_core.package_identification[0m [1;30mLevel 1[0m _identify(models/new_training/tensorboard_logs/PPO_3) by extension 'ignore'
[0.698s] [34mcolcon.colcon_core.package_identification[0m [1;30mLevel 1[0m _identify(models/new_training/tensorboard_logs/PPO_3) by extension 'ignore_ament_install'
[0.698s] [34mcolcon.colcon_core.package_identification[0m [1;30mLevel 1[0m _identify(models/new_training/tensorboard_logs/PPO_3) by extensions ['colcon_pkg']
[0.698s] [34mcolcon.colcon_core.package_identification[0m [1;30mLevel 1[0m _identify(models/new_training/tensorboard_logs/PPO_3) by extension 'colcon_pkg'
[0.698s] [34mcolcon.colcon_core.package_identification[0m [1;30mLevel 1[0m _identify(models/new_training/tensorboard_logs/PPO_3) by extensions ['colcon_meta']
[0.698s] [34mcolcon.colcon_core.package_identification[0m [1;30mLevel 1[0m _identify(models/new_training/tensorboard_logs/PPO_3) by extension 'colcon_meta'
[0.698s] [34mcolcon.colcon_core.package_identification[0m [1;30mLevel 1[0m _identify(models/new_training/tensorboard_logs/PPO_3) by extensions ['ros']
[0.698s] [34mcolcon.colcon_core.package_identification[0m [1;30mLevel 1[0m _identify(models/new_training/tensorboard_logs/PPO_3) by extension 'ros'
[0.698s] [34mcolcon.colcon_core.package_identification[0m [1;30mLevel 1[0m _identify(models/new_training/tensorboard_logs/PPO_3) by extensions ['cmake', 'python']
[0.698s] [34mcolcon.colcon_core.package_identification[0m [1;30mLevel 1[0m _identify(models/new_training/tensorboard_logs/PPO_3) by extension 'cmake'
[0.698s] [34mcolcon.colcon_core.package_identification[0m [1;30mLevel 1[0m _identify(models/new_training/tensorboard_logs/PPO_3) by extension 'python'
[0.698s] [34mcolcon.colcon_core.package_identification[0m [1;30mLevel 1[0m _identify(models/new_training/tensorboard_logs/PPO_3) by extensions ['python_setup_py']
[0.698s] [34mcolcon.colcon_core.package_identification[0m [1;30mLevel 1[0m _identify(models/new_training/tensorboard_logs/PPO_3) by extension 'python_setup_py'
[0.698s] [34mcolcon.colcon_core.package_identification[0m [1;30mLevel 1[0m _identify(models/production) by extensions ['ignore', 'ignore_ament_install']
[0.698s] [34mcolcon.colcon_core.package_identification[0m [1;30mLevel 1[0m _identify(models/production) by extension 'ignore'
[0.698s] [34mcolcon.colcon_core.package_identification[0m [1;30mLevel 1[0m _identify(models/production) by extension 'ignore_ament_install'
[0.698s] [34mcolcon.colcon_core.package_identification[0m [1;30mLevel 1[0m _identify(models/production) by extensions ['colcon_pkg']
[0.698s] [34mcolcon.colcon_core.package_identification[0m [1;30mLevel 1[0m _identify(models/production) by extension 'colcon_pkg'
[0.698s] [34mcolcon.colcon_core.package_identification[0m [1;30mLevel 1[0m _identify(models/production) by extensions ['colcon_meta']
[0.698s] [34mcolcon.colcon_core.package_identification[0m [1;30mLevel 1[0m _identify(models/production) by extension 'colcon_meta'
[0.698s] [34mcolcon.colcon_core.package_identification[0m [1;30mLevel 1[0m _identify(models/production) by extensions ['ros']
[0.698s] [34mcolcon.colcon_core.package_identification[0m [1;30mLevel 1[0m _identify(models/production) by extension 'ros'
[0.698s] [34mcolcon.colcon_core.package_identification[0m [1;30mLevel 1[0m _identify(models/production) by extensions ['cmake', 'python']
[0.698s] [34mcolcon.colcon_core.package_identification[0m [1;30mLevel 1[0m _identify(models/production) by extension 'cmake'
[0.698s] [34mcolcon.colcon_core.package_identification[0m [1;30mLevel 1[0m _identify(models/production) by extension 'python'
[0.698s] [34mcolcon.colcon_core.package_identification[0m [1;30mLevel 1[0m _identify(models/production) by extensions ['python_setup_py']
[0.698s] [34mcolcon.colcon_core.package_identification[0m [1;30mLevel 1[0m _identify(models/production) by extension 'python_setup_py'
[0.698s] [34mcolcon.colcon_core.package_identification[0m [1;30mLevel 1[0m _identify(models/production_simple) by extensions ['ignore', 'ignore_ament_install']
[0.699s] [34mcolcon.colcon_core.package_identification[0m [1;30mLevel 1[0m _identify(models/production_simple) by extension 'ignore'
[0.699s] [34mcolcon.colcon_core.package_identification[0m [1;30mLevel 1[0m _identify(models/production_simple) by extension 'ignore_ament_install'
[0.699s] [34mcolcon.colcon_core.package_identification[0m [1;30mLevel 1[0m _identify(models/production_simple) by extensions ['colcon_pkg']
[0.699s] [34mcolcon.colcon_core.package_identification[0m [1;30mLevel 1[0m _identify(models/production_simple) by extension 'colcon_pkg'
[0.699s] [34mcolcon.colcon_core.package_identification[0m [1;30mLevel 1[0m _identify(models/production_simple) by extensions ['colcon_meta']
[0.699s] [34mcolcon.colcon_core.package_identification[0m [1;30mLevel 1[0m _identify(models/production_simple) by extension 'colcon_meta'
[0.699s] [34mcolcon.colcon_core.package_identification[0m [1;30mLevel 1[0m _identify(models/production_simple) by extensions ['ros']
[0.699s] [34mcolcon.colcon_core.package_identification[0m [1;30mLevel 1[0m _identify(models/production_simple) by extension 'ros'
[0.699s] [34mcolcon.colcon_core.package_identification[0m [1;30mLevel 1[0m _identify(models/production_simple) by extensions ['cmake', 'python']
[0.699s] [34mcolcon.colcon_core.package_identification[0m [1;30mLevel 1[0m _identify(models/production_simple) by extension 'cmake'
[0.699s] [34mcolcon.colcon_core.package_identification[0m [1;30mLevel 1[0m _identify(models/production_simple) by extension 'python'
[0.699s] [34mcolcon.colcon_core.package_identification[0m [1;30mLevel 1[0m _identify(models/production_simple) by extensions ['python_setup_py']
[0.699s] [34mcolcon.colcon_core.package_identification[0m [1;30mLevel 1[0m _identify(models/production_simple) by extension 'python_setup_py'
[0.699s] [34mcolcon.colcon_core.package_identification[0m [1;30mLevel 1[0m _identify(models/production_simple/best_model) by extensions ['ignore', 'ignore_ament_install']
[0.699s] [34mcolcon.colcon_core.package_identification[0m [1;30mLevel 1[0m _identify(models/production_simple/best_model) by extension 'ignore'
[0.699s] [34mcolcon.colcon_core.package_identification[0m [1;30mLevel 1[0m _identify(models/production_simple/best_model) by extension 'ignore_ament_install'
[0.699s] [34mcolcon.colcon_core.package_identification[0m [1;30mLevel 1[0m _identify(models/production_simple/best_model) by extensions ['colcon_pkg']
[0.699s] [34mcolcon.colcon_core.package_identification[0m [1;30mLevel 1[0m _identify(models/production_simple/best_model) by extension 'colcon_pkg'
[0.699s] [34mcolcon.colcon_core.package_identification[0m [1;30mLevel 1[0m _identify(models/production_simple/best_model) by extensions ['colcon_meta']
[0.699s] [34mcolcon.colcon_core.package_identification[0m [1;30mLevel 1[0m _identify(models/production_simple/best_model) by extension 'colcon_meta'
[0.699s] [34mcolcon.colcon_core.package_identification[0m [1;30mLevel 1[0m _identify(models/production_simple/best_model) by extensions ['ros']
[0.699s] [34mcolcon.colcon_core.package_identification[0m [1;30mLevel 1[0m _identify(models/production_simple/best_model) by extension 'ros'
[0.699s] [34mcolcon.colcon_core.package_identification[0m [1;30mLevel 1[0m _identify(models/production_simple/best_model) by extensions ['cmake', 'python']
[0.699s] [34mcolcon.colcon_core.package_identification[0m [1;30mLevel 1[0m _identify(models/production_simple/best_model) by extension 'cmake'
[0.699s] [34mcolcon.colcon_core.package_identification[0m [1;30mLevel 1[0m _identify(models/production_simple/best_model) by extension 'python'
[0.699s] [34mcolcon.colcon_core.package_identification[0m [1;30mLevel 1[0m _identify(models/production_simple/best_model) by extensions ['python_setup_py']
[0.699s] [34mcolcon.colcon_core.package_identification[0m [1;30mLevel 1[0m _identify(models/production_simple/best_model) by extension 'python_setup_py'
[0.699s] [34mcolcon.colcon_core.package_identification[0m [1;30mLevel 1[0m _identify(models/production_simple/checkpoints) by extensions ['ignore', 'ignore_ament_install']
[0.699s] [34mcolcon.colcon_core.package_identification[0m [1;30mLevel 1[0m _identify(models/production_simple/checkpoints) by extension 'ignore'
[0.699s] [34mcolcon.colcon_core.package_identification[0m [1;30mLevel 1[0m _identify(models/production_simple/checkpoints) by extension 'ignore_ament_install'
[0.700s] [34mcolcon.colcon_core.package_identification[0m [1;30mLevel 1[0m _identify(models/production_simple/checkpoints) by extensions ['colcon_pkg']
[0.700s] [34mcolcon.colcon_core.package_identification[0m [1;30mLevel 1[0m _identify(models/production_simple/checkpoints) by extension 'colcon_pkg'
[0.700s] [34mcolcon.colcon_core.package_identification[0m [1;30mLevel 1[0m _identify(models/production_simple/checkpoints) by extensions ['colcon_meta']
[0.700s] [34mcolcon.colcon_core.package_identification[0m [1;30mLevel 1[0m _identify(models/production_simple/checkpoints) by extension 'colcon_meta'
[0.700s] [34mcolcon.colcon_core.package_identification[0m [1;30mLevel 1[0m _identify(models/production_simple/checkpoints) by extensions ['ros']
[0.700s] [34mcolcon.colcon_core.package_identification[0m [1;30mLevel 1[0m _identify(models/production_simple/checkpoints) by extension 'ros'
[0.700s] [34mcolcon.colcon_core.package_identification[0m [1;30mLevel 1[0m _identify(models/production_simple/checkpoints) by extensions ['cmake', 'python']
[0.700s] [34mcolcon.colcon_core.package_identification[0m [1;30mLevel 1[0m _identify(models/production_simple/checkpoints) by extension 'cmake'
[0.700s] [34mcolcon.colcon_core.package_identification[0m [1;30mLevel 1[0m _identify(models/production_simple/checkpoints) by extension 'python'
[0.700s] [34mcolcon.colcon_core.package_identification[0m [1;30mLevel 1[0m _identify(models/production_simple/checkpoints) by extensions ['python_setup_py']
[0.700s] [34mcolcon.colcon_core.package_identification[0m [1;30mLevel 1[0m _identify(models/production_simple/checkpoints) by extension 'python_setup_py'
[0.700s] [34mcolcon.colcon_core.package_identification[0m [1;30mLevel 1[0m _identify(models/production_test) by extensions ['ignore', 'ignore_ament_install']
[0.700s] [34mcolcon.colcon_core.package_identification[0m [1;30mLevel 1[0m _identify(models/production_test) by extension 'ignore'
[0.700s] [34mcolcon.colcon_core.package_identification[0m [1;30mLevel 1[0m _identify(models/production_test) by extension 'ignore_ament_install'
[0.700s] [34mcolcon.colcon_core.package_identification[0m [1;30mLevel 1[0m _identify(models/production_test) by extensions ['colcon_pkg']
[0.700s] [34mcolcon.colcon_core.package_identification[0m [1;30mLevel 1[0m _identify(models/production_test) by extension 'colcon_pkg'
[0.700s] [34mcolcon.colcon_core.package_identification[0m [1;30mLevel 1[0m _identify(models/production_test) by extensions ['colcon_meta']
[0.700s] [34mcolcon.colcon_core.package_identification[0m [1;30mLevel 1[0m _identify(models/production_test) by extension 'colcon_meta'
[0.700s] [34mcolcon.colcon_core.package_identification[0m [1;30mLevel 1[0m _identify(models/production_test) by extensions ['ros']
[0.700s] [34mcolcon.colcon_core.package_identification[0m [1;30mLevel 1[0m _identify(models/production_test) by extension 'ros'
[0.700s] [34mcolcon.colcon_core.package_identification[0m [1;30mLevel 1[0m _identify(models/production_test) by extensions ['cmake', 'python']
[0.700s] [34mcolcon.colcon_core.package_identification[0m [1;30mLevel 1[0m _identify(models/production_test) by extension 'cmake'
[0.700s] [34mcolcon.colcon_core.package_identification[0m [1;30mLevel 1[0m _identify(models/production_test) by extension 'python'
[0.700s] [34mcolcon.colcon_core.package_identification[0m [1;30mLevel 1[0m _identify(models/production_test) by extensions ['python_setup_py']
[0.700s] [34mcolcon.colcon_core.package_identification[0m [1;30mLevel 1[0m _identify(models/production_test) by extension 'python_setup_py'
[0.700s] [34mcolcon.colcon_core.package_identification[0m [1;30mLevel 1[0m _identify(models/production_test/best_model) by extensions ['ignore', 'ignore_ament_install']
[0.700s] [34mcolcon.colcon_core.package_identification[0m [1;30mLevel 1[0m _identify(models/production_test/best_model) by extension 'ignore'
[0.700s] [34mcolcon.colcon_core.package_identification[0m [1;30mLevel 1[0m _identify(models/production_test/best_model) by extension 'ignore_ament_install'
[0.700s] [34mcolcon.colcon_core.package_identification[0m [1;30mLevel 1[0m _identify(models/production_test/best_model) by extensions ['colcon_pkg']
[0.700s] [34mcolcon.colcon_core.package_identification[0m [1;30mLevel 1[0m _identify(models/production_test/best_model) by extension 'colcon_pkg'
[0.700s] [34mcolcon.colcon_core.package_identification[0m [1;30mLevel 1[0m _identify(models/production_test/best_model) by extensions ['colcon_meta']
[0.700s] [34mcolcon.colcon_core.package_identification[0m [1;30mLevel 1[0m _identify(models/production_test/best_model) by extension 'colcon_meta'
[0.701s] [34mcolcon.colcon_core.package_identification[0m [1;30mLevel 1[0m _identify(models/production_test/best_model) by extensions ['ros']
[0.701s] [34mcolcon.colcon_core.package_identification[0m [1;30mLevel 1[0m _identify(models/production_test/best_model) by extension 'ros'
[0.701s] [34mcolcon.colcon_core.package_identification[0m [1;30mLevel 1[0m _identify(models/production_test/best_model) by extensions ['cmake', 'python']
[0.701s] [34mcolcon.colcon_core.package_identification[0m [1;30mLevel 1[0m _identify(models/production_test/best_model) by extension 'cmake'
[0.701s] [34mcolcon.colcon_core.package_identification[0m [1;30mLevel 1[0m _identify(models/production_test/best_model) by extension 'python'
[0.701s] [34mcolcon.colcon_core.package_identification[0m [1;30mLevel 1[0m _identify(models/production_test/best_model) by extensions ['python_setup_py']
[0.701s] [34mcolcon.colcon_core.package_identification[0m [1;30mLevel 1[0m _identify(models/production_test/best_model) by extension 'python_setup_py'
[0.701s] [34mcolcon.colcon_core.package_identification[0m [1;30mLevel 1[0m _identify(models/production_test/checkpoints) by extensions ['ignore', 'ignore_ament_install']
[0.701s] [34mcolcon.colcon_core.package_identification[0m [1;30mLevel 1[0m _identify(models/production_test/checkpoints) by extension 'ignore'
[0.701s] [34mcolcon.colcon_core.package_identification[0m [1;30mLevel 1[0m _identify(models/production_test/checkpoints) by extension 'ignore_ament_install'
[0.701s] [34mcolcon.colcon_core.package_identification[0m [1;30mLevel 1[0m _identify(models/production_test/checkpoints) by extensions ['colcon_pkg']
[0.701s] [34mcolcon.colcon_core.package_identification[0m [1;30mLevel 1[0m _identify(models/production_test/checkpoints) by extension 'colcon_pkg'
[0.701s] [34mcolcon.colcon_core.package_identification[0m [1;30mLevel 1[0m _identify(models/production_test/checkpoints) by extensions ['colcon_meta']
[0.701s] [34mcolcon.colcon_core.package_identification[0m [1;30mLevel 1[0m _identify(models/production_test/checkpoints) by extension 'colcon_meta'
[0.701s] [34mcolcon.colcon_core.package_identification[0m [1;30mLevel 1[0m _identify(models/production_test/checkpoints) by extensions ['ros']
[0.701s] [34mcolcon.colcon_core.package_identification[0m [1;30mLevel 1[0m _identify(models/production_test/checkpoints) by extension 'ros'
[0.701s] [34mcolcon.colcon_core.package_identification[0m [1;30mLevel 1[0m _identify(models/production_test/checkpoints) by extensions ['cmake', 'python']
[0.701s] [34mcolcon.colcon_core.package_identification[0m [1;30mLevel 1[0m _identify(models/production_test/checkpoints) by extension 'cmake'
[0.701s] [34mcolcon.colcon_core.package_identification[0m [1;30mLevel 1[0m _identify(models/production_test/checkpoints) by extension 'python'
[0.701s] [34mcolcon.colcon_core.package_identification[0m [1;30mLevel 1[0m _identify(models/production_test/checkpoints) by extensions ['python_setup_py']
[0.701s] [34mcolcon.colcon_core.package_identification[0m [1;30mLevel 1[0m _identify(models/production_test/checkpoints) by extension 'python_setup_py'
[0.701s] [34mcolcon.colcon_core.package_identification[0m [1;30mLevel 1[0m _identify(models/soma_v1) by extensions ['ignore', 'ignore_ament_install']
[0.701s] [34mcolcon.colcon_core.package_identification[0m [1;30mLevel 1[0m _identify(models/soma_v1) by extension 'ignore'
[0.701s] [34mcolcon.colcon_core.package_identification[0m [1;30mLevel 1[0m _identify(models/soma_v1) by extension 'ignore_ament_install'
[0.701s] [34mcolcon.colcon_core.package_identification[0m [1;30mLevel 1[0m _identify(models/soma_v1) by extensions ['colcon_pkg']
[0.701s] [34mcolcon.colcon_core.package_identification[0m [1;30mLevel 1[0m _identify(models/soma_v1) by extension 'colcon_pkg'
[0.701s] [34mcolcon.colcon_core.package_identification[0m [1;30mLevel 1[0m _identify(models/soma_v1) by extensions ['colcon_meta']
[0.701s] [34mcolcon.colcon_core.package_identification[0m [1;30mLevel 1[0m _identify(models/soma_v1) by extension 'colcon_meta'
[0.701s] [34mcolcon.colcon_core.package_identification[0m [1;30mLevel 1[0m _identify(models/soma_v1) by extensions ['ros']
[0.701s] [34mcolcon.colcon_core.package_identification[0m [1;30mLevel 1[0m _identify(models/soma_v1) by extension 'ros'
[0.701s] [34mcolcon.colcon_core.package_identification[0m [1;30mLevel 1[0m _identify(models/soma_v1) by extensions ['cmake', 'python']
[0.702s] [34mcolcon.colcon_core.package_identification[0m [1;30mLevel 1[0m _identify(models/soma_v1) by extension 'cmake'
[0.702s] [34mcolcon.colcon_core.package_identification[0m [1;30mLevel 1[0m _identify(models/soma_v1) by extension 'python'
[0.702s] [34mcolcon.colcon_core.package_identification[0m [1;30mLevel 1[0m _identify(models/soma_v1) by extensions ['python_setup_py']
[0.702s] [34mcolcon.colcon_core.package_identification[0m [1;30mLevel 1[0m _identify(models/soma_v1) by extension 'python_setup_py'
[0.702s] [34mcolcon.colcon_core.package_identification[0m [1;30mLevel 1[0m _identify(models/test_training) by extensions ['ignore', 'ignore_ament_install']
[0.702s] [34mcolcon.colcon_core.package_identification[0m [1;30mLevel 1[0m _identify(models/test_training) by extension 'ignore'
[0.702s] [34mcolcon.colcon_core.package_identification[0m [1;30mLevel 1[0m _identify(models/test_training) by extension 'ignore_ament_install'
[0.702s] [34mcolcon.colcon_core.package_identification[0m [1;30mLevel 1[0m _identify(models/test_training) by extensions ['colcon_pkg']
[0.702s] [34mcolcon.colcon_core.package_identification[0m [1;30mLevel 1[0m _identify(models/test_training) by extension 'colcon_pkg'
[0.702s] [34mcolcon.colcon_core.package_identification[0m [1;30mLevel 1[0m _identify(models/test_training) by extensions ['colcon_meta']
[0.702s] [34mcolcon.colcon_core.package_identification[0m [1;30mLevel 1[0m _identify(models/test_training) by extension 'colcon_meta'
[0.702s] [34mcolcon.colcon_core.package_identification[0m [1;30mLevel 1[0m _identify(models/test_training) by extensions ['ros']
[0.702s] [34mcolcon.colcon_core.package_identification[0m [1;30mLevel 1[0m _identify(models/test_training) by extension 'ros'
[0.702s] [34mcolcon.colcon_core.package_identification[0m [1;30mLevel 1[0m _identify(models/test_training) by extensions ['cmake', 'python']
[0.702s] [34mcolcon.colcon_core.package_identification[0m [1;30mLevel 1[0m _identify(models/test_training) by extension 'cmake'
[0.702s] [34mcolcon.colcon_core.package_identification[0m [1;30mLevel 1[0m _identify(models/test_training) by extension 'python'
[0.702s] [34mcolcon.colcon_core.package_identification[0m [1;30mLevel 1[0m _identify(models/test_training) by extensions ['python_setup_py']
[0.702s] [34mcolcon.colcon_core.package_identification[0m [1;30mLevel 1[0m _identify(models/test_training) by extension 'python_setup_py'
[0.702s] [34mcolcon.colcon_core.package_identification[0m [1;30mLevel 1[0m _identify(models/test_training_small) by extensions ['ignore', 'ignore_ament_install']
[0.702s] [34mcolcon.colcon_core.package_identification[0m [1;30mLevel 1[0m _identify(models/test_training_small) by extension 'ignore'
[0.702s] [34mcolcon.colcon_core.package_identification[0m [1;30mLevel 1[0m _identify(models/test_training_small) by extension 'ignore_ament_install'
[0.702s] [34mcolcon.colcon_core.package_identification[0m [1;30mLevel 1[0m _identify(models/test_training_small) by extensions ['colcon_pkg']
[0.702s] [34mcolcon.colcon_core.package_identification[0m [1;30mLevel 1[0m _identify(models/test_training_small) by extension 'colcon_pkg'
[0.702s] [34mcolcon.colcon_core.package_identification[0m [1;30mLevel 1[0m _identify(models/test_training_small) by extensions ['colcon_meta']
[0.702s] [34mcolcon.colcon_core.package_identification[0m [1;30mLevel 1[0m _identify(models/test_training_small) by extension 'colcon_meta'
[0.702s] [34mcolcon.colcon_core.package_identification[0m [1;30mLevel 1[0m _identify(models/test_training_small) by extensions ['ros']
[0.702s] [34mcolcon.colcon_core.package_identification[0m [1;30mLevel 1[0m _identify(models/test_training_small) by extension 'ros'
[0.702s] [34mcolcon.colcon_core.package_identification[0m [1;30mLevel 1[0m _identify(models/test_training_small) by extensions ['cmake', 'python']
[0.702s] [34mcolcon.colcon_core.package_identification[0m [1;30mLevel 1[0m _identify(models/test_training_small) by extension 'cmake'
[0.702s] [34mcolcon.colcon_core.package_identification[0m [1;30mLevel 1[0m _identify(models/test_training_small) by extension 'python'
[0.702s] [34mcolcon.colcon_core.package_identification[0m [1;30mLevel 1[0m _identify(models/test_training_small) by extensions ['python_setup_py']
[0.703s] [34mcolcon.colcon_core.package_identification[0m [1;30mLevel 1[0m _identify(models/test_training_small) by extension 'python_setup_py'
[0.703s] [34mcolcon.colcon_core.package_identification[0m [1;30mLevel 1[0m _identify(models/test_training_small/best_model) by extensions ['ignore', 'ignore_ament_install']
[0.703s] [34mcolcon.colcon_core.package_identification[0m [1;30mLevel 1[0m _identify(models/test_training_small/best_model) by extension 'ignore'
[0.703s] [34mcolcon.colcon_core.package_identification[0m [1;30mLevel 1[0m _identify(models/test_training_small/best_model) by extension 'ignore_ament_install'
[0.703s] [34mcolcon.colcon_core.package_identification[0m [1;30mLevel 1[0m _identify(models/test_training_small/best_model) by extensions ['colcon_pkg']
[0.703s] [34mcolcon.colcon_core.package_identification[0m [1;30mLevel 1[0m _identify(models/test_training_small/best_model) by extension 'colcon_pkg'
[0.703s] [34mcolcon.colcon_core.package_identification[0m [1;30mLevel 1[0m _identify(models/test_training_small/best_model) by extensions ['colcon_meta']
[0.703s] [34mcolcon.colcon_core.package_identification[0m [1;30mLevel 1[0m _identify(models/test_training_small/best_model) by extension 'colcon_meta'
[0.703s] [34mcolcon.colcon_core.package_identification[0m [1;30mLevel 1[0m _identify(models/test_training_small/best_model) by extensions ['ros']
[0.703s] [34mcolcon.colcon_core.package_identification[0m [1;30mLevel 1[0m _identify(models/test_training_small/best_model) by extension 'ros'
[0.703s] [34mcolcon.colcon_core.package_identification[0m [1;30mLevel 1[0m _identify(models/test_training_small/best_model) by extensions ['cmake', 'python']
[0.703s] [34mcolcon.colcon_core.package_identification[0m [1;30mLevel 1[0m _identify(models/test_training_small/best_model) by extension 'cmake'
[0.703s] [34mcolcon.colcon_core.package_identification[0m [1;30mLevel 1[0m _identify(models/test_training_small/best_model) by extension 'python'
[0.703s] [34mcolcon.colcon_core.package_identification[0m [1;30mLevel 1[0m _identify(models/test_training_small/best_model) by extensions ['python_setup_py']
[0.703s] [34mcolcon.colcon_core.package_identification[0m [1;30mLevel 1[0m _identify(models/test_training_small/best_model) by extension 'python_setup_py'
[0.703s] [34mcolcon.colcon_core.package_identification[0m [1;30mLevel 1[0m _identify(models/test_training_small/checkpoints) by extensions ['ignore', 'ignore_ament_install']
[0.703s] [34mcolcon.colcon_core.package_identification[0m [1;30mLevel 1[0m _identify(models/test_training_small/checkpoints) by extension 'ignore'
[0.703s] [34mcolcon.colcon_core.package_identification[0m [1;30mLevel 1[0m _identify(models/test_training_small/checkpoints) by extension 'ignore_ament_install'
[0.703s] [34mcolcon.colcon_core.package_identification[0m [1;30mLevel 1[0m _identify(models/test_training_small/checkpoints) by extensions ['colcon_pkg']
[0.703s] [34mcolcon.colcon_core.package_identification[0m [1;30mLevel 1[0m _identify(models/test_training_small/checkpoints) by extension 'colcon_pkg'
[0.703s] [34mcolcon.colcon_core.package_identification[0m [1;30mLevel 1[0m _identify(models/test_training_small/checkpoints) by extensions ['colcon_meta']
[0.703s] [34mcolcon.colcon_core.package_identification[0m [1;30mLevel 1[0m _identify(models/test_training_small/checkpoints) by extension 'colcon_meta'
[0.703s] [34mcolcon.colcon_core.package_identification[0m [1;30mLevel 1[0m _identify(models/test_training_small/checkpoints) by extensions ['ros']
[0.703s] [34mcolcon.colcon_core.package_identification[0m [1;30mLevel 1[0m _identify(models/test_training_small/checkpoints) by extension 'ros'
[0.703s] [34mcolcon.colcon_core.package_identification[0m [1;30mLevel 1[0m _identify(models/test_training_small/checkpoints) by extensions ['cmake', 'python']
[0.703s] [34mcolcon.colcon_core.package_identification[0m [1;30mLevel 1[0m _identify(models/test_training_small/checkpoints) by extension 'cmake'
[0.703s] [34mcolcon.colcon_core.package_identification[0m [1;30mLevel 1[0m _identify(models/test_training_small/checkpoints) by extension 'python'
[0.703s] [34mcolcon.colcon_core.package_identification[0m [1;30mLevel 1[0m _identify(models/test_training_small/checkpoints) by extensions ['python_setup_py']
[0.703s] [34mcolcon.colcon_core.package_identification[0m [1;30mLevel 1[0m _identify(models/test_training_small/checkpoints) by extension 'python_setup_py'
[0.703s] [34mcolcon.colcon_core.package_identification[0m [1;30mLevel 1[0m _identify(paper) by extensions ['ignore', 'ignore_ament_install']
[0.704s] [34mcolcon.colcon_core.package_identification[0m [1;30mLevel 1[0m _identify(paper) by extension 'ignore'
[0.704s] [34mcolcon.colcon_core.package_identification[0m [1;30mLevel 1[0m _identify(paper) by extension 'ignore_ament_install'
[0.704s] [34mcolcon.colcon_core.package_identification[0m [1;30mLevel 1[0m _identify(paper) by extensions ['colcon_pkg']
[0.704s] [34mcolcon.colcon_core.package_identification[0m [1;30mLevel 1[0m _identify(paper) by extension 'colcon_pkg'
[0.704s] [34mcolcon.colcon_core.package_identification[0m [1;30mLevel 1[0m _identify(paper) by extensions ['colcon_meta']
[0.704s] [34mcolcon.colcon_core.package_identification[0m [1;30mLevel 1[0m _identify(paper) by extension 'colcon_meta'
[0.704s] [34mcolcon.colcon_core.package_identification[0m [1;30mLevel 1[0m _identify(paper) by extensions ['ros']
[0.704s] [34mcolcon.colcon_core.package_identification[0m [1;30mLevel 1[0m _identify(paper) by extension 'ros'
[0.704s] [34mcolcon.colcon_core.package_identification[0m [1;30mLevel 1[0m _identify(paper) by extensions ['cmake', 'python']
[0.704s] [34mcolcon.colcon_core.package_identification[0m [1;30mLevel 1[0m _identify(paper) by extension 'cmake'
[0.704s] [34mcolcon.colcon_core.package_identification[0m [1;30mLevel 1[0m _identify(paper) by extension 'python'
[0.704s] [34mcolcon.colcon_core.package_identification[0m [1;30mLevel 1[0m _identify(paper) by extensions ['python_setup_py']
[0.704s] [34mcolcon.colcon_core.package_identification[0m [1;30mLevel 1[0m _identify(paper) by extension 'python_setup_py'
[0.704s] [34mcolcon.colcon_core.package_identification[0m [1;30mLevel 1[0m _identify(src) by extensions ['ignore', 'ignore_ament_install']
[0.704s] [34mcolcon.colcon_core.package_identification[0m [1;30mLevel 1[0m _identify(src) by extension 'ignore'
[0.704s] [34mcolcon.colcon_core.package_identification[0m [1;30mLevel 1[0m _identify(src) by extension 'ignore_ament_install'
[0.704s] [34mcolcon.colcon_core.package_identification[0m [1;30mLevel 1[0m _identify(src) by extensions ['colcon_pkg']
[0.704s] [34mcolcon.colcon_core.package_identification[0m [1;30mLevel 1[0m _identify(src) by extension 'colcon_pkg'
[0.704s] [34mcolcon.colcon_core.package_identification[0m [1;30mLevel 1[0m _identify(src) by extensions ['colcon_meta']
[0.704s] [34mcolcon.colcon_core.package_identification[0m [1;30mLevel 1[0m _identify(src) by extension 'colcon_meta'
[0.704s] [34mcolcon.colcon_core.package_identification[0m [1;30mLevel 1[0m _identify(src) by extensions ['ros']
[0.704s] [34mcolcon.colcon_core.package_identification[0m [1;30mLevel 1[0m _identify(src) by extension 'ros'
[0.704s] [34mcolcon.colcon_core.package_identification[0m [1;30mLevel 1[0m _identify(src) by extensions ['cmake', 'python']
[0.704s] [34mcolcon.colcon_core.package_identification[0m [1;30mLevel 1[0m _identify(src) by extension 'cmake'
[0.704s] [34mcolcon.colcon_core.package_identification[0m [1;30mLevel 1[0m _identify(src) by extension 'python'
[0.704s] [34mcolcon.colcon_core.package_identification[0m [1;30mLevel 1[0m _identify(src) by extensions ['python_setup_py']
[0.704s] [34mcolcon.colcon_core.package_identification[0m [1;30mLevel 1[0m _identify(src) by extension 'python_setup_py'
[0.704s] [34mcolcon.colcon_core.package_identification[0m [1;30mLevel 1[0m _identify(src/DoosanBootcamp3rd) by extensions ['ignore', 'ignore_ament_install']
[0.704s] [34mcolcon.colcon_core.package_identification[0m [1;30mLevel 1[0m _identify(src/DoosanBootcamp3rd) by extension 'ignore'
[0.704s] [34mcolcon.colcon_core.package_identification[0m [1;30mLevel 1[0m _identify(src/DoosanBootcamp3rd) by extension 'ignore_ament_install'
[0.705s] [34mcolcon.colcon_core.package_identification[0m [1;30mLevel 1[0m _identify(src/DoosanBootcamp3rd) by extensions ['colcon_pkg']
[0.705s] [34mcolcon.colcon_core.package_identification[0m [1;30mLevel 1[0m _identify(src/DoosanBootcamp3rd) by extension 'colcon_pkg'
[0.705s] [34mcolcon.colcon_core.package_identification[0m [1;30mLevel 1[0m _identify(src/DoosanBootcamp3rd) by extensions ['colcon_meta']
[0.705s] [34mcolcon.colcon_core.package_identification[0m [1;30mLevel 1[0m _identify(src/DoosanBootcamp3rd) by extension 'colcon_meta'
[0.705s] [34mcolcon.colcon_core.package_identification[0m [1;30mLevel 1[0m _identify(src/DoosanBootcamp3rd) by extensions ['ros']
[0.705s] [34mcolcon.colcon_core.package_identification[0m [1;30mLevel 1[0m _identify(src/DoosanBootcamp3rd) by extension 'ros'
[0.705s] [34mcolcon.colcon_core.package_identification[0m [1;30mLevel 1[0m _identify(src/DoosanBootcamp3rd) by extensions ['cmake', 'python']
[0.705s] [34mcolcon.colcon_core.package_identification[0m [1;30mLevel 1[0m _identify(src/DoosanBootcamp3rd) by extension 'cmake'
[0.705s] [34mcolcon.colcon_core.package_identification[0m [1;30mLevel 1[0m _identify(src/DoosanBootcamp3rd) by extension 'python'
[0.705s] [34mcolcon.colcon_core.package_identification[0m [1;30mLevel 1[0m _identify(src/DoosanBootcamp3rd) by extensions ['python_setup_py']
[0.705s] [34mcolcon.colcon_core.package_identification[0m [1;30mLevel 1[0m _identify(src/DoosanBootcamp3rd) by extension 'python_setup_py'
[0.705s] [34mcolcon.colcon_core.package_identification[0m [1;30mLevel 1[0m _identify(src/DoosanBootcamp3rd/calibration) by extensions ['ignore', 'ignore_ament_install']
[0.705s] [34mcolcon.colcon_core.package_identification[0m [1;30mLevel 1[0m _identify(src/DoosanBootcamp3rd/calibration) by extension 'ignore'
[0.705s] [34mcolcon.colcon_core.package_identification[0m [1;30mLevel 1[0m _identify(src/DoosanBootcamp3rd/calibration) ignored
[0.705s] [34mcolcon.colcon_core.package_identification[0m [1;30mLevel 1[0m _identify(src/DoosanBootcamp3rd/dsr_bringup2) by extensions ['ignore', 'ignore_ament_install']
[0.706s] [34mcolcon.colcon_core.package_identification[0m [1;30mLevel 1[0m _identify(src/DoosanBootcamp3rd/dsr_bringup2) by extension 'ignore'
[0.706s] [34mcolcon.colcon_core.package_identification[0m [1;30mLevel 1[0m _identify(src/DoosanBootcamp3rd/dsr_bringup2) by extension 'ignore_ament_install'
[0.706s] [34mcolcon.colcon_core.package_identification[0m [1;30mLevel 1[0m _identify(src/DoosanBootcamp3rd/dsr_bringup2) by extensions ['colcon_pkg']
[0.706s] [34mcolcon.colcon_core.package_identification[0m [1;30mLevel 1[0m _identify(src/DoosanBootcamp3rd/dsr_bringup2) by extension 'colcon_pkg'
[0.706s] [34mcolcon.colcon_core.package_identification[0m [1;30mLevel 1[0m _identify(src/DoosanBootcamp3rd/dsr_bringup2) by extensions ['colcon_meta']
[0.706s] [34mcolcon.colcon_core.package_identification[0m [1;30mLevel 1[0m _identify(src/DoosanBootcamp3rd/dsr_bringup2) by extension 'colcon_meta'
[0.706s] [34mcolcon.colcon_core.package_identification[0m [1;30mLevel 1[0m _identify(src/DoosanBootcamp3rd/dsr_bringup2) by extensions ['ros']
[0.706s] [34mcolcon.colcon_core.package_identification[0m [1;30mLevel 1[0m _identify(src/DoosanBootcamp3rd/dsr_bringup2) by extension 'ros'
[0.709s] [34mcolcon.colcon_core.package_identification[0m [1;30mDEBUG[0m [32mPackage 'src/DoosanBootcamp3rd/dsr_bringup2' with type 'ros.ament_python' and name 'dsr_bringup2'[0m
[0.709s] [34mcolcon.colcon_core.package_identification[0m [1;30mLevel 1[0m _identify(src/DoosanBootcamp3rd/dsr_common2) by extensions ['ignore', 'ignore_ament_install']
[0.709s] [34mcolcon.colcon_core.package_identification[0m [1;30mLevel 1[0m _identify(src/DoosanBootcamp3rd/dsr_common2) by extension 'ignore'
[0.709s] [34mcolcon.colcon_core.package_identification[0m [1;30mLevel 1[0m _identify(src/DoosanBootcamp3rd/dsr_common2) by extension 'ignore_ament_install'
[0.709s] [34mcolcon.colcon_core.package_identification[0m [1;30mLevel 1[0m _identify(src/DoosanBootcamp3rd/dsr_common2) by extensions ['colcon_pkg']
[0.709s] [34mcolcon.colcon_core.package_identification[0m [1;30mLevel 1[0m _identify(src/DoosanBootcamp3rd/dsr_common2) by extension 'colcon_pkg'
[0.709s] [34mcolcon.colcon_core.package_identification[0m [1;30mLevel 1[0m _identify(src/DoosanBootcamp3rd/dsr_common2) by extensions ['colcon_meta']
[0.709s] [34mcolcon.colcon_core.package_identification[0m [1;30mLevel 1[0m _identify(src/DoosanBootcamp3rd/dsr_common2) by extension 'colcon_meta'
[0.709s] [34mcolcon.colcon_core.package_identification[0m [1;30mLevel 1[0m _identify(src/DoosanBootcamp3rd/dsr_common2) by extensions ['ros']
[0.709s] [34mcolcon.colcon_core.package_identification[0m [1;30mLevel 1[0m _identify(src/DoosanBootcamp3rd/dsr_common2) by extension 'ros'
[0.710s] [34mcolcon.colcon_core.package_identification[0m [1;30mDEBUG[0m [32mPackage 'src/DoosanBootcamp3rd/dsr_common2' with type 'ros.ament_cmake' and name 'dsr_common2'[0m
[0.710s] [34mcolcon.colcon_core.package_identification[0m [1;30mLevel 1[0m _identify(src/DoosanBootcamp3rd/dsr_controller2) by extensions ['ignore', 'ignore_ament_install']
[0.710s] [34mcolcon.colcon_core.package_identification[0m [1;30mLevel 1[0m _identify(src/DoosanBootcamp3rd/dsr_controller2) by extension 'ignore'
[0.710s] [34mcolcon.colcon_core.package_identification[0m [1;30mLevel 1[0m _identify(src/DoosanBootcamp3rd/dsr_controller2) by extension 'ignore_ament_install'
[0.710s] [34mcolcon.colcon_core.package_identification[0m [1;30mLevel 1[0m _identify(src/DoosanBootcamp3rd/dsr_controller2) by extensions ['colcon_pkg']
[0.710s] [34mcolcon.colcon_core.package_identification[0m [1;30mLevel 1[0m _identify(src/DoosanBootcamp3rd/dsr_controller2) by extension 'colcon_pkg'
[0.710s] [34mcolcon.colcon_core.package_identification[0m [1;30mLevel 1[0m _identify(src/DoosanBootcamp3rd/dsr_controller2) by extensions ['colcon_meta']
[0.710s] [34mcolcon.colcon_core.package_identification[0m [1;30mLevel 1[0m _identify(src/DoosanBootcamp3rd/dsr_controller2) by extension 'colcon_meta'
[0.710s] [34mcolcon.colcon_core.package_identification[0m [1;30mLevel 1[0m _identify(src/DoosanBootcamp3rd/dsr_controller2) by extensions ['ros']
[0.710s] [34mcolcon.colcon_core.package_identification[0m [1;30mLevel 1[0m _identify(src/DoosanBootcamp3rd/dsr_controller2) by extension 'ros'
[0.712s] [34mcolcon.colcon_core.package_identification[0m [1;30mDEBUG[0m [32mPackage 'src/DoosanBootcamp3rd/dsr_controller2' with type 'ros.ament_cmake' and name 'dsr_controller2'[0m
[0.712s] [34mcolcon.colcon_core.package_identification[0m [1;30mLevel 1[0m _identify(src/DoosanBootcamp3rd/dsr_description2) by extensions ['ignore', 'ignore_ament_install']
[0.712s] [34mcolcon.colcon_core.package_identification[0m [1;30mLevel 1[0m _identify(src/DoosanBootcamp3rd/dsr_description2) by extension 'ignore'
[0.712s] [34mcolcon.colcon_core.package_identification[0m [1;30mLevel 1[0m _identify(src/DoosanBootcamp3rd/dsr_description2) by extension 'ignore_ament_install'
[0.712s] [34mcolcon.colcon_core.package_identification[0m [1;30mLevel 1[0m _identify(src/DoosanBootcamp3rd/dsr_description2) by extensions ['colcon_pkg']
[0.712s] [34mcolcon.colcon_core.package_identification[0m [1;30mLevel 1[0m _identify(src/DoosanBootcamp3rd/dsr_description2) by extension 'colcon_pkg'
[0.712s] [34mcolcon.colcon_core.package_identification[0m [1;30mLevel 1[0m _identify(src/DoosanBootcamp3rd/dsr_description2) by extensions ['colcon_meta']
[0.712s] [34mcolcon.colcon_core.package_identification[0m [1;30mLevel 1[0m _identify(src/DoosanBootcamp3rd/dsr_description2) by extension 'colcon_meta'
[0.712s] [34mcolcon.colcon_core.package_identification[0m [1;30mLevel 1[0m _identify(src/DoosanBootcamp3rd/dsr_description2) by extensions ['ros']
[0.712s] [34mcolcon.colcon_core.package_identification[0m [1;30mLevel 1[0m _identify(src/DoosanBootcamp3rd/dsr_description2) by extension 'ros'
[0.713s] [34mcolcon.colcon_core.package_identification[0m [1;30mDEBUG[0m [32mPackage 'src/DoosanBootcamp3rd/dsr_description2' with type 'ros.ament_cmake' and name 'dsr_description2'[0m
[0.713s] [34mcolcon.colcon_core.package_identification[0m [1;30mLevel 1[0m _identify(src/DoosanBootcamp3rd/dsr_example2) by extensions ['ignore', 'ignore_ament_install']
[0.713s] [34mcolcon.colcon_core.package_identification[0m [1;30mLevel 1[0m _identify(src/DoosanBootcamp3rd/dsr_example2) by extension 'ignore'
[0.713s] [34mcolcon.colcon_core.package_identification[0m [1;30mLevel 1[0m _identify(src/DoosanBootcamp3rd/dsr_example2) by extension 'ignore_ament_install'
[0.714s] [34mcolcon.colcon_core.package_identification[0m [1;30mLevel 1[0m _identify(src/DoosanBootcamp3rd/dsr_example2) by extensions ['colcon_pkg']
[0.714s] [34mcolcon.colcon_core.package_identification[0m [1;30mLevel 1[0m _identify(src/DoosanBootcamp3rd/dsr_example2) by extension 'colcon_pkg'
[0.714s] [34mcolcon.colcon_core.package_identification[0m [1;30mLevel 1[0m _identify(src/DoosanBootcamp3rd/dsr_example2) by extensions ['colcon_meta']
[0.714s] [34mcolcon.colcon_core.package_identification[0m [1;30mLevel 1[0m _identify(src/DoosanBootcamp3rd/dsr_example2) by extension 'colcon_meta'
[0.714s] [34mcolcon.colcon_core.package_identification[0m [1;30mLevel 1[0m _identify(src/DoosanBootcamp3rd/dsr_example2) by extensions ['ros']
[0.714s] [34mcolcon.colcon_core.package_identification[0m [1;30mLevel 1[0m _identify(src/DoosanBootcamp3rd/dsr_example2) by extension 'ros'
[0.714s] [34mcolcon.colcon_core.package_identification[0m [1;30mLevel 1[0m _identify(src/DoosanBootcamp3rd/dsr_example2) by extensions ['cmake', 'python']
[0.714s] [34mcolcon.colcon_core.package_identification[0m [1;30mLevel 1[0m _identify(src/DoosanBootcamp3rd/dsr_example2) by extension 'cmake'
[0.714s] [34mcolcon.colcon_core.package_identification[0m [1;30mLevel 1[0m _identify(src/DoosanBootcamp3rd/dsr_example2) by extension 'python'
[0.714s] [34mcolcon.colcon_core.package_identification[0m [1;30mLevel 1[0m _identify(src/DoosanBootcamp3rd/dsr_example2) by extensions ['python_setup_py']
[0.714s] [34mcolcon.colcon_core.package_identification[0m [1;30mLevel 1[0m _identify(src/DoosanBootcamp3rd/dsr_example2) by extension 'python_setup_py'
[0.714s] [34mcolcon.colcon_core.package_identification[0m [1;30mLevel 1[0m _identify(src/DoosanBootcamp3rd/dsr_example2/dsr_example) by extensions ['ignore', 'ignore_ament_install']
[0.714s] [34mcolcon.colcon_core.package_identification[0m [1;30mLevel 1[0m _identify(src/DoosanBootcamp3rd/dsr_example2/dsr_example) by extension 'ignore'
[0.714s] [34mcolcon.colcon_core.package_identification[0m [1;30mLevel 1[0m _identify(src/DoosanBootcamp3rd/dsr_example2/dsr_example) by extension 'ignore_ament_install'
[0.714s] [34mcolcon.colcon_core.package_identification[0m [1;30mLevel 1[0m _identify(src/DoosanBootcamp3rd/dsr_example2/dsr_example) by extensions ['colcon_pkg']
[0.714s] [34mcolcon.colcon_core.package_identification[0m [1;30mLevel 1[0m _identify(src/DoosanBootcamp3rd/dsr_example2/dsr_example) by extension 'colcon_pkg'
[0.714s] [34mcolcon.colcon_core.package_identification[0m [1;30mLevel 1[0m _identify(src/DoosanBootcamp3rd/dsr_example2/dsr_example) by extensions ['colcon_meta']
[0.714s] [34mcolcon.colcon_core.package_identification[0m [1;30mLevel 1[0m _identify(src/DoosanBootcamp3rd/dsr_example2/dsr_example) by extension 'colcon_meta'
[0.714s] [34mcolcon.colcon_core.package_identification[0m [1;30mLevel 1[0m _identify(src/DoosanBootcamp3rd/dsr_example2/dsr_example) by extensions ['ros']
[0.714s] [34mcolcon.colcon_core.package_identification[0m [1;30mLevel 1[0m _identify(src/DoosanBootcamp3rd/dsr_example2/dsr_example) by extension 'ros'
[0.715s] [34mcolcon.colcon_core.package_identification[0m [1;30mDEBUG[0m [32mPackage 'src/DoosanBootcamp3rd/dsr_example2/dsr_example' with type 'ros.ament_python' and name 'dsr_example'[0m
[0.715s] [34mcolcon.colcon_core.package_identification[0m [1;30mLevel 1[0m _identify(src/DoosanBootcamp3rd/dsr_example2/dsr_realtime_control) by extensions ['ignore', 'ignore_ament_install']
[0.715s] [34mcolcon.colcon_core.package_identification[0m [1;30mLevel 1[0m _identify(src/DoosanBootcamp3rd/dsr_example2/dsr_realtime_control) by extension 'ignore'
[0.715s] [34mcolcon.colcon_core.package_identification[0m [1;30mLevel 1[0m _identify(src/DoosanBootcamp3rd/dsr_example2/dsr_realtime_control) by extension 'ignore_ament_install'
[0.715s] [34mcolcon.colcon_core.package_identification[0m [1;30mLevel 1[0m _identify(src/DoosanBootcamp3rd/dsr_example2/dsr_realtime_control) by extensions ['colcon_pkg']
[0.715s] [34mcolcon.colcon_core.package_identification[0m [1;30mLevel 1[0m _identify(src/DoosanBootcamp3rd/dsr_example2/dsr_realtime_control) by extension 'colcon_pkg'
[0.715s] [34mcolcon.colcon_core.package_identification[0m [1;30mLevel 1[0m _identify(src/DoosanBootcamp3rd/dsr_example2/dsr_realtime_control) by extensions ['colcon_meta']
[0.715s] [34mcolcon.colcon_core.package_identification[0m [1;30mLevel 1[0m _identify(src/DoosanBootcamp3rd/dsr_example2/dsr_realtime_control) by extension 'colcon_meta'
[0.715s] [34mcolcon.colcon_core.package_identification[0m [1;30mLevel 1[0m _identify(src/DoosanBootcamp3rd/dsr_example2/dsr_realtime_control) by extensions ['ros']
[0.715s] [34mcolcon.colcon_core.package_identification[0m [1;30mLevel 1[0m _identify(src/DoosanBootcamp3rd/dsr_example2/dsr_realtime_control) by extension 'ros'
[0.716s] [34mcolcon.colcon_core.package_identification[0m [1;30mDEBUG[0m [32mPackage 'src/DoosanBootcamp3rd/dsr_example2/dsr_realtime_control' with type 'ros.ament_cmake' and name 'dsr_realtime_control'[0m
[0.716s] [34mcolcon.colcon_core.package_identification[0m [1;30mLevel 1[0m _identify(src/DoosanBootcamp3rd/dsr_example2/dsr_visualservoing) by extensions ['ignore', 'ignore_ament_install']
[0.716s] [34mcolcon.colcon_core.package_identification[0m [1;30mLevel 1[0m _identify(src/DoosanBootcamp3rd/dsr_example2/dsr_visualservoing) by extension 'ignore'
[0.716s] [34mcolcon.colcon_core.package_identification[0m [1;30mLevel 1[0m _identify(src/DoosanBootcamp3rd/dsr_example2/dsr_visualservoing) by extension 'ignore_ament_install'
[0.716s] [34mcolcon.colcon_core.package_identification[0m [1;30mLevel 1[0m _identify(src/DoosanBootcamp3rd/dsr_example2/dsr_visualservoing) by extensions ['colcon_pkg']
[0.716s] [34mcolcon.colcon_core.package_identification[0m [1;30mLevel 1[0m _identify(src/DoosanBootcamp3rd/dsr_example2/dsr_visualservoing) by extension 'colcon_pkg'
[0.716s] [34mcolcon.colcon_core.package_identification[0m [1;30mLevel 1[0m _identify(src/DoosanBootcamp3rd/dsr_example2/dsr_visualservoing) by extensions ['colcon_meta']
[0.716s] [34mcolcon.colcon_core.package_identification[0m [1;30mLevel 1[0m _identify(src/DoosanBootcamp3rd/dsr_example2/dsr_visualservoing) by extension 'colcon_meta'
[0.716s] [34mcolcon.colcon_core.package_identification[0m [1;30mLevel 1[0m _identify(src/DoosanBootcamp3rd/dsr_example2/dsr_visualservoing) by extensions ['ros']
[0.716s] [34mcolcon.colcon_core.package_identification[0m [1;30mLevel 1[0m _identify(src/DoosanBootcamp3rd/dsr_example2/dsr_visualservoing) by extension 'ros'
[0.717s] [34mcolcon.colcon_core.package_identification[0m [1;30mDEBUG[0m [32mPackage 'src/DoosanBootcamp3rd/dsr_example2/dsr_visualservoing' with type 'ros.ament_python' and name 'dsr_visualservoing'[0m
[0.717s] [34mcolcon.colcon_core.package_identification[0m [1;30mLevel 1[0m _identify(src/DoosanBootcamp3rd/dsr_gazebo2) by extensions ['ignore', 'ignore_ament_install']
[0.717s] [34mcolcon.colcon_core.package_identification[0m [1;30mLevel 1[0m _identify(src/DoosanBootcamp3rd/dsr_gazebo2) by extension 'ignore'
[0.717s] [34mcolcon.colcon_core.package_identification[0m [1;30mLevel 1[0m _identify(src/DoosanBootcamp3rd/dsr_gazebo2) by extension 'ignore_ament_install'
[0.717s] [34mcolcon.colcon_core.package_identification[0m [1;30mLevel 1[0m _identify(src/DoosanBootcamp3rd/dsr_gazebo2) by extensions ['colcon_pkg']
[0.717s] [34mcolcon.colcon_core.package_identification[0m [1;30mLevel 1[0m _identify(src/DoosanBootcamp3rd/dsr_gazebo2) by extension 'colcon_pkg'
[0.717s] [34mcolcon.colcon_core.package_identification[0m [1;30mLevel 1[0m _identify(src/DoosanBootcamp3rd/dsr_gazebo2) by extensions ['colcon_meta']
[0.717s] [34mcolcon.colcon_core.package_identification[0m [1;30mLevel 1[0m _identify(src/DoosanBootcamp3rd/dsr_gazebo2) by extension 'colcon_meta'
[0.717s] [34mcolcon.colcon_core.package_identification[0m [1;30mLevel 1[0m _identify(src/DoosanBootcamp3rd/dsr_gazebo2) by extensions ['ros']
[0.717s] [34mcolcon.colcon_core.package_identification[0m [1;30mLevel 1[0m _identify(src/DoosanBootcamp3rd/dsr_gazebo2) by extension 'ros'
[0.718s] [34mcolcon.colcon_core.package_identification[0m [1;30mDEBUG[0m [32mPackage 'src/DoosanBootcamp3rd/dsr_gazebo2' with type 'ros.ament_cmake' and name 'dsr_gazebo2'[0m
[0.718s] [34mcolcon.colcon_core.package_identification[0m [1;30mLevel 1[0m _identify(src/DoosanBootcamp3rd/dsr_hardware2) by extensions ['ignore', 'ignore_ament_install']
[0.718s] [34mcolcon.colcon_core.package_identification[0m [1;30mLevel 1[0m _identify(src/DoosanBootcamp3rd/dsr_hardware2) by extension 'ignore'
[0.718s] [34mcolcon.colcon_core.package_identification[0m [1;30mLevel 1[0m _identify(src/DoosanBootcamp3rd/dsr_hardware2) by extension 'ignore_ament_install'
[0.718s] [34mcolcon.colcon_core.package_identification[0m [1;30mLevel 1[0m _identify(src/DoosanBootcamp3rd/dsr_hardware2) by extensions ['colcon_pkg']
[0.718s] [34mcolcon.colcon_core.package_identification[0m [1;30mLevel 1[0m _identify(src/DoosanBootcamp3rd/dsr_hardware2) by extension 'colcon_pkg'
[0.718s] [34mcolcon.colcon_core.package_identification[0m [1;30mLevel 1[0m _identify(src/DoosanBootcamp3rd/dsr_hardware2) by extensions ['colcon_meta']
[0.718s] [34mcolcon.colcon_core.package_identification[0m [1;30mLevel 1[0m _identify(src/DoosanBootcamp3rd/dsr_hardware2) by extension 'colcon_meta'
[0.718s] [34mcolcon.colcon_core.package_identification[0m [1;30mLevel 1[0m _identify(src/DoosanBootcamp3rd/dsr_hardware2) by extensions ['ros']
[0.718s] [34mcolcon.colcon_core.package_identification[0m [1;30mLevel 1[0m _identify(src/DoosanBootcamp3rd/dsr_hardware2) by extension 'ros'
[0.720s] [34mcolcon.colcon_core.package_identification[0m [1;30mDEBUG[0m [32mPackage 'src/DoosanBootcamp3rd/dsr_hardware2' with type 'ros.ament_cmake' and name 'dsr_hardware2'[0m
[0.720s] [34mcolcon.colcon_core.package_identification[0m [1;30mLevel 1[0m _identify(src/DoosanBootcamp3rd/dsr_moveit2) by extensions ['ignore', 'ignore_ament_install']
[0.720s] [34mcolcon.colcon_core.package_identification[0m [1;30mLevel 1[0m _identify(src/DoosanBootcamp3rd/dsr_moveit2) by extension 'ignore'
[0.720s] [34mcolcon.colcon_core.package_identification[0m [1;30mLevel 1[0m _identify(src/DoosanBootcamp3rd/dsr_moveit2) by extension 'ignore_ament_install'
[0.720s] [34mcolcon.colcon_core.package_identification[0m [1;30mLevel 1[0m _identify(src/DoosanBootcamp3rd/dsr_moveit2) by extensions ['colcon_pkg']
[0.720s] [34mcolcon.colcon_core.package_identification[0m [1;30mLevel 1[0m _identify(src/DoosanBootcamp3rd/dsr_moveit2) by extension 'colcon_pkg'
[0.720s] [34mcolcon.colcon_core.package_identification[0m [1;30mLevel 1[0m _identify(src/DoosanBootcamp3rd/dsr_moveit2) by extensions ['colcon_meta']
[0.720s] [34mcolcon.colcon_core.package_identification[0m [1;30mLevel 1[0m _identify(src/DoosanBootcamp3rd/dsr_moveit2) by extension 'colcon_meta'
[0.720s] [34mcolcon.colcon_core.package_identification[0m [1;30mLevel 1[0m _identify(src/DoosanBootcamp3rd/dsr_moveit2) by extensions ['ros']
[0.720s] [34mcolcon.colcon_core.package_identification[0m [1;30mLevel 1[0m _identify(src/DoosanBootcamp3rd/dsr_moveit2) by extension 'ros'
[0.721s] [34mcolcon.colcon_core.package_identification[0m [1;30mLevel 1[0m _identify(src/DoosanBootcamp3rd/dsr_moveit2) by extensions ['cmake', 'python']
[0.721s] [34mcolcon.colcon_core.package_identification[0m [1;30mLevel 1[0m _identify(src/DoosanBootcamp3rd/dsr_moveit2) by extension 'cmake'
[0.721s] [34mcolcon.colcon_core.package_identification[0m [1;30mLevel 1[0m _identify(src/DoosanBootcamp3rd/dsr_moveit2) by extension 'python'
[0.721s] [34mcolcon.colcon_core.package_identification[0m [1;30mLevel 1[0m _identify(src/DoosanBootcamp3rd/dsr_moveit2) by extensions ['python_setup_py']
[0.721s] [34mcolcon.colcon_core.package_identification[0m [1;30mLevel 1[0m _identify(src/DoosanBootcamp3rd/dsr_moveit2) by extension 'python_setup_py'
[0.721s] [34mcolcon.colcon_core.package_identification[0m [1;30mLevel 1[0m _identify(src/DoosanBootcamp3rd/dsr_moveit2/dsr_moveit_config_a0509) by extensions ['ignore', 'ignore_ament_install']
[0.721s] [34mcolcon.colcon_core.package_identification[0m [1;30mLevel 1[0m _identify(src/DoosanBootcamp3rd/dsr_moveit2/dsr_moveit_config_a0509) by extension 'ignore'
[0.721s] [34mcolcon.colcon_core.package_identification[0m [1;30mLevel 1[0m _identify(src/DoosanBootcamp3rd/dsr_moveit2/dsr_moveit_config_a0509) by extension 'ignore_ament_install'
[0.721s] [34mcolcon.colcon_core.package_identification[0m [1;30mLevel 1[0m _identify(src/DoosanBootcamp3rd/dsr_moveit2/dsr_moveit_config_a0509) by extensions ['colcon_pkg']
[0.721s] [34mcolcon.colcon_core.package_identification[0m [1;30mLevel 1[0m _identify(src/DoosanBootcamp3rd/dsr_moveit2/dsr_moveit_config_a0509) by extension 'colcon_pkg'
[0.721s] [34mcolcon.colcon_core.package_identification[0m [1;30mLevel 1[0m _identify(src/DoosanBootcamp3rd/dsr_moveit2/dsr_moveit_config_a0509) by extensions ['colcon_meta']
[0.721s] [34mcolcon.colcon_core.package_identification[0m [1;30mLevel 1[0m _identify(src/DoosanBootcamp3rd/dsr_moveit2/dsr_moveit_config_a0509) by extension 'colcon_meta'
[0.721s] [34mcolcon.colcon_core.package_identification[0m [1;30mLevel 1[0m _identify(src/DoosanBootcamp3rd/dsr_moveit2/dsr_moveit_config_a0509) by extensions ['ros']
[0.721s] [34mcolcon.colcon_core.package_identification[0m [1;30mLevel 1[0m _identify(src/DoosanBootcamp3rd/dsr_moveit2/dsr_moveit_config_a0509) by extension 'ros'
[0.722s] [34mcolcon.colcon_core.package_identification[0m [1;30mDEBUG[0m [32mPackage 'src/DoosanBootcamp3rd/dsr_moveit2/dsr_moveit_config_a0509' with type 'ros.ament_cmake' and name 'dsr_moveit_config_a0509'[0m
[0.722s] [34mcolcon.colcon_core.package_identification[0m [1;30mLevel 1[0m _identify(src/DoosanBootcamp3rd/dsr_moveit2/dsr_moveit_config_a0912) by extensions ['ignore', 'ignore_ament_install']
[0.722s] [34mcolcon.colcon_core.package_identification[0m [1;30mLevel 1[0m _identify(src/DoosanBootcamp3rd/dsr_moveit2/dsr_moveit_config_a0912) by extension 'ignore'
[0.722s] [34mcolcon.colcon_core.package_identification[0m [1;30mLevel 1[0m _identify(src/DoosanBootcamp3rd/dsr_moveit2/dsr_moveit_config_a0912) by extension 'ignore_ament_install'
[0.722s] [34mcolcon.colcon_core.package_identification[0m [1;30mLevel 1[0m _identify(src/DoosanBootcamp3rd/dsr_moveit2/dsr_moveit_config_a0912) by extensions ['colcon_pkg']
[0.722s] [34mcolcon.colcon_core.package_identification[0m [1;30mLevel 1[0m _identify(src/DoosanBootcamp3rd/dsr_moveit2/dsr_moveit_config_a0912) by extension 'colcon_pkg'
[0.722s] [34mcolcon.colcon_core.package_identification[0m [1;30mLevel 1[0m _identify(src/DoosanBootcamp3rd/dsr_moveit2/dsr_moveit_config_a0912) by extensions ['colcon_meta']
[0.722s] [34mcolcon.colcon_core.package_identification[0m [1;30mLevel 1[0m _identify(src/DoosanBootcamp3rd/dsr_moveit2/dsr_moveit_config_a0912) by extension 'colcon_meta'
[0.722s] [34mcolcon.colcon_core.package_identification[0m [1;30mLevel 1[0m _identify(src/DoosanBootcamp3rd/dsr_moveit2/dsr_moveit_config_a0912) by extensions ['ros']
[0.722s] [34mcolcon.colcon_core.package_identification[0m [1;30mLevel 1[0m _identify(src/DoosanBootcamp3rd/dsr_moveit2/dsr_moveit_config_a0912) by extension 'ros'
[0.723s] [34mcolcon.colcon_core.package_identification[0m [1;30mDEBUG[0m [32mPackage 'src/DoosanBootcamp3rd/dsr_moveit2/dsr_moveit_config_a0912' with type 'ros.ament_cmake' and name 'dsr_moveit_config_a0912'[0m
[0.723s] [34mcolcon.colcon_core.package_identification[0m [1;30mLevel 1[0m _identify(src/DoosanBootcamp3rd/dsr_moveit2/dsr_moveit_config_e0509) by extensions ['ignore', 'ignore_ament_install']
[0.723s] [34mcolcon.colcon_core.package_identification[0m [1;30mLevel 1[0m _identify(src/DoosanBootcamp3rd/dsr_moveit2/dsr_moveit_config_e0509) by extension 'ignore'
[0.723s] [34mcolcon.colcon_core.package_identification[0m [1;30mLevel 1[0m _identify(src/DoosanBootcamp3rd/dsr_moveit2/dsr_moveit_config_e0509) by extension 'ignore_ament_install'
[0.724s] [34mcolcon.colcon_core.package_identification[0m [1;30mLevel 1[0m _identify(src/DoosanBootcamp3rd/dsr_moveit2/dsr_moveit_config_e0509) by extensions ['colcon_pkg']
[0.724s] [34mcolcon.colcon_core.package_identification[0m [1;30mLevel 1[0m _identify(src/DoosanBootcamp3rd/dsr_moveit2/dsr_moveit_config_e0509) by extension 'colcon_pkg'
[0.724s] [34mcolcon.colcon_core.package_identification[0m [1;30mLevel 1[0m _identify(src/DoosanBootcamp3rd/dsr_moveit2/dsr_moveit_config_e0509) by extensions ['colcon_meta']
[0.724s] [34mcolcon.colcon_core.package_identification[0m [1;30mLevel 1[0m _identify(src/DoosanBootcamp3rd/dsr_moveit2/dsr_moveit_config_e0509) by extension 'colcon_meta'
[0.724s] [34mcolcon.colcon_core.package_identification[0m [1;30mLevel 1[0m _identify(src/DoosanBootcamp3rd/dsr_moveit2/dsr_moveit_config_e0509) by extensions ['ros']
[0.724s] [34mcolcon.colcon_core.package_identification[0m [1;30mLevel 1[0m _identify(src/DoosanBootcamp3rd/dsr_moveit2/dsr_moveit_config_e0509) by extension 'ros'
[0.724s] [34mcolcon.colcon_core.package_identification[0m [1;30mDEBUG[0m [32mPackage 'src/DoosanBootcamp3rd/dsr_moveit2/dsr_moveit_config_e0509' with type 'ros.ament_cmake' and name 'dsr_moveit_config_e0509'[0m
[0.724s] [34mcolcon.colcon_core.package_identification[0m [1;30mLevel 1[0m _identify(src/DoosanBootcamp3rd/dsr_moveit2/dsr_moveit_config_h2017) by extensions ['ignore', 'ignore_ament_install']
[0.724s] [34mcolcon.colcon_core.package_identification[0m [1;30mLevel 1[0m _identify(src/DoosanBootcamp3rd/dsr_moveit2/dsr_moveit_config_h2017) by extension 'ignore'
[0.724s] [34mcolcon.colcon_core.package_identification[0m [1;30mLevel 1[0m _identify(src/DoosanBootcamp3rd/dsr_moveit2/dsr_moveit_config_h2017) by extension 'ignore_ament_install'
[0.724s] [34mcolcon.colcon_core.package_identification[0m [1;30mLevel 1[0m _identify(src/DoosanBootcamp3rd/dsr_moveit2/dsr_moveit_config_h2017) by extensions ['colcon_pkg']
[0.724s] [34mcolcon.colcon_core.package_identification[0m [1;30mLevel 1[0m _identify(src/DoosanBootcamp3rd/dsr_moveit2/dsr_moveit_config_h2017) by extension 'colcon_pkg'
[0.725s] [34mcolcon.colcon_core.package_identification[0m [1;30mLevel 1[0m _identify(src/DoosanBootcamp3rd/dsr_moveit2/dsr_moveit_config_h2017) by extensions ['colcon_meta']
[0.725s] [34mcolcon.colcon_core.package_identification[0m [1;30mLevel 1[0m _identify(src/DoosanBootcamp3rd/dsr_moveit2/dsr_moveit_config_h2017) by extension 'colcon_meta'
[0.725s] [34mcolcon.colcon_core.package_identification[0m [1;30mLevel 1[0m _identify(src/DoosanBootcamp3rd/dsr_moveit2/dsr_moveit_config_h2017) by extensions ['ros']
[0.725s] [34mcolcon.colcon_core.package_identification[0m [1;30mLevel 1[0m _identify(src/DoosanBootcamp3rd/dsr_moveit2/dsr_moveit_config_h2017) by extension 'ros'
[0.725s] [34mcolcon.colcon_core.package_identification[0m [1;30mDEBUG[0m [32mPackage 'src/DoosanBootcamp3rd/dsr_moveit2/dsr_moveit_config_h2017' with type 'ros.ament_cmake' and name 'dsr_moveit_config_h2017'[0m
[0.725s] [34mcolcon.colcon_core.package_identification[0m [1;30mLevel 1[0m _identify(src/DoosanBootcamp3rd/dsr_moveit2/dsr_moveit_config_h2515) by extensions ['ignore', 'ignore_ament_install']
[0.725s] [34mcolcon.colcon_core.package_identification[0m [1;30mLevel 1[0m _identify(src/DoosanBootcamp3rd/dsr_moveit2/dsr_moveit_config_h2515) by extension 'ignore'
[0.725s] [34mcolcon.colcon_core.package_identification[0m [1;30mLevel 1[0m _identify(src/DoosanBootcamp3rd/dsr_moveit2/dsr_moveit_config_h2515) by extension 'ignore_ament_install'
[0.725s] [34mcolcon.colcon_core.package_identification[0m [1;30mLevel 1[0m _identify(src/DoosanBootcamp3rd/dsr_moveit2/dsr_moveit_config_h2515) by extensions ['colcon_pkg']
[0.725s] [34mcolcon.colcon_core.package_identification[0m [1;30mLevel 1[0m _identify(src/DoosanBootcamp3rd/dsr_moveit2/dsr_moveit_config_h2515) by extension 'colcon_pkg'
[0.725s] [34mcolcon.colcon_core.package_identification[0m [1;30mLevel 1[0m _identify(src/DoosanBootcamp3rd/dsr_moveit2/dsr_moveit_config_h2515) by extensions ['colcon_meta']
[0.725s] [34mcolcon.colcon_core.package_identification[0m [1;30mLevel 1[0m _identify(src/DoosanBootcamp3rd/dsr_moveit2/dsr_moveit_config_h2515) by extension 'colcon_meta'
[0.726s] [34mcolcon.colcon_core.package_identification[0m [1;30mLevel 1[0m _identify(src/DoosanBootcamp3rd/dsr_moveit2/dsr_moveit_config_h2515) by extensions ['ros']
[0.726s] [34mcolcon.colcon_core.package_identification[0m [1;30mLevel 1[0m _identify(src/DoosanBootcamp3rd/dsr_moveit2/dsr_moveit_config_h2515) by extension 'ros'
[0.726s] [34mcolcon.colcon_core.package_identification[0m [1;30mDEBUG[0m [32mPackage 'src/DoosanBootcamp3rd/dsr_moveit2/dsr_moveit_config_h2515' with type 'ros.ament_cmake' and name 'dsr_moveit_config_h2515'[0m
[0.726s] [34mcolcon.colcon_core.package_identification[0m [1;30mLevel 1[0m _identify(src/DoosanBootcamp3rd/dsr_moveit2/dsr_moveit_config_m0609) by extensions ['ignore', 'ignore_ament_install']
[0.726s] [34mcolcon.colcon_core.package_identification[0m [1;30mLevel 1[0m _identify(src/DoosanBootcamp3rd/dsr_moveit2/dsr_moveit_config_m0609) by extension 'ignore'
[0.726s] [34mcolcon.colcon_core.package_identification[0m [1;30mLevel 1[0m _identify(src/DoosanBootcamp3rd/dsr_moveit2/dsr_moveit_config_m0609) by extension 'ignore_ament_install'
[0.726s] [34mcolcon.colcon_core.package_identification[0m [1;30mLevel 1[0m _identify(src/DoosanBootcamp3rd/dsr_moveit2/dsr_moveit_config_m0609) by extensions ['colcon_pkg']
[0.726s] [34mcolcon.colcon_core.package_identification[0m [1;30mLevel 1[0m _identify(src/DoosanBootcamp3rd/dsr_moveit2/dsr_moveit_config_m0609) by extension 'colcon_pkg'
[0.726s] [34mcolcon.colcon_core.package_identification[0m [1;30mLevel 1[0m _identify(src/DoosanBootcamp3rd/dsr_moveit2/dsr_moveit_config_m0609) by extensions ['colcon_meta']
[0.726s] [34mcolcon.colcon_core.package_identification[0m [1;30mLevel 1[0m _identify(src/DoosanBootcamp3rd/dsr_moveit2/dsr_moveit_config_m0609) by extension 'colcon_meta'
[0.727s] [34mcolcon.colcon_core.package_identification[0m [1;30mLevel 1[0m _identify(src/DoosanBootcamp3rd/dsr_moveit2/dsr_moveit_config_m0609) by extensions ['ros']
[0.727s] [34mcolcon.colcon_core.package_identification[0m [1;30mLevel 1[0m _identify(src/DoosanBootcamp3rd/dsr_moveit2/dsr_moveit_config_m0609) by extension 'ros'
[0.727s] [34mcolcon.colcon_core.package_identification[0m [1;30mDEBUG[0m [32mPackage 'src/DoosanBootcamp3rd/dsr_moveit2/dsr_moveit_config_m0609' with type 'ros.ament_cmake' and name 'dsr_moveit_config_m0609'[0m
[0.727s] [34mcolcon.colcon_core.package_identification[0m [1;30mLevel 1[0m _identify(src/DoosanBootcamp3rd/dsr_moveit2/dsr_moveit_config_m0617) by extensions ['ignore', 'ignore_ament_install']
[0.727s] [34mcolcon.colcon_core.package_identification[0m [1;30mLevel 1[0m _identify(src/DoosanBootcamp3rd/dsr_moveit2/dsr_moveit_config_m0617) by extension 'ignore'
[0.727s] [34mcolcon.colcon_core.package_identification[0m [1;30mLevel 1[0m _identify(src/DoosanBootcamp3rd/dsr_moveit2/dsr_moveit_config_m0617) by extension 'ignore_ament_install'
[0.727s] [34mcolcon.colcon_core.package_identification[0m [1;30mLevel 1[0m _identify(src/DoosanBootcamp3rd/dsr_moveit2/dsr_moveit_config_m0617) by extensions ['colcon_pkg']
[0.727s] [34mcolcon.colcon_core.package_identification[0m [1;30mLevel 1[0m _identify(src/DoosanBootcamp3rd/dsr_moveit2/dsr_moveit_config_m0617) by extension 'colcon_pkg'
[0.727s] [34mcolcon.colcon_core.package_identification[0m [1;30mLevel 1[0m _identify(src/DoosanBootcamp3rd/dsr_moveit2/dsr_moveit_config_m0617) by extensions ['colcon_meta']
[0.727s] [34mcolcon.colcon_core.package_identification[0m [1;30mLevel 1[0m _identify(src/DoosanBootcamp3rd/dsr_moveit2/dsr_moveit_config_m0617) by extension 'colcon_meta'
[0.727s] [34mcolcon.colcon_core.package_identification[0m [1;30mLevel 1[0m _identify(src/DoosanBootcamp3rd/dsr_moveit2/dsr_moveit_config_m0617) by extensions ['ros']
[0.727s] [34mcolcon.colcon_core.package_identification[0m [1;30mLevel 1[0m _identify(src/DoosanBootcamp3rd/dsr_moveit2/dsr_moveit_config_m0617) by extension 'ros'
[0.728s] [34mcolcon.colcon_core.package_identification[0m [1;30mDEBUG[0m [32mPackage 'src/DoosanBootcamp3rd/dsr_moveit2/dsr_moveit_config_m0617' with type 'ros.ament_cmake' and name 'dsr_moveit_config_m0617'[0m
[0.728s] [34mcolcon.colcon_core.package_identification[0m [1;30mLevel 1[0m _identify(src/DoosanBootcamp3rd/dsr_moveit2/dsr_moveit_config_m1013) by extensions ['ignore', 'ignore_ament_install']
[0.728s] [34mcolcon.colcon_core.package_identification[0m [1;30mLevel 1[0m _identify(src/DoosanBootcamp3rd/dsr_moveit2/dsr_moveit_config_m1013) by extension 'ignore'
[0.728s] [34mcolcon.colcon_core.package_identification[0m [1;30mLevel 1[0m _identify(src/DoosanBootcamp3rd/dsr_moveit2/dsr_moveit_config_m1013) by extension 'ignore_ament_install'
[0.728s] [34mcolcon.colcon_core.package_identification[0m [1;30mLevel 1[0m _identify(src/DoosanBootcamp3rd/dsr_moveit2/dsr_moveit_config_m1013) by extensions ['colcon_pkg']
[0.728s] [34mcolcon.colcon_core.package_identification[0m [1;30mLevel 1[0m _identify(src/DoosanBootcamp3rd/dsr_moveit2/dsr_moveit_config_m1013) by extension 'colcon_pkg'
[0.728s] [34mcolcon.colcon_core.package_identification[0m [1;30mLevel 1[0m _identify(src/DoosanBootcamp3rd/dsr_moveit2/dsr_moveit_config_m1013) by extensions ['colcon_meta']
[0.728s] [34mcolcon.colcon_core.package_identification[0m [1;30mLevel 1[0m _identify(src/DoosanBootcamp3rd/dsr_moveit2/dsr_moveit_config_m1013) by extension 'colcon_meta'
[0.728s] [34mcolcon.colcon_core.package_identification[0m [1;30mLevel 1[0m _identify(src/DoosanBootcamp3rd/dsr_moveit2/dsr_moveit_config_m1013) by extensions ['ros']
[0.728s] [34mcolcon.colcon_core.package_identification[0m [1;30mLevel 1[0m _identify(src/DoosanBootcamp3rd/dsr_moveit2/dsr_moveit_config_m1013) by extension 'ros'
[0.729s] [34mcolcon.colcon_core.package_identification[0m [1;30mDEBUG[0m [32mPackage 'src/DoosanBootcamp3rd/dsr_moveit2/dsr_moveit_config_m1013' with type 'ros.ament_cmake' and name 'dsr_moveit_config_m1013'[0m
[0.729s] [34mcolcon.colcon_core.package_identification[0m [1;30mLevel 1[0m _identify(src/DoosanBootcamp3rd/dsr_moveit2/dsr_moveit_config_m1509) by extensions ['ignore', 'ignore_ament_install']
[0.729s] [34mcolcon.colcon_core.package_identification[0m [1;30mLevel 1[0m _identify(src/DoosanBootcamp3rd/dsr_moveit2/dsr_moveit_config_m1509) by extension 'ignore'
[0.729s] [34mcolcon.colcon_core.package_identification[0m [1;30mLevel 1[0m _identify(src/DoosanBootcamp3rd/dsr_moveit2/dsr_moveit_config_m1509) by extension 'ignore_ament_install'
[0.729s] [34mcolcon.colcon_core.package_identification[0m [1;30mLevel 1[0m _identify(src/DoosanBootcamp3rd/dsr_moveit2/dsr_moveit_config_m1509) by extensions ['colcon_pkg']
[0.729s] [34mcolcon.colcon_core.package_identification[0m [1;30mLevel 1[0m _identify(src/DoosanBootcamp3rd/dsr_moveit2/dsr_moveit_config_m1509) by extension 'colcon_pkg'
[0.729s] [34mcolcon.colcon_core.package_identification[0m [1;30mLevel 1[0m _identify(src/DoosanBootcamp3rd/dsr_moveit2/dsr_moveit_config_m1509) by extensions ['colcon_meta']
[0.729s] [34mcolcon.colcon_core.package_identification[0m [1;30mLevel 1[0m _identify(src/DoosanBootcamp3rd/dsr_moveit2/dsr_moveit_config_m1509) by extension 'colcon_meta'
[0.729s] [34mcolcon.colcon_core.package_identification[0m [1;30mLevel 1[0m _identify(src/DoosanBootcamp3rd/dsr_moveit2/dsr_moveit_config_m1509) by extensions ['ros']
[0.729s] [34mcolcon.colcon_core.package_identification[0m [1;30mLevel 1[0m _identify(src/DoosanBootcamp3rd/dsr_moveit2/dsr_moveit_config_m1509) by extension 'ros'
[0.730s] [34mcolcon.colcon_core.package_identification[0m [1;30mDEBUG[0m [32mPackage 'src/DoosanBootcamp3rd/dsr_moveit2/dsr_moveit_config_m1509' with type 'ros.ament_cmake' and name 'dsr_moveit_config_m1509'[0m
[0.730s] [34mcolcon.colcon_core.package_identification[0m [1;30mLevel 1[0m _identify(src/DoosanBootcamp3rd/dsr_moveit2/dsr_moveit_config_p3020) by extensions ['ignore', 'ignore_ament_install']
[0.730s] [34mcolcon.colcon_core.package_identification[0m [1;30mLevel 1[0m _identify(src/DoosanBootcamp3rd/dsr_moveit2/dsr_moveit_config_p3020) by extension 'ignore'
[0.730s] [34mcolcon.colcon_core.package_identification[0m [1;30mLevel 1[0m _identify(src/DoosanBootcamp3rd/dsr_moveit2/dsr_moveit_config_p3020) by extension 'ignore_ament_install'
[0.730s] [34mcolcon.colcon_core.package_identification[0m [1;30mLevel 1[0m _identify(src/DoosanBootcamp3rd/dsr_moveit2/dsr_moveit_config_p3020) by extensions ['colcon_pkg']
[0.730s] [34mcolcon.colcon_core.package_identification[0m [1;30mLevel 1[0m _identify(src/DoosanBootcamp3rd/dsr_moveit2/dsr_moveit_config_p3020) by extension 'colcon_pkg'
[0.730s] [34mcolcon.colcon_core.package_identification[0m [1;30mLevel 1[0m _identify(src/DoosanBootcamp3rd/dsr_moveit2/dsr_moveit_config_p3020) by extensions ['colcon_meta']
[0.730s] [34mcolcon.colcon_core.package_identification[0m [1;30mLevel 1[0m _identify(src/DoosanBootcamp3rd/dsr_moveit2/dsr_moveit_config_p3020) by extension 'colcon_meta'
[0.730s] [34mcolcon.colcon_core.package_identification[0m [1;30mLevel 1[0m _identify(src/DoosanBootcamp3rd/dsr_moveit2/dsr_moveit_config_p3020) by extensions ['ros']
[0.730s] [34mcolcon.colcon_core.package_identification[0m [1;30mLevel 1[0m _identify(src/DoosanBootcamp3rd/dsr_moveit2/dsr_moveit_config_p3020) by extension 'ros'
[0.731s] [34mcolcon.colcon_core.package_identification[0m [1;30mDEBUG[0m [32mPackage 'src/DoosanBootcamp3rd/dsr_moveit2/dsr_moveit_config_p3020' with type 'ros.ament_cmake' and name 'dsr_moveit_config_p3020'[0m
[0.731s] [34mcolcon.colcon_core.package_identification[0m [1;30mLevel 1[0m _identify(src/DoosanBootcamp3rd/dsr_msgs2) by extensions ['ignore', 'ignore_ament_install']
[0.731s] [34mcolcon.colcon_core.package_identification[0m [1;30mLevel 1[0m _identify(src/DoosanBootcamp3rd/dsr_msgs2) by extension 'ignore'
[0.731s] [34mcolcon.colcon_core.package_identification[0m [1;30mLevel 1[0m _identify(src/DoosanBootcamp3rd/dsr_msgs2) by extension 'ignore_ament_install'
[0.731s] [34mcolcon.colcon_core.package_identification[0m [1;30mLevel 1[0m _identify(src/DoosanBootcamp3rd/dsr_msgs2) by extensions ['colcon_pkg']
[0.731s] [34mcolcon.colcon_core.package_identification[0m [1;30mLevel 1[0m _identify(src/DoosanBootcamp3rd/dsr_msgs2) by extension 'colcon_pkg'
[0.731s] [34mcolcon.colcon_core.package_identification[0m [1;30mLevel 1[0m _identify(src/DoosanBootcamp3rd/dsr_msgs2) by extensions ['colcon_meta']
[0.731s] [34mcolcon.colcon_core.package_identification[0m [1;30mLevel 1[0m _identify(src/DoosanBootcamp3rd/dsr_msgs2) by extension 'colcon_meta'
[0.731s] [34mcolcon.colcon_core.package_identification[0m [1;30mLevel 1[0m _identify(src/DoosanBootcamp3rd/dsr_msgs2) by extensions ['ros']
[0.731s] [34mcolcon.colcon_core.package_identification[0m [1;30mLevel 1[0m _identify(src/DoosanBootcamp3rd/dsr_msgs2) by extension 'ros'
[0.732s] [34mcolcon.colcon_core.package_identification[0m [1;30mDEBUG[0m [32mPackage 'src/DoosanBootcamp3rd/dsr_msgs2' with type 'ros.ament_cmake' and name 'dsr_msgs2'[0m
[0.732s] [34mcolcon.colcon_core.package_identification[0m [1;30mLevel 1[0m _identify(src/DoosanBootcamp3rd/dsr_rokey) by extensions ['ignore', 'ignore_ament_install']
[0.732s] [34mcolcon.colcon_core.package_identification[0m [1;30mLevel 1[0m _identify(src/DoosanBootcamp3rd/dsr_rokey) by extension 'ignore'
[0.732s] [34mcolcon.colcon_core.package_identification[0m [1;30mLevel 1[0m _identify(src/DoosanBootcamp3rd/dsr_rokey) by extension 'ignore_ament_install'
[0.732s] [34mcolcon.colcon_core.package_identification[0m [1;30mLevel 1[0m _identify(src/DoosanBootcamp3rd/dsr_rokey) by extensions ['colcon_pkg']
[0.732s] [34mcolcon.colcon_core.package_identification[0m [1;30mLevel 1[0m _identify(src/DoosanBootcamp3rd/dsr_rokey) by extension 'colcon_pkg'
[0.732s] [34mcolcon.colcon_core.package_identification[0m [1;30mLevel 1[0m _identify(src/DoosanBootcamp3rd/dsr_rokey) by extensions ['colcon_meta']
[0.732s] [34mcolcon.colcon_core.package_identification[0m [1;30mLevel 1[0m _identify(src/DoosanBootcamp3rd/dsr_rokey) by extension 'colcon_meta'
[0.732s] [34mcolcon.colcon_core.package_identification[0m [1;30mLevel 1[0m _identify(src/DoosanBootcamp3rd/dsr_rokey) by extensions ['ros']
[0.732s] [34mcolcon.colcon_core.package_identification[0m [1;30mLevel 1[0m _identify(src/DoosanBootcamp3rd/dsr_rokey) by extension 'ros'
[0.732s] [34mcolcon.colcon_core.package_identification[0m [1;30mLevel 1[0m _identify(src/DoosanBootcamp3rd/dsr_rokey) by extensions ['cmake', 'python']
[0.732s] [34mcolcon.colcon_core.package_identification[0m [1;30mLevel 1[0m _identify(src/DoosanBootcamp3rd/dsr_rokey) by extension 'cmake'
[0.732s] [34mcolcon.colcon_core.package_identification[0m [1;30mLevel 1[0m _identify(src/DoosanBootcamp3rd/dsr_rokey) by extension 'python'
[0.732s] [34mcolcon.colcon_core.package_identification[0m [1;30mLevel 1[0m _identify(src/DoosanBootcamp3rd/dsr_rokey) by extensions ['python_setup_py']
[0.732s] [34mcolcon.colcon_core.package_identification[0m [1;30mLevel 1[0m _identify(src/DoosanBootcamp3rd/dsr_rokey) by extension 'python_setup_py'
[0.732s] [34mcolcon.colcon_core.package_identification[0m [1;30mLevel 1[0m _identify(src/DoosanBootcamp3rd/dsr_rokey/od_msg) by extensions ['ignore', 'ignore_ament_install']
[0.732s] [34mcolcon.colcon_core.package_identification[0m [1;30mLevel 1[0m _identify(src/DoosanBootcamp3rd/dsr_rokey/od_msg) by extension 'ignore'
[0.733s] [34mcolcon.colcon_core.package_identification[0m [1;30mLevel 1[0m _identify(src/DoosanBootcamp3rd/dsr_rokey/od_msg) by extension 'ignore_ament_install'
[0.733s] [34mcolcon.colcon_core.package_identification[0m [1;30mLevel 1[0m _identify(src/DoosanBootcamp3rd/dsr_rokey/od_msg) by extensions ['colcon_pkg']
[0.733s] [34mcolcon.colcon_core.package_identification[0m [1;30mLevel 1[0m _identify(src/DoosanBootcamp3rd/dsr_rokey/od_msg) by extension 'colcon_pkg'
[0.733s] [34mcolcon.colcon_core.package_identification[0m [1;30mLevel 1[0m _identify(src/DoosanBootcamp3rd/dsr_rokey/od_msg) by extensions ['colcon_meta']
[0.733s] [34mcolcon.colcon_core.package_identification[0m [1;30mLevel 1[0m _identify(src/DoosanBootcamp3rd/dsr_rokey/od_msg) by extension 'colcon_meta'
[0.733s] [34mcolcon.colcon_core.package_identification[0m [1;30mLevel 1[0m _identify(src/DoosanBootcamp3rd/dsr_rokey/od_msg) by extensions ['ros']
[0.733s] [34mcolcon.colcon_core.package_identification[0m [1;30mLevel 1[0m _identify(src/DoosanBootcamp3rd/dsr_rokey/od_msg) by extension 'ros'
[0.733s] [34mcolcon.colcon_core.package_identification[0m [1;30mDEBUG[0m [32mPackage 'src/DoosanBootcamp3rd/dsr_rokey/od_msg' with type 'ros.catkin' and name 'od_msg'[0m
[0.733s] [34mcolcon.colcon_core.package_identification[0m [1;30mLevel 1[0m _identify(src/DoosanBootcamp3rd/dsr_rokey/pick_and_place_text) by extensions ['ignore', 'ignore_ament_install']
[0.733s] [34mcolcon.colcon_core.package_identification[0m [1;30mLevel 1[0m _identify(src/DoosanBootcamp3rd/dsr_rokey/pick_and_place_text) by extension 'ignore'
[0.733s] [34mcolcon.colcon_core.package_identification[0m [1;30mLevel 1[0m _identify(src/DoosanBootcamp3rd/dsr_rokey/pick_and_place_text) by extension 'ignore_ament_install'
[0.733s] [34mcolcon.colcon_core.package_identification[0m [1;30mLevel 1[0m _identify(src/DoosanBootcamp3rd/dsr_rokey/pick_and_place_text) by extensions ['colcon_pkg']
[0.733s] [34mcolcon.colcon_core.package_identification[0m [1;30mLevel 1[0m _identify(src/DoosanBootcamp3rd/dsr_rokey/pick_and_place_text) by extension 'colcon_pkg'
[0.733s] [34mcolcon.colcon_core.package_identification[0m [1;30mLevel 1[0m _identify(src/DoosanBootcamp3rd/dsr_rokey/pick_and_place_text) by extensions ['colcon_meta']
[0.733s] [34mcolcon.colcon_core.package_identification[0m [1;30mLevel 1[0m _identify(src/DoosanBootcamp3rd/dsr_rokey/pick_and_place_text) by extension 'colcon_meta'
[0.733s] [34mcolcon.colcon_core.package_identification[0m [1;30mLevel 1[0m _identify(src/DoosanBootcamp3rd/dsr_rokey/pick_and_place_text) by extensions ['ros']
[0.734s] [34mcolcon.colcon_core.package_identification[0m [1;30mLevel 1[0m _identify(src/DoosanBootcamp3rd/dsr_rokey/pick_and_place_text) by extension 'ros'
[0.734s] [34mcolcon.colcon_core.package_identification[0m [1;30mDEBUG[0m [32mPackage 'src/DoosanBootcamp3rd/dsr_rokey/pick_and_place_text' with type 'ros.ament_python' and name 'pick_and_place_text'[0m
[0.734s] [34mcolcon.colcon_core.package_identification[0m [1;30mLevel 1[0m _identify(src/DoosanBootcamp3rd/dsr_rokey/pick_and_place_voice) by extensions ['ignore', 'ignore_ament_install']
[0.734s] [34mcolcon.colcon_core.package_identification[0m [1;30mLevel 1[0m _identify(src/DoosanBootcamp3rd/dsr_rokey/pick_and_place_voice) by extension 'ignore'
[0.734s] [34mcolcon.colcon_core.package_identification[0m [1;30mLevel 1[0m _identify(src/DoosanBootcamp3rd/dsr_rokey/pick_and_place_voice) by extension 'ignore_ament_install'
[0.734s] [34mcolcon.colcon_core.package_identification[0m [1;30mLevel 1[0m _identify(src/DoosanBootcamp3rd/dsr_rokey/pick_and_place_voice) by extensions ['colcon_pkg']
[0.734s] [34mcolcon.colcon_core.package_identification[0m [1;30mLevel 1[0m _identify(src/DoosanBootcamp3rd/dsr_rokey/pick_and_place_voice) by extension 'colcon_pkg'
[0.734s] [34mcolcon.colcon_core.package_identification[0m [1;30mLevel 1[0m _identify(src/DoosanBootcamp3rd/dsr_rokey/pick_and_place_voice) by extensions ['colcon_meta']
[0.734s] [34mcolcon.colcon_core.package_identification[0m [1;30mLevel 1[0m _identify(src/DoosanBootcamp3rd/dsr_rokey/pick_and_place_voice) by extension 'colcon_meta'
[0.734s] [34mcolcon.colcon_core.package_identification[0m [1;30mLevel 1[0m _identify(src/DoosanBootcamp3rd/dsr_rokey/pick_and_place_voice) by extensions ['ros']
[0.734s] [34mcolcon.colcon_core.package_identification[0m [1;30mLevel 1[0m _identify(src/DoosanBootcamp3rd/dsr_rokey/pick_and_place_voice) by extension 'ros'
[0.735s] [34mcolcon.colcon_core.package_identification[0m [1;30mDEBUG[0m [32mPackage 'src/DoosanBootcamp3rd/dsr_rokey/pick_and_place_voice' with type 'ros.ament_python' and name 'pick_and_place_voice'[0m
[0.735s] [34mcolcon.colcon_core.package_identification[0m [1;30mLevel 1[0m _identify(src/DoosanBootcamp3rd/dsr_rokey/rokey) by extensions ['ignore', 'ignore_ament_install']
[0.735s] [34mcolcon.colcon_core.package_identification[0m [1;30mLevel 1[0m _identify(src/DoosanBootcamp3rd/dsr_rokey/rokey) by extension 'ignore'
[0.735s] [34mcolcon.colcon_core.package_identification[0m [1;30mLevel 1[0m _identify(src/DoosanBootcamp3rd/dsr_rokey/rokey) by extension 'ignore_ament_install'
[0.735s] [34mcolcon.colcon_core.package_identification[0m [1;30mLevel 1[0m _identify(src/DoosanBootcamp3rd/dsr_rokey/rokey) by extensions ['colcon_pkg']
[0.735s] [34mcolcon.colcon_core.package_identification[0m [1;30mLevel 1[0m _identify(src/DoosanBootcamp3rd/dsr_rokey/rokey) by extension 'colcon_pkg'
[0.735s] [34mcolcon.colcon_core.package_identification[0m [1;30mLevel 1[0m _identify(src/DoosanBootcamp3rd/dsr_rokey/rokey) by extensions ['colcon_meta']
[0.735s] [34mcolcon.colcon_core.package_identification[0m [1;30mLevel 1[0m _identify(src/DoosanBootcamp3rd/dsr_rokey/rokey) by extension 'colcon_meta'
[0.735s] [34mcolcon.colcon_core.package_identification[0m [1;30mLevel 1[0m _identify(src/DoosanBootcamp3rd/dsr_rokey/rokey) by extensions ['ros']
[0.735s] [34mcolcon.colcon_core.package_identification[0m [1;30mLevel 1[0m _identify(src/DoosanBootcamp3rd/dsr_rokey/rokey) by extension 'ros'
[0.736s] [34mcolcon.colcon_core.package_identification[0m [1;30mDEBUG[0m [32mPackage 'src/DoosanBootcamp3rd/dsr_rokey/rokey' with type 'ros.ament_python' and name 'rokey'[0m
[0.736s] [34mcolcon.colcon_core.package_identification[0m [1;30mLevel 1[0m _identify(src/DoosanBootcamp3rd/dsr_tests) by extensions ['ignore', 'ignore_ament_install']
[0.736s] [34mcolcon.colcon_core.package_identification[0m [1;30mLevel 1[0m _identify(src/DoosanBootcamp3rd/dsr_tests) by extension 'ignore'
[0.736s] [34mcolcon.colcon_core.package_identification[0m [1;30mLevel 1[0m _identify(src/DoosanBootcamp3rd/dsr_tests) by extension 'ignore_ament_install'
[0.736s] [34mcolcon.colcon_core.package_identification[0m [1;30mLevel 1[0m _identify(src/DoosanBootcamp3rd/dsr_tests) by extensions ['colcon_pkg']
[0.736s] [34mcolcon.colcon_core.package_identification[0m [1;30mLevel 1[0m _identify(src/DoosanBootcamp3rd/dsr_tests) by extension 'colcon_pkg'
[0.736s] [34mcolcon.colcon_core.package_identification[0m [1;30mLevel 1[0m _identify(src/DoosanBootcamp3rd/dsr_tests) by extensions ['colcon_meta']
[0.736s] [34mcolcon.colcon_core.package_identification[0m [1;30mLevel 1[0m _identify(src/DoosanBootcamp3rd/dsr_tests) by extension 'colcon_meta'
[0.736s] [34mcolcon.colcon_core.package_identification[0m [1;30mLevel 1[0m _identify(src/DoosanBootcamp3rd/dsr_tests) by extensions ['ros']
[0.736s] [34mcolcon.colcon_core.package_identification[0m [1;30mLevel 1[0m _identify(src/DoosanBootcamp3rd/dsr_tests) by extension 'ros'
[0.737s] [34mcolcon.colcon_core.package_identification[0m [1;30mDEBUG[0m [32mPackage 'src/DoosanBootcamp3rd/dsr_tests' with type 'ros.ament_python' and name 'dsr_tests'[0m
[0.737s] [34mcolcon.colcon_core.package_identification[0m [1;30mLevel 1[0m _identify(src/doosan_somacube_rl) by extensions ['ignore', 'ignore_ament_install']
[0.737s] [34mcolcon.colcon_core.package_identification[0m [1;30mLevel 1[0m _identify(src/doosan_somacube_rl) by extension 'ignore'
[0.737s] [34mcolcon.colcon_core.package_identification[0m [1;30mLevel 1[0m _identify(src/doosan_somacube_rl) by extension 'ignore_ament_install'
[0.737s] [34mcolcon.colcon_core.package_identification[0m [1;30mLevel 1[0m _identify(src/doosan_somacube_rl) by extensions ['colcon_pkg']
[0.737s] [34mcolcon.colcon_core.package_identification[0m [1;30mLevel 1[0m _identify(src/doosan_somacube_rl) by extension 'colcon_pkg'
[0.737s] [34mcolcon.colcon_core.package_identification[0m [1;30mLevel 1[0m _identify(src/doosan_somacube_rl) by extensions ['colcon_meta']
[0.737s] [34mcolcon.colcon_core.package_identification[0m [1;30mLevel 1[0m _identify(src/doosan_somacube_rl) by extension 'colcon_meta'
[0.737s] [34mcolcon.colcon_core.package_identification[0m [1;30mLevel 1[0m _identify(src/doosan_somacube_rl) by extensions ['ros']
[0.737s] [34mcolcon.colcon_core.package_identification[0m [1;30mLevel 1[0m _identify(src/doosan_somacube_rl) by extension 'ros'
[0.739s] [34mcolcon.colcon_core.package_identification[0m [1;30mDEBUG[0m [32mPackage 'src/doosan_somacube_rl' with type 'ros.ament_cmake' and name 'doosan_somacube_rl'[0m
[0.739s] [34mcolcon.colcon_core.package_identification[0m [1;30mLevel 1[0m _identify(src/map_builder) by extensions ['ignore', 'ignore_ament_install']
[0.739s] [34mcolcon.colcon_core.package_identification[0m [1;30mLevel 1[0m _identify(src/map_builder) by extension 'ignore'
[0.739s] [34mcolcon.colcon_core.package_identification[0m [1;30mLevel 1[0m _identify(src/map_builder) by extension 'ignore_ament_install'
[0.739s] [34mcolcon.colcon_core.package_identification[0m [1;30mLevel 1[0m _identify(src/map_builder) by extensions ['colcon_pkg']
[0.739s] [34mcolcon.colcon_core.package_identification[0m [1;30mLevel 1[0m _identify(src/map_builder) by extension 'colcon_pkg'
[0.739s] [34mcolcon.colcon_core.package_identification[0m [1;30mLevel 1[0m _identify(src/map_builder) by extensions ['colcon_meta']
[0.739s] [34mcolcon.colcon_core.package_identification[0m [1;30mLevel 1[0m _identify(src/map_builder) by extension 'colcon_meta'
[0.739s] [34mcolcon.colcon_core.package_identification[0m [1;30mLevel 1[0m _identify(src/map_builder) by extensions ['ros']
[0.739s] [34mcolcon.colcon_core.package_identification[0m [1;30mLevel 1[0m _identify(src/map_builder) by extension 'ros'
[0.740s] [34mcolcon.colcon_core.package_identification[0m [1;30mDEBUG[0m [32mPackage 'src/map_builder' with type 'ros.ament_python' and name 'map_builder'[0m
[0.741s] [34mcolcon.colcon_core.package_identification[0m [1;30mLevel 1[0m _identify(src/somacube_pose_estimation) by extensions ['ignore', 'ignore_ament_install']
[0.741s] [34mcolcon.colcon_core.package_identification[0m [1;30mLevel 1[0m _identify(src/somacube_pose_estimation) by extension 'ignore'
[0.741s] [34mcolcon.colcon_core.package_identification[0m [1;30mLevel 1[0m _identify(src/somacube_pose_estimation) by extension 'ignore_ament_install'
[0.741s] [34mcolcon.colcon_core.package_identification[0m [1;30mLevel 1[0m _identify(src/somacube_pose_estimation) by extensions ['colcon_pkg']
[0.741s] [34mcolcon.colcon_core.package_identification[0m [1;30mLevel 1[0m _identify(src/somacube_pose_estimation) by extension 'colcon_pkg'
[0.741s] [34mcolcon.colcon_core.package_identification[0m [1;30mLevel 1[0m _identify(src/somacube_pose_estimation) by extensions ['colcon_meta']
[0.741s] [34mcolcon.colcon_core.package_identification[0m [1;30mLevel 1[0m _identify(src/somacube_pose_estimation) by extension 'colcon_meta'
[0.741s] [34mcolcon.colcon_core.package_identification[0m [1;30mLevel 1[0m _identify(src/somacube_pose_estimation) by extensions ['ros']
[0.741s] [34mcolcon.colcon_core.package_identification[0m [1;30mLevel 1[0m _identify(src/somacube_pose_estimation) by extension 'ros'
[0.742s] [34mcolcon.colcon_core.package_identification[0m [1;30mDEBUG[0m [32mPackage 'src/somacube_pose_estimation' with type 'ros.ament_cmake' and name 'somacube_pose_estimation'[0m
[0.742s] [34mcolcon.colcon_core.package_identification[0m [1;30mLevel 1[0m _identify(test_logs) by extensions ['ignore', 'ignore_ament_install']
[0.742s] [34mcolcon.colcon_core.package_identification[0m [1;30mLevel 1[0m _identify(test_logs) by extension 'ignore'
[0.742s] [34mcolcon.colcon_core.package_identification[0m [1;30mLevel 1[0m _identify(test_logs) by extension 'ignore_ament_install'
[0.742s] [34mcolcon.colcon_core.package_identification[0m [1;30mLevel 1[0m _identify(test_logs) by extensions ['colcon_pkg']
[0.742s] [34mcolcon.colcon_core.package_identification[0m [1;30mLevel 1[0m _identify(test_logs) by extension 'colcon_pkg'
[0.742s] [34mcolcon.colcon_core.package_identification[0m [1;30mLevel 1[0m _identify(test_logs) by extensions ['colcon_meta']
[0.742s] [34mcolcon.colcon_core.package_identification[0m [1;30mLevel 1[0m _identify(test_logs) by extension 'colcon_meta'
[0.742s] [34mcolcon.colcon_core.package_identification[0m [1;30mLevel 1[0m _identify(test_logs) by extensions ['ros']
[0.742s] [34mcolcon.colcon_core.package_identification[0m [1;30mLevel 1[0m _identify(test_logs) by extension 'ros'
[0.742s] [34mcolcon.colcon_core.package_identification[0m [1;30mLevel 1[0m _identify(test_logs) by extensions ['cmake', 'python']
[0.742s] [34mcolcon.colcon_core.package_identification[0m [1;30mLevel 1[0m _identify(test_logs) by extension 'cmake'
[0.742s] [34mcolcon.colcon_core.package_identification[0m [1;30mLevel 1[0m _identify(test_logs) by extension 'python'
[0.742s] [34mcolcon.colcon_core.package_identification[0m [1;30mLevel 1[0m _identify(test_logs) by extensions ['python_setup_py']
[0.742s] [34mcolcon.colcon_core.package_identification[0m [1;30mLevel 1[0m _identify(test_logs) by extension 'python_setup_py'
[0.743s] [34mcolcon.colcon_core.package_identification[0m [1;30mLevel 1[0m _identify(test_logs/manual_file_test_20250809_115410) by extensions ['ignore', 'ignore_ament_install']
[0.743s] [34mcolcon.colcon_core.package_identification[0m [1;30mLevel 1[0m _identify(test_logs/manual_file_test_20250809_115410) by extension 'ignore'
[0.743s] [34mcolcon.colcon_core.package_identification[0m [1;30mLevel 1[0m _identify(test_logs/manual_file_test_20250809_115410) by extension 'ignore_ament_install'
[0.743s] [34mcolcon.colcon_core.package_identification[0m [1;30mLevel 1[0m _identify(test_logs/manual_file_test_20250809_115410) by extensions ['colcon_pkg']
[0.743s] [34mcolcon.colcon_core.package_identification[0m [1;30mLevel 1[0m _identify(test_logs/manual_file_test_20250809_115410) by extension 'colcon_pkg'
[0.743s] [34mcolcon.colcon_core.package_identification[0m [1;30mLevel 1[0m _identify(test_logs/manual_file_test_20250809_115410) by extensions ['colcon_meta']
[0.743s] [34mcolcon.colcon_core.package_identification[0m [1;30mLevel 1[0m _identify(test_logs/manual_file_test_20250809_115410) by extension 'colcon_meta'
[0.743s] [34mcolcon.colcon_core.package_identification[0m [1;30mLevel 1[0m _identify(test_logs/manual_file_test_20250809_115410) by extensions ['ros']
[0.743s] [34mcolcon.colcon_core.package_identification[0m [1;30mLevel 1[0m _identify(test_logs/manual_file_test_20250809_115410) by extension 'ros'
[0.743s] [34mcolcon.colcon_core.package_identification[0m [1;30mLevel 1[0m _identify(test_logs/manual_file_test_20250809_115410) by extensions ['cmake', 'python']
[0.743s] [34mcolcon.colcon_core.package_identification[0m [1;30mLevel 1[0m _identify(test_logs/manual_file_test_20250809_115410) by extension 'cmake'
[0.743s] [34mcolcon.colcon_core.package_identification[0m [1;30mLevel 1[0m _identify(test_logs/manual_file_test_20250809_115410) by extension 'python'
[0.743s] [34mcolcon.colcon_core.package_identification[0m [1;30mLevel 1[0m _identify(test_logs/manual_file_test_20250809_115410) by extensions ['python_setup_py']
[0.743s] [34mcolcon.colcon_core.package_identification[0m [1;30mLevel 1[0m _identify(test_logs/manual_file_test_20250809_115410) by extension 'python_setup_py'
[0.743s] [34mcolcon.colcon_core.package_identification[0m [1;30mLevel 1[0m _identify(test_logs/manual_ros2_test_20250809_115410) by extensions ['ignore', 'ignore_ament_install']
[0.743s] [34mcolcon.colcon_core.package_identification[0m [1;30mLevel 1[0m _identify(test_logs/manual_ros2_test_20250809_115410) by extension 'ignore'
[0.743s] [34mcolcon.colcon_core.package_identification[0m [1;30mLevel 1[0m _identify(test_logs/manual_ros2_test_20250809_115410) by extension 'ignore_ament_install'
[0.743s] [34mcolcon.colcon_core.package_identification[0m [1;30mLevel 1[0m _identify(test_logs/manual_ros2_test_20250809_115410) by extensions ['colcon_pkg']
[0.743s] [34mcolcon.colcon_core.package_identification[0m [1;30mLevel 1[0m _identify(test_logs/manual_ros2_test_20250809_115410) by extension 'colcon_pkg'
[0.743s] [34mcolcon.colcon_core.package_identification[0m [1;30mLevel 1[0m _identify(test_logs/manual_ros2_test_20250809_115410) by extensions ['colcon_meta']
[0.743s] [34mcolcon.colcon_core.package_identification[0m [1;30mLevel 1[0m _identify(test_logs/manual_ros2_test_20250809_115410) by extension 'colcon_meta'
[0.743s] [34mcolcon.colcon_core.package_identification[0m [1;30mLevel 1[0m _identify(test_logs/manual_ros2_test_20250809_115410) by extensions ['ros']
[0.743s] [34mcolcon.colcon_core.package_identification[0m [1;30mLevel 1[0m _identify(test_logs/manual_ros2_test_20250809_115410) by extension 'ros'
[0.743s] [34mcolcon.colcon_core.package_identification[0m [1;30mLevel 1[0m _identify(test_logs/manual_ros2_test_20250809_115410) by extensions ['cmake', 'python']
[0.743s] [34mcolcon.colcon_core.package_identification[0m [1;30mLevel 1[0m _identify(test_logs/manual_ros2_test_20250809_115410) by extension 'cmake'
[0.743s] [34mcolcon.colcon_core.package_identification[0m [1;30mLevel 1[0m _identify(test_logs/manual_ros2_test_20250809_115410) by extension 'python'
[0.743s] [34mcolcon.colcon_core.package_identification[0m [1;30mLevel 1[0m _identify(test_logs/manual_ros2_test_20250809_115410) by extensions ['python_setup_py']
[0.743s] [34mcolcon.colcon_core.package_identification[0m [1;30mLevel 1[0m _identify(test_logs/manual_ros2_test_20250809_115410) by extension 'python_setup_py'
[0.743s] [34mcolcon.colcon_core.package_identification[0m [1;30mLevel 1[0m _identify(test_logs/manual_ros2_test_20250809_115410/tensorboard) by extensions ['ignore', 'ignore_ament_install']
[0.744s] [34mcolcon.colcon_core.package_identification[0m [1;30mLevel 1[0m _identify(test_logs/manual_ros2_test_20250809_115410/tensorboard) by extension 'ignore'
[0.744s] [34mcolcon.colcon_core.package_identification[0m [1;30mLevel 1[0m _identify(test_logs/manual_ros2_test_20250809_115410/tensorboard) by extension 'ignore_ament_install'
[0.744s] [34mcolcon.colcon_core.package_identification[0m [1;30mLevel 1[0m _identify(test_logs/manual_ros2_test_20250809_115410/tensorboard) by extensions ['colcon_pkg']
[0.744s] [34mcolcon.colcon_core.package_identification[0m [1;30mLevel 1[0m _identify(test_logs/manual_ros2_test_20250809_115410/tensorboard) by extension 'colcon_pkg'
[0.744s] [34mcolcon.colcon_core.package_identification[0m [1;30mLevel 1[0m _identify(test_logs/manual_ros2_test_20250809_115410/tensorboard) by extensions ['colcon_meta']
[0.744s] [34mcolcon.colcon_core.package_identification[0m [1;30mLevel 1[0m _identify(test_logs/manual_ros2_test_20250809_115410/tensorboard) by extension 'colcon_meta'
[0.744s] [34mcolcon.colcon_core.package_identification[0m [1;30mLevel 1[0m _identify(test_logs/manual_ros2_test_20250809_115410/tensorboard) by extensions ['ros']
[0.744s] [34mcolcon.colcon_core.package_identification[0m [1;30mLevel 1[0m _identify(test_logs/manual_ros2_test_20250809_115410/tensorboard) by extension 'ros'
[0.744s] [34mcolcon.colcon_core.package_identification[0m [1;30mLevel 1[0m _identify(test_logs/manual_ros2_test_20250809_115410/tensorboard) by extensions ['cmake', 'python']
[0.744s] [34mcolcon.colcon_core.package_identification[0m [1;30mLevel 1[0m _identify(test_logs/manual_ros2_test_20250809_115410/tensorboard) by extension 'cmake'
[0.744s] [34mcolcon.colcon_core.package_identification[0m [1;30mLevel 1[0m _identify(test_logs/manual_ros2_test_20250809_115410/tensorboard) by extension 'python'
[0.744s] [34mcolcon.colcon_core.package_identification[0m [1;30mLevel 1[0m _identify(test_logs/manual_ros2_test_20250809_115410/tensorboard) by extensions ['python_setup_py']
[0.744s] [34mcolcon.colcon_core.package_identification[0m [1;30mLevel 1[0m _identify(test_logs/manual_ros2_test_20250809_115410/tensorboard) by extension 'python_setup_py'
[0.744s] [34mcolcon.colcon_core.package_discovery[0m [1;30mLevel 1[0m discover_packages(recursive) using defaults
[0.744s] [34mcolcon.colcon_core.package_discovery[0m [1;30mLevel 1[0m discover_packages(ignore) discover
[0.744s] [34mcolcon.colcon_core.package_discovery[0m [1;30mLevel 1[0m discover_packages(ignore) using defaults
[0.744s] [34mcolcon.colcon_core.package_discovery[0m [1;30mLevel 1[0m discover_packages(path) discover
[0.744s] [34mcolcon.colcon_core.package_discovery[0m [1;30mLevel 1[0m discover_packages(path) using defaults
[0.776s] [34mcolcon.colcon_core.package_selection[0m [1;30mINFO[0m Skipping not selected package 'doosan_somacube_rl' in 'src/doosan_somacube_rl'
[0.776s] [34mcolcon.colcon_core.package_selection[0m [1;30mINFO[0m Skipping not selected package 'dsr_common2' in 'src/DoosanBootcamp3rd/dsr_common2'
[0.776s] [34mcolcon.colcon_core.package_selection[0m [1;30mINFO[0m Skipping not selected package 'dsr_description2' in 'src/DoosanBootcamp3rd/dsr_description2'
[0.776s] [34mcolcon.colcon_core.package_selection[0m [1;30mINFO[0m Skipping not selected package 'dsr_moveit_config_a0509' in 'src/DoosanBootcamp3rd/dsr_moveit2/dsr_moveit_config_a0509'
[0.776s] [34mcolcon.colcon_core.package_selection[0m [1;30mINFO[0m Skipping not selected package 'dsr_moveit_config_a0912' in 'src/DoosanBootcamp3rd/dsr_moveit2/dsr_moveit_config_a0912'
[0.776s] [34mcolcon.colcon_core.package_selection[0m [1;30mINFO[0m Skipping not selected package 'dsr_moveit_config_e0509' in 'src/DoosanBootcamp3rd/dsr_moveit2/dsr_moveit_config_e0509'
[0.776s] [34mcolcon.colcon_core.package_selection[0m [1;30mINFO[0m Skipping not selected package 'dsr_moveit_config_h2017' in 'src/DoosanBootcamp3rd/dsr_moveit2/dsr_moveit_config_h2017'
[0.776s] [34mcolcon.colcon_core.package_selection[0m [1;30mINFO[0m Skipping not selected package 'dsr_moveit_config_h2515' in 'src/DoosanBootcamp3rd/dsr_moveit2/dsr_moveit_config_h2515'
[0.776s] [34mcolcon.colcon_core.package_selection[0m [1;30mINFO[0m Skipping not selected package 'dsr_moveit_config_m0609' in 'src/DoosanBootcamp3rd/dsr_moveit2/dsr_moveit_config_m0609'
[0.776s] [34mcolcon.colcon_core.package_selection[0m [1;30mINFO[0m Skipping not selected package 'dsr_moveit_config_m0617' in 'src/DoosanBootcamp3rd/dsr_moveit2/dsr_moveit_config_m0617'
[0.776s] [34mcolcon.colcon_core.package_selection[0m [1;30mINFO[0m Skipping not selected package 'dsr_moveit_config_m1013' in 'src/DoosanBootcamp3rd/dsr_moveit2/dsr_moveit_config_m1013'
[0.776s] [34mcolcon.colcon_core.package_selection[0m [1;30mINFO[0m Skipping not selected package 'dsr_moveit_config_m1509' in 'src/DoosanBootcamp3rd/dsr_moveit2/dsr_moveit_config_m1509'
[0.776s] [34mcolcon.colcon_core.package_selection[0m [1;30mINFO[0m Skipping not selected package 'dsr_moveit_config_p3020' in 'src/DoosanBootcamp3rd/dsr_moveit2/dsr_moveit_config_p3020'
[0.776s] [34mcolcon.colcon_core.package_selection[0m [1;30mINFO[0m Skipping not selected package 'dsr_msgs2' in 'src/DoosanBootcamp3rd/dsr_msgs2'
[0.776s] [34mcolcon.colcon_core.package_selection[0m [1;30mINFO[0m Skipping not selected package 'dsr_visualservoing' in 'src/DoosanBootcamp3rd/dsr_example2/dsr_visualservoing'
[0.776s] [34mcolcon.colcon_core.package_selection[0m [1;30mINFO[0m Skipping not selected package 'map_builder' in 'src/map_builder'
[0.776s] [34mcolcon.colcon_core.package_selection[0m [1;30mINFO[0m Skipping not selected package 'od_msg' in 'src/DoosanBootcamp3rd/dsr_rokey/od_msg'
[0.776s] [34mcolcon.colcon_core.package_selection[0m [1;30mINFO[0m Skipping not selected package 'pick_and_place_text' in 'src/DoosanBootcamp3rd/dsr_rokey/pick_and_place_text'
[0.776s] [34mcolcon.colcon_core.package_selection[0m [1;30mINFO[0m Skipping not selected package 'pick_and_place_voice' in 'src/DoosanBootcamp3rd/dsr_rokey/pick_and_place_voice'
[0.776s] [34mcolcon.colcon_core.package_selection[0m [1;30mINFO[0m Skipping not selected package 'somacube_pose_estimation' in 'src/somacube_pose_estimation'
[0.776s] [34mcolcon.colcon_core.package_selection[0m [1;30mINFO[0m Skipping not selected package 'dsr_bringup2' in 'src/DoosanBootcamp3rd/dsr_bringup2'
[0.776s] [34mcolcon.colcon_core.package_selection[0m [1;30mINFO[0m Skipping not selected package 'dsr_example' in 'src/DoosanBootcamp3rd/dsr_example2/dsr_example'
[0.776s] [34mcolcon.colcon_core.package_selection[0m [1;30mINFO[0m Skipping not selected package 'dsr_gazebo2' in 'src/DoosanBootcamp3rd/dsr_gazebo2'
[0.776s] [34mcolcon.colcon_core.package_selection[0m [1;30mINFO[0m Skipping not selected package 'dsr_hardware2' in 'src/DoosanBootcamp3rd/dsr_hardware2'
[0.776s] [34mcolcon.colcon_core.package_selection[0m [1;30mINFO[0m Skipping not selected package 'dsr_realtime_control' in 'src/DoosanBootcamp3rd/dsr_example2/dsr_realtime_control'
[0.776s] [34mcolcon.colcon_core.package_selection[0m [1;30mINFO[0m Skipping not selected package 'dsr_tests' in 'src/DoosanBootcamp3rd/dsr_tests'
[0.776s] [34mcolcon.colcon_core.package_selection[0m [1;30mINFO[0m Skipping not selected package 'dsr_controller2' in 'src/DoosanBootcamp3rd/dsr_controller2'
[0.777s] [34mcolcon.colcon_core.verb[0m [1;30mLevel 5[0m set package 'rokey' build argument 'cmake_args' from command line to 'None'
[0.777s] [34mcolcon.colcon_core.verb[0m [1;30mLevel 5[0m set package 'rokey' build argument 'cmake_target' from command line to 'None'
[0.777s] [34mcolcon.colcon_core.verb[0m [1;30mLevel 5[0m set package 'rokey' build argument 'cmake_target_skip_unavailable' from command line to 'False'
[0.777s] [34mcolcon.colcon_core.verb[0m [1;30mLevel 5[0m set package 'rokey' build argument 'cmake_clean_cache' from command line to 'False'
[0.777s] [34mcolcon.colcon_core.verb[0m [1;30mLevel 5[0m set package 'rokey' build argument 'cmake_clean_first' from command line to 'False'
[0.777s] [34mcolcon.colcon_core.verb[0m [1;30mLevel 5[0m set package 'rokey' build argument 'cmake_force_configure' from command line to 'False'
[0.777s] [34mcolcon.colcon_core.verb[0m [1;30mLevel 5[0m set package 'rokey' build argument 'ament_cmake_args' from command line to 'None'
[0.777s] [34mcolcon.colcon_core.verb[0m [1;30mLevel 5[0m set package 'rokey' build argument 'catkin_cmake_args' from command line to 'None'
[0.777s] [34mcolcon.colcon_core.verb[0m [1;30mLevel 5[0m set package 'rokey' build argument 'catkin_skip_building_tests' from command line to 'False'
[0.777s] [34mcolcon.colcon_core.verb[0m [1;30mDEBUG[0m [32mBuilding package 'rokey' with the following arguments: {'ament_cmake_args': None, 'build_base': '/home/jack/ros2_ws/build/rokey', 'catkin_cmake_args': None, 'catkin_skip_building_tests': False, 'cmake_args': None, 'cmake_clean_cache': False, 'cmake_clean_first': False, 'cmake_force_configure': False, 'cmake_target': None, 'cmake_target_skip_unavailable': False, 'install_base': '/home/jack/ros2_ws/install/rokey', 'merge_install': False, 'path': '/home/jack/ros2_ws/src/DoosanBootcamp3rd/dsr_rokey/rokey', 'symlink_install': False, 'test_result_base': None}[0m
[0.777s] [34mcolcon.colcon_core.executor[0m [1;30mINFO[0m Executing jobs using 'parallel' executor
[0.778s] [34mcolcon.colcon_parallel_executor.executor.parallel[0m [1;30mDEBUG[0m [32mrun_until_complete[0m
[0.778s] [34mcolcon.colcon_ros.task.ament_python.build[0m [1;30mINFO[0m Building ROS package in '/home/jack/ros2_ws/src/DoosanBootcamp3rd/dsr_rokey/rokey' with build type 'ament_python'
[0.778s] [34mcolcon.colcon_core.shell[0m [1;30mLevel 1[0m create_environment_hook('rokey', 'ament_prefix_path')
[0.783s] [34mcolcon.colcon_core.plugin_system[0m [1;30mINFO[0m Skipping extension 'colcon_core.shell.bat': Not used on non-Windows systems
[0.783s] [34mcolcon.colcon_core.shell[0m [1;30mINFO[0m Creating environment hook '/home/jack/ros2_ws/install/rokey/share/rokey/hook/ament_prefix_path.ps1'
[0.785s] [34mcolcon.colcon_core.shell[0m [1;30mINFO[0m Creating environment descriptor '/home/jack/ros2_ws/install/rokey/share/rokey/hook/ament_prefix_path.dsv'
[0.785s] [34mcolcon.colcon_core.shell[0m [1;30mINFO[0m Creating environment hook '/home/jack/ros2_ws/install/rokey/share/rokey/hook/ament_prefix_path.sh'
[0.786s] [34mcolcon.colcon_core.shell[0m [1;30mINFO[0m Skip shell extension 'powershell' for command environment: Not usable outside of PowerShell
[0.786s] [34mcolcon.colcon_core.shell[0m [1;30mDEBUG[0m [32mSkip shell extension 'dsv' for command environment[0m
[1.050s] [34mcolcon.colcon_core.task.python.build[0m [1;30mINFO[0m Building Python package in '/home/jack/ros2_ws/src/DoosanBootcamp3rd/dsr_rokey/rokey'
[1.050s] [34mcolcon.colcon_core.shell[0m [1;30mINFO[0m Skip shell extension 'powershell' for command environment: Not usable outside of PowerShell
[1.050s] [34mcolcon.colcon_core.shell[0m [1;30mDEBUG[0m [32mSkip shell extension 'dsv' for command environment[0m
[1.446s] [34mcolcon.colcon_core.event_handler.log_command[0m [1;30mDEBUG[0m [32mInvoking command in '/home/jack/ros2_ws/src/DoosanBootcamp3rd/dsr_rokey/rokey': PYTHONPATH=/home/jack/ros2_ws/build/rokey/prefix_override:/home/jack/.local/lib/python3.10/site-packages/colcon_core/task/python/colcon_distutils_commands:/home/jack/ros2_ws/install/rokey/lib/python3.10/site-packages:${PYTHONPATH} /usr/bin/python3 -W ignore:setup.py install is deprecated -W ignore:easy_install command is deprecated setup.py egg_info --egg-base ../../../../build/rokey build --build-base /home/jack/ros2_ws/build/rokey/build install --record /home/jack/ros2_ws/build/rokey/install.log --single-version-externally-managed install_data[0m
[1.697s] [34mcolcon.colcon_core.event_handler.log_command[0m [1;30mDEBUG[0m [32mInvoked command in '/home/jack/ros2_ws/src/DoosanBootcamp3rd/dsr_rokey/rokey' returned '0': PYTHONPATH=/home/jack/ros2_ws/build/rokey/prefix_override:/home/jack/.local/lib/python3.10/site-packages/colcon_core/task/python/colcon_distutils_commands:/home/jack/ros2_ws/install/rokey/lib/python3.10/site-packages:${PYTHONPATH} /usr/bin/python3 -W ignore:setup.py install is deprecated -W ignore:easy_install command is deprecated setup.py egg_info --egg-base ../../../../build/rokey build --build-base /home/jack/ros2_ws/build/rokey/build install --record /home/jack/ros2_ws/build/rokey/install.log --single-version-externally-managed install_data[0m
[1.702s] [34mcolcon.colcon_core.environment[0m [1;30mLevel 1[0m checking '/home/jack/ros2_ws/install/rokey' for CMake module files
[1.702s] [34mcolcon.colcon_core.environment[0m [1;30mLevel 1[0m checking '/home/jack/ros2_ws/install/rokey' for CMake config files
[1.702s] [34mcolcon.colcon_core.environment[0m [1;30mLevel 1[0m checking '/home/jack/ros2_ws/install/rokey/lib'
[1.703s] [34mcolcon.colcon_core.environment[0m [1;30mLevel 1[0m checking '/home/jack/ros2_ws/install/rokey/bin'
[1.703s] [34mcolcon.colcon_core.environment[0m [1;30mLevel 1[0m checking '/home/jack/ros2_ws/install/rokey/lib/pkgconfig/rokey.pc'
[1.703s] [34mcolcon.colcon_core.environment[0m [1;30mLevel 1[0m checking '/home/jack/ros2_ws/install/rokey/lib/python3.10/site-packages'
[1.703s] [34mcolcon.colcon_core.shell[0m [1;30mLevel 1[0m create_environment_hook('rokey', 'pythonpath')
[1.703s] [34mcolcon.colcon_core.shell[0m [1;30mINFO[0m Creating environment hook '/home/jack/ros2_ws/install/rokey/share/rokey/hook/pythonpath.ps1'
[1.703s] [34mcolcon.colcon_core.shell[0m [1;30mINFO[0m Creating environment descriptor '/home/jack/ros2_ws/install/rokey/share/rokey/hook/pythonpath.dsv'
[1.704s] [34mcolcon.colcon_core.shell[0m [1;30mINFO[0m Creating environment hook '/home/jack/ros2_ws/install/rokey/share/rokey/hook/pythonpath.sh'
[1.704s] [34mcolcon.colcon_core.environment[0m [1;30mLevel 1[0m checking '/home/jack/ros2_ws/install/rokey/bin'
[1.704s] [34mcolcon.colcon_core.environment[0m [1;30mLevel 1[0m create_environment_scripts_only(rokey)
[1.704s] [34mcolcon.colcon_core.shell[0m [1;30mINFO[0m Creating package script '/home/jack/ros2_ws/install/rokey/share/rokey/package.ps1'
[1.705s] [34mcolcon.colcon_core.shell[0m [1;30mINFO[0m Creating package descriptor '/home/jack/ros2_ws/install/rokey/share/rokey/package.dsv'
[1.706s] [34mcolcon.colcon_core.shell[0m [1;30mINFO[0m Creating package script '/home/jack/ros2_ws/install/rokey/share/rokey/package.sh'
[1.707s] [34mcolcon.colcon_core.shell[0m [1;30mINFO[0m Creating package script '/home/jack/ros2_ws/install/rokey/share/rokey/package.bash'
[1.708s] [34mcolcon.colcon_core.shell[0m [1;30mINFO[0m Creating package script '/home/jack/ros2_ws/install/rokey/share/rokey/package.zsh'
[1.709s] [34mcolcon.colcon_core.environment[0m [1;30mLevel 1[0m create_file_with_runtime_dependencies(/home/jack/ros2_ws/install/rokey/share/colcon-core/packages/rokey)
[1.709s] [34mcolcon.colcon_parallel_executor.executor.parallel[0m [1;30mDEBUG[0m [32mclosing loop[0m
[1.709s] [34mcolcon.colcon_parallel_executor.executor.parallel[0m [1;30mDEBUG[0m [32mloop closed[0m
[1.709s] [34mcolcon.colcon_parallel_executor.executor.parallel[0m [1;30mDEBUG[0m [32mrun_until_complete finished with '0'[0m
[1.709s] [34mcolcon.colcon_core.event_reactor[0m [1;30mDEBUG[0m [32mjoining thread[0m
[1.718s] [34mcolcon.colcon_core.plugin_system[0m [1;30mINFO[0m Skipping extension 'colcon_notification.desktop_notification.terminal_notifier': Not used on non-Darwin systems
[1.718s] [34mcolcon.colcon_core.plugin_system[0m [1;30mINFO[0m Skipping extension 'colcon_notification.desktop_notification.win32': Not used on non-Windows systems
[1.718s] [34mcolcon.colcon_notification.desktop_notification[0m [1;30mINFO[0m Sending desktop notification using 'notify2'
[1.732s] [34mcolcon.colcon_core.event_reactor[0m [1;30mDEBUG[0m [32mjoined thread[0m
[1.733s] [34mcolcon.colcon_core.shell[0m [1;30mINFO[0m Creating prefix script '/home/jack/ros2_ws/install/local_setup.ps1'
[1.734s] [34mcolcon.colcon_core.shell[0m [1;30mINFO[0m Creating prefix util module '/home/jack/ros2_ws/install/_local_setup_util_ps1.py'
[1.735s] [34mcolcon.colcon_core.shell[0m [1;30mINFO[0m Creating prefix chain script '/home/jack/ros2_ws/install/setup.ps1'
[1.736s] [34mcolcon.colcon_core.shell[0m [1;30mINFO[0m Creating prefix script '/home/jack/ros2_ws/install/local_setup.sh'
[1.737s] [34mcolcon.colcon_core.shell[0m [1;30mINFO[0m Creating prefix util module '/home/jack/ros2_ws/install/_local_setup_util_sh.py'
[1.737s] [34mcolcon.colcon_core.shell[0m [1;30mINFO[0m Creating prefix chain script '/home/jack/ros2_ws/install/setup.sh'
[1.738s] [34mcolcon.colcon_core.shell[0m [1;30mINFO[0m Creating prefix script '/home/jack/ros2_ws/install/local_setup.bash'
[1.739s] [34mcolcon.colcon_core.shell[0m [1;30mINFO[0m Creating prefix chain script '/home/jack/ros2_ws/install/setup.bash'
[1.739s] [34mcolcon.colcon_core.shell[0m [1;30mINFO[0m Creating prefix script '/home/jack/ros2_ws/install/local_setup.zsh'
[1.740s] [34mcolcon.colcon_core.shell[0m [1;30mINFO[0m Creating prefix chain script '/home/jack/ros2_ws/install/setup.zsh'
