[0.196s] colcon DEBUG Command line arguments: ['/home/jack/.local/bin/colcon', 'build']
[0.196s] colcon DEBUG Parsed command line arguments: Namespace(log_base=None, log_level=None, verb_name='build', build_base='build', install_base='install', merge_install=False, symlink_install=False, test_result_base=None, continue_on_error=False, executor='parallel', parallel_workers=8, event_handlers=None, ignore_user_meta=False, metas=['./colcon.meta'], base_paths=['.'], packages_ignore=None, packages_ignore_regex=None, paths=None, packages_up_to=None, packages_up_to_regex=None, packages_above=None, packages_above_and_dependencies=None, packages_above_depth=None, packages_select_by_dep=None, packages_skip_by_dep=None, packages_skip_up_to=None, packages_select_build_failed=False, packages_skip_build_finished=False, packages_select_test_failures=False, packages_skip_test_passed=False, packages_select=None, packages_skip=None, packages_select_regex=None, packages_skip_regex=None, packages_start=None, packages_end=None, cmake_args=None, cmake_target=None, cmake_target_skip_unavailable=False, cmake_clean_cache=False, cmake_clean_first=False, cmake_force_configure=False, ament_cmake_args=None, catkin_cmake_args=None, catkin_skip_building_tests=False, verb_parser=<colcon_defaults.argument_parser.defaults.DefaultArgumentsDecorator object at 0x79eccb138490>, verb_extension=<colcon_core.verb.build.BuildVerb object at 0x79eccb103fa0>, main=<bound method BuildVerb.main of <colcon_core.verb.build.BuildVerb object at 0x79eccb103fa0>>)
[0.329s] colcon.colcon_core.package_discovery Level 1 discover_packages(colcon_meta) check parameters
[0.329s] colcon.colcon_core.package_discovery Level 1 discover_packages(recursive) check parameters
[0.329s] colcon.colcon_core.package_discovery Level 1 discover_packages(ignore) check parameters
[0.329s] colcon.colcon_core.package_discovery Level 1 discover_packages(path) check parameters
[0.329s] colcon.colcon_core.package_discovery Level 1 discover_packages(colcon_meta) discover
[0.329s] colcon.colcon_core.package_discovery Level 1 discover_packages(recursive) discover
[0.329s] colcon.colcon_core.package_discovery INFO Crawling recursively for packages in '/home/jack/ros2_ws'
[0.329s] colcon.colcon_core.package_identification Level 1 _identify(.) by extensions ['ignore', 'ignore_ament_install']
[0.329s] colcon.colcon_core.package_identification Level 1 _identify(.) by extension 'ignore'
[0.329s] colcon.colcon_core.package_identification Level 1 _identify(.) by extension 'ignore_ament_install'
[0.329s] colcon.colcon_core.package_identification Level 1 _identify(.) by extensions ['colcon_pkg']
[0.329s] colcon.colcon_core.package_identification Level 1 _identify(.) by extension 'colcon_pkg'
[0.329s] colcon.colcon_core.package_identification Level 1 _identify(.) by extensions ['colcon_meta']
[0.329s] colcon.colcon_core.package_identification Level 1 _identify(.) by extension 'colcon_meta'
[0.330s] colcon.colcon_core.package_identification Level 1 _identify(.) by extensions ['ros']
[0.330s] colcon.colcon_core.package_identification Level 1 _identify(.) by extension 'ros'
[0.338s] colcon.colcon_core.package_identification Level 1 _identify(.) by extensions ['cmake', 'python']
[0.338s] colcon.colcon_core.package_identification Level 1 _identify(.) by extension 'cmake'
[0.338s] colcon.colcon_core.package_identification Level 1 _identify(.) by extension 'python'
[0.338s] colcon.colcon_core.package_identification Level 1 _identify(.) by extensions ['python_setup_py']
[0.338s] colcon.colcon_core.package_identification Level 1 _identify(.) by extension 'python_setup_py'
[0.338s] colcon.colcon_core.package_identification Level 1 _identify(__pycache__) by extensions ['ignore', 'ignore_ament_install']
[0.338s] colcon.colcon_core.package_identification Level 1 _identify(__pycache__) by extension 'ignore'
[0.339s] colcon.colcon_core.package_identification Level 1 _identify(__pycache__) by extension 'ignore_ament_install'
[0.339s] colcon.colcon_core.package_identification Level 1 _identify(__pycache__) by extensions ['colcon_pkg']
[0.339s] colcon.colcon_core.package_identification Level 1 _identify(__pycache__) by extension 'colcon_pkg'
[0.339s] colcon.colcon_core.package_identification Level 1 _identify(__pycache__) by extensions ['colcon_meta']
[0.339s] colcon.colcon_core.package_identification Level 1 _identify(__pycache__) by extension 'colcon_meta'
[0.339s] colcon.colcon_core.package_identification Level 1 _identify(__pycache__) by extensions ['ros']
[0.339s] colcon.colcon_core.package_identification Level 1 _identify(__pycache__) by extension 'ros'
[0.339s] colcon.colcon_core.package_identification Level 1 _identify(__pycache__) by extensions ['cmake', 'python']
[0.339s] colcon.colcon_core.package_identification Level 1 _identify(__pycache__) by extension 'cmake'
[0.339s] colcon.colcon_core.package_identification Level 1 _identify(__pycache__) by extension 'python'
[0.339s] colcon.colcon_core.package_identification Level 1 _identify(__pycache__) by extensions ['python_setup_py']
[0.339s] colcon.colcon_core.package_identification Level 1 _identify(__pycache__) by extension 'python_setup_py'
[0.339s] colcon.colcon_core.package_identification Level 1 _identify(build) by extensions ['ignore', 'ignore_ament_install']
[0.339s] colcon.colcon_core.package_identification Level 1 _identify(build) by extension 'ignore'
[0.339s] colcon.colcon_core.package_identification Level 1 _identify(build) ignored
[0.339s] colcon.colcon_core.package_identification Level 1 _identify(install) by extensions ['ignore', 'ignore_ament_install']
[0.339s] colcon.colcon_core.package_identification Level 1 _identify(install) by extension 'ignore'
[0.339s] colcon.colcon_core.package_identification Level 1 _identify(install) ignored
[0.339s] colcon.colcon_core.package_identification Level 1 _identify(integration_test_20250811_155133) by extensions ['ignore', 'ignore_ament_install']
[0.339s] colcon.colcon_core.package_identification Level 1 _identify(integration_test_20250811_155133) by extension 'ignore'
[0.339s] colcon.colcon_core.package_identification Level 1 _identify(integration_test_20250811_155133) by extension 'ignore_ament_install'
[0.339s] colcon.colcon_core.package_identification Level 1 _identify(integration_test_20250811_155133) by extensions ['colcon_pkg']
[0.339s] colcon.colcon_core.package_identification Level 1 _identify(integration_test_20250811_155133) by extension 'colcon_pkg'
[0.339s] colcon.colcon_core.package_identification Level 1 _identify(integration_test_20250811_155133) by extensions ['colcon_meta']
[0.339s] colcon.colcon_core.package_identification Level 1 _identify(integration_test_20250811_155133) by extension 'colcon_meta'
[0.339s] colcon.colcon_core.package_identification Level 1 _identify(integration_test_20250811_155133) by extensions ['ros']
[0.339s] colcon.colcon_core.package_identification Level 1 _identify(integration_test_20250811_155133) by extension 'ros'
[0.340s] colcon.colcon_core.package_identification Level 1 _identify(integration_test_20250811_155133) by extensions ['cmake', 'python']
[0.340s] colcon.colcon_core.package_identification Level 1 _identify(integration_test_20250811_155133) by extension 'cmake'
[0.340s] colcon.colcon_core.package_identification Level 1 _identify(integration_test_20250811_155133) by extension 'python'
[0.340s] colcon.colcon_core.package_identification Level 1 _identify(integration_test_20250811_155133) by extensions ['python_setup_py']
[0.340s] colcon.colcon_core.package_identification Level 1 _identify(integration_test_20250811_155133) by extension 'python_setup_py'
[0.340s] colcon.colcon_core.package_identification Level 1 _identify(log) by extensions ['ignore', 'ignore_ament_install']
[0.340s] colcon.colcon_core.package_identification Level 1 _identify(log) by extension 'ignore'
[0.340s] colcon.colcon_core.package_identification Level 1 _identify(log) ignored
[0.340s] colcon.colcon_core.package_identification Level 1 _identify(logs) by extensions ['ignore', 'ignore_ament_install']
[0.340s] colcon.colcon_core.package_identification Level 1 _identify(logs) by extension 'ignore'
[0.340s] colcon.colcon_core.package_identification Level 1 _identify(logs) by extension 'ignore_ament_install'
[0.340s] colcon.colcon_core.package_identification Level 1 _identify(logs) by extensions ['colcon_pkg']
[0.340s] colcon.colcon_core.package_identification Level 1 _identify(logs) by extension 'colcon_pkg'
[0.340s] colcon.colcon_core.package_identification Level 1 _identify(logs) by extensions ['colcon_meta']
[0.340s] colcon.colcon_core.package_identification Level 1 _identify(logs) by extension 'colcon_meta'
[0.340s] colcon.colcon_core.package_identification Level 1 _identify(logs) by extensions ['ros']
[0.340s] colcon.colcon_core.package_identification Level 1 _identify(logs) by extension 'ros'
[0.340s] colcon.colcon_core.package_identification Level 1 _identify(logs) by extensions ['cmake', 'python']
[0.340s] colcon.colcon_core.package_identification Level 1 _identify(logs) by extension 'cmake'
[0.340s] colcon.colcon_core.package_identification Level 1 _identify(logs) by extension 'python'
[0.340s] colcon.colcon_core.package_identification Level 1 _identify(logs) by extensions ['python_setup_py']
[0.340s] colcon.colcon_core.package_identification Level 1 _identify(logs) by extension 'python_setup_py'
[0.340s] colcon.colcon_core.package_identification Level 1 _identify(logs/full_training_1754642916) by extensions ['ignore', 'ignore_ament_install']
[0.340s] colcon.colcon_core.package_identification Level 1 _identify(logs/full_training_1754642916) by extension 'ignore'
[0.340s] colcon.colcon_core.package_identification Level 1 _identify(logs/full_training_1754642916) by extension 'ignore_ament_install'
[0.340s] colcon.colcon_core.package_identification Level 1 _identify(logs/full_training_1754642916) by extensions ['colcon_pkg']
[0.340s] colcon.colcon_core.package_identification Level 1 _identify(logs/full_training_1754642916) by extension 'colcon_pkg'
[0.340s] colcon.colcon_core.package_identification Level 1 _identify(logs/full_training_1754642916) by extensions ['colcon_meta']
[0.340s] colcon.colcon_core.package_identification Level 1 _identify(logs/full_training_1754642916) by extension 'colcon_meta'
[0.340s] colcon.colcon_core.package_identification Level 1 _identify(logs/full_training_1754642916) by extensions ['ros']
[0.340s] colcon.colcon_core.package_identification Level 1 _identify(logs/full_training_1754642916) by extension 'ros'
[0.341s] colcon.colcon_core.package_identification Level 1 _identify(logs/full_training_1754642916) by extensions ['cmake', 'python']
[0.341s] colcon.colcon_core.package_identification Level 1 _identify(logs/full_training_1754642916) by extension 'cmake'
[0.341s] colcon.colcon_core.package_identification Level 1 _identify(logs/full_training_1754642916) by extension 'python'
[0.341s] colcon.colcon_core.package_identification Level 1 _identify(logs/full_training_1754642916) by extensions ['python_setup_py']
[0.341s] colcon.colcon_core.package_identification Level 1 _identify(logs/full_training_1754642916) by extension 'python_setup_py'
[0.341s] colcon.colcon_core.package_identification Level 1 _identify(logs/full_training_1754642916/eval_logs) by extensions ['ignore', 'ignore_ament_install']
[0.341s] colcon.colcon_core.package_identification Level 1 _identify(logs/full_training_1754642916/eval_logs) by extension 'ignore'
[0.341s] colcon.colcon_core.package_identification Level 1 _identify(logs/full_training_1754642916/eval_logs) by extension 'ignore_ament_install'
[0.341s] colcon.colcon_core.package_identification Level 1 _identify(logs/full_training_1754642916/eval_logs) by extensions ['colcon_pkg']
[0.341s] colcon.colcon_core.package_identification Level 1 _identify(logs/full_training_1754642916/eval_logs) by extension 'colcon_pkg'
[0.341s] colcon.colcon_core.package_identification Level 1 _identify(logs/full_training_1754642916/eval_logs) by extensions ['colcon_meta']
[0.341s] colcon.colcon_core.package_identification Level 1 _identify(logs/full_training_1754642916/eval_logs) by extension 'colcon_meta'
[0.341s] colcon.colcon_core.package_identification Level 1 _identify(logs/full_training_1754642916/eval_logs) by extensions ['ros']
[0.341s] colcon.colcon_core.package_identification Level 1 _identify(logs/full_training_1754642916/eval_logs) by extension 'ros'
[0.341s] colcon.colcon_core.package_identification Level 1 _identify(logs/full_training_1754642916/eval_logs) by extensions ['cmake', 'python']
[0.341s] colcon.colcon_core.package_identification Level 1 _identify(logs/full_training_1754642916/eval_logs) by extension 'cmake'
[0.341s] colcon.colcon_core.package_identification Level 1 _identify(logs/full_training_1754642916/eval_logs) by extension 'python'
[0.341s] colcon.colcon_core.package_identification Level 1 _identify(logs/full_training_1754642916/eval_logs) by extensions ['python_setup_py']
[0.341s] colcon.colcon_core.package_identification Level 1 _identify(logs/full_training_1754642916/eval_logs) by extension 'python_setup_py'
[0.341s] colcon.colcon_core.package_identification Level 1 _identify(logs/m0609_training_20250809_152628) by extensions ['ignore', 'ignore_ament_install']
[0.341s] colcon.colcon_core.package_identification Level 1 _identify(logs/m0609_training_20250809_152628) by extension 'ignore'
[0.341s] colcon.colcon_core.package_identification Level 1 _identify(logs/m0609_training_20250809_152628) by extension 'ignore_ament_install'
[0.341s] colcon.colcon_core.package_identification Level 1 _identify(logs/m0609_training_20250809_152628) by extensions ['colcon_pkg']
[0.341s] colcon.colcon_core.package_identification Level 1 _identify(logs/m0609_training_20250809_152628) by extension 'colcon_pkg'
[0.341s] colcon.colcon_core.package_identification Level 1 _identify(logs/m0609_training_20250809_152628) by extensions ['colcon_meta']
[0.341s] colcon.colcon_core.package_identification Level 1 _identify(logs/m0609_training_20250809_152628) by extension 'colcon_meta'
[0.341s] colcon.colcon_core.package_identification Level 1 _identify(logs/m0609_training_20250809_152628) by extensions ['ros']
[0.341s] colcon.colcon_core.package_identification Level 1 _identify(logs/m0609_training_20250809_152628) by extension 'ros'
[0.341s] colcon.colcon_core.package_identification Level 1 _identify(logs/m0609_training_20250809_152628) by extensions ['cmake', 'python']
[0.341s] colcon.colcon_core.package_identification Level 1 _identify(logs/m0609_training_20250809_152628) by extension 'cmake'
[0.341s] colcon.colcon_core.package_identification Level 1 _identify(logs/m0609_training_20250809_152628) by extension 'python'
[0.341s] colcon.colcon_core.package_identification Level 1 _identify(logs/m0609_training_20250809_152628) by extensions ['python_setup_py']
[0.342s] colcon.colcon_core.package_identification Level 1 _identify(logs/m0609_training_20250809_152628) by extension 'python_setup_py'
[0.342s] colcon.colcon_core.package_identification Level 1 _identify(logs/production_1754644720) by extensions ['ignore', 'ignore_ament_install']
[0.342s] colcon.colcon_core.package_identification Level 1 _identify(logs/production_1754644720) by extension 'ignore'
[0.342s] colcon.colcon_core.package_identification Level 1 _identify(logs/production_1754644720) by extension 'ignore_ament_install'
[0.342s] colcon.colcon_core.package_identification Level 1 _identify(logs/production_1754644720) by extensions ['colcon_pkg']
[0.342s] colcon.colcon_core.package_identification Level 1 _identify(logs/production_1754644720) by extension 'colcon_pkg'
[0.342s] colcon.colcon_core.package_identification Level 1 _identify(logs/production_1754644720) by extensions ['colcon_meta']
[0.342s] colcon.colcon_core.package_identification Level 1 _identify(logs/production_1754644720) by extension 'colcon_meta'
[0.342s] colcon.colcon_core.package_identification Level 1 _identify(logs/production_1754644720) by extensions ['ros']
[0.342s] colcon.colcon_core.package_identification Level 1 _identify(logs/production_1754644720) by extension 'ros'
[0.342s] colcon.colcon_core.package_identification Level 1 _identify(logs/production_1754644720) by extensions ['cmake', 'python']
[0.342s] colcon.colcon_core.package_identification Level 1 _identify(logs/production_1754644720) by extension 'cmake'
[0.342s] colcon.colcon_core.package_identification Level 1 _identify(logs/production_1754644720) by extension 'python'
[0.342s] colcon.colcon_core.package_identification Level 1 _identify(logs/production_1754644720) by extensions ['python_setup_py']
[0.342s] colcon.colcon_core.package_identification Level 1 _identify(logs/production_1754644720) by extension 'python_setup_py'
[0.342s] colcon.colcon_core.package_identification Level 1 _identify(logs/production_simple_1754644791) by extensions ['ignore', 'ignore_ament_install']
[0.342s] colcon.colcon_core.package_identification Level 1 _identify(logs/production_simple_1754644791) by extension 'ignore'
[0.342s] colcon.colcon_core.package_identification Level 1 _identify(logs/production_simple_1754644791) by extension 'ignore_ament_install'
[0.342s] colcon.colcon_core.package_identification Level 1 _identify(logs/production_simple_1754644791) by extensions ['colcon_pkg']
[0.342s] colcon.colcon_core.package_identification Level 1 _identify(logs/production_simple_1754644791) by extension 'colcon_pkg'
[0.342s] colcon.colcon_core.package_identification Level 1 _identify(logs/production_simple_1754644791) by extensions ['colcon_meta']
[0.342s] colcon.colcon_core.package_identification Level 1 _identify(logs/production_simple_1754644791) by extension 'colcon_meta'
[0.342s] colcon.colcon_core.package_identification Level 1 _identify(logs/production_simple_1754644791) by extensions ['ros']
[0.342s] colcon.colcon_core.package_identification Level 1 _identify(logs/production_simple_1754644791) by extension 'ros'
[0.342s] colcon.colcon_core.package_identification Level 1 _identify(logs/production_simple_1754644791) by extensions ['cmake', 'python']
[0.342s] colcon.colcon_core.package_identification Level 1 _identify(logs/production_simple_1754644791) by extension 'cmake'
[0.342s] colcon.colcon_core.package_identification Level 1 _identify(logs/production_simple_1754644791) by extension 'python'
[0.342s] colcon.colcon_core.package_identification Level 1 _identify(logs/production_simple_1754644791) by extensions ['python_setup_py']
[0.342s] colcon.colcon_core.package_identification Level 1 _identify(logs/production_simple_1754644791) by extension 'python_setup_py'
[0.342s] colcon.colcon_core.package_identification Level 1 _identify(logs/production_simple_1754644791/eval_logs) by extensions ['ignore', 'ignore_ament_install']
[0.342s] colcon.colcon_core.package_identification Level 1 _identify(logs/production_simple_1754644791/eval_logs) by extension 'ignore'
[0.343s] colcon.colcon_core.package_identification Level 1 _identify(logs/production_simple_1754644791/eval_logs) by extension 'ignore_ament_install'
[0.343s] colcon.colcon_core.package_identification Level 1 _identify(logs/production_simple_1754644791/eval_logs) by extensions ['colcon_pkg']
[0.343s] colcon.colcon_core.package_identification Level 1 _identify(logs/production_simple_1754644791/eval_logs) by extension 'colcon_pkg'
[0.343s] colcon.colcon_core.package_identification Level 1 _identify(logs/production_simple_1754644791/eval_logs) by extensions ['colcon_meta']
[0.343s] colcon.colcon_core.package_identification Level 1 _identify(logs/production_simple_1754644791/eval_logs) by extension 'colcon_meta'
[0.343s] colcon.colcon_core.package_identification Level 1 _identify(logs/production_simple_1754644791/eval_logs) by extensions ['ros']
[0.343s] colcon.colcon_core.package_identification Level 1 _identify(logs/production_simple_1754644791/eval_logs) by extension 'ros'
[0.343s] colcon.colcon_core.package_identification Level 1 _identify(logs/production_simple_1754644791/eval_logs) by extensions ['cmake', 'python']
[0.343s] colcon.colcon_core.package_identification Level 1 _identify(logs/production_simple_1754644791/eval_logs) by extension 'cmake'
[0.343s] colcon.colcon_core.package_identification Level 1 _identify(logs/production_simple_1754644791/eval_logs) by extension 'python'
[0.343s] colcon.colcon_core.package_identification Level 1 _identify(logs/production_simple_1754644791/eval_logs) by extensions ['python_setup_py']
[0.343s] colcon.colcon_core.package_identification Level 1 _identify(logs/production_simple_1754644791/eval_logs) by extension 'python_setup_py'
[0.343s] colcon.colcon_core.package_identification Level 1 _identify(logs/production_test_1754644781) by extensions ['ignore', 'ignore_ament_install']
[0.343s] colcon.colcon_core.package_identification Level 1 _identify(logs/production_test_1754644781) by extension 'ignore'
[0.343s] colcon.colcon_core.package_identification Level 1 _identify(logs/production_test_1754644781) by extension 'ignore_ament_install'
[0.343s] colcon.colcon_core.package_identification Level 1 _identify(logs/production_test_1754644781) by extensions ['colcon_pkg']
[0.343s] colcon.colcon_core.package_identification Level 1 _identify(logs/production_test_1754644781) by extension 'colcon_pkg'
[0.343s] colcon.colcon_core.package_identification Level 1 _identify(logs/production_test_1754644781) by extensions ['colcon_meta']
[0.343s] colcon.colcon_core.package_identification Level 1 _identify(logs/production_test_1754644781) by extension 'colcon_meta'
[0.343s] colcon.colcon_core.package_identification Level 1 _identify(logs/production_test_1754644781) by extensions ['ros']
[0.343s] colcon.colcon_core.package_identification Level 1 _identify(logs/production_test_1754644781) by extension 'ros'
[0.343s] colcon.colcon_core.package_identification Level 1 _identify(logs/production_test_1754644781) by extensions ['cmake', 'python']
[0.343s] colcon.colcon_core.package_identification Level 1 _identify(logs/production_test_1754644781) by extension 'cmake'
[0.343s] colcon.colcon_core.package_identification Level 1 _identify(logs/production_test_1754644781) by extension 'python'
[0.343s] colcon.colcon_core.package_identification Level 1 _identify(logs/production_test_1754644781) by extensions ['python_setup_py']
[0.343s] colcon.colcon_core.package_identification Level 1 _identify(logs/production_test_1754644781) by extension 'python_setup_py'
[0.343s] colcon.colcon_core.package_identification Level 1 _identify(logs/production_test_1754644781/eval_logs) by extensions ['ignore', 'ignore_ament_install']
[0.343s] colcon.colcon_core.package_identification Level 1 _identify(logs/production_test_1754644781/eval_logs) by extension 'ignore'
[0.343s] colcon.colcon_core.package_identification Level 1 _identify(logs/production_test_1754644781/eval_logs) by extension 'ignore_ament_install'
[0.343s] colcon.colcon_core.package_identification Level 1 _identify(logs/production_test_1754644781/eval_logs) by extensions ['colcon_pkg']
[0.343s] colcon.colcon_core.package_identification Level 1 _identify(logs/production_test_1754644781/eval_logs) by extension 'colcon_pkg'
[0.343s] colcon.colcon_core.package_identification Level 1 _identify(logs/production_test_1754644781/eval_logs) by extensions ['colcon_meta']
[0.343s] colcon.colcon_core.package_identification Level 1 _identify(logs/production_test_1754644781/eval_logs) by extension 'colcon_meta'
[0.343s] colcon.colcon_core.package_identification Level 1 _identify(logs/production_test_1754644781/eval_logs) by extensions ['ros']
[0.343s] colcon.colcon_core.package_identification Level 1 _identify(logs/production_test_1754644781/eval_logs) by extension 'ros'
[0.343s] colcon.colcon_core.package_identification Level 1 _identify(logs/production_test_1754644781/eval_logs) by extensions ['cmake', 'python']
[0.344s] colcon.colcon_core.package_identification Level 1 _identify(logs/production_test_1754644781/eval_logs) by extension 'cmake'
[0.344s] colcon.colcon_core.package_identification Level 1 _identify(logs/production_test_1754644781/eval_logs) by extension 'python'
[0.344s] colcon.colcon_core.package_identification Level 1 _identify(logs/production_test_1754644781/eval_logs) by extensions ['python_setup_py']
[0.344s] colcon.colcon_core.package_identification Level 1 _identify(logs/production_test_1754644781/eval_logs) by extension 'python_setup_py'
[0.344s] colcon.colcon_core.package_identification Level 1 _identify(logs/soma_cube_training_20250808_233651) by extensions ['ignore', 'ignore_ament_install']
[0.344s] colcon.colcon_core.package_identification Level 1 _identify(logs/soma_cube_training_20250808_233651) by extension 'ignore'
[0.344s] colcon.colcon_core.package_identification Level 1 _identify(logs/soma_cube_training_20250808_233651) by extension 'ignore_ament_install'
[0.344s] colcon.colcon_core.package_identification Level 1 _identify(logs/soma_cube_training_20250808_233651) by extensions ['colcon_pkg']
[0.344s] colcon.colcon_core.package_identification Level 1 _identify(logs/soma_cube_training_20250808_233651) by extension 'colcon_pkg'
[0.344s] colcon.colcon_core.package_identification Level 1 _identify(logs/soma_cube_training_20250808_233651) by extensions ['colcon_meta']
[0.344s] colcon.colcon_core.package_identification Level 1 _identify(logs/soma_cube_training_20250808_233651) by extension 'colcon_meta'
[0.344s] colcon.colcon_core.package_identification Level 1 _identify(logs/soma_cube_training_20250808_233651) by extensions ['ros']
[0.344s] colcon.colcon_core.package_identification Level 1 _identify(logs/soma_cube_training_20250808_233651) by extension 'ros'
[0.344s] colcon.colcon_core.package_identification Level 1 _identify(logs/soma_cube_training_20250808_233651) by extensions ['cmake', 'python']
[0.344s] colcon.colcon_core.package_identification Level 1 _identify(logs/soma_cube_training_20250808_233651) by extension 'cmake'
[0.344s] colcon.colcon_core.package_identification Level 1 _identify(logs/soma_cube_training_20250808_233651) by extension 'python'
[0.344s] colcon.colcon_core.package_identification Level 1 _identify(logs/soma_cube_training_20250808_233651) by extensions ['python_setup_py']
[0.344s] colcon.colcon_core.package_identification Level 1 _identify(logs/soma_cube_training_20250808_233651) by extension 'python_setup_py'
[0.344s] colcon.colcon_core.package_identification Level 1 _identify(logs/soma_cube_training_20250808_233651/tensorboard) by extensions ['ignore', 'ignore_ament_install']
[0.344s] colcon.colcon_core.package_identification Level 1 _identify(logs/soma_cube_training_20250808_233651/tensorboard) by extension 'ignore'
[0.344s] colcon.colcon_core.package_identification Level 1 _identify(logs/soma_cube_training_20250808_233651/tensorboard) by extension 'ignore_ament_install'
[0.344s] colcon.colcon_core.package_identification Level 1 _identify(logs/soma_cube_training_20250808_233651/tensorboard) by extensions ['colcon_pkg']
[0.344s] colcon.colcon_core.package_identification Level 1 _identify(logs/soma_cube_training_20250808_233651/tensorboard) by extension 'colcon_pkg'
[0.344s] colcon.colcon_core.package_identification Level 1 _identify(logs/soma_cube_training_20250808_233651/tensorboard) by extensions ['colcon_meta']
[0.344s] colcon.colcon_core.package_identification Level 1 _identify(logs/soma_cube_training_20250808_233651/tensorboard) by extension 'colcon_meta'
[0.344s] colcon.colcon_core.package_identification Level 1 _identify(logs/soma_cube_training_20250808_233651/tensorboard) by extensions ['ros']
[0.344s] colcon.colcon_core.package_identification Level 1 _identify(logs/soma_cube_training_20250808_233651/tensorboard) by extension 'ros'
[0.344s] colcon.colcon_core.package_identification Level 1 _identify(logs/soma_cube_training_20250808_233651/tensorboard) by extensions ['cmake', 'python']
[0.344s] colcon.colcon_core.package_identification Level 1 _identify(logs/soma_cube_training_20250808_233651/tensorboard) by extension 'cmake'
[0.344s] colcon.colcon_core.package_identification Level 1 _identify(logs/soma_cube_training_20250808_233651/tensorboard) by extension 'python'
[0.344s] colcon.colcon_core.package_identification Level 1 _identify(logs/soma_cube_training_20250808_233651/tensorboard) by extensions ['python_setup_py']
[0.344s] colcon.colcon_core.package_identification Level 1 _identify(logs/soma_cube_training_20250808_233651/tensorboard) by extension 'python_setup_py'
[0.345s] colcon.colcon_core.package_identification Level 1 _identify(logs/soma_cube_training_20250808_233744) by extensions ['ignore', 'ignore_ament_install']
[0.345s] colcon.colcon_core.package_identification Level 1 _identify(logs/soma_cube_training_20250808_233744) by extension 'ignore'
[0.345s] colcon.colcon_core.package_identification Level 1 _identify(logs/soma_cube_training_20250808_233744) by extension 'ignore_ament_install'
[0.345s] colcon.colcon_core.package_identification Level 1 _identify(logs/soma_cube_training_20250808_233744) by extensions ['colcon_pkg']
[0.345s] colcon.colcon_core.package_identification Level 1 _identify(logs/soma_cube_training_20250808_233744) by extension 'colcon_pkg'
[0.345s] colcon.colcon_core.package_identification Level 1 _identify(logs/soma_cube_training_20250808_233744) by extensions ['colcon_meta']
[0.345s] colcon.colcon_core.package_identification Level 1 _identify(logs/soma_cube_training_20250808_233744) by extension 'colcon_meta'
[0.345s] colcon.colcon_core.package_identification Level 1 _identify(logs/soma_cube_training_20250808_233744) by extensions ['ros']
[0.345s] colcon.colcon_core.package_identification Level 1 _identify(logs/soma_cube_training_20250808_233744) by extension 'ros'
[0.345s] colcon.colcon_core.package_identification Level 1 _identify(logs/soma_cube_training_20250808_233744) by extensions ['cmake', 'python']
[0.345s] colcon.colcon_core.package_identification Level 1 _identify(logs/soma_cube_training_20250808_233744) by extension 'cmake'
[0.345s] colcon.colcon_core.package_identification Level 1 _identify(logs/soma_cube_training_20250808_233744) by extension 'python'
[0.345s] colcon.colcon_core.package_identification Level 1 _identify(logs/soma_cube_training_20250808_233744) by extensions ['python_setup_py']
[0.345s] colcon.colcon_core.package_identification Level 1 _identify(logs/soma_cube_training_20250808_233744) by extension 'python_setup_py'
[0.345s] colcon.colcon_core.package_identification Level 1 _identify(logs/soma_cube_training_20250808_233744/tensorboard) by extensions ['ignore', 'ignore_ament_install']
[0.345s] colcon.colcon_core.package_identification Level 1 _identify(logs/soma_cube_training_20250808_233744/tensorboard) by extension 'ignore'
[0.345s] colcon.colcon_core.package_identification Level 1 _identify(logs/soma_cube_training_20250808_233744/tensorboard) by extension 'ignore_ament_install'
[0.345s] colcon.colcon_core.package_identification Level 1 _identify(logs/soma_cube_training_20250808_233744/tensorboard) by extensions ['colcon_pkg']
[0.345s] colcon.colcon_core.package_identification Level 1 _identify(logs/soma_cube_training_20250808_233744/tensorboard) by extension 'colcon_pkg'
[0.345s] colcon.colcon_core.package_identification Level 1 _identify(logs/soma_cube_training_20250808_233744/tensorboard) by extensions ['colcon_meta']
[0.345s] colcon.colcon_core.package_identification Level 1 _identify(logs/soma_cube_training_20250808_233744/tensorboard) by extension 'colcon_meta'
[0.345s] colcon.colcon_core.package_identification Level 1 _identify(logs/soma_cube_training_20250808_233744/tensorboard) by extensions ['ros']
[0.345s] colcon.colcon_core.package_identification Level 1 _identify(logs/soma_cube_training_20250808_233744/tensorboard) by extension 'ros'
[0.345s] colcon.colcon_core.package_identification Level 1 _identify(logs/soma_cube_training_20250808_233744/tensorboard) by extensions ['cmake', 'python']
[0.345s] colcon.colcon_core.package_identification Level 1 _identify(logs/soma_cube_training_20250808_233744/tensorboard) by extension 'cmake'
[0.345s] colcon.colcon_core.package_identification Level 1 _identify(logs/soma_cube_training_20250808_233744/tensorboard) by extension 'python'
[0.345s] colcon.colcon_core.package_identification Level 1 _identify(logs/soma_cube_training_20250808_233744/tensorboard) by extensions ['python_setup_py']
[0.345s] colcon.colcon_core.package_identification Level 1 _identify(logs/soma_cube_training_20250808_233744/tensorboard) by extension 'python_setup_py'
[0.345s] colcon.colcon_core.package_identification Level 1 _identify(logs/soma_cube_training_20250808_233807) by extensions ['ignore', 'ignore_ament_install']
[0.345s] colcon.colcon_core.package_identification Level 1 _identify(logs/soma_cube_training_20250808_233807) by extension 'ignore'
[0.345s] colcon.colcon_core.package_identification Level 1 _identify(logs/soma_cube_training_20250808_233807) by extension 'ignore_ament_install'
[0.345s] colcon.colcon_core.package_identification Level 1 _identify(logs/soma_cube_training_20250808_233807) by extensions ['colcon_pkg']
[0.345s] colcon.colcon_core.package_identification Level 1 _identify(logs/soma_cube_training_20250808_233807) by extension 'colcon_pkg'
[0.345s] colcon.colcon_core.package_identification Level 1 _identify(logs/soma_cube_training_20250808_233807) by extensions ['colcon_meta']
[0.345s] colcon.colcon_core.package_identification Level 1 _identify(logs/soma_cube_training_20250808_233807) by extension 'colcon_meta'
[0.346s] colcon.colcon_core.package_identification Level 1 _identify(logs/soma_cube_training_20250808_233807) by extensions ['ros']
[0.346s] colcon.colcon_core.package_identification Level 1 _identify(logs/soma_cube_training_20250808_233807) by extension 'ros'
[0.346s] colcon.colcon_core.package_identification Level 1 _identify(logs/soma_cube_training_20250808_233807) by extensions ['cmake', 'python']
[0.346s] colcon.colcon_core.package_identification Level 1 _identify(logs/soma_cube_training_20250808_233807) by extension 'cmake'
[0.346s] colcon.colcon_core.package_identification Level 1 _identify(logs/soma_cube_training_20250808_233807) by extension 'python'
[0.346s] colcon.colcon_core.package_identification Level 1 _identify(logs/soma_cube_training_20250808_233807) by extensions ['python_setup_py']
[0.346s] colcon.colcon_core.package_identification Level 1 _identify(logs/soma_cube_training_20250808_233807) by extension 'python_setup_py'
[0.346s] colcon.colcon_core.package_identification Level 1 _identify(logs/soma_cube_training_20250808_233807/tensorboard) by extensions ['ignore', 'ignore_ament_install']
[0.346s] colcon.colcon_core.package_identification Level 1 _identify(logs/soma_cube_training_20250808_233807/tensorboard) by extension 'ignore'
[0.346s] colcon.colcon_core.package_identification Level 1 _identify(logs/soma_cube_training_20250808_233807/tensorboard) by extension 'ignore_ament_install'
[0.346s] colcon.colcon_core.package_identification Level 1 _identify(logs/soma_cube_training_20250808_233807/tensorboard) by extensions ['colcon_pkg']
[0.346s] colcon.colcon_core.package_identification Level 1 _identify(logs/soma_cube_training_20250808_233807/tensorboard) by extension 'colcon_pkg'
[0.346s] colcon.colcon_core.package_identification Level 1 _identify(logs/soma_cube_training_20250808_233807/tensorboard) by extensions ['colcon_meta']
[0.346s] colcon.colcon_core.package_identification Level 1 _identify(logs/soma_cube_training_20250808_233807/tensorboard) by extension 'colcon_meta'
[0.346s] colcon.colcon_core.package_identification Level 1 _identify(logs/soma_cube_training_20250808_233807/tensorboard) by extensions ['ros']
[0.346s] colcon.colcon_core.package_identification Level 1 _identify(logs/soma_cube_training_20250808_233807/tensorboard) by extension 'ros'
[0.346s] colcon.colcon_core.package_identification Level 1 _identify(logs/soma_cube_training_20250808_233807/tensorboard) by extensions ['cmake', 'python']
[0.346s] colcon.colcon_core.package_identification Level 1 _identify(logs/soma_cube_training_20250808_233807/tensorboard) by extension 'cmake'
[0.346s] colcon.colcon_core.package_identification Level 1 _identify(logs/soma_cube_training_20250808_233807/tensorboard) by extension 'python'
[0.346s] colcon.colcon_core.package_identification Level 1 _identify(logs/soma_cube_training_20250808_233807/tensorboard) by extensions ['python_setup_py']
[0.346s] colcon.colcon_core.package_identification Level 1 _identify(logs/soma_cube_training_20250808_233807/tensorboard) by extension 'python_setup_py'
[0.346s] colcon.colcon_core.package_identification Level 1 _identify(logs/soma_cube_training_20250808_233828) by extensions ['ignore', 'ignore_ament_install']
[0.346s] colcon.colcon_core.package_identification Level 1 _identify(logs/soma_cube_training_20250808_233828) by extension 'ignore'
[0.346s] colcon.colcon_core.package_identification Level 1 _identify(logs/soma_cube_training_20250808_233828) by extension 'ignore_ament_install'
[0.346s] colcon.colcon_core.package_identification Level 1 _identify(logs/soma_cube_training_20250808_233828) by extensions ['colcon_pkg']
[0.346s] colcon.colcon_core.package_identification Level 1 _identify(logs/soma_cube_training_20250808_233828) by extension 'colcon_pkg'
[0.346s] colcon.colcon_core.package_identification Level 1 _identify(logs/soma_cube_training_20250808_233828) by extensions ['colcon_meta']
[0.346s] colcon.colcon_core.package_identification Level 1 _identify(logs/soma_cube_training_20250808_233828) by extension 'colcon_meta'
[0.346s] colcon.colcon_core.package_identification Level 1 _identify(logs/soma_cube_training_20250808_233828) by extensions ['ros']
[0.346s] colcon.colcon_core.package_identification Level 1 _identify(logs/soma_cube_training_20250808_233828) by extension 'ros'
[0.346s] colcon.colcon_core.package_identification Level 1 _identify(logs/soma_cube_training_20250808_233828) by extensions ['cmake', 'python']
[0.346s] colcon.colcon_core.package_identification Level 1 _identify(logs/soma_cube_training_20250808_233828) by extension 'cmake'
[0.347s] colcon.colcon_core.package_identification Level 1 _identify(logs/soma_cube_training_20250808_233828) by extension 'python'
[0.347s] colcon.colcon_core.package_identification Level 1 _identify(logs/soma_cube_training_20250808_233828) by extensions ['python_setup_py']
[0.347s] colcon.colcon_core.package_identification Level 1 _identify(logs/soma_cube_training_20250808_233828) by extension 'python_setup_py'
[0.347s] colcon.colcon_core.package_identification Level 1 _identify(logs/soma_cube_training_20250808_233828/tensorboard) by extensions ['ignore', 'ignore_ament_install']
[0.347s] colcon.colcon_core.package_identification Level 1 _identify(logs/soma_cube_training_20250808_233828/tensorboard) by extension 'ignore'
[0.347s] colcon.colcon_core.package_identification Level 1 _identify(logs/soma_cube_training_20250808_233828/tensorboard) by extension 'ignore_ament_install'
[0.347s] colcon.colcon_core.package_identification Level 1 _identify(logs/soma_cube_training_20250808_233828/tensorboard) by extensions ['colcon_pkg']
[0.347s] colcon.colcon_core.package_identification Level 1 _identify(logs/soma_cube_training_20250808_233828/tensorboard) by extension 'colcon_pkg'
[0.347s] colcon.colcon_core.package_identification Level 1 _identify(logs/soma_cube_training_20250808_233828/tensorboard) by extensions ['colcon_meta']
[0.347s] colcon.colcon_core.package_identification Level 1 _identify(logs/soma_cube_training_20250808_233828/tensorboard) by extension 'colcon_meta'
[0.347s] colcon.colcon_core.package_identification Level 1 _identify(logs/soma_cube_training_20250808_233828/tensorboard) by extensions ['ros']
[0.347s] colcon.colcon_core.package_identification Level 1 _identify(logs/soma_cube_training_20250808_233828/tensorboard) by extension 'ros'
[0.347s] colcon.colcon_core.package_identification Level 1 _identify(logs/soma_cube_training_20250808_233828/tensorboard) by extensions ['cmake', 'python']
[0.347s] colcon.colcon_core.package_identification Level 1 _identify(logs/soma_cube_training_20250808_233828/tensorboard) by extension 'cmake'
[0.347s] colcon.colcon_core.package_identification Level 1 _identify(logs/soma_cube_training_20250808_233828/tensorboard) by extension 'python'
[0.347s] colcon.colcon_core.package_identification Level 1 _identify(logs/soma_cube_training_20250808_233828/tensorboard) by extensions ['python_setup_py']
[0.347s] colcon.colcon_core.package_identification Level 1 _identify(logs/soma_cube_training_20250808_233828/tensorboard) by extension 'python_setup_py'
[0.347s] colcon.colcon_core.package_identification Level 1 _identify(logs/soma_cube_training_20250808_233843) by extensions ['ignore', 'ignore_ament_install']
[0.347s] colcon.colcon_core.package_identification Level 1 _identify(logs/soma_cube_training_20250808_233843) by extension 'ignore'
[0.347s] colcon.colcon_core.package_identification Level 1 _identify(logs/soma_cube_training_20250808_233843) by extension 'ignore_ament_install'
[0.347s] colcon.colcon_core.package_identification Level 1 _identify(logs/soma_cube_training_20250808_233843) by extensions ['colcon_pkg']
[0.347s] colcon.colcon_core.package_identification Level 1 _identify(logs/soma_cube_training_20250808_233843) by extension 'colcon_pkg'
[0.347s] colcon.colcon_core.package_identification Level 1 _identify(logs/soma_cube_training_20250808_233843) by extensions ['colcon_meta']
[0.347s] colcon.colcon_core.package_identification Level 1 _identify(logs/soma_cube_training_20250808_233843) by extension 'colcon_meta'
[0.347s] colcon.colcon_core.package_identification Level 1 _identify(logs/soma_cube_training_20250808_233843) by extensions ['ros']
[0.347s] colcon.colcon_core.package_identification Level 1 _identify(logs/soma_cube_training_20250808_233843) by extension 'ros'
[0.347s] colcon.colcon_core.package_identification Level 1 _identify(logs/soma_cube_training_20250808_233843) by extensions ['cmake', 'python']
[0.347s] colcon.colcon_core.package_identification Level 1 _identify(logs/soma_cube_training_20250808_233843) by extension 'cmake'
[0.347s] colcon.colcon_core.package_identification Level 1 _identify(logs/soma_cube_training_20250808_233843) by extension 'python'
[0.347s] colcon.colcon_core.package_identification Level 1 _identify(logs/soma_cube_training_20250808_233843) by extensions ['python_setup_py']
[0.347s] colcon.colcon_core.package_identification Level 1 _identify(logs/soma_cube_training_20250808_233843) by extension 'python_setup_py'
[0.347s] colcon.colcon_core.package_identification Level 1 _identify(logs/soma_cube_training_20250808_233843/tensorboard) by extensions ['ignore', 'ignore_ament_install']
[0.347s] colcon.colcon_core.package_identification Level 1 _identify(logs/soma_cube_training_20250808_233843/tensorboard) by extension 'ignore'
[0.347s] colcon.colcon_core.package_identification Level 1 _identify(logs/soma_cube_training_20250808_233843/tensorboard) by extension 'ignore_ament_install'
[0.348s] colcon.colcon_core.package_identification Level 1 _identify(logs/soma_cube_training_20250808_233843/tensorboard) by extensions ['colcon_pkg']
[0.348s] colcon.colcon_core.package_identification Level 1 _identify(logs/soma_cube_training_20250808_233843/tensorboard) by extension 'colcon_pkg'
[0.348s] colcon.colcon_core.package_identification Level 1 _identify(logs/soma_cube_training_20250808_233843/tensorboard) by extensions ['colcon_meta']
[0.348s] colcon.colcon_core.package_identification Level 1 _identify(logs/soma_cube_training_20250808_233843/tensorboard) by extension 'colcon_meta'
[0.348s] colcon.colcon_core.package_identification Level 1 _identify(logs/soma_cube_training_20250808_233843/tensorboard) by extensions ['ros']
[0.348s] colcon.colcon_core.package_identification Level 1 _identify(logs/soma_cube_training_20250808_233843/tensorboard) by extension 'ros'
[0.348s] colcon.colcon_core.package_identification Level 1 _identify(logs/soma_cube_training_20250808_233843/tensorboard) by extensions ['cmake', 'python']
[0.348s] colcon.colcon_core.package_identification Level 1 _identify(logs/soma_cube_training_20250808_233843/tensorboard) by extension 'cmake'
[0.348s] colcon.colcon_core.package_identification Level 1 _identify(logs/soma_cube_training_20250808_233843/tensorboard) by extension 'python'
[0.348s] colcon.colcon_core.package_identification Level 1 _identify(logs/soma_cube_training_20250808_233843/tensorboard) by extensions ['python_setup_py']
[0.348s] colcon.colcon_core.package_identification Level 1 _identify(logs/soma_cube_training_20250808_233843/tensorboard) by extension 'python_setup_py'
[0.348s] colcon.colcon_core.package_identification Level 1 _identify(logs/soma_cube_training_20250808_234153) by extensions ['ignore', 'ignore_ament_install']
[0.348s] colcon.colcon_core.package_identification Level 1 _identify(logs/soma_cube_training_20250808_234153) by extension 'ignore'
[0.348s] colcon.colcon_core.package_identification Level 1 _identify(logs/soma_cube_training_20250808_234153) by extension 'ignore_ament_install'
[0.348s] colcon.colcon_core.package_identification Level 1 _identify(logs/soma_cube_training_20250808_234153) by extensions ['colcon_pkg']
[0.348s] colcon.colcon_core.package_identification Level 1 _identify(logs/soma_cube_training_20250808_234153) by extension 'colcon_pkg'
[0.348s] colcon.colcon_core.package_identification Level 1 _identify(logs/soma_cube_training_20250808_234153) by extensions ['colcon_meta']
[0.348s] colcon.colcon_core.package_identification Level 1 _identify(logs/soma_cube_training_20250808_234153) by extension 'colcon_meta'
[0.348s] colcon.colcon_core.package_identification Level 1 _identify(logs/soma_cube_training_20250808_234153) by extensions ['ros']
[0.348s] colcon.colcon_core.package_identification Level 1 _identify(logs/soma_cube_training_20250808_234153) by extension 'ros'
[0.348s] colcon.colcon_core.package_identification Level 1 _identify(logs/soma_cube_training_20250808_234153) by extensions ['cmake', 'python']
[0.348s] colcon.colcon_core.package_identification Level 1 _identify(logs/soma_cube_training_20250808_234153) by extension 'cmake'
[0.348s] colcon.colcon_core.package_identification Level 1 _identify(logs/soma_cube_training_20250808_234153) by extension 'python'
[0.348s] colcon.colcon_core.package_identification Level 1 _identify(logs/soma_cube_training_20250808_234153) by extensions ['python_setup_py']
[0.348s] colcon.colcon_core.package_identification Level 1 _identify(logs/soma_cube_training_20250808_234153) by extension 'python_setup_py'
[0.348s] colcon.colcon_core.package_identification Level 1 _identify(logs/soma_cube_training_20250808_234153/tensorboard) by extensions ['ignore', 'ignore_ament_install']
[0.348s] colcon.colcon_core.package_identification Level 1 _identify(logs/soma_cube_training_20250808_234153/tensorboard) by extension 'ignore'
[0.348s] colcon.colcon_core.package_identification Level 1 _identify(logs/soma_cube_training_20250808_234153/tensorboard) by extension 'ignore_ament_install'
[0.348s] colcon.colcon_core.package_identification Level 1 _identify(logs/soma_cube_training_20250808_234153/tensorboard) by extensions ['colcon_pkg']
[0.348s] colcon.colcon_core.package_identification Level 1 _identify(logs/soma_cube_training_20250808_234153/tensorboard) by extension 'colcon_pkg'
[0.348s] colcon.colcon_core.package_identification Level 1 _identify(logs/soma_cube_training_20250808_234153/tensorboard) by extensions ['colcon_meta']
[0.348s] colcon.colcon_core.package_identification Level 1 _identify(logs/soma_cube_training_20250808_234153/tensorboard) by extension 'colcon_meta'
[0.348s] colcon.colcon_core.package_identification Level 1 _identify(logs/soma_cube_training_20250808_234153/tensorboard) by extensions ['ros']
[0.348s] colcon.colcon_core.package_identification Level 1 _identify(logs/soma_cube_training_20250808_234153/tensorboard) by extension 'ros'
[0.348s] colcon.colcon_core.package_identification Level 1 _identify(logs/soma_cube_training_20250808_234153/tensorboard) by extensions ['cmake', 'python']
[0.348s] colcon.colcon_core.package_identification Level 1 _identify(logs/soma_cube_training_20250808_234153/tensorboard) by extension 'cmake'
[0.349s] colcon.colcon_core.package_identification Level 1 _identify(logs/soma_cube_training_20250808_234153/tensorboard) by extension 'python'
[0.349s] colcon.colcon_core.package_identification Level 1 _identify(logs/soma_cube_training_20250808_234153/tensorboard) by extensions ['python_setup_py']
[0.349s] colcon.colcon_core.package_identification Level 1 _identify(logs/soma_cube_training_20250808_234153/tensorboard) by extension 'python_setup_py'
[0.349s] colcon.colcon_core.package_identification Level 1 _identify(logs/soma_cube_training_20250809_001742) by extensions ['ignore', 'ignore_ament_install']
[0.349s] colcon.colcon_core.package_identification Level 1 _identify(logs/soma_cube_training_20250809_001742) by extension 'ignore'
[0.349s] colcon.colcon_core.package_identification Level 1 _identify(logs/soma_cube_training_20250809_001742) by extension 'ignore_ament_install'
[0.349s] colcon.colcon_core.package_identification Level 1 _identify(logs/soma_cube_training_20250809_001742) by extensions ['colcon_pkg']
[0.349s] colcon.colcon_core.package_identification Level 1 _identify(logs/soma_cube_training_20250809_001742) by extension 'colcon_pkg'
[0.349s] colcon.colcon_core.package_identification Level 1 _identify(logs/soma_cube_training_20250809_001742) by extensions ['colcon_meta']
[0.349s] colcon.colcon_core.package_identification Level 1 _identify(logs/soma_cube_training_20250809_001742) by extension 'colcon_meta'
[0.349s] colcon.colcon_core.package_identification Level 1 _identify(logs/soma_cube_training_20250809_001742) by extensions ['ros']
[0.349s] colcon.colcon_core.package_identification Level 1 _identify(logs/soma_cube_training_20250809_001742) by extension 'ros'
[0.349s] colcon.colcon_core.package_identification Level 1 _identify(logs/soma_cube_training_20250809_001742) by extensions ['cmake', 'python']
[0.349s] colcon.colcon_core.package_identification Level 1 _identify(logs/soma_cube_training_20250809_001742) by extension 'cmake'
[0.349s] colcon.colcon_core.package_identification Level 1 _identify(logs/soma_cube_training_20250809_001742) by extension 'python'
[0.349s] colcon.colcon_core.package_identification Level 1 _identify(logs/soma_cube_training_20250809_001742) by extensions ['python_setup_py']
[0.349s] colcon.colcon_core.package_identification Level 1 _identify(logs/soma_cube_training_20250809_001742) by extension 'python_setup_py'
[0.349s] colcon.colcon_core.package_identification Level 1 _identify(logs/soma_cube_training_20250809_001742/tensorboard) by extensions ['ignore', 'ignore_ament_install']
[0.349s] colcon.colcon_core.package_identification Level 1 _identify(logs/soma_cube_training_20250809_001742/tensorboard) by extension 'ignore'
[0.349s] colcon.colcon_core.package_identification Level 1 _identify(logs/soma_cube_training_20250809_001742/tensorboard) by extension 'ignore_ament_install'
[0.349s] colcon.colcon_core.package_identification Level 1 _identify(logs/soma_cube_training_20250809_001742/tensorboard) by extensions ['colcon_pkg']
[0.349s] colcon.colcon_core.package_identification Level 1 _identify(logs/soma_cube_training_20250809_001742/tensorboard) by extension 'colcon_pkg'
[0.349s] colcon.colcon_core.package_identification Level 1 _identify(logs/soma_cube_training_20250809_001742/tensorboard) by extensions ['colcon_meta']
[0.349s] colcon.colcon_core.package_identification Level 1 _identify(logs/soma_cube_training_20250809_001742/tensorboard) by extension 'colcon_meta'
[0.349s] colcon.colcon_core.package_identification Level 1 _identify(logs/soma_cube_training_20250809_001742/tensorboard) by extensions ['ros']
[0.349s] colcon.colcon_core.package_identification Level 1 _identify(logs/soma_cube_training_20250809_001742/tensorboard) by extension 'ros'
[0.349s] colcon.colcon_core.package_identification Level 1 _identify(logs/soma_cube_training_20250809_001742/tensorboard) by extensions ['cmake', 'python']
[0.349s] colcon.colcon_core.package_identification Level 1 _identify(logs/soma_cube_training_20250809_001742/tensorboard) by extension 'cmake'
[0.349s] colcon.colcon_core.package_identification Level 1 _identify(logs/soma_cube_training_20250809_001742/tensorboard) by extension 'python'
[0.349s] colcon.colcon_core.package_identification Level 1 _identify(logs/soma_cube_training_20250809_001742/tensorboard) by extensions ['python_setup_py']
[0.349s] colcon.colcon_core.package_identification Level 1 _identify(logs/soma_cube_training_20250809_001742/tensorboard) by extension 'python_setup_py'
[0.349s] colcon.colcon_core.package_identification Level 1 _identify(logs/soma_cube_training_20250809_003052) by extensions ['ignore', 'ignore_ament_install']
[0.349s] colcon.colcon_core.package_identification Level 1 _identify(logs/soma_cube_training_20250809_003052) by extension 'ignore'
[0.349s] colcon.colcon_core.package_identification Level 1 _identify(logs/soma_cube_training_20250809_003052) by extension 'ignore_ament_install'
[0.349s] colcon.colcon_core.package_identification Level 1 _identify(logs/soma_cube_training_20250809_003052) by extensions ['colcon_pkg']
[0.350s] colcon.colcon_core.package_identification Level 1 _identify(logs/soma_cube_training_20250809_003052) by extension 'colcon_pkg'
[0.350s] colcon.colcon_core.package_identification Level 1 _identify(logs/soma_cube_training_20250809_003052) by extensions ['colcon_meta']
[0.350s] colcon.colcon_core.package_identification Level 1 _identify(logs/soma_cube_training_20250809_003052) by extension 'colcon_meta'
[0.350s] colcon.colcon_core.package_identification Level 1 _identify(logs/soma_cube_training_20250809_003052) by extensions ['ros']
[0.350s] colcon.colcon_core.package_identification Level 1 _identify(logs/soma_cube_training_20250809_003052) by extension 'ros'
[0.350s] colcon.colcon_core.package_identification Level 1 _identify(logs/soma_cube_training_20250809_003052) by extensions ['cmake', 'python']
[0.350s] colcon.colcon_core.package_identification Level 1 _identify(logs/soma_cube_training_20250809_003052) by extension 'cmake'
[0.350s] colcon.colcon_core.package_identification Level 1 _identify(logs/soma_cube_training_20250809_003052) by extension 'python'
[0.350s] colcon.colcon_core.package_identification Level 1 _identify(logs/soma_cube_training_20250809_003052) by extensions ['python_setup_py']
[0.350s] colcon.colcon_core.package_identification Level 1 _identify(logs/soma_cube_training_20250809_003052) by extension 'python_setup_py'
[0.350s] colcon.colcon_core.package_identification Level 1 _identify(logs/soma_cube_training_20250809_003052/tensorboard) by extensions ['ignore', 'ignore_ament_install']
[0.350s] colcon.colcon_core.package_identification Level 1 _identify(logs/soma_cube_training_20250809_003052/tensorboard) by extension 'ignore'
[0.350s] colcon.colcon_core.package_identification Level 1 _identify(logs/soma_cube_training_20250809_003052/tensorboard) by extension 'ignore_ament_install'
[0.350s] colcon.colcon_core.package_identification Level 1 _identify(logs/soma_cube_training_20250809_003052/tensorboard) by extensions ['colcon_pkg']
[0.350s] colcon.colcon_core.package_identification Level 1 _identify(logs/soma_cube_training_20250809_003052/tensorboard) by extension 'colcon_pkg'
[0.350s] colcon.colcon_core.package_identification Level 1 _identify(logs/soma_cube_training_20250809_003052/tensorboard) by extensions ['colcon_meta']
[0.350s] colcon.colcon_core.package_identification Level 1 _identify(logs/soma_cube_training_20250809_003052/tensorboard) by extension 'colcon_meta'
[0.350s] colcon.colcon_core.package_identification Level 1 _identify(logs/soma_cube_training_20250809_003052/tensorboard) by extensions ['ros']
[0.350s] colcon.colcon_core.package_identification Level 1 _identify(logs/soma_cube_training_20250809_003052/tensorboard) by extension 'ros'
[0.350s] colcon.colcon_core.package_identification Level 1 _identify(logs/soma_cube_training_20250809_003052/tensorboard) by extensions ['cmake', 'python']
[0.350s] colcon.colcon_core.package_identification Level 1 _identify(logs/soma_cube_training_20250809_003052/tensorboard) by extension 'cmake'
[0.350s] colcon.colcon_core.package_identification Level 1 _identify(logs/soma_cube_training_20250809_003052/tensorboard) by extension 'python'
[0.350s] colcon.colcon_core.package_identification Level 1 _identify(logs/soma_cube_training_20250809_003052/tensorboard) by extensions ['python_setup_py']
[0.350s] colcon.colcon_core.package_identification Level 1 _identify(logs/soma_cube_training_20250809_003052/tensorboard) by extension 'python_setup_py'
[0.350s] colcon.colcon_core.package_identification Level 1 _identify(logs/soma_v1_1754642331) by extensions ['ignore', 'ignore_ament_install']
[0.350s] colcon.colcon_core.package_identification Level 1 _identify(logs/soma_v1_1754642331) by extension 'ignore'
[0.350s] colcon.colcon_core.package_identification Level 1 _identify(logs/soma_v1_1754642331) by extension 'ignore_ament_install'
[0.350s] colcon.colcon_core.package_identification Level 1 _identify(logs/soma_v1_1754642331) by extensions ['colcon_pkg']
[0.350s] colcon.colcon_core.package_identification Level 1 _identify(logs/soma_v1_1754642331) by extension 'colcon_pkg'
[0.350s] colcon.colcon_core.package_identification Level 1 _identify(logs/soma_v1_1754642331) by extensions ['colcon_meta']
[0.350s] colcon.colcon_core.package_identification Level 1 _identify(logs/soma_v1_1754642331) by extension 'colcon_meta'
[0.350s] colcon.colcon_core.package_identification Level 1 _identify(logs/soma_v1_1754642331) by extensions ['ros']
[0.350s] colcon.colcon_core.package_identification Level 1 _identify(logs/soma_v1_1754642331) by extension 'ros'
[0.350s] colcon.colcon_core.package_identification Level 1 _identify(logs/soma_v1_1754642331) by extensions ['cmake', 'python']
[0.350s] colcon.colcon_core.package_identification Level 1 _identify(logs/soma_v1_1754642331) by extension 'cmake'
[0.350s] colcon.colcon_core.package_identification Level 1 _identify(logs/soma_v1_1754642331) by extension 'python'
[0.350s] colcon.colcon_core.package_identification Level 1 _identify(logs/soma_v1_1754642331) by extensions ['python_setup_py']
[0.351s] colcon.colcon_core.package_identification Level 1 _identify(logs/soma_v1_1754642331) by extension 'python_setup_py'
[0.351s] colcon.colcon_core.package_identification Level 1 _identify(logs/test_training_1754642529) by extensions ['ignore', 'ignore_ament_install']
[0.351s] colcon.colcon_core.package_identification Level 1 _identify(logs/test_training_1754642529) by extension 'ignore'
[0.351s] colcon.colcon_core.package_identification Level 1 _identify(logs/test_training_1754642529) by extension 'ignore_ament_install'
[0.351s] colcon.colcon_core.package_identification Level 1 _identify(logs/test_training_1754642529) by extensions ['colcon_pkg']
[0.351s] colcon.colcon_core.package_identification Level 1 _identify(logs/test_training_1754642529) by extension 'colcon_pkg'
[0.351s] colcon.colcon_core.package_identification Level 1 _identify(logs/test_training_1754642529) by extensions ['colcon_meta']
[0.351s] colcon.colcon_core.package_identification Level 1 _identify(logs/test_training_1754642529) by extension 'colcon_meta'
[0.351s] colcon.colcon_core.package_identification Level 1 _identify(logs/test_training_1754642529) by extensions ['ros']
[0.351s] colcon.colcon_core.package_identification Level 1 _identify(logs/test_training_1754642529) by extension 'ros'
[0.351s] colcon.colcon_core.package_identification Level 1 _identify(logs/test_training_1754642529) by extensions ['cmake', 'python']
[0.351s] colcon.colcon_core.package_identification Level 1 _identify(logs/test_training_1754642529) by extension 'cmake'
[0.351s] colcon.colcon_core.package_identification Level 1 _identify(logs/test_training_1754642529) by extension 'python'
[0.351s] colcon.colcon_core.package_identification Level 1 _identify(logs/test_training_1754642529) by extensions ['python_setup_py']
[0.351s] colcon.colcon_core.package_identification Level 1 _identify(logs/test_training_1754642529) by extension 'python_setup_py'
[0.351s] colcon.colcon_core.package_identification Level 1 _identify(logs/test_training_small_1754642539) by extensions ['ignore', 'ignore_ament_install']
[0.351s] colcon.colcon_core.package_identification Level 1 _identify(logs/test_training_small_1754642539) by extension 'ignore'
[0.351s] colcon.colcon_core.package_identification Level 1 _identify(logs/test_training_small_1754642539) by extension 'ignore_ament_install'
[0.351s] colcon.colcon_core.package_identification Level 1 _identify(logs/test_training_small_1754642539) by extensions ['colcon_pkg']
[0.351s] colcon.colcon_core.package_identification Level 1 _identify(logs/test_training_small_1754642539) by extension 'colcon_pkg'
[0.351s] colcon.colcon_core.package_identification Level 1 _identify(logs/test_training_small_1754642539) by extensions ['colcon_meta']
[0.351s] colcon.colcon_core.package_identification Level 1 _identify(logs/test_training_small_1754642539) by extension 'colcon_meta'
[0.351s] colcon.colcon_core.package_identification Level 1 _identify(logs/test_training_small_1754642539) by extensions ['ros']
[0.351s] colcon.colcon_core.package_identification Level 1 _identify(logs/test_training_small_1754642539) by extension 'ros'
[0.351s] colcon.colcon_core.package_identification Level 1 _identify(logs/test_training_small_1754642539) by extensions ['cmake', 'python']
[0.351s] colcon.colcon_core.package_identification Level 1 _identify(logs/test_training_small_1754642539) by extension 'cmake'
[0.351s] colcon.colcon_core.package_identification Level 1 _identify(logs/test_training_small_1754642539) by extension 'python'
[0.351s] colcon.colcon_core.package_identification Level 1 _identify(logs/test_training_small_1754642539) by extensions ['python_setup_py']
[0.351s] colcon.colcon_core.package_identification Level 1 _identify(logs/test_training_small_1754642539) by extension 'python_setup_py'
[0.351s] colcon.colcon_core.package_identification Level 1 _identify(logs/test_training_small_1754642539/eval_logs) by extensions ['ignore', 'ignore_ament_install']
[0.351s] colcon.colcon_core.package_identification Level 1 _identify(logs/test_training_small_1754642539/eval_logs) by extension 'ignore'
[0.351s] colcon.colcon_core.package_identification Level 1 _identify(logs/test_training_small_1754642539/eval_logs) by extension 'ignore_ament_install'
[0.351s] colcon.colcon_core.package_identification Level 1 _identify(logs/test_training_small_1754642539/eval_logs) by extensions ['colcon_pkg']
[0.351s] colcon.colcon_core.package_identification Level 1 _identify(logs/test_training_small_1754642539/eval_logs) by extension 'colcon_pkg'
[0.351s] colcon.colcon_core.package_identification Level 1 _identify(logs/test_training_small_1754642539/eval_logs) by extensions ['colcon_meta']
[0.352s] colcon.colcon_core.package_identification Level 1 _identify(logs/test_training_small_1754642539/eval_logs) by extension 'colcon_meta'
[0.352s] colcon.colcon_core.package_identification Level 1 _identify(logs/test_training_small_1754642539/eval_logs) by extensions ['ros']
[0.352s] colcon.colcon_core.package_identification Level 1 _identify(logs/test_training_small_1754642539/eval_logs) by extension 'ros'
[0.352s] colcon.colcon_core.package_identification Level 1 _identify(logs/test_training_small_1754642539/eval_logs) by extensions ['cmake', 'python']
[0.352s] colcon.colcon_core.package_identification Level 1 _identify(logs/test_training_small_1754642539/eval_logs) by extension 'cmake'
[0.352s] colcon.colcon_core.package_identification Level 1 _identify(logs/test_training_small_1754642539/eval_logs) by extension 'python'
[0.352s] colcon.colcon_core.package_identification Level 1 _identify(logs/test_training_small_1754642539/eval_logs) by extensions ['python_setup_py']
[0.352s] colcon.colcon_core.package_identification Level 1 _identify(logs/test_training_small_1754642539/eval_logs) by extension 'python_setup_py'
[0.352s] colcon.colcon_core.package_identification Level 1 _identify(logs/training_integration_test_20250809_115412) by extensions ['ignore', 'ignore_ament_install']
[0.352s] colcon.colcon_core.package_identification Level 1 _identify(logs/training_integration_test_20250809_115412) by extension 'ignore'
[0.352s] colcon.colcon_core.package_identification Level 1 _identify(logs/training_integration_test_20250809_115412) by extension 'ignore_ament_install'
[0.352s] colcon.colcon_core.package_identification Level 1 _identify(logs/training_integration_test_20250809_115412) by extensions ['colcon_pkg']
[0.352s] colcon.colcon_core.package_identification Level 1 _identify(logs/training_integration_test_20250809_115412) by extension 'colcon_pkg'
[0.352s] colcon.colcon_core.package_identification Level 1 _identify(logs/training_integration_test_20250809_115412) by extensions ['colcon_meta']
[0.352s] colcon.colcon_core.package_identification Level 1 _identify(logs/training_integration_test_20250809_115412) by extension 'colcon_meta'
[0.352s] colcon.colcon_core.package_identification Level 1 _identify(logs/training_integration_test_20250809_115412) by extensions ['ros']
[0.352s] colcon.colcon_core.package_identification Level 1 _identify(logs/training_integration_test_20250809_115412) by extension 'ros'
[0.352s] colcon.colcon_core.package_identification Level 1 _identify(logs/training_integration_test_20250809_115412) by extensions ['cmake', 'python']
[0.352s] colcon.colcon_core.package_identification Level 1 _identify(logs/training_integration_test_20250809_115412) by extension 'cmake'
[0.352s] colcon.colcon_core.package_identification Level 1 _identify(logs/training_integration_test_20250809_115412) by extension 'python'
[0.352s] colcon.colcon_core.package_identification Level 1 _identify(logs/training_integration_test_20250809_115412) by extensions ['python_setup_py']
[0.352s] colcon.colcon_core.package_identification Level 1 _identify(logs/training_integration_test_20250809_115412) by extension 'python_setup_py'
[0.352s] colcon.colcon_core.package_identification Level 1 _identify(logs/training_integration_test_20250809_115412/tensorboard) by extensions ['ignore', 'ignore_ament_install']
[0.352s] colcon.colcon_core.package_identification Level 1 _identify(logs/training_integration_test_20250809_115412/tensorboard) by extension 'ignore'
[0.352s] colcon.colcon_core.package_identification Level 1 _identify(logs/training_integration_test_20250809_115412/tensorboard) by extension 'ignore_ament_install'
[0.352s] colcon.colcon_core.package_identification Level 1 _identify(logs/training_integration_test_20250809_115412/tensorboard) by extensions ['colcon_pkg']
[0.352s] colcon.colcon_core.package_identification Level 1 _identify(logs/training_integration_test_20250809_115412/tensorboard) by extension 'colcon_pkg'
[0.352s] colcon.colcon_core.package_identification Level 1 _identify(logs/training_integration_test_20250809_115412/tensorboard) by extensions ['colcon_meta']
[0.352s] colcon.colcon_core.package_identification Level 1 _identify(logs/training_integration_test_20250809_115412/tensorboard) by extension 'colcon_meta'
[0.352s] colcon.colcon_core.package_identification Level 1 _identify(logs/training_integration_test_20250809_115412/tensorboard) by extensions ['ros']
[0.352s] colcon.colcon_core.package_identification Level 1 _identify(logs/training_integration_test_20250809_115412/tensorboard) by extension 'ros'
[0.352s] colcon.colcon_core.package_identification Level 1 _identify(logs/training_integration_test_20250809_115412/tensorboard) by extensions ['cmake', 'python']
[0.352s] colcon.colcon_core.package_identification Level 1 _identify(logs/training_integration_test_20250809_115412/tensorboard) by extension 'cmake'
[0.352s] colcon.colcon_core.package_identification Level 1 _identify(logs/training_integration_test_20250809_115412/tensorboard) by extension 'python'
[0.353s] colcon.colcon_core.package_identification Level 1 _identify(logs/training_integration_test_20250809_115412/tensorboard) by extensions ['python_setup_py']
[0.353s] colcon.colcon_core.package_identification Level 1 _identify(logs/training_integration_test_20250809_115412/tensorboard) by extension 'python_setup_py'
[0.353s] colcon.colcon_core.package_identification Level 1 _identify(models) by extensions ['ignore', 'ignore_ament_install']
[0.353s] colcon.colcon_core.package_identification Level 1 _identify(models) by extension 'ignore'
[0.353s] colcon.colcon_core.package_identification Level 1 _identify(models) by extension 'ignore_ament_install'
[0.353s] colcon.colcon_core.package_identification Level 1 _identify(models) by extensions ['colcon_pkg']
[0.353s] colcon.colcon_core.package_identification Level 1 _identify(models) by extension 'colcon_pkg'
[0.353s] colcon.colcon_core.package_identification Level 1 _identify(models) by extensions ['colcon_meta']
[0.353s] colcon.colcon_core.package_identification Level 1 _identify(models) by extension 'colcon_meta'
[0.353s] colcon.colcon_core.package_identification Level 1 _identify(models) by extensions ['ros']
[0.353s] colcon.colcon_core.package_identification Level 1 _identify(models) by extension 'ros'
[0.353s] colcon.colcon_core.package_identification Level 1 _identify(models) by extensions ['cmake', 'python']
[0.353s] colcon.colcon_core.package_identification Level 1 _identify(models) by extension 'cmake'
[0.353s] colcon.colcon_core.package_identification Level 1 _identify(models) by extension 'python'
[0.353s] colcon.colcon_core.package_identification Level 1 _identify(models) by extensions ['python_setup_py']
[0.353s] colcon.colcon_core.package_identification Level 1 _identify(models) by extension 'python_setup_py'
[0.353s] colcon.colcon_core.package_identification Level 1 _identify(models/best) by extensions ['ignore', 'ignore_ament_install']
[0.353s] colcon.colcon_core.package_identification Level 1 _identify(models/best) by extension 'ignore'
[0.353s] colcon.colcon_core.package_identification Level 1 _identify(models/best) by extension 'ignore_ament_install'
[0.353s] colcon.colcon_core.package_identification Level 1 _identify(models/best) by extensions ['colcon_pkg']
[0.353s] colcon.colcon_core.package_identification Level 1 _identify(models/best) by extension 'colcon_pkg'
[0.353s] colcon.colcon_core.package_identification Level 1 _identify(models/best) by extensions ['colcon_meta']
[0.353s] colcon.colcon_core.package_identification Level 1 _identify(models/best) by extension 'colcon_meta'
[0.353s] colcon.colcon_core.package_identification Level 1 _identify(models/best) by extensions ['ros']
[0.353s] colcon.colcon_core.package_identification Level 1 _identify(models/best) by extension 'ros'
[0.353s] colcon.colcon_core.package_identification Level 1 _identify(models/best) by extensions ['cmake', 'python']
[0.353s] colcon.colcon_core.package_identification Level 1 _identify(models/best) by extension 'cmake'
[0.353s] colcon.colcon_core.package_identification Level 1 _identify(models/best) by extension 'python'
[0.353s] colcon.colcon_core.package_identification Level 1 _identify(models/best) by extensions ['python_setup_py']
[0.353s] colcon.colcon_core.package_identification Level 1 _identify(models/best) by extension 'python_setup_py'
[0.353s] colcon.colcon_core.package_identification Level 1 _identify(models/full_training) by extensions ['ignore', 'ignore_ament_install']
[0.353s] colcon.colcon_core.package_identification Level 1 _identify(models/full_training) by extension 'ignore'
[0.353s] colcon.colcon_core.package_identification Level 1 _identify(models/full_training) by extension 'ignore_ament_install'
[0.353s] colcon.colcon_core.package_identification Level 1 _identify(models/full_training) by extensions ['colcon_pkg']
[0.353s] colcon.colcon_core.package_identification Level 1 _identify(models/full_training) by extension 'colcon_pkg'
[0.354s] colcon.colcon_core.package_identification Level 1 _identify(models/full_training) by extensions ['colcon_meta']
[0.354s] colcon.colcon_core.package_identification Level 1 _identify(models/full_training) by extension 'colcon_meta'
[0.354s] colcon.colcon_core.package_identification Level 1 _identify(models/full_training) by extensions ['ros']
[0.354s] colcon.colcon_core.package_identification Level 1 _identify(models/full_training) by extension 'ros'
[0.354s] colcon.colcon_core.package_identification Level 1 _identify(models/full_training) by extensions ['cmake', 'python']
[0.354s] colcon.colcon_core.package_identification Level 1 _identify(models/full_training) by extension 'cmake'
[0.354s] colcon.colcon_core.package_identification Level 1 _identify(models/full_training) by extension 'python'
[0.354s] colcon.colcon_core.package_identification Level 1 _identify(models/full_training) by extensions ['python_setup_py']
[0.354s] colcon.colcon_core.package_identification Level 1 _identify(models/full_training) by extension 'python_setup_py'
[0.354s] colcon.colcon_core.package_identification Level 1 _identify(models/full_training/best_model) by extensions ['ignore', 'ignore_ament_install']
[0.354s] colcon.colcon_core.package_identification Level 1 _identify(models/full_training/best_model) by extension 'ignore'
[0.354s] colcon.colcon_core.package_identification Level 1 _identify(models/full_training/best_model) by extension 'ignore_ament_install'
[0.354s] colcon.colcon_core.package_identification Level 1 _identify(models/full_training/best_model) by extensions ['colcon_pkg']
[0.354s] colcon.colcon_core.package_identification Level 1 _identify(models/full_training/best_model) by extension 'colcon_pkg'
[0.354s] colcon.colcon_core.package_identification Level 1 _identify(models/full_training/best_model) by extensions ['colcon_meta']
[0.354s] colcon.colcon_core.package_identification Level 1 _identify(models/full_training/best_model) by extension 'colcon_meta'
[0.354s] colcon.colcon_core.package_identification Level 1 _identify(models/full_training/best_model) by extensions ['ros']
[0.354s] colcon.colcon_core.package_identification Level 1 _identify(models/full_training/best_model) by extension 'ros'
[0.354s] colcon.colcon_core.package_identification Level 1 _identify(models/full_training/best_model) by extensions ['cmake', 'python']
[0.354s] colcon.colcon_core.package_identification Level 1 _identify(models/full_training/best_model) by extension 'cmake'
[0.354s] colcon.colcon_core.package_identification Level 1 _identify(models/full_training/best_model) by extension 'python'
[0.354s] colcon.colcon_core.package_identification Level 1 _identify(models/full_training/best_model) by extensions ['python_setup_py']
[0.354s] colcon.colcon_core.package_identification Level 1 _identify(models/full_training/best_model) by extension 'python_setup_py'
[0.354s] colcon.colcon_core.package_identification Level 1 _identify(models/full_training/checkpoints) by extensions ['ignore', 'ignore_ament_install']
[0.355s] colcon.colcon_core.package_identification Level 1 _identify(models/full_training/checkpoints) by extension 'ignore'
[0.355s] colcon.colcon_core.package_identification Level 1 _identify(models/full_training/checkpoints) by extension 'ignore_ament_install'
[0.355s] colcon.colcon_core.package_identification Level 1 _identify(models/full_training/checkpoints) by extensions ['colcon_pkg']
[0.355s] colcon.colcon_core.package_identification Level 1 _identify(models/full_training/checkpoints) by extension 'colcon_pkg'
[0.355s] colcon.colcon_core.package_identification Level 1 _identify(models/full_training/checkpoints) by extensions ['colcon_meta']
[0.355s] colcon.colcon_core.package_identification Level 1 _identify(models/full_training/checkpoints) by extension 'colcon_meta'
[0.355s] colcon.colcon_core.package_identification Level 1 _identify(models/full_training/checkpoints) by extensions ['ros']
[0.355s] colcon.colcon_core.package_identification Level 1 _identify(models/full_training/checkpoints) by extension 'ros'
[0.355s] colcon.colcon_core.package_identification Level 1 _identify(models/full_training/checkpoints) by extensions ['cmake', 'python']
[0.355s] colcon.colcon_core.package_identification Level 1 _identify(models/full_training/checkpoints) by extension 'cmake'
[0.355s] colcon.colcon_core.package_identification Level 1 _identify(models/full_training/checkpoints) by extension 'python'
[0.355s] colcon.colcon_core.package_identification Level 1 _identify(models/full_training/checkpoints) by extensions ['python_setup_py']
[0.355s] colcon.colcon_core.package_identification Level 1 _identify(models/full_training/checkpoints) by extension 'python_setup_py'
[0.355s] colcon.colcon_core.package_identification Level 1 _identify(models/m0609_ppo_20250809_152628) by extensions ['ignore', 'ignore_ament_install']
[0.355s] colcon.colcon_core.package_identification Level 1 _identify(models/m0609_ppo_20250809_152628) by extension 'ignore'
[0.355s] colcon.colcon_core.package_identification Level 1 _identify(models/m0609_ppo_20250809_152628) by extension 'ignore_ament_install'
[0.355s] colcon.colcon_core.package_identification Level 1 _identify(models/m0609_ppo_20250809_152628) by extensions ['colcon_pkg']
[0.355s] colcon.colcon_core.package_identification Level 1 _identify(models/m0609_ppo_20250809_152628) by extension 'colcon_pkg'
[0.355s] colcon.colcon_core.package_identification Level 1 _identify(models/m0609_ppo_20250809_152628) by extensions ['colcon_meta']
[0.355s] colcon.colcon_core.package_identification Level 1 _identify(models/m0609_ppo_20250809_152628) by extension 'colcon_meta'
[0.355s] colcon.colcon_core.package_identification Level 1 _identify(models/m0609_ppo_20250809_152628) by extensions ['ros']
[0.355s] colcon.colcon_core.package_identification Level 1 _identify(models/m0609_ppo_20250809_152628) by extension 'ros'
[0.355s] colcon.colcon_core.package_identification Level 1 _identify(models/m0609_ppo_20250809_152628) by extensions ['cmake', 'python']
[0.355s] colcon.colcon_core.package_identification Level 1 _identify(models/m0609_ppo_20250809_152628) by extension 'cmake'
[0.355s] colcon.colcon_core.package_identification Level 1 _identify(models/m0609_ppo_20250809_152628) by extension 'python'
[0.355s] colcon.colcon_core.package_identification Level 1 _identify(models/m0609_ppo_20250809_152628) by extensions ['python_setup_py']
[0.355s] colcon.colcon_core.package_identification Level 1 _identify(models/m0609_ppo_20250809_152628) by extension 'python_setup_py'
[0.355s] colcon.colcon_core.package_identification Level 1 _identify(models/new_training) by extensions ['ignore', 'ignore_ament_install']
[0.355s] colcon.colcon_core.package_identification Level 1 _identify(models/new_training) by extension 'ignore'
[0.355s] colcon.colcon_core.package_identification Level 1 _identify(models/new_training) by extension 'ignore_ament_install'
[0.355s] colcon.colcon_core.package_identification Level 1 _identify(models/new_training) by extensions ['colcon_pkg']
[0.355s] colcon.colcon_core.package_identification Level 1 _identify(models/new_training) by extension 'colcon_pkg'
[0.355s] colcon.colcon_core.package_identification Level 1 _identify(models/new_training) by extensions ['colcon_meta']
[0.355s] colcon.colcon_core.package_identification Level 1 _identify(models/new_training) by extension 'colcon_meta'
[0.355s] colcon.colcon_core.package_identification Level 1 _identify(models/new_training) by extensions ['ros']
[0.355s] colcon.colcon_core.package_identification Level 1 _identify(models/new_training) by extension 'ros'
[0.356s] colcon.colcon_core.package_identification Level 1 _identify(models/new_training) by extensions ['cmake', 'python']
[0.356s] colcon.colcon_core.package_identification Level 1 _identify(models/new_training) by extension 'cmake'
[0.356s] colcon.colcon_core.package_identification Level 1 _identify(models/new_training) by extension 'python'
[0.356s] colcon.colcon_core.package_identification Level 1 _identify(models/new_training) by extensions ['python_setup_py']
[0.356s] colcon.colcon_core.package_identification Level 1 _identify(models/new_training) by extension 'python_setup_py'
[0.356s] colcon.colcon_core.package_identification Level 1 _identify(models/new_training/tensorboard_logs) by extensions ['ignore', 'ignore_ament_install']
[0.356s] colcon.colcon_core.package_identification Level 1 _identify(models/new_training/tensorboard_logs) by extension 'ignore'
[0.356s] colcon.colcon_core.package_identification Level 1 _identify(models/new_training/tensorboard_logs) by extension 'ignore_ament_install'
[0.356s] colcon.colcon_core.package_identification Level 1 _identify(models/new_training/tensorboard_logs) by extensions ['colcon_pkg']
[0.356s] colcon.colcon_core.package_identification Level 1 _identify(models/new_training/tensorboard_logs) by extension 'colcon_pkg'
[0.356s] colcon.colcon_core.package_identification Level 1 _identify(models/new_training/tensorboard_logs) by extensions ['colcon_meta']
[0.356s] colcon.colcon_core.package_identification Level 1 _identify(models/new_training/tensorboard_logs) by extension 'colcon_meta'
[0.356s] colcon.colcon_core.package_identification Level 1 _identify(models/new_training/tensorboard_logs) by extensions ['ros']
[0.356s] colcon.colcon_core.package_identification Level 1 _identify(models/new_training/tensorboard_logs) by extension 'ros'
[0.356s] colcon.colcon_core.package_identification Level 1 _identify(models/new_training/tensorboard_logs) by extensions ['cmake', 'python']
[0.356s] colcon.colcon_core.package_identification Level 1 _identify(models/new_training/tensorboard_logs) by extension 'cmake'
[0.356s] colcon.colcon_core.package_identification Level 1 _identify(models/new_training/tensorboard_logs) by extension 'python'
[0.356s] colcon.colcon_core.package_identification Level 1 _identify(models/new_training/tensorboard_logs) by extensions ['python_setup_py']
[0.356s] colcon.colcon_core.package_identification Level 1 _identify(models/new_training/tensorboard_logs) by extension 'python_setup_py'
[0.356s] colcon.colcon_core.package_identification Level 1 _identify(models/new_training/tensorboard_logs/PPO_1) by extensions ['ignore', 'ignore_ament_install']
[0.356s] colcon.colcon_core.package_identification Level 1 _identify(models/new_training/tensorboard_logs/PPO_1) by extension 'ignore'
[0.356s] colcon.colcon_core.package_identification Level 1 _identify(models/new_training/tensorboard_logs/PPO_1) by extension 'ignore_ament_install'
[0.356s] colcon.colcon_core.package_identification Level 1 _identify(models/new_training/tensorboard_logs/PPO_1) by extensions ['colcon_pkg']
[0.356s] colcon.colcon_core.package_identification Level 1 _identify(models/new_training/tensorboard_logs/PPO_1) by extension 'colcon_pkg'
[0.356s] colcon.colcon_core.package_identification Level 1 _identify(models/new_training/tensorboard_logs/PPO_1) by extensions ['colcon_meta']
[0.356s] colcon.colcon_core.package_identification Level 1 _identify(models/new_training/tensorboard_logs/PPO_1) by extension 'colcon_meta'
[0.356s] colcon.colcon_core.package_identification Level 1 _identify(models/new_training/tensorboard_logs/PPO_1) by extensions ['ros']
[0.356s] colcon.colcon_core.package_identification Level 1 _identify(models/new_training/tensorboard_logs/PPO_1) by extension 'ros'
[0.356s] colcon.colcon_core.package_identification Level 1 _identify(models/new_training/tensorboard_logs/PPO_1) by extensions ['cmake', 'python']
[0.356s] colcon.colcon_core.package_identification Level 1 _identify(models/new_training/tensorboard_logs/PPO_1) by extension 'cmake'
[0.356s] colcon.colcon_core.package_identification Level 1 _identify(models/new_training/tensorboard_logs/PPO_1) by extension 'python'
[0.356s] colcon.colcon_core.package_identification Level 1 _identify(models/new_training/tensorboard_logs/PPO_1) by extensions ['python_setup_py']
[0.356s] colcon.colcon_core.package_identification Level 1 _identify(models/new_training/tensorboard_logs/PPO_1) by extension 'python_setup_py'
[0.356s] colcon.colcon_core.package_identification Level 1 _identify(models/new_training/tensorboard_logs/PPO_2) by extensions ['ignore', 'ignore_ament_install']
[0.356s] colcon.colcon_core.package_identification Level 1 _identify(models/new_training/tensorboard_logs/PPO_2) by extension 'ignore'
[0.357s] colcon.colcon_core.package_identification Level 1 _identify(models/new_training/tensorboard_logs/PPO_2) by extension 'ignore_ament_install'
[0.357s] colcon.colcon_core.package_identification Level 1 _identify(models/new_training/tensorboard_logs/PPO_2) by extensions ['colcon_pkg']
[0.357s] colcon.colcon_core.package_identification Level 1 _identify(models/new_training/tensorboard_logs/PPO_2) by extension 'colcon_pkg'
[0.357s] colcon.colcon_core.package_identification Level 1 _identify(models/new_training/tensorboard_logs/PPO_2) by extensions ['colcon_meta']
[0.357s] colcon.colcon_core.package_identification Level 1 _identify(models/new_training/tensorboard_logs/PPO_2) by extension 'colcon_meta'
[0.357s] colcon.colcon_core.package_identification Level 1 _identify(models/new_training/tensorboard_logs/PPO_2) by extensions ['ros']
[0.357s] colcon.colcon_core.package_identification Level 1 _identify(models/new_training/tensorboard_logs/PPO_2) by extension 'ros'
[0.357s] colcon.colcon_core.package_identification Level 1 _identify(models/new_training/tensorboard_logs/PPO_2) by extensions ['cmake', 'python']
[0.357s] colcon.colcon_core.package_identification Level 1 _identify(models/new_training/tensorboard_logs/PPO_2) by extension 'cmake'
[0.357s] colcon.colcon_core.package_identification Level 1 _identify(models/new_training/tensorboard_logs/PPO_2) by extension 'python'
[0.357s] colcon.colcon_core.package_identification Level 1 _identify(models/new_training/tensorboard_logs/PPO_2) by extensions ['python_setup_py']
[0.357s] colcon.colcon_core.package_identification Level 1 _identify(models/new_training/tensorboard_logs/PPO_2) by extension 'python_setup_py'
[0.357s] colcon.colcon_core.package_identification Level 1 _identify(models/new_training/tensorboard_logs/PPO_3) by extensions ['ignore', 'ignore_ament_install']
[0.357s] colcon.colcon_core.package_identification Level 1 _identify(models/new_training/tensorboard_logs/PPO_3) by extension 'ignore'
[0.357s] colcon.colcon_core.package_identification Level 1 _identify(models/new_training/tensorboard_logs/PPO_3) by extension 'ignore_ament_install'
[0.357s] colcon.colcon_core.package_identification Level 1 _identify(models/new_training/tensorboard_logs/PPO_3) by extensions ['colcon_pkg']
[0.357s] colcon.colcon_core.package_identification Level 1 _identify(models/new_training/tensorboard_logs/PPO_3) by extension 'colcon_pkg'
[0.357s] colcon.colcon_core.package_identification Level 1 _identify(models/new_training/tensorboard_logs/PPO_3) by extensions ['colcon_meta']
[0.357s] colcon.colcon_core.package_identification Level 1 _identify(models/new_training/tensorboard_logs/PPO_3) by extension 'colcon_meta'
[0.357s] colcon.colcon_core.package_identification Level 1 _identify(models/new_training/tensorboard_logs/PPO_3) by extensions ['ros']
[0.357s] colcon.colcon_core.package_identification Level 1 _identify(models/new_training/tensorboard_logs/PPO_3) by extension 'ros'
[0.357s] colcon.colcon_core.package_identification Level 1 _identify(models/new_training/tensorboard_logs/PPO_3) by extensions ['cmake', 'python']
[0.357s] colcon.colcon_core.package_identification Level 1 _identify(models/new_training/tensorboard_logs/PPO_3) by extension 'cmake'
[0.357s] colcon.colcon_core.package_identification Level 1 _identify(models/new_training/tensorboard_logs/PPO_3) by extension 'python'
[0.357s] colcon.colcon_core.package_identification Level 1 _identify(models/new_training/tensorboard_logs/PPO_3) by extensions ['python_setup_py']
[0.357s] colcon.colcon_core.package_identification Level 1 _identify(models/new_training/tensorboard_logs/PPO_3) by extension 'python_setup_py'
[0.357s] colcon.colcon_core.package_identification Level 1 _identify(models/production) by extensions ['ignore', 'ignore_ament_install']
[0.357s] colcon.colcon_core.package_identification Level 1 _identify(models/production) by extension 'ignore'
[0.357s] colcon.colcon_core.package_identification Level 1 _identify(models/production) by extension 'ignore_ament_install'
[0.357s] colcon.colcon_core.package_identification Level 1 _identify(models/production) by extensions ['colcon_pkg']
[0.357s] colcon.colcon_core.package_identification Level 1 _identify(models/production) by extension 'colcon_pkg'
[0.357s] colcon.colcon_core.package_identification Level 1 _identify(models/production) by extensions ['colcon_meta']
[0.357s] colcon.colcon_core.package_identification Level 1 _identify(models/production) by extension 'colcon_meta'
[0.357s] colcon.colcon_core.package_identification Level 1 _identify(models/production) by extensions ['ros']
[0.357s] colcon.colcon_core.package_identification Level 1 _identify(models/production) by extension 'ros'
[0.357s] colcon.colcon_core.package_identification Level 1 _identify(models/production) by extensions ['cmake', 'python']
[0.357s] colcon.colcon_core.package_identification Level 1 _identify(models/production) by extension 'cmake'
[0.358s] colcon.colcon_core.package_identification Level 1 _identify(models/production) by extension 'python'
[0.358s] colcon.colcon_core.package_identification Level 1 _identify(models/production) by extensions ['python_setup_py']
[0.358s] colcon.colcon_core.package_identification Level 1 _identify(models/production) by extension 'python_setup_py'
[0.358s] colcon.colcon_core.package_identification Level 1 _identify(models/production_simple) by extensions ['ignore', 'ignore_ament_install']
[0.358s] colcon.colcon_core.package_identification Level 1 _identify(models/production_simple) by extension 'ignore'
[0.358s] colcon.colcon_core.package_identification Level 1 _identify(models/production_simple) by extension 'ignore_ament_install'
[0.358s] colcon.colcon_core.package_identification Level 1 _identify(models/production_simple) by extensions ['colcon_pkg']
[0.358s] colcon.colcon_core.package_identification Level 1 _identify(models/production_simple) by extension 'colcon_pkg'
[0.358s] colcon.colcon_core.package_identification Level 1 _identify(models/production_simple) by extensions ['colcon_meta']
[0.358s] colcon.colcon_core.package_identification Level 1 _identify(models/production_simple) by extension 'colcon_meta'
[0.358s] colcon.colcon_core.package_identification Level 1 _identify(models/production_simple) by extensions ['ros']
[0.358s] colcon.colcon_core.package_identification Level 1 _identify(models/production_simple) by extension 'ros'
[0.358s] colcon.colcon_core.package_identification Level 1 _identify(models/production_simple) by extensions ['cmake', 'python']
[0.358s] colcon.colcon_core.package_identification Level 1 _identify(models/production_simple) by extension 'cmake'
[0.358s] colcon.colcon_core.package_identification Level 1 _identify(models/production_simple) by extension 'python'
[0.358s] colcon.colcon_core.package_identification Level 1 _identify(models/production_simple) by extensions ['python_setup_py']
[0.358s] colcon.colcon_core.package_identification Level 1 _identify(models/production_simple) by extension 'python_setup_py'
[0.358s] colcon.colcon_core.package_identification Level 1 _identify(models/production_simple/best_model) by extensions ['ignore', 'ignore_ament_install']
[0.358s] colcon.colcon_core.package_identification Level 1 _identify(models/production_simple/best_model) by extension 'ignore'
[0.358s] colcon.colcon_core.package_identification Level 1 _identify(models/production_simple/best_model) by extension 'ignore_ament_install'
[0.358s] colcon.colcon_core.package_identification Level 1 _identify(models/production_simple/best_model) by extensions ['colcon_pkg']
[0.358s] colcon.colcon_core.package_identification Level 1 _identify(models/production_simple/best_model) by extension 'colcon_pkg'
[0.358s] colcon.colcon_core.package_identification Level 1 _identify(models/production_simple/best_model) by extensions ['colcon_meta']
[0.358s] colcon.colcon_core.package_identification Level 1 _identify(models/production_simple/best_model) by extension 'colcon_meta'
[0.358s] colcon.colcon_core.package_identification Level 1 _identify(models/production_simple/best_model) by extensions ['ros']
[0.358s] colcon.colcon_core.package_identification Level 1 _identify(models/production_simple/best_model) by extension 'ros'
[0.358s] colcon.colcon_core.package_identification Level 1 _identify(models/production_simple/best_model) by extensions ['cmake', 'python']
[0.358s] colcon.colcon_core.package_identification Level 1 _identify(models/production_simple/best_model) by extension 'cmake'
[0.358s] colcon.colcon_core.package_identification Level 1 _identify(models/production_simple/best_model) by extension 'python'
[0.358s] colcon.colcon_core.package_identification Level 1 _identify(models/production_simple/best_model) by extensions ['python_setup_py']
[0.358s] colcon.colcon_core.package_identification Level 1 _identify(models/production_simple/best_model) by extension 'python_setup_py'
[0.358s] colcon.colcon_core.package_identification Level 1 _identify(models/production_simple/checkpoints) by extensions ['ignore', 'ignore_ament_install']
[0.358s] colcon.colcon_core.package_identification Level 1 _identify(models/production_simple/checkpoints) by extension 'ignore'
[0.359s] colcon.colcon_core.package_identification Level 1 _identify(models/production_simple/checkpoints) by extension 'ignore_ament_install'
[0.359s] colcon.colcon_core.package_identification Level 1 _identify(models/production_simple/checkpoints) by extensions ['colcon_pkg']
[0.359s] colcon.colcon_core.package_identification Level 1 _identify(models/production_simple/checkpoints) by extension 'colcon_pkg'
[0.359s] colcon.colcon_core.package_identification Level 1 _identify(models/production_simple/checkpoints) by extensions ['colcon_meta']
[0.359s] colcon.colcon_core.package_identification Level 1 _identify(models/production_simple/checkpoints) by extension 'colcon_meta'
[0.359s] colcon.colcon_core.package_identification Level 1 _identify(models/production_simple/checkpoints) by extensions ['ros']
[0.359s] colcon.colcon_core.package_identification Level 1 _identify(models/production_simple/checkpoints) by extension 'ros'
[0.359s] colcon.colcon_core.package_identification Level 1 _identify(models/production_simple/checkpoints) by extensions ['cmake', 'python']
[0.359s] colcon.colcon_core.package_identification Level 1 _identify(models/production_simple/checkpoints) by extension 'cmake'
[0.359s] colcon.colcon_core.package_identification Level 1 _identify(models/production_simple/checkpoints) by extension 'python'
[0.359s] colcon.colcon_core.package_identification Level 1 _identify(models/production_simple/checkpoints) by extensions ['python_setup_py']
[0.359s] colcon.colcon_core.package_identification Level 1 _identify(models/production_simple/checkpoints) by extension 'python_setup_py'
[0.359s] colcon.colcon_core.package_identification Level 1 _identify(models/production_test) by extensions ['ignore', 'ignore_ament_install']
[0.359s] colcon.colcon_core.package_identification Level 1 _identify(models/production_test) by extension 'ignore'
[0.359s] colcon.colcon_core.package_identification Level 1 _identify(models/production_test) by extension 'ignore_ament_install'
[0.359s] colcon.colcon_core.package_identification Level 1 _identify(models/production_test) by extensions ['colcon_pkg']
[0.359s] colcon.colcon_core.package_identification Level 1 _identify(models/production_test) by extension 'colcon_pkg'
[0.359s] colcon.colcon_core.package_identification Level 1 _identify(models/production_test) by extensions ['colcon_meta']
[0.359s] colcon.colcon_core.package_identification Level 1 _identify(models/production_test) by extension 'colcon_meta'
[0.359s] colcon.colcon_core.package_identification Level 1 _identify(models/production_test) by extensions ['ros']
[0.359s] colcon.colcon_core.package_identification Level 1 _identify(models/production_test) by extension 'ros'
[0.359s] colcon.colcon_core.package_identification Level 1 _identify(models/production_test) by extensions ['cmake', 'python']
[0.359s] colcon.colcon_core.package_identification Level 1 _identify(models/production_test) by extension 'cmake'
[0.359s] colcon.colcon_core.package_identification Level 1 _identify(models/production_test) by extension 'python'
[0.359s] colcon.colcon_core.package_identification Level 1 _identify(models/production_test) by extensions ['python_setup_py']
[0.359s] colcon.colcon_core.package_identification Level 1 _identify(models/production_test) by extension 'python_setup_py'
[0.360s] colcon.colcon_core.package_identification Level 1 _identify(models/production_test/best_model) by extensions ['ignore', 'ignore_ament_install']
[0.360s] colcon.colcon_core.package_identification Level 1 _identify(models/production_test/best_model) by extension 'ignore'
[0.360s] colcon.colcon_core.package_identification Level 1 _identify(models/production_test/best_model) by extension 'ignore_ament_install'
[0.360s] colcon.colcon_core.package_identification Level 1 _identify(models/production_test/best_model) by extensions ['colcon_pkg']
[0.360s] colcon.colcon_core.package_identification Level 1 _identify(models/production_test/best_model) by extension 'colcon_pkg'
[0.360s] colcon.colcon_core.package_identification Level 1 _identify(models/production_test/best_model) by extensions ['colcon_meta']
[0.360s] colcon.colcon_core.package_identification Level 1 _identify(models/production_test/best_model) by extension 'colcon_meta'
[0.360s] colcon.colcon_core.package_identification Level 1 _identify(models/production_test/best_model) by extensions ['ros']
[0.360s] colcon.colcon_core.package_identification Level 1 _identify(models/production_test/best_model) by extension 'ros'
[0.360s] colcon.colcon_core.package_identification Level 1 _identify(models/production_test/best_model) by extensions ['cmake', 'python']
[0.360s] colcon.colcon_core.package_identification Level 1 _identify(models/production_test/best_model) by extension 'cmake'
[0.360s] colcon.colcon_core.package_identification Level 1 _identify(models/production_test/best_model) by extension 'python'
[0.360s] colcon.colcon_core.package_identification Level 1 _identify(models/production_test/best_model) by extensions ['python_setup_py']
[0.360s] colcon.colcon_core.package_identification Level 1 _identify(models/production_test/best_model) by extension 'python_setup_py'
[0.360s] colcon.colcon_core.package_identification Level 1 _identify(models/production_test/checkpoints) by extensions ['ignore', 'ignore_ament_install']
[0.360s] colcon.colcon_core.package_identification Level 1 _identify(models/production_test/checkpoints) by extension 'ignore'
[0.360s] colcon.colcon_core.package_identification Level 1 _identify(models/production_test/checkpoints) by extension 'ignore_ament_install'
[0.360s] colcon.colcon_core.package_identification Level 1 _identify(models/production_test/checkpoints) by extensions ['colcon_pkg']
[0.360s] colcon.colcon_core.package_identification Level 1 _identify(models/production_test/checkpoints) by extension 'colcon_pkg'
[0.360s] colcon.colcon_core.package_identification Level 1 _identify(models/production_test/checkpoints) by extensions ['colcon_meta']
[0.360s] colcon.colcon_core.package_identification Level 1 _identify(models/production_test/checkpoints) by extension 'colcon_meta'
[0.360s] colcon.colcon_core.package_identification Level 1 _identify(models/production_test/checkpoints) by extensions ['ros']
[0.360s] colcon.colcon_core.package_identification Level 1 _identify(models/production_test/checkpoints) by extension 'ros'
[0.360s] colcon.colcon_core.package_identification Level 1 _identify(models/production_test/checkpoints) by extensions ['cmake', 'python']
[0.360s] colcon.colcon_core.package_identification Level 1 _identify(models/production_test/checkpoints) by extension 'cmake'
[0.360s] colcon.colcon_core.package_identification Level 1 _identify(models/production_test/checkpoints) by extension 'python'
[0.360s] colcon.colcon_core.package_identification Level 1 _identify(models/production_test/checkpoints) by extensions ['python_setup_py']
[0.360s] colcon.colcon_core.package_identification Level 1 _identify(models/production_test/checkpoints) by extension 'python_setup_py'
[0.360s] colcon.colcon_core.package_identification Level 1 _identify(models/soma_v1) by extensions ['ignore', 'ignore_ament_install']
[0.360s] colcon.colcon_core.package_identification Level 1 _identify(models/soma_v1) by extension 'ignore'
[0.360s] colcon.colcon_core.package_identification Level 1 _identify(models/soma_v1) by extension 'ignore_ament_install'
[0.360s] colcon.colcon_core.package_identification Level 1 _identify(models/soma_v1) by extensions ['colcon_pkg']
[0.360s] colcon.colcon_core.package_identification Level 1 _identify(models/soma_v1) by extension 'colcon_pkg'
[0.360s] colcon.colcon_core.package_identification Level 1 _identify(models/soma_v1) by extensions ['colcon_meta']
[0.361s] colcon.colcon_core.package_identification Level 1 _identify(models/soma_v1) by extension 'colcon_meta'
[0.361s] colcon.colcon_core.package_identification Level 1 _identify(models/soma_v1) by extensions ['ros']
[0.361s] colcon.colcon_core.package_identification Level 1 _identify(models/soma_v1) by extension 'ros'
[0.361s] colcon.colcon_core.package_identification Level 1 _identify(models/soma_v1) by extensions ['cmake', 'python']
[0.361s] colcon.colcon_core.package_identification Level 1 _identify(models/soma_v1) by extension 'cmake'
[0.361s] colcon.colcon_core.package_identification Level 1 _identify(models/soma_v1) by extension 'python'
[0.361s] colcon.colcon_core.package_identification Level 1 _identify(models/soma_v1) by extensions ['python_setup_py']
[0.361s] colcon.colcon_core.package_identification Level 1 _identify(models/soma_v1) by extension 'python_setup_py'
[0.361s] colcon.colcon_core.package_identification Level 1 _identify(models/test_training) by extensions ['ignore', 'ignore_ament_install']
[0.361s] colcon.colcon_core.package_identification Level 1 _identify(models/test_training) by extension 'ignore'
[0.361s] colcon.colcon_core.package_identification Level 1 _identify(models/test_training) by extension 'ignore_ament_install'
[0.361s] colcon.colcon_core.package_identification Level 1 _identify(models/test_training) by extensions ['colcon_pkg']
[0.361s] colcon.colcon_core.package_identification Level 1 _identify(models/test_training) by extension 'colcon_pkg'
[0.361s] colcon.colcon_core.package_identification Level 1 _identify(models/test_training) by extensions ['colcon_meta']
[0.361s] colcon.colcon_core.package_identification Level 1 _identify(models/test_training) by extension 'colcon_meta'
[0.361s] colcon.colcon_core.package_identification Level 1 _identify(models/test_training) by extensions ['ros']
[0.361s] colcon.colcon_core.package_identification Level 1 _identify(models/test_training) by extension 'ros'
[0.361s] colcon.colcon_core.package_identification Level 1 _identify(models/test_training) by extensions ['cmake', 'python']
[0.361s] colcon.colcon_core.package_identification Level 1 _identify(models/test_training) by extension 'cmake'
[0.361s] colcon.colcon_core.package_identification Level 1 _identify(models/test_training) by extension 'python'
[0.361s] colcon.colcon_core.package_identification Level 1 _identify(models/test_training) by extensions ['python_setup_py']
[0.361s] colcon.colcon_core.package_identification Level 1 _identify(models/test_training) by extension 'python_setup_py'
[0.361s] colcon.colcon_core.package_identification Level 1 _identify(models/test_training_small) by extensions ['ignore', 'ignore_ament_install']
[0.361s] colcon.colcon_core.package_identification Level 1 _identify(models/test_training_small) by extension 'ignore'
[0.361s] colcon.colcon_core.package_identification Level 1 _identify(models/test_training_small) by extension 'ignore_ament_install'
[0.361s] colcon.colcon_core.package_identification Level 1 _identify(models/test_training_small) by extensions ['colcon_pkg']
[0.361s] colcon.colcon_core.package_identification Level 1 _identify(models/test_training_small) by extension 'colcon_pkg'
[0.361s] colcon.colcon_core.package_identification Level 1 _identify(models/test_training_small) by extensions ['colcon_meta']
[0.361s] colcon.colcon_core.package_identification Level 1 _identify(models/test_training_small) by extension 'colcon_meta'
[0.361s] colcon.colcon_core.package_identification Level 1 _identify(models/test_training_small) by extensions ['ros']
[0.361s] colcon.colcon_core.package_identification Level 1 _identify(models/test_training_small) by extension 'ros'
[0.361s] colcon.colcon_core.package_identification Level 1 _identify(models/test_training_small) by extensions ['cmake', 'python']
[0.361s] colcon.colcon_core.package_identification Level 1 _identify(models/test_training_small) by extension 'cmake'
[0.361s] colcon.colcon_core.package_identification Level 1 _identify(models/test_training_small) by extension 'python'
[0.361s] colcon.colcon_core.package_identification Level 1 _identify(models/test_training_small) by extensions ['python_setup_py']
[0.361s] colcon.colcon_core.package_identification Level 1 _identify(models/test_training_small) by extension 'python_setup_py'
[0.362s] colcon.colcon_core.package_identification Level 1 _identify(models/test_training_small/best_model) by extensions ['ignore', 'ignore_ament_install']
[0.362s] colcon.colcon_core.package_identification Level 1 _identify(models/test_training_small/best_model) by extension 'ignore'
[0.362s] colcon.colcon_core.package_identification Level 1 _identify(models/test_training_small/best_model) by extension 'ignore_ament_install'
[0.362s] colcon.colcon_core.package_identification Level 1 _identify(models/test_training_small/best_model) by extensions ['colcon_pkg']
[0.362s] colcon.colcon_core.package_identification Level 1 _identify(models/test_training_small/best_model) by extension 'colcon_pkg'
[0.362s] colcon.colcon_core.package_identification Level 1 _identify(models/test_training_small/best_model) by extensions ['colcon_meta']
[0.362s] colcon.colcon_core.package_identification Level 1 _identify(models/test_training_small/best_model) by extension 'colcon_meta'
[0.362s] colcon.colcon_core.package_identification Level 1 _identify(models/test_training_small/best_model) by extensions ['ros']
[0.362s] colcon.colcon_core.package_identification Level 1 _identify(models/test_training_small/best_model) by extension 'ros'
[0.362s] colcon.colcon_core.package_identification Level 1 _identify(models/test_training_small/best_model) by extensions ['cmake', 'python']
[0.362s] colcon.colcon_core.package_identification Level 1 _identify(models/test_training_small/best_model) by extension 'cmake'
[0.362s] colcon.colcon_core.package_identification Level 1 _identify(models/test_training_small/best_model) by extension 'python'
[0.362s] colcon.colcon_core.package_identification Level 1 _identify(models/test_training_small/best_model) by extensions ['python_setup_py']
[0.362s] colcon.colcon_core.package_identification Level 1 _identify(models/test_training_small/best_model) by extension 'python_setup_py'
[0.362s] colcon.colcon_core.package_identification Level 1 _identify(models/test_training_small/checkpoints) by extensions ['ignore', 'ignore_ament_install']
[0.362s] colcon.colcon_core.package_identification Level 1 _identify(models/test_training_small/checkpoints) by extension 'ignore'
[0.362s] colcon.colcon_core.package_identification Level 1 _identify(models/test_training_small/checkpoints) by extension 'ignore_ament_install'
[0.362s] colcon.colcon_core.package_identification Level 1 _identify(models/test_training_small/checkpoints) by extensions ['colcon_pkg']
[0.362s] colcon.colcon_core.package_identification Level 1 _identify(models/test_training_small/checkpoints) by extension 'colcon_pkg'
[0.362s] colcon.colcon_core.package_identification Level 1 _identify(models/test_training_small/checkpoints) by extensions ['colcon_meta']
[0.362s] colcon.colcon_core.package_identification Level 1 _identify(models/test_training_small/checkpoints) by extension 'colcon_meta'
[0.362s] colcon.colcon_core.package_identification Level 1 _identify(models/test_training_small/checkpoints) by extensions ['ros']
[0.362s] colcon.colcon_core.package_identification Level 1 _identify(models/test_training_small/checkpoints) by extension 'ros'
[0.362s] colcon.colcon_core.package_identification Level 1 _identify(models/test_training_small/checkpoints) by extensions ['cmake', 'python']
[0.362s] colcon.colcon_core.package_identification Level 1 _identify(models/test_training_small/checkpoints) by extension 'cmake'
[0.362s] colcon.colcon_core.package_identification Level 1 _identify(models/test_training_small/checkpoints) by extension 'python'
[0.362s] colcon.colcon_core.package_identification Level 1 _identify(models/test_training_small/checkpoints) by extensions ['python_setup_py']
[0.362s] colcon.colcon_core.package_identification Level 1 _identify(models/test_training_small/checkpoints) by extension 'python_setup_py'
[0.362s] colcon.colcon_core.package_identification Level 1 _identify(paper) by extensions ['ignore', 'ignore_ament_install']
[0.362s] colcon.colcon_core.package_identification Level 1 _identify(paper) by extension 'ignore'
[0.362s] colcon.colcon_core.package_identification Level 1 _identify(paper) by extension 'ignore_ament_install'
[0.362s] colcon.colcon_core.package_identification Level 1 _identify(paper) by extensions ['colcon_pkg']
[0.362s] colcon.colcon_core.package_identification Level 1 _identify(paper) by extension 'colcon_pkg'
[0.362s] colcon.colcon_core.package_identification Level 1 _identify(paper) by extensions ['colcon_meta']
[0.363s] colcon.colcon_core.package_identification Level 1 _identify(paper) by extension 'colcon_meta'
[0.363s] colcon.colcon_core.package_identification Level 1 _identify(paper) by extensions ['ros']
[0.363s] colcon.colcon_core.package_identification Level 1 _identify(paper) by extension 'ros'
[0.363s] colcon.colcon_core.package_identification Level 1 _identify(paper) by extensions ['cmake', 'python']
[0.363s] colcon.colcon_core.package_identification Level 1 _identify(paper) by extension 'cmake'
[0.363s] colcon.colcon_core.package_identification Level 1 _identify(paper) by extension 'python'
[0.363s] colcon.colcon_core.package_identification Level 1 _identify(paper) by extensions ['python_setup_py']
[0.363s] colcon.colcon_core.package_identification Level 1 _identify(paper) by extension 'python_setup_py'
[0.363s] colcon.colcon_core.package_identification Level 1 _identify(src) by extensions ['ignore', 'ignore_ament_install']
[0.363s] colcon.colcon_core.package_identification Level 1 _identify(src) by extension 'ignore'
[0.363s] colcon.colcon_core.package_identification Level 1 _identify(src) by extension 'ignore_ament_install'
[0.363s] colcon.colcon_core.package_identification Level 1 _identify(src) by extensions ['colcon_pkg']
[0.363s] colcon.colcon_core.package_identification Level 1 _identify(src) by extension 'colcon_pkg'
[0.363s] colcon.colcon_core.package_identification Level 1 _identify(src) by extensions ['colcon_meta']
[0.363s] colcon.colcon_core.package_identification Level 1 _identify(src) by extension 'colcon_meta'
[0.363s] colcon.colcon_core.package_identification Level 1 _identify(src) by extensions ['ros']
[0.363s] colcon.colcon_core.package_identification Level 1 _identify(src) by extension 'ros'
[0.363s] colcon.colcon_core.package_identification Level 1 _identify(src) by extensions ['cmake', 'python']
[0.363s] colcon.colcon_core.package_identification Level 1 _identify(src) by extension 'cmake'
[0.363s] colcon.colcon_core.package_identification Level 1 _identify(src) by extension 'python'
[0.363s] colcon.colcon_core.package_identification Level 1 _identify(src) by extensions ['python_setup_py']
[0.363s] colcon.colcon_core.package_identification Level 1 _identify(src) by extension 'python_setup_py'
[0.363s] colcon.colcon_core.package_identification Level 1 _identify(src/DoosanBootcamp3rd) by extensions ['ignore', 'ignore_ament_install']
[0.363s] colcon.colcon_core.package_identification Level 1 _identify(src/DoosanBootcamp3rd) by extension 'ignore'
[0.363s] colcon.colcon_core.package_identification Level 1 _identify(src/DoosanBootcamp3rd) by extension 'ignore_ament_install'
[0.363s] colcon.colcon_core.package_identification Level 1 _identify(src/DoosanBootcamp3rd) by extensions ['colcon_pkg']
[0.363s] colcon.colcon_core.package_identification Level 1 _identify(src/DoosanBootcamp3rd) by extension 'colcon_pkg'
[0.363s] colcon.colcon_core.package_identification Level 1 _identify(src/DoosanBootcamp3rd) by extensions ['colcon_meta']
[0.363s] colcon.colcon_core.package_identification Level 1 _identify(src/DoosanBootcamp3rd) by extension 'colcon_meta'
[0.363s] colcon.colcon_core.package_identification Level 1 _identify(src/DoosanBootcamp3rd) by extensions ['ros']
[0.363s] colcon.colcon_core.package_identification Level 1 _identify(src/DoosanBootcamp3rd) by extension 'ros'
[0.363s] colcon.colcon_core.package_identification Level 1 _identify(src/DoosanBootcamp3rd) by extensions ['cmake', 'python']
[0.363s] colcon.colcon_core.package_identification Level 1 _identify(src/DoosanBootcamp3rd) by extension 'cmake'
[0.363s] colcon.colcon_core.package_identification Level 1 _identify(src/DoosanBootcamp3rd) by extension 'python'
[0.363s] colcon.colcon_core.package_identification Level 1 _identify(src/DoosanBootcamp3rd) by extensions ['python_setup_py']
[0.363s] colcon.colcon_core.package_identification Level 1 _identify(src/DoosanBootcamp3rd) by extension 'python_setup_py'
[0.364s] colcon.colcon_core.package_identification Level 1 _identify(src/DoosanBootcamp3rd/calibration) by extensions ['ignore', 'ignore_ament_install']
[0.364s] colcon.colcon_core.package_identification Level 1 _identify(src/DoosanBootcamp3rd/calibration) by extension 'ignore'
[0.364s] colcon.colcon_core.package_identification Level 1 _identify(src/DoosanBootcamp3rd/calibration) ignored
[0.364s] colcon.colcon_core.package_identification Level 1 _identify(src/DoosanBootcamp3rd/dsr_bringup2) by extensions ['ignore', 'ignore_ament_install']
[0.364s] colcon.colcon_core.package_identification Level 1 _identify(src/DoosanBootcamp3rd/dsr_bringup2) by extension 'ignore'
[0.364s] colcon.colcon_core.package_identification Level 1 _identify(src/DoosanBootcamp3rd/dsr_bringup2) by extension 'ignore_ament_install'
[0.364s] colcon.colcon_core.package_identification Level 1 _identify(src/DoosanBootcamp3rd/dsr_bringup2) by extensions ['colcon_pkg']
[0.364s] colcon.colcon_core.package_identification Level 1 _identify(src/DoosanBootcamp3rd/dsr_bringup2) by extension 'colcon_pkg'
[0.364s] colcon.colcon_core.package_identification Level 1 _identify(src/DoosanBootcamp3rd/dsr_bringup2) by extensions ['colcon_meta']
[0.364s] colcon.colcon_core.package_identification Level 1 _identify(src/DoosanBootcamp3rd/dsr_bringup2) by extension 'colcon_meta'
[0.364s] colcon.colcon_core.package_identification Level 1 _identify(src/DoosanBootcamp3rd/dsr_bringup2) by extensions ['ros']
[0.364s] colcon.colcon_core.package_identification Level 1 _identify(src/DoosanBootcamp3rd/dsr_bringup2) by extension 'ros'
[0.367s] colcon.colcon_core.package_identification DEBUG Package 'src/DoosanBootcamp3rd/dsr_bringup2' with type 'ros.ament_python' and name 'dsr_bringup2'
[0.367s] colcon.colcon_core.package_identification Level 1 _identify(src/DoosanBootcamp3rd/dsr_common2) by extensions ['ignore', 'ignore_ament_install']
[0.367s] colcon.colcon_core.package_identification Level 1 _identify(src/DoosanBootcamp3rd/dsr_common2) by extension 'ignore'
[0.367s] colcon.colcon_core.package_identification Level 1 _identify(src/DoosanBootcamp3rd/dsr_common2) by extension 'ignore_ament_install'
[0.367s] colcon.colcon_core.package_identification Level 1 _identify(src/DoosanBootcamp3rd/dsr_common2) by extensions ['colcon_pkg']
[0.367s] colcon.colcon_core.package_identification Level 1 _identify(src/DoosanBootcamp3rd/dsr_common2) by extension 'colcon_pkg'
[0.367s] colcon.colcon_core.package_identification Level 1 _identify(src/DoosanBootcamp3rd/dsr_common2) by extensions ['colcon_meta']
[0.367s] colcon.colcon_core.package_identification Level 1 _identify(src/DoosanBootcamp3rd/dsr_common2) by extension 'colcon_meta'
[0.367s] colcon.colcon_core.package_identification Level 1 _identify(src/DoosanBootcamp3rd/dsr_common2) by extensions ['ros']
[0.367s] colcon.colcon_core.package_identification Level 1 _identify(src/DoosanBootcamp3rd/dsr_common2) by extension 'ros'
[0.368s] colcon.colcon_core.package_identification DEBUG Package 'src/DoosanBootcamp3rd/dsr_common2' with type 'ros.ament_cmake' and name 'dsr_common2'
[0.368s] colcon.colcon_core.package_identification Level 1 _identify(src/DoosanBootcamp3rd/dsr_controller2) by extensions ['ignore', 'ignore_ament_install']
[0.368s] colcon.colcon_core.package_identification Level 1 _identify(src/DoosanBootcamp3rd/dsr_controller2) by extension 'ignore'
[0.368s] colcon.colcon_core.package_identification Level 1 _identify(src/DoosanBootcamp3rd/dsr_controller2) by extension 'ignore_ament_install'
[0.368s] colcon.colcon_core.package_identification Level 1 _identify(src/DoosanBootcamp3rd/dsr_controller2) by extensions ['colcon_pkg']
[0.368s] colcon.colcon_core.package_identification Level 1 _identify(src/DoosanBootcamp3rd/dsr_controller2) by extension 'colcon_pkg'
[0.368s] colcon.colcon_core.package_identification Level 1 _identify(src/DoosanBootcamp3rd/dsr_controller2) by extensions ['colcon_meta']
[0.368s] colcon.colcon_core.package_identification Level 1 _identify(src/DoosanBootcamp3rd/dsr_controller2) by extension 'colcon_meta'
[0.368s] colcon.colcon_core.package_identification Level 1 _identify(src/DoosanBootcamp3rd/dsr_controller2) by extensions ['ros']
[0.368s] colcon.colcon_core.package_identification Level 1 _identify(src/DoosanBootcamp3rd/dsr_controller2) by extension 'ros'
[0.369s] colcon.colcon_core.package_identification DEBUG Package 'src/DoosanBootcamp3rd/dsr_controller2' with type 'ros.ament_cmake' and name 'dsr_controller2'
[0.369s] colcon.colcon_core.package_identification Level 1 _identify(src/DoosanBootcamp3rd/dsr_description2) by extensions ['ignore', 'ignore_ament_install']
[0.370s] colcon.colcon_core.package_identification Level 1 _identify(src/DoosanBootcamp3rd/dsr_description2) by extension 'ignore'
[0.370s] colcon.colcon_core.package_identification Level 1 _identify(src/DoosanBootcamp3rd/dsr_description2) by extension 'ignore_ament_install'
[0.370s] colcon.colcon_core.package_identification Level 1 _identify(src/DoosanBootcamp3rd/dsr_description2) by extensions ['colcon_pkg']
[0.370s] colcon.colcon_core.package_identification Level 1 _identify(src/DoosanBootcamp3rd/dsr_description2) by extension 'colcon_pkg'
[0.370s] colcon.colcon_core.package_identification Level 1 _identify(src/DoosanBootcamp3rd/dsr_description2) by extensions ['colcon_meta']
[0.370s] colcon.colcon_core.package_identification Level 1 _identify(src/DoosanBootcamp3rd/dsr_description2) by extension 'colcon_meta'
[0.370s] colcon.colcon_core.package_identification Level 1 _identify(src/DoosanBootcamp3rd/dsr_description2) by extensions ['ros']
[0.370s] colcon.colcon_core.package_identification Level 1 _identify(src/DoosanBootcamp3rd/dsr_description2) by extension 'ros'
[0.370s] colcon.colcon_core.package_identification DEBUG Package 'src/DoosanBootcamp3rd/dsr_description2' with type 'ros.ament_cmake' and name 'dsr_description2'
[0.371s] colcon.colcon_core.package_identification Level 1 _identify(src/DoosanBootcamp3rd/dsr_example2) by extensions ['ignore', 'ignore_ament_install']
[0.371s] colcon.colcon_core.package_identification Level 1 _identify(src/DoosanBootcamp3rd/dsr_example2) by extension 'ignore'
[0.371s] colcon.colcon_core.package_identification Level 1 _identify(src/DoosanBootcamp3rd/dsr_example2) by extension 'ignore_ament_install'
[0.371s] colcon.colcon_core.package_identification Level 1 _identify(src/DoosanBootcamp3rd/dsr_example2) by extensions ['colcon_pkg']
[0.371s] colcon.colcon_core.package_identification Level 1 _identify(src/DoosanBootcamp3rd/dsr_example2) by extension 'colcon_pkg'
[0.371s] colcon.colcon_core.package_identification Level 1 _identify(src/DoosanBootcamp3rd/dsr_example2) by extensions ['colcon_meta']
[0.371s] colcon.colcon_core.package_identification Level 1 _identify(src/DoosanBootcamp3rd/dsr_example2) by extension 'colcon_meta'
[0.371s] colcon.colcon_core.package_identification Level 1 _identify(src/DoosanBootcamp3rd/dsr_example2) by extensions ['ros']
[0.371s] colcon.colcon_core.package_identification Level 1 _identify(src/DoosanBootcamp3rd/dsr_example2) by extension 'ros'
[0.371s] colcon.colcon_core.package_identification Level 1 _identify(src/DoosanBootcamp3rd/dsr_example2) by extensions ['cmake', 'python']
[0.371s] colcon.colcon_core.package_identification Level 1 _identify(src/DoosanBootcamp3rd/dsr_example2) by extension 'cmake'
[0.371s] colcon.colcon_core.package_identification Level 1 _identify(src/DoosanBootcamp3rd/dsr_example2) by extension 'python'
[0.371s] colcon.colcon_core.package_identification Level 1 _identify(src/DoosanBootcamp3rd/dsr_example2) by extensions ['python_setup_py']
[0.371s] colcon.colcon_core.package_identification Level 1 _identify(src/DoosanBootcamp3rd/dsr_example2) by extension 'python_setup_py'
[0.371s] colcon.colcon_core.package_identification Level 1 _identify(src/DoosanBootcamp3rd/dsr_example2/dsr_example) by extensions ['ignore', 'ignore_ament_install']
[0.371s] colcon.colcon_core.package_identification Level 1 _identify(src/DoosanBootcamp3rd/dsr_example2/dsr_example) by extension 'ignore'
[0.371s] colcon.colcon_core.package_identification Level 1 _identify(src/DoosanBootcamp3rd/dsr_example2/dsr_example) by extension 'ignore_ament_install'
[0.371s] colcon.colcon_core.package_identification Level 1 _identify(src/DoosanBootcamp3rd/dsr_example2/dsr_example) by extensions ['colcon_pkg']
[0.371s] colcon.colcon_core.package_identification Level 1 _identify(src/DoosanBootcamp3rd/dsr_example2/dsr_example) by extension 'colcon_pkg'
[0.371s] colcon.colcon_core.package_identification Level 1 _identify(src/DoosanBootcamp3rd/dsr_example2/dsr_example) by extensions ['colcon_meta']
[0.371s] colcon.colcon_core.package_identification Level 1 _identify(src/DoosanBootcamp3rd/dsr_example2/dsr_example) by extension 'colcon_meta'
[0.371s] colcon.colcon_core.package_identification Level 1 _identify(src/DoosanBootcamp3rd/dsr_example2/dsr_example) by extensions ['ros']
[0.371s] colcon.colcon_core.package_identification Level 1 _identify(src/DoosanBootcamp3rd/dsr_example2/dsr_example) by extension 'ros'
[0.372s] colcon.colcon_core.package_identification DEBUG Package 'src/DoosanBootcamp3rd/dsr_example2/dsr_example' with type 'ros.ament_python' and name 'dsr_example'
[0.372s] colcon.colcon_core.package_identification Level 1 _identify(src/DoosanBootcamp3rd/dsr_example2/dsr_realtime_control) by extensions ['ignore', 'ignore_ament_install']
[0.372s] colcon.colcon_core.package_identification Level 1 _identify(src/DoosanBootcamp3rd/dsr_example2/dsr_realtime_control) by extension 'ignore'
[0.372s] colcon.colcon_core.package_identification Level 1 _identify(src/DoosanBootcamp3rd/dsr_example2/dsr_realtime_control) by extension 'ignore_ament_install'
[0.372s] colcon.colcon_core.package_identification Level 1 _identify(src/DoosanBootcamp3rd/dsr_example2/dsr_realtime_control) by extensions ['colcon_pkg']
[0.372s] colcon.colcon_core.package_identification Level 1 _identify(src/DoosanBootcamp3rd/dsr_example2/dsr_realtime_control) by extension 'colcon_pkg'
[0.372s] colcon.colcon_core.package_identification Level 1 _identify(src/DoosanBootcamp3rd/dsr_example2/dsr_realtime_control) by extensions ['colcon_meta']
[0.372s] colcon.colcon_core.package_identification Level 1 _identify(src/DoosanBootcamp3rd/dsr_example2/dsr_realtime_control) by extension 'colcon_meta'
[0.372s] colcon.colcon_core.package_identification Level 1 _identify(src/DoosanBootcamp3rd/dsr_example2/dsr_realtime_control) by extensions ['ros']
[0.372s] colcon.colcon_core.package_identification Level 1 _identify(src/DoosanBootcamp3rd/dsr_example2/dsr_realtime_control) by extension 'ros'
[0.373s] colcon.colcon_core.package_identification DEBUG Package 'src/DoosanBootcamp3rd/dsr_example2/dsr_realtime_control' with type 'ros.ament_cmake' and name 'dsr_realtime_control'
[0.373s] colcon.colcon_core.package_identification Level 1 _identify(src/DoosanBootcamp3rd/dsr_example2/dsr_visualservoing) by extensions ['ignore', 'ignore_ament_install']
[0.373s] colcon.colcon_core.package_identification Level 1 _identify(src/DoosanBootcamp3rd/dsr_example2/dsr_visualservoing) by extension 'ignore'
[0.373s] colcon.colcon_core.package_identification Level 1 _identify(src/DoosanBootcamp3rd/dsr_example2/dsr_visualservoing) by extension 'ignore_ament_install'
[0.373s] colcon.colcon_core.package_identification Level 1 _identify(src/DoosanBootcamp3rd/dsr_example2/dsr_visualservoing) by extensions ['colcon_pkg']
[0.373s] colcon.colcon_core.package_identification Level 1 _identify(src/DoosanBootcamp3rd/dsr_example2/dsr_visualservoing) by extension 'colcon_pkg'
[0.373s] colcon.colcon_core.package_identification Level 1 _identify(src/DoosanBootcamp3rd/dsr_example2/dsr_visualservoing) by extensions ['colcon_meta']
[0.373s] colcon.colcon_core.package_identification Level 1 _identify(src/DoosanBootcamp3rd/dsr_example2/dsr_visualservoing) by extension 'colcon_meta'
[0.373s] colcon.colcon_core.package_identification Level 1 _identify(src/DoosanBootcamp3rd/dsr_example2/dsr_visualservoing) by extensions ['ros']
[0.373s] colcon.colcon_core.package_identification Level 1 _identify(src/DoosanBootcamp3rd/dsr_example2/dsr_visualservoing) by extension 'ros'
[0.374s] colcon.colcon_core.package_identification DEBUG Package 'src/DoosanBootcamp3rd/dsr_example2/dsr_visualservoing' with type 'ros.ament_python' and name 'dsr_visualservoing'
[0.374s] colcon.colcon_core.package_identification Level 1 _identify(src/DoosanBootcamp3rd/dsr_gazebo2) by extensions ['ignore', 'ignore_ament_install']
[0.374s] colcon.colcon_core.package_identification Level 1 _identify(src/DoosanBootcamp3rd/dsr_gazebo2) by extension 'ignore'
[0.374s] colcon.colcon_core.package_identification Level 1 _identify(src/DoosanBootcamp3rd/dsr_gazebo2) by extension 'ignore_ament_install'
[0.374s] colcon.colcon_core.package_identification Level 1 _identify(src/DoosanBootcamp3rd/dsr_gazebo2) by extensions ['colcon_pkg']
[0.374s] colcon.colcon_core.package_identification Level 1 _identify(src/DoosanBootcamp3rd/dsr_gazebo2) by extension 'colcon_pkg'
[0.374s] colcon.colcon_core.package_identification Level 1 _identify(src/DoosanBootcamp3rd/dsr_gazebo2) by extensions ['colcon_meta']
[0.374s] colcon.colcon_core.package_identification Level 1 _identify(src/DoosanBootcamp3rd/dsr_gazebo2) by extension 'colcon_meta'
[0.374s] colcon.colcon_core.package_identification Level 1 _identify(src/DoosanBootcamp3rd/dsr_gazebo2) by extensions ['ros']
[0.374s] colcon.colcon_core.package_identification Level 1 _identify(src/DoosanBootcamp3rd/dsr_gazebo2) by extension 'ros'
[0.375s] colcon.colcon_core.package_identification DEBUG Package 'src/DoosanBootcamp3rd/dsr_gazebo2' with type 'ros.ament_cmake' and name 'dsr_gazebo2'
[0.375s] colcon.colcon_core.package_identification Level 1 _identify(src/DoosanBootcamp3rd/dsr_hardware2) by extensions ['ignore', 'ignore_ament_install']
[0.375s] colcon.colcon_core.package_identification Level 1 _identify(src/DoosanBootcamp3rd/dsr_hardware2) by extension 'ignore'
[0.375s] colcon.colcon_core.package_identification Level 1 _identify(src/DoosanBootcamp3rd/dsr_hardware2) by extension 'ignore_ament_install'
[0.376s] colcon.colcon_core.package_identification Level 1 _identify(src/DoosanBootcamp3rd/dsr_hardware2) by extensions ['colcon_pkg']
[0.376s] colcon.colcon_core.package_identification Level 1 _identify(src/DoosanBootcamp3rd/dsr_hardware2) by extension 'colcon_pkg'
[0.376s] colcon.colcon_core.package_identification Level 1 _identify(src/DoosanBootcamp3rd/dsr_hardware2) by extensions ['colcon_meta']
[0.376s] colcon.colcon_core.package_identification Level 1 _identify(src/DoosanBootcamp3rd/dsr_hardware2) by extension 'colcon_meta'
[0.376s] colcon.colcon_core.package_identification Level 1 _identify(src/DoosanBootcamp3rd/dsr_hardware2) by extensions ['ros']
[0.376s] colcon.colcon_core.package_identification Level 1 _identify(src/DoosanBootcamp3rd/dsr_hardware2) by extension 'ros'
[0.377s] colcon.colcon_core.package_identification DEBUG Package 'src/DoosanBootcamp3rd/dsr_hardware2' with type 'ros.ament_cmake' and name 'dsr_hardware2'
[0.377s] colcon.colcon_core.package_identification Level 1 _identify(src/DoosanBootcamp3rd/dsr_moveit2) by extensions ['ignore', 'ignore_ament_install']
[0.377s] colcon.colcon_core.package_identification Level 1 _identify(src/DoosanBootcamp3rd/dsr_moveit2) by extension 'ignore'
[0.377s] colcon.colcon_core.package_identification Level 1 _identify(src/DoosanBootcamp3rd/dsr_moveit2) by extension 'ignore_ament_install'
[0.377s] colcon.colcon_core.package_identification Level 1 _identify(src/DoosanBootcamp3rd/dsr_moveit2) by extensions ['colcon_pkg']
[0.377s] colcon.colcon_core.package_identification Level 1 _identify(src/DoosanBootcamp3rd/dsr_moveit2) by extension 'colcon_pkg'
[0.377s] colcon.colcon_core.package_identification Level 1 _identify(src/DoosanBootcamp3rd/dsr_moveit2) by extensions ['colcon_meta']
[0.377s] colcon.colcon_core.package_identification Level 1 _identify(src/DoosanBootcamp3rd/dsr_moveit2) by extension 'colcon_meta'
[0.377s] colcon.colcon_core.package_identification Level 1 _identify(src/DoosanBootcamp3rd/dsr_moveit2) by extensions ['ros']
[0.377s] colcon.colcon_core.package_identification Level 1 _identify(src/DoosanBootcamp3rd/dsr_moveit2) by extension 'ros'
[0.377s] colcon.colcon_core.package_identification Level 1 _identify(src/DoosanBootcamp3rd/dsr_moveit2) by extensions ['cmake', 'python']
[0.377s] colcon.colcon_core.package_identification Level 1 _identify(src/DoosanBootcamp3rd/dsr_moveit2) by extension 'cmake'
[0.378s] colcon.colcon_core.package_identification Level 1 _identify(src/DoosanBootcamp3rd/dsr_moveit2) by extension 'python'
[0.378s] colcon.colcon_core.package_identification Level 1 _identify(src/DoosanBootcamp3rd/dsr_moveit2) by extensions ['python_setup_py']
[0.378s] colcon.colcon_core.package_identification Level 1 _identify(src/DoosanBootcamp3rd/dsr_moveit2) by extension 'python_setup_py'
[0.378s] colcon.colcon_core.package_identification Level 1 _identify(src/DoosanBootcamp3rd/dsr_moveit2/dsr_moveit_config_a0509) by extensions ['ignore', 'ignore_ament_install']
[0.378s] colcon.colcon_core.package_identification Level 1 _identify(src/DoosanBootcamp3rd/dsr_moveit2/dsr_moveit_config_a0509) by extension 'ignore'
[0.378s] colcon.colcon_core.package_identification Level 1 _identify(src/DoosanBootcamp3rd/dsr_moveit2/dsr_moveit_config_a0509) by extension 'ignore_ament_install'
[0.378s] colcon.colcon_core.package_identification Level 1 _identify(src/DoosanBootcamp3rd/dsr_moveit2/dsr_moveit_config_a0509) by extensions ['colcon_pkg']
[0.378s] colcon.colcon_core.package_identification Level 1 _identify(src/DoosanBootcamp3rd/dsr_moveit2/dsr_moveit_config_a0509) by extension 'colcon_pkg'
[0.378s] colcon.colcon_core.package_identification Level 1 _identify(src/DoosanBootcamp3rd/dsr_moveit2/dsr_moveit_config_a0509) by extensions ['colcon_meta']
[0.378s] colcon.colcon_core.package_identification Level 1 _identify(src/DoosanBootcamp3rd/dsr_moveit2/dsr_moveit_config_a0509) by extension 'colcon_meta'
[0.378s] colcon.colcon_core.package_identification Level 1 _identify(src/DoosanBootcamp3rd/dsr_moveit2/dsr_moveit_config_a0509) by extensions ['ros']
[0.378s] colcon.colcon_core.package_identification Level 1 _identify(src/DoosanBootcamp3rd/dsr_moveit2/dsr_moveit_config_a0509) by extension 'ros'
[0.378s] colcon.colcon_core.package_identification DEBUG Package 'src/DoosanBootcamp3rd/dsr_moveit2/dsr_moveit_config_a0509' with type 'ros.ament_cmake' and name 'dsr_moveit_config_a0509'
[0.378s] colcon.colcon_core.package_identification Level 1 _identify(src/DoosanBootcamp3rd/dsr_moveit2/dsr_moveit_config_a0912) by extensions ['ignore', 'ignore_ament_install']
[0.379s] colcon.colcon_core.package_identification Level 1 _identify(src/DoosanBootcamp3rd/dsr_moveit2/dsr_moveit_config_a0912) by extension 'ignore'
[0.379s] colcon.colcon_core.package_identification Level 1 _identify(src/DoosanBootcamp3rd/dsr_moveit2/dsr_moveit_config_a0912) by extension 'ignore_ament_install'
[0.379s] colcon.colcon_core.package_identification Level 1 _identify(src/DoosanBootcamp3rd/dsr_moveit2/dsr_moveit_config_a0912) by extensions ['colcon_pkg']
[0.379s] colcon.colcon_core.package_identification Level 1 _identify(src/DoosanBootcamp3rd/dsr_moveit2/dsr_moveit_config_a0912) by extension 'colcon_pkg'
[0.379s] colcon.colcon_core.package_identification Level 1 _identify(src/DoosanBootcamp3rd/dsr_moveit2/dsr_moveit_config_a0912) by extensions ['colcon_meta']
[0.379s] colcon.colcon_core.package_identification Level 1 _identify(src/DoosanBootcamp3rd/dsr_moveit2/dsr_moveit_config_a0912) by extension 'colcon_meta'
[0.379s] colcon.colcon_core.package_identification Level 1 _identify(src/DoosanBootcamp3rd/dsr_moveit2/dsr_moveit_config_a0912) by extensions ['ros']
[0.379s] colcon.colcon_core.package_identification Level 1 _identify(src/DoosanBootcamp3rd/dsr_moveit2/dsr_moveit_config_a0912) by extension 'ros'
[0.379s] colcon.colcon_core.package_identification DEBUG Package 'src/DoosanBootcamp3rd/dsr_moveit2/dsr_moveit_config_a0912' with type 'ros.ament_cmake' and name 'dsr_moveit_config_a0912'
[0.379s] colcon.colcon_core.package_identification Level 1 _identify(src/DoosanBootcamp3rd/dsr_moveit2/dsr_moveit_config_e0509) by extensions ['ignore', 'ignore_ament_install']
[0.379s] colcon.colcon_core.package_identification Level 1 _identify(src/DoosanBootcamp3rd/dsr_moveit2/dsr_moveit_config_e0509) by extension 'ignore'
[0.379s] colcon.colcon_core.package_identification Level 1 _identify(src/DoosanBootcamp3rd/dsr_moveit2/dsr_moveit_config_e0509) by extension 'ignore_ament_install'
[0.379s] colcon.colcon_core.package_identification Level 1 _identify(src/DoosanBootcamp3rd/dsr_moveit2/dsr_moveit_config_e0509) by extensions ['colcon_pkg']
[0.379s] colcon.colcon_core.package_identification Level 1 _identify(src/DoosanBootcamp3rd/dsr_moveit2/dsr_moveit_config_e0509) by extension 'colcon_pkg'
[0.379s] colcon.colcon_core.package_identification Level 1 _identify(src/DoosanBootcamp3rd/dsr_moveit2/dsr_moveit_config_e0509) by extensions ['colcon_meta']
[0.380s] colcon.colcon_core.package_identification Level 1 _identify(src/DoosanBootcamp3rd/dsr_moveit2/dsr_moveit_config_e0509) by extension 'colcon_meta'
[0.380s] colcon.colcon_core.package_identification Level 1 _identify(src/DoosanBootcamp3rd/dsr_moveit2/dsr_moveit_config_e0509) by extensions ['ros']
[0.380s] colcon.colcon_core.package_identification Level 1 _identify(src/DoosanBootcamp3rd/dsr_moveit2/dsr_moveit_config_e0509) by extension 'ros'
[0.380s] colcon.colcon_core.package_identification DEBUG Package 'src/DoosanBootcamp3rd/dsr_moveit2/dsr_moveit_config_e0509' with type 'ros.ament_cmake' and name 'dsr_moveit_config_e0509'
[0.380s] colcon.colcon_core.package_identification Level 1 _identify(src/DoosanBootcamp3rd/dsr_moveit2/dsr_moveit_config_h2017) by extensions ['ignore', 'ignore_ament_install']
[0.380s] colcon.colcon_core.package_identification Level 1 _identify(src/DoosanBootcamp3rd/dsr_moveit2/dsr_moveit_config_h2017) by extension 'ignore'
[0.380s] colcon.colcon_core.package_identification Level 1 _identify(src/DoosanBootcamp3rd/dsr_moveit2/dsr_moveit_config_h2017) by extension 'ignore_ament_install'
[0.380s] colcon.colcon_core.package_identification Level 1 _identify(src/DoosanBootcamp3rd/dsr_moveit2/dsr_moveit_config_h2017) by extensions ['colcon_pkg']
[0.380s] colcon.colcon_core.package_identification Level 1 _identify(src/DoosanBootcamp3rd/dsr_moveit2/dsr_moveit_config_h2017) by extension 'colcon_pkg'
[0.380s] colcon.colcon_core.package_identification Level 1 _identify(src/DoosanBootcamp3rd/dsr_moveit2/dsr_moveit_config_h2017) by extensions ['colcon_meta']
[0.380s] colcon.colcon_core.package_identification Level 1 _identify(src/DoosanBootcamp3rd/dsr_moveit2/dsr_moveit_config_h2017) by extension 'colcon_meta'
[0.380s] colcon.colcon_core.package_identification Level 1 _identify(src/DoosanBootcamp3rd/dsr_moveit2/dsr_moveit_config_h2017) by extensions ['ros']
[0.380s] colcon.colcon_core.package_identification Level 1 _identify(src/DoosanBootcamp3rd/dsr_moveit2/dsr_moveit_config_h2017) by extension 'ros'
[0.381s] colcon.colcon_core.package_identification DEBUG Package 'src/DoosanBootcamp3rd/dsr_moveit2/dsr_moveit_config_h2017' with type 'ros.ament_cmake' and name 'dsr_moveit_config_h2017'
[0.381s] colcon.colcon_core.package_identification Level 1 _identify(src/DoosanBootcamp3rd/dsr_moveit2/dsr_moveit_config_h2515) by extensions ['ignore', 'ignore_ament_install']
[0.381s] colcon.colcon_core.package_identification Level 1 _identify(src/DoosanBootcamp3rd/dsr_moveit2/dsr_moveit_config_h2515) by extension 'ignore'
[0.381s] colcon.colcon_core.package_identification Level 1 _identify(src/DoosanBootcamp3rd/dsr_moveit2/dsr_moveit_config_h2515) by extension 'ignore_ament_install'
[0.381s] colcon.colcon_core.package_identification Level 1 _identify(src/DoosanBootcamp3rd/dsr_moveit2/dsr_moveit_config_h2515) by extensions ['colcon_pkg']
[0.381s] colcon.colcon_core.package_identification Level 1 _identify(src/DoosanBootcamp3rd/dsr_moveit2/dsr_moveit_config_h2515) by extension 'colcon_pkg'
[0.381s] colcon.colcon_core.package_identification Level 1 _identify(src/DoosanBootcamp3rd/dsr_moveit2/dsr_moveit_config_h2515) by extensions ['colcon_meta']
[0.381s] colcon.colcon_core.package_identification Level 1 _identify(src/DoosanBootcamp3rd/dsr_moveit2/dsr_moveit_config_h2515) by extension 'colcon_meta'
[0.381s] colcon.colcon_core.package_identification Level 1 _identify(src/DoosanBootcamp3rd/dsr_moveit2/dsr_moveit_config_h2515) by extensions ['ros']
[0.381s] colcon.colcon_core.package_identification Level 1 _identify(src/DoosanBootcamp3rd/dsr_moveit2/dsr_moveit_config_h2515) by extension 'ros'
[0.382s] colcon.colcon_core.package_identification DEBUG Package 'src/DoosanBootcamp3rd/dsr_moveit2/dsr_moveit_config_h2515' with type 'ros.ament_cmake' and name 'dsr_moveit_config_h2515'
[0.382s] colcon.colcon_core.package_identification Level 1 _identify(src/DoosanBootcamp3rd/dsr_moveit2/dsr_moveit_config_m0609) by extensions ['ignore', 'ignore_ament_install']
[0.382s] colcon.colcon_core.package_identification Level 1 _identify(src/DoosanBootcamp3rd/dsr_moveit2/dsr_moveit_config_m0609) by extension 'ignore'
[0.382s] colcon.colcon_core.package_identification Level 1 _identify(src/DoosanBootcamp3rd/dsr_moveit2/dsr_moveit_config_m0609) by extension 'ignore_ament_install'
[0.382s] colcon.colcon_core.package_identification Level 1 _identify(src/DoosanBootcamp3rd/dsr_moveit2/dsr_moveit_config_m0609) by extensions ['colcon_pkg']
[0.382s] colcon.colcon_core.package_identification Level 1 _identify(src/DoosanBootcamp3rd/dsr_moveit2/dsr_moveit_config_m0609) by extension 'colcon_pkg'
[0.382s] colcon.colcon_core.package_identification Level 1 _identify(src/DoosanBootcamp3rd/dsr_moveit2/dsr_moveit_config_m0609) by extensions ['colcon_meta']
[0.382s] colcon.colcon_core.package_identification Level 1 _identify(src/DoosanBootcamp3rd/dsr_moveit2/dsr_moveit_config_m0609) by extension 'colcon_meta'
[0.382s] colcon.colcon_core.package_identification Level 1 _identify(src/DoosanBootcamp3rd/dsr_moveit2/dsr_moveit_config_m0609) by extensions ['ros']
[0.382s] colcon.colcon_core.package_identification Level 1 _identify(src/DoosanBootcamp3rd/dsr_moveit2/dsr_moveit_config_m0609) by extension 'ros'
[0.383s] colcon.colcon_core.package_identification DEBUG Package 'src/DoosanBootcamp3rd/dsr_moveit2/dsr_moveit_config_m0609' with type 'ros.ament_cmake' and name 'dsr_moveit_config_m0609'
[0.383s] colcon.colcon_core.package_identification Level 1 _identify(src/DoosanBootcamp3rd/dsr_moveit2/dsr_moveit_config_m0617) by extensions ['ignore', 'ignore_ament_install']
[0.383s] colcon.colcon_core.package_identification Level 1 _identify(src/DoosanBootcamp3rd/dsr_moveit2/dsr_moveit_config_m0617) by extension 'ignore'
[0.383s] colcon.colcon_core.package_identification Level 1 _identify(src/DoosanBootcamp3rd/dsr_moveit2/dsr_moveit_config_m0617) by extension 'ignore_ament_install'
[0.383s] colcon.colcon_core.package_identification Level 1 _identify(src/DoosanBootcamp3rd/dsr_moveit2/dsr_moveit_config_m0617) by extensions ['colcon_pkg']
[0.383s] colcon.colcon_core.package_identification Level 1 _identify(src/DoosanBootcamp3rd/dsr_moveit2/dsr_moveit_config_m0617) by extension 'colcon_pkg'
[0.383s] colcon.colcon_core.package_identification Level 1 _identify(src/DoosanBootcamp3rd/dsr_moveit2/dsr_moveit_config_m0617) by extensions ['colcon_meta']
[0.383s] colcon.colcon_core.package_identification Level 1 _identify(src/DoosanBootcamp3rd/dsr_moveit2/dsr_moveit_config_m0617) by extension 'colcon_meta'
[0.383s] colcon.colcon_core.package_identification Level 1 _identify(src/DoosanBootcamp3rd/dsr_moveit2/dsr_moveit_config_m0617) by extensions ['ros']
[0.383s] colcon.colcon_core.package_identification Level 1 _identify(src/DoosanBootcamp3rd/dsr_moveit2/dsr_moveit_config_m0617) by extension 'ros'
[0.383s] colcon.colcon_core.package_identification DEBUG Package 'src/DoosanBootcamp3rd/dsr_moveit2/dsr_moveit_config_m0617' with type 'ros.ament_cmake' and name 'dsr_moveit_config_m0617'
[0.383s] colcon.colcon_core.package_identification Level 1 _identify(src/DoosanBootcamp3rd/dsr_moveit2/dsr_moveit_config_m1013) by extensions ['ignore', 'ignore_ament_install']
[0.384s] colcon.colcon_core.package_identification Level 1 _identify(src/DoosanBootcamp3rd/dsr_moveit2/dsr_moveit_config_m1013) by extension 'ignore'
[0.384s] colcon.colcon_core.package_identification Level 1 _identify(src/DoosanBootcamp3rd/dsr_moveit2/dsr_moveit_config_m1013) by extension 'ignore_ament_install'
[0.384s] colcon.colcon_core.package_identification Level 1 _identify(src/DoosanBootcamp3rd/dsr_moveit2/dsr_moveit_config_m1013) by extensions ['colcon_pkg']
[0.384s] colcon.colcon_core.package_identification Level 1 _identify(src/DoosanBootcamp3rd/dsr_moveit2/dsr_moveit_config_m1013) by extension 'colcon_pkg'
[0.384s] colcon.colcon_core.package_identification Level 1 _identify(src/DoosanBootcamp3rd/dsr_moveit2/dsr_moveit_config_m1013) by extensions ['colcon_meta']
[0.384s] colcon.colcon_core.package_identification Level 1 _identify(src/DoosanBootcamp3rd/dsr_moveit2/dsr_moveit_config_m1013) by extension 'colcon_meta'
[0.384s] colcon.colcon_core.package_identification Level 1 _identify(src/DoosanBootcamp3rd/dsr_moveit2/dsr_moveit_config_m1013) by extensions ['ros']
[0.384s] colcon.colcon_core.package_identification Level 1 _identify(src/DoosanBootcamp3rd/dsr_moveit2/dsr_moveit_config_m1013) by extension 'ros'
[0.384s] colcon.colcon_core.package_identification DEBUG Package 'src/DoosanBootcamp3rd/dsr_moveit2/dsr_moveit_config_m1013' with type 'ros.ament_cmake' and name 'dsr_moveit_config_m1013'
[0.384s] colcon.colcon_core.package_identification Level 1 _identify(src/DoosanBootcamp3rd/dsr_moveit2/dsr_moveit_config_m1509) by extensions ['ignore', 'ignore_ament_install']
[0.384s] colcon.colcon_core.package_identification Level 1 _identify(src/DoosanBootcamp3rd/dsr_moveit2/dsr_moveit_config_m1509) by extension 'ignore'
[0.384s] colcon.colcon_core.package_identification Level 1 _identify(src/DoosanBootcamp3rd/dsr_moveit2/dsr_moveit_config_m1509) by extension 'ignore_ament_install'
[0.384s] colcon.colcon_core.package_identification Level 1 _identify(src/DoosanBootcamp3rd/dsr_moveit2/dsr_moveit_config_m1509) by extensions ['colcon_pkg']
[0.384s] colcon.colcon_core.package_identification Level 1 _identify(src/DoosanBootcamp3rd/dsr_moveit2/dsr_moveit_config_m1509) by extension 'colcon_pkg'
[0.384s] colcon.colcon_core.package_identification Level 1 _identify(src/DoosanBootcamp3rd/dsr_moveit2/dsr_moveit_config_m1509) by extensions ['colcon_meta']
[0.384s] colcon.colcon_core.package_identification Level 1 _identify(src/DoosanBootcamp3rd/dsr_moveit2/dsr_moveit_config_m1509) by extension 'colcon_meta'
[0.384s] colcon.colcon_core.package_identification Level 1 _identify(src/DoosanBootcamp3rd/dsr_moveit2/dsr_moveit_config_m1509) by extensions ['ros']
[0.385s] colcon.colcon_core.package_identification Level 1 _identify(src/DoosanBootcamp3rd/dsr_moveit2/dsr_moveit_config_m1509) by extension 'ros'
[0.385s] colcon.colcon_core.package_identification DEBUG Package 'src/DoosanBootcamp3rd/dsr_moveit2/dsr_moveit_config_m1509' with type 'ros.ament_cmake' and name 'dsr_moveit_config_m1509'
[0.385s] colcon.colcon_core.package_identification Level 1 _identify(src/DoosanBootcamp3rd/dsr_moveit2/dsr_moveit_config_p3020) by extensions ['ignore', 'ignore_ament_install']
[0.385s] colcon.colcon_core.package_identification Level 1 _identify(src/DoosanBootcamp3rd/dsr_moveit2/dsr_moveit_config_p3020) by extension 'ignore'
[0.385s] colcon.colcon_core.package_identification Level 1 _identify(src/DoosanBootcamp3rd/dsr_moveit2/dsr_moveit_config_p3020) by extension 'ignore_ament_install'
[0.385s] colcon.colcon_core.package_identification Level 1 _identify(src/DoosanBootcamp3rd/dsr_moveit2/dsr_moveit_config_p3020) by extensions ['colcon_pkg']
[0.385s] colcon.colcon_core.package_identification Level 1 _identify(src/DoosanBootcamp3rd/dsr_moveit2/dsr_moveit_config_p3020) by extension 'colcon_pkg'
[0.385s] colcon.colcon_core.package_identification Level 1 _identify(src/DoosanBootcamp3rd/dsr_moveit2/dsr_moveit_config_p3020) by extensions ['colcon_meta']
[0.385s] colcon.colcon_core.package_identification Level 1 _identify(src/DoosanBootcamp3rd/dsr_moveit2/dsr_moveit_config_p3020) by extension 'colcon_meta'
[0.385s] colcon.colcon_core.package_identification Level 1 _identify(src/DoosanBootcamp3rd/dsr_moveit2/dsr_moveit_config_p3020) by extensions ['ros']
[0.385s] colcon.colcon_core.package_identification Level 1 _identify(src/DoosanBootcamp3rd/dsr_moveit2/dsr_moveit_config_p3020) by extension 'ros'
[0.386s] colcon.colcon_core.package_identification DEBUG Package 'src/DoosanBootcamp3rd/dsr_moveit2/dsr_moveit_config_p3020' with type 'ros.ament_cmake' and name 'dsr_moveit_config_p3020'
[0.386s] colcon.colcon_core.package_identification Level 1 _identify(src/DoosanBootcamp3rd/dsr_msgs2) by extensions ['ignore', 'ignore_ament_install']
[0.386s] colcon.colcon_core.package_identification Level 1 _identify(src/DoosanBootcamp3rd/dsr_msgs2) by extension 'ignore'
[0.386s] colcon.colcon_core.package_identification Level 1 _identify(src/DoosanBootcamp3rd/dsr_msgs2) by extension 'ignore_ament_install'
[0.386s] colcon.colcon_core.package_identification Level 1 _identify(src/DoosanBootcamp3rd/dsr_msgs2) by extensions ['colcon_pkg']
[0.386s] colcon.colcon_core.package_identification Level 1 _identify(src/DoosanBootcamp3rd/dsr_msgs2) by extension 'colcon_pkg'
[0.386s] colcon.colcon_core.package_identification Level 1 _identify(src/DoosanBootcamp3rd/dsr_msgs2) by extensions ['colcon_meta']
[0.386s] colcon.colcon_core.package_identification Level 1 _identify(src/DoosanBootcamp3rd/dsr_msgs2) by extension 'colcon_meta'
[0.386s] colcon.colcon_core.package_identification Level 1 _identify(src/DoosanBootcamp3rd/dsr_msgs2) by extensions ['ros']
[0.386s] colcon.colcon_core.package_identification Level 1 _identify(src/DoosanBootcamp3rd/dsr_msgs2) by extension 'ros'
[0.387s] colcon.colcon_core.package_identification DEBUG Package 'src/DoosanBootcamp3rd/dsr_msgs2' with type 'ros.ament_cmake' and name 'dsr_msgs2'
[0.387s] colcon.colcon_core.package_identification Level 1 _identify(src/DoosanBootcamp3rd/dsr_rokey) by extensions ['ignore', 'ignore_ament_install']
[0.387s] colcon.colcon_core.package_identification Level 1 _identify(src/DoosanBootcamp3rd/dsr_rokey) by extension 'ignore'
[0.387s] colcon.colcon_core.package_identification Level 1 _identify(src/DoosanBootcamp3rd/dsr_rokey) by extension 'ignore_ament_install'
[0.387s] colcon.colcon_core.package_identification Level 1 _identify(src/DoosanBootcamp3rd/dsr_rokey) by extensions ['colcon_pkg']
[0.387s] colcon.colcon_core.package_identification Level 1 _identify(src/DoosanBootcamp3rd/dsr_rokey) by extension 'colcon_pkg'
[0.387s] colcon.colcon_core.package_identification Level 1 _identify(src/DoosanBootcamp3rd/dsr_rokey) by extensions ['colcon_meta']
[0.387s] colcon.colcon_core.package_identification Level 1 _identify(src/DoosanBootcamp3rd/dsr_rokey) by extension 'colcon_meta'
[0.387s] colcon.colcon_core.package_identification Level 1 _identify(src/DoosanBootcamp3rd/dsr_rokey) by extensions ['ros']
[0.387s] colcon.colcon_core.package_identification Level 1 _identify(src/DoosanBootcamp3rd/dsr_rokey) by extension 'ros'
[0.387s] colcon.colcon_core.package_identification Level 1 _identify(src/DoosanBootcamp3rd/dsr_rokey) by extensions ['cmake', 'python']
[0.387s] colcon.colcon_core.package_identification Level 1 _identify(src/DoosanBootcamp3rd/dsr_rokey) by extension 'cmake'
[0.387s] colcon.colcon_core.package_identification Level 1 _identify(src/DoosanBootcamp3rd/dsr_rokey) by extension 'python'
[0.387s] colcon.colcon_core.package_identification Level 1 _identify(src/DoosanBootcamp3rd/dsr_rokey) by extensions ['python_setup_py']
[0.387s] colcon.colcon_core.package_identification Level 1 _identify(src/DoosanBootcamp3rd/dsr_rokey) by extension 'python_setup_py'
[0.388s] colcon.colcon_core.package_identification Level 1 _identify(src/DoosanBootcamp3rd/dsr_rokey/od_msg) by extensions ['ignore', 'ignore_ament_install']
[0.388s] colcon.colcon_core.package_identification Level 1 _identify(src/DoosanBootcamp3rd/dsr_rokey/od_msg) by extension 'ignore'
[0.388s] colcon.colcon_core.package_identification Level 1 _identify(src/DoosanBootcamp3rd/dsr_rokey/od_msg) by extension 'ignore_ament_install'
[0.388s] colcon.colcon_core.package_identification Level 1 _identify(src/DoosanBootcamp3rd/dsr_rokey/od_msg) by extensions ['colcon_pkg']
[0.388s] colcon.colcon_core.package_identification Level 1 _identify(src/DoosanBootcamp3rd/dsr_rokey/od_msg) by extension 'colcon_pkg'
[0.388s] colcon.colcon_core.package_identification Level 1 _identify(src/DoosanBootcamp3rd/dsr_rokey/od_msg) by extensions ['colcon_meta']
[0.388s] colcon.colcon_core.package_identification Level 1 _identify(src/DoosanBootcamp3rd/dsr_rokey/od_msg) by extension 'colcon_meta'
[0.388s] colcon.colcon_core.package_identification Level 1 _identify(src/DoosanBootcamp3rd/dsr_rokey/od_msg) by extensions ['ros']
[0.388s] colcon.colcon_core.package_identification Level 1 _identify(src/DoosanBootcamp3rd/dsr_rokey/od_msg) by extension 'ros'
[0.388s] colcon.colcon_core.package_identification DEBUG Package 'src/DoosanBootcamp3rd/dsr_rokey/od_msg' with type 'ros.catkin' and name 'od_msg'
[0.388s] colcon.colcon_core.package_identification Level 1 _identify(src/DoosanBootcamp3rd/dsr_rokey/pick_and_place_text) by extensions ['ignore', 'ignore_ament_install']
[0.389s] colcon.colcon_core.package_identification Level 1 _identify(src/DoosanBootcamp3rd/dsr_rokey/pick_and_place_text) by extension 'ignore'
[0.389s] colcon.colcon_core.package_identification Level 1 _identify(src/DoosanBootcamp3rd/dsr_rokey/pick_and_place_text) by extension 'ignore_ament_install'
[0.389s] colcon.colcon_core.package_identification Level 1 _identify(src/DoosanBootcamp3rd/dsr_rokey/pick_and_place_text) by extensions ['colcon_pkg']
[0.389s] colcon.colcon_core.package_identification Level 1 _identify(src/DoosanBootcamp3rd/dsr_rokey/pick_and_place_text) by extension 'colcon_pkg'
[0.389s] colcon.colcon_core.package_identification Level 1 _identify(src/DoosanBootcamp3rd/dsr_rokey/pick_and_place_text) by extensions ['colcon_meta']
[0.389s] colcon.colcon_core.package_identification Level 1 _identify(src/DoosanBootcamp3rd/dsr_rokey/pick_and_place_text) by extension 'colcon_meta'
[0.389s] colcon.colcon_core.package_identification Level 1 _identify(src/DoosanBootcamp3rd/dsr_rokey/pick_and_place_text) by extensions ['ros']
[0.389s] colcon.colcon_core.package_identification Level 1 _identify(src/DoosanBootcamp3rd/dsr_rokey/pick_and_place_text) by extension 'ros'
[0.389s] colcon.colcon_core.package_identification DEBUG Package 'src/DoosanBootcamp3rd/dsr_rokey/pick_and_place_text' with type 'ros.ament_python' and name 'pick_and_place_text'
[0.389s] colcon.colcon_core.package_identification Level 1 _identify(src/DoosanBootcamp3rd/dsr_rokey/pick_and_place_voice) by extensions ['ignore', 'ignore_ament_install']
[0.389s] colcon.colcon_core.package_identification Level 1 _identify(src/DoosanBootcamp3rd/dsr_rokey/pick_and_place_voice) by extension 'ignore'
[0.389s] colcon.colcon_core.package_identification Level 1 _identify(src/DoosanBootcamp3rd/dsr_rokey/pick_and_place_voice) by extension 'ignore_ament_install'
[0.389s] colcon.colcon_core.package_identification Level 1 _identify(src/DoosanBootcamp3rd/dsr_rokey/pick_and_place_voice) by extensions ['colcon_pkg']
[0.389s] colcon.colcon_core.package_identification Level 1 _identify(src/DoosanBootcamp3rd/dsr_rokey/pick_and_place_voice) by extension 'colcon_pkg'
[0.389s] colcon.colcon_core.package_identification Level 1 _identify(src/DoosanBootcamp3rd/dsr_rokey/pick_and_place_voice) by extensions ['colcon_meta']
[0.389s] colcon.colcon_core.package_identification Level 1 _identify(src/DoosanBootcamp3rd/dsr_rokey/pick_and_place_voice) by extension 'colcon_meta'
[0.389s] colcon.colcon_core.package_identification Level 1 _identify(src/DoosanBootcamp3rd/dsr_rokey/pick_and_place_voice) by extensions ['ros']
[0.389s] colcon.colcon_core.package_identification Level 1 _identify(src/DoosanBootcamp3rd/dsr_rokey/pick_and_place_voice) by extension 'ros'
[0.390s] colcon.colcon_core.package_identification DEBUG Package 'src/DoosanBootcamp3rd/dsr_rokey/pick_and_place_voice' with type 'ros.ament_python' and name 'pick_and_place_voice'
[0.390s] colcon.colcon_core.package_identification Level 1 _identify(src/DoosanBootcamp3rd/dsr_rokey/rokey) by extensions ['ignore', 'ignore_ament_install']
[0.390s] colcon.colcon_core.package_identification Level 1 _identify(src/DoosanBootcamp3rd/dsr_rokey/rokey) by extension 'ignore'
[0.390s] colcon.colcon_core.package_identification Level 1 _identify(src/DoosanBootcamp3rd/dsr_rokey/rokey) by extension 'ignore_ament_install'
[0.390s] colcon.colcon_core.package_identification Level 1 _identify(src/DoosanBootcamp3rd/dsr_rokey/rokey) by extensions ['colcon_pkg']
[0.390s] colcon.colcon_core.package_identification Level 1 _identify(src/DoosanBootcamp3rd/dsr_rokey/rokey) by extension 'colcon_pkg'
[0.390s] colcon.colcon_core.package_identification Level 1 _identify(src/DoosanBootcamp3rd/dsr_rokey/rokey) by extensions ['colcon_meta']
[0.390s] colcon.colcon_core.package_identification Level 1 _identify(src/DoosanBootcamp3rd/dsr_rokey/rokey) by extension 'colcon_meta'
[0.390s] colcon.colcon_core.package_identification Level 1 _identify(src/DoosanBootcamp3rd/dsr_rokey/rokey) by extensions ['ros']
[0.390s] colcon.colcon_core.package_identification Level 1 _identify(src/DoosanBootcamp3rd/dsr_rokey/rokey) by extension 'ros'
[0.391s] colcon.colcon_core.package_identification DEBUG Package 'src/DoosanBootcamp3rd/dsr_rokey/rokey' with type 'ros.ament_python' and name 'rokey'
[0.391s] colcon.colcon_core.package_identification Level 1 _identify(src/DoosanBootcamp3rd/dsr_tests) by extensions ['ignore', 'ignore_ament_install']
[0.391s] colcon.colcon_core.package_identification Level 1 _identify(src/DoosanBootcamp3rd/dsr_tests) by extension 'ignore'
[0.391s] colcon.colcon_core.package_identification Level 1 _identify(src/DoosanBootcamp3rd/dsr_tests) by extension 'ignore_ament_install'
[0.391s] colcon.colcon_core.package_identification Level 1 _identify(src/DoosanBootcamp3rd/dsr_tests) by extensions ['colcon_pkg']
[0.391s] colcon.colcon_core.package_identification Level 1 _identify(src/DoosanBootcamp3rd/dsr_tests) by extension 'colcon_pkg'
[0.391s] colcon.colcon_core.package_identification Level 1 _identify(src/DoosanBootcamp3rd/dsr_tests) by extensions ['colcon_meta']
[0.391s] colcon.colcon_core.package_identification Level 1 _identify(src/DoosanBootcamp3rd/dsr_tests) by extension 'colcon_meta'
[0.391s] colcon.colcon_core.package_identification Level 1 _identify(src/DoosanBootcamp3rd/dsr_tests) by extensions ['ros']
[0.391s] colcon.colcon_core.package_identification Level 1 _identify(src/DoosanBootcamp3rd/dsr_tests) by extension 'ros'
[0.392s] colcon.colcon_core.package_identification DEBUG Package 'src/DoosanBootcamp3rd/dsr_tests' with type 'ros.ament_python' and name 'dsr_tests'
[0.392s] colcon.colcon_core.package_identification Level 1 _identify(src/DoosanBootcamp3rd/somacube) by extensions ['ignore', 'ignore_ament_install']
[0.392s] colcon.colcon_core.package_identification Level 1 _identify(src/DoosanBootcamp3rd/somacube) by extension 'ignore'
[0.392s] colcon.colcon_core.package_identification Level 1 _identify(src/DoosanBootcamp3rd/somacube) by extension 'ignore_ament_install'
[0.392s] colcon.colcon_core.package_identification Level 1 _identify(src/DoosanBootcamp3rd/somacube) by extensions ['colcon_pkg']
[0.392s] colcon.colcon_core.package_identification Level 1 _identify(src/DoosanBootcamp3rd/somacube) by extension 'colcon_pkg'
[0.392s] colcon.colcon_core.package_identification Level 1 _identify(src/DoosanBootcamp3rd/somacube) by extensions ['colcon_meta']
[0.392s] colcon.colcon_core.package_identification Level 1 _identify(src/DoosanBootcamp3rd/somacube) by extension 'colcon_meta'
[0.392s] colcon.colcon_core.package_identification Level 1 _identify(src/DoosanBootcamp3rd/somacube) by extensions ['ros']
[0.392s] colcon.colcon_core.package_identification Level 1 _identify(src/DoosanBootcamp3rd/somacube) by extension 'ros'
[0.392s] colcon.colcon_core.package_identification DEBUG Package 'src/DoosanBootcamp3rd/somacube' with type 'ros.ament_python' and name 'somacube'
[0.392s] colcon.colcon_core.package_identification Level 1 _identify(test_logs) by extensions ['ignore', 'ignore_ament_install']
[0.392s] colcon.colcon_core.package_identification Level 1 _identify(test_logs) by extension 'ignore'
[0.392s] colcon.colcon_core.package_identification Level 1 _identify(test_logs) by extension 'ignore_ament_install'
[0.392s] colcon.colcon_core.package_identification Level 1 _identify(test_logs) by extensions ['colcon_pkg']
[0.392s] colcon.colcon_core.package_identification Level 1 _identify(test_logs) by extension 'colcon_pkg'
[0.392s] colcon.colcon_core.package_identification Level 1 _identify(test_logs) by extensions ['colcon_meta']
[0.392s] colcon.colcon_core.package_identification Level 1 _identify(test_logs) by extension 'colcon_meta'
[0.392s] colcon.colcon_core.package_identification Level 1 _identify(test_logs) by extensions ['ros']
[0.393s] colcon.colcon_core.package_identification Level 1 _identify(test_logs) by extension 'ros'
[0.393s] colcon.colcon_core.package_identification Level 1 _identify(test_logs) by extensions ['cmake', 'python']
[0.393s] colcon.colcon_core.package_identification Level 1 _identify(test_logs) by extension 'cmake'
[0.393s] colcon.colcon_core.package_identification Level 1 _identify(test_logs) by extension 'python'
[0.393s] colcon.colcon_core.package_identification Level 1 _identify(test_logs) by extensions ['python_setup_py']
[0.393s] colcon.colcon_core.package_identification Level 1 _identify(test_logs) by extension 'python_setup_py'
[0.393s] colcon.colcon_core.package_identification Level 1 _identify(test_logs/manual_file_test_20250809_115410) by extensions ['ignore', 'ignore_ament_install']
[0.393s] colcon.colcon_core.package_identification Level 1 _identify(test_logs/manual_file_test_20250809_115410) by extension 'ignore'
[0.393s] colcon.colcon_core.package_identification Level 1 _identify(test_logs/manual_file_test_20250809_115410) by extension 'ignore_ament_install'
[0.393s] colcon.colcon_core.package_identification Level 1 _identify(test_logs/manual_file_test_20250809_115410) by extensions ['colcon_pkg']
[0.393s] colcon.colcon_core.package_identification Level 1 _identify(test_logs/manual_file_test_20250809_115410) by extension 'colcon_pkg'
[0.393s] colcon.colcon_core.package_identification Level 1 _identify(test_logs/manual_file_test_20250809_115410) by extensions ['colcon_meta']
[0.393s] colcon.colcon_core.package_identification Level 1 _identify(test_logs/manual_file_test_20250809_115410) by extension 'colcon_meta'
[0.393s] colcon.colcon_core.package_identification Level 1 _identify(test_logs/manual_file_test_20250809_115410) by extensions ['ros']
[0.393s] colcon.colcon_core.package_identification Level 1 _identify(test_logs/manual_file_test_20250809_115410) by extension 'ros'
[0.393s] colcon.colcon_core.package_identification Level 1 _identify(test_logs/manual_file_test_20250809_115410) by extensions ['cmake', 'python']
[0.393s] colcon.colcon_core.package_identification Level 1 _identify(test_logs/manual_file_test_20250809_115410) by extension 'cmake'
[0.393s] colcon.colcon_core.package_identification Level 1 _identify(test_logs/manual_file_test_20250809_115410) by extension 'python'
[0.393s] colcon.colcon_core.package_identification Level 1 _identify(test_logs/manual_file_test_20250809_115410) by extensions ['python_setup_py']
[0.393s] colcon.colcon_core.package_identification Level 1 _identify(test_logs/manual_file_test_20250809_115410) by extension 'python_setup_py'
[0.393s] colcon.colcon_core.package_identification Level 1 _identify(test_logs/manual_ros2_test_20250809_115410) by extensions ['ignore', 'ignore_ament_install']
[0.393s] colcon.colcon_core.package_identification Level 1 _identify(test_logs/manual_ros2_test_20250809_115410) by extension 'ignore'
[0.393s] colcon.colcon_core.package_identification Level 1 _identify(test_logs/manual_ros2_test_20250809_115410) by extension 'ignore_ament_install'
[0.393s] colcon.colcon_core.package_identification Level 1 _identify(test_logs/manual_ros2_test_20250809_115410) by extensions ['colcon_pkg']
[0.393s] colcon.colcon_core.package_identification Level 1 _identify(test_logs/manual_ros2_test_20250809_115410) by extension 'colcon_pkg'
[0.393s] colcon.colcon_core.package_identification Level 1 _identify(test_logs/manual_ros2_test_20250809_115410) by extensions ['colcon_meta']
[0.393s] colcon.colcon_core.package_identification Level 1 _identify(test_logs/manual_ros2_test_20250809_115410) by extension 'colcon_meta'
[0.393s] colcon.colcon_core.package_identification Level 1 _identify(test_logs/manual_ros2_test_20250809_115410) by extensions ['ros']
[0.393s] colcon.colcon_core.package_identification Level 1 _identify(test_logs/manual_ros2_test_20250809_115410) by extension 'ros'
[0.393s] colcon.colcon_core.package_identification Level 1 _identify(test_logs/manual_ros2_test_20250809_115410) by extensions ['cmake', 'python']
[0.393s] colcon.colcon_core.package_identification Level 1 _identify(test_logs/manual_ros2_test_20250809_115410) by extension 'cmake'
[0.393s] colcon.colcon_core.package_identification Level 1 _identify(test_logs/manual_ros2_test_20250809_115410) by extension 'python'
[0.393s] colcon.colcon_core.package_identification Level 1 _identify(test_logs/manual_ros2_test_20250809_115410) by extensions ['python_setup_py']
[0.393s] colcon.colcon_core.package_identification Level 1 _identify(test_logs/manual_ros2_test_20250809_115410) by extension 'python_setup_py'
[0.393s] colcon.colcon_core.package_identification Level 1 _identify(test_logs/manual_ros2_test_20250809_115410/tensorboard) by extensions ['ignore', 'ignore_ament_install']
[0.394s] colcon.colcon_core.package_identification Level 1 _identify(test_logs/manual_ros2_test_20250809_115410/tensorboard) by extension 'ignore'
[0.394s] colcon.colcon_core.package_identification Level 1 _identify(test_logs/manual_ros2_test_20250809_115410/tensorboard) by extension 'ignore_ament_install'
[0.394s] colcon.colcon_core.package_identification Level 1 _identify(test_logs/manual_ros2_test_20250809_115410/tensorboard) by extensions ['colcon_pkg']
[0.394s] colcon.colcon_core.package_identification Level 1 _identify(test_logs/manual_ros2_test_20250809_115410/tensorboard) by extension 'colcon_pkg'
[0.394s] colcon.colcon_core.package_identification Level 1 _identify(test_logs/manual_ros2_test_20250809_115410/tensorboard) by extensions ['colcon_meta']
[0.394s] colcon.colcon_core.package_identification Level 1 _identify(test_logs/manual_ros2_test_20250809_115410/tensorboard) by extension 'colcon_meta'
[0.394s] colcon.colcon_core.package_identification Level 1 _identify(test_logs/manual_ros2_test_20250809_115410/tensorboard) by extensions ['ros']
[0.394s] colcon.colcon_core.package_identification Level 1 _identify(test_logs/manual_ros2_test_20250809_115410/tensorboard) by extension 'ros'
[0.394s] colcon.colcon_core.package_identification Level 1 _identify(test_logs/manual_ros2_test_20250809_115410/tensorboard) by extensions ['cmake', 'python']
[0.394s] colcon.colcon_core.package_identification Level 1 _identify(test_logs/manual_ros2_test_20250809_115410/tensorboard) by extension 'cmake'
[0.394s] colcon.colcon_core.package_identification Level 1 _identify(test_logs/manual_ros2_test_20250809_115410/tensorboard) by extension 'python'
[0.394s] colcon.colcon_core.package_identification Level 1 _identify(test_logs/manual_ros2_test_20250809_115410/tensorboard) by extensions ['python_setup_py']
[0.394s] colcon.colcon_core.package_identification Level 1 _identify(test_logs/manual_ros2_test_20250809_115410/tensorboard) by extension 'python_setup_py'
[0.394s] colcon.colcon_core.package_discovery Level 1 discover_packages(recursive) using defaults
[0.394s] colcon.colcon_core.package_discovery Level 1 discover_packages(ignore) discover
[0.394s] colcon.colcon_core.package_discovery Level 1 discover_packages(ignore) using defaults
[0.394s] colcon.colcon_core.package_discovery Level 1 discover_packages(path) discover
[0.394s] colcon.colcon_core.package_discovery Level 1 discover_packages(path) using defaults
[0.423s] colcon.colcon_core.verb Level 5 set package 'dsr_common2' build argument 'cmake_args' from command line to 'None'
[0.423s] colcon.colcon_core.verb Level 5 set package 'dsr_common2' build argument 'cmake_target' from command line to 'None'
[0.423s] colcon.colcon_core.verb Level 5 set package 'dsr_common2' build argument 'cmake_target_skip_unavailable' from command line to 'False'
[0.423s] colcon.colcon_core.verb Level 5 set package 'dsr_common2' build argument 'cmake_clean_cache' from command line to 'False'
[0.423s] colcon.colcon_core.verb Level 5 set package 'dsr_common2' build argument 'cmake_clean_first' from command line to 'False'
[0.423s] colcon.colcon_core.verb Level 5 set package 'dsr_common2' build argument 'cmake_force_configure' from command line to 'False'
[0.423s] colcon.colcon_core.verb Level 5 set package 'dsr_common2' build argument 'ament_cmake_args' from command line to 'None'
[0.423s] colcon.colcon_core.verb Level 5 set package 'dsr_common2' build argument 'catkin_cmake_args' from command line to 'None'
[0.423s] colcon.colcon_core.verb Level 5 set package 'dsr_common2' build argument 'catkin_skip_building_tests' from command line to 'False'
[0.423s] colcon.colcon_core.verb DEBUG Building package 'dsr_common2' with the following arguments: {'ament_cmake_args': None, 'build_base': '/home/jack/ros2_ws/build/dsr_common2', 'catkin_cmake_args': None, 'catkin_skip_building_tests': False, 'cmake_args': None, 'cmake_clean_cache': False, 'cmake_clean_first': False, 'cmake_force_configure': False, 'cmake_target': None, 'cmake_target_skip_unavailable': False, 'install_base': '/home/jack/ros2_ws/install/dsr_common2', 'merge_install': False, 'path': '/home/jack/ros2_ws/src/DoosanBootcamp3rd/dsr_common2', 'symlink_install': False, 'test_result_base': None}
[0.423s] colcon.colcon_core.verb Level 5 set package 'dsr_description2' build argument 'cmake_args' from command line to 'None'
[0.423s] colcon.colcon_core.verb Level 5 set package 'dsr_description2' build argument 'cmake_target' from command line to 'None'
[0.423s] colcon.colcon_core.verb Level 5 set package 'dsr_description2' build argument 'cmake_target_skip_unavailable' from command line to 'False'
[0.423s] colcon.colcon_core.verb Level 5 set package 'dsr_description2' build argument 'cmake_clean_cache' from command line to 'False'
[0.423s] colcon.colcon_core.verb Level 5 set package 'dsr_description2' build argument 'cmake_clean_first' from command line to 'False'
[0.423s] colcon.colcon_core.verb Level 5 set package 'dsr_description2' build argument 'cmake_force_configure' from command line to 'False'
[0.423s] colcon.colcon_core.verb Level 5 set package 'dsr_description2' build argument 'ament_cmake_args' from command line to 'None'
[0.423s] colcon.colcon_core.verb Level 5 set package 'dsr_description2' build argument 'catkin_cmake_args' from command line to 'None'
[0.424s] colcon.colcon_core.verb Level 5 set package 'dsr_description2' build argument 'catkin_skip_building_tests' from command line to 'False'
[0.424s] colcon.colcon_core.verb DEBUG Building package 'dsr_description2' with the following arguments: {'ament_cmake_args': None, 'build_base': '/home/jack/ros2_ws/build/dsr_description2', 'catkin_cmake_args': None, 'catkin_skip_building_tests': False, 'cmake_args': None, 'cmake_clean_cache': False, 'cmake_clean_first': False, 'cmake_force_configure': False, 'cmake_target': None, 'cmake_target_skip_unavailable': False, 'install_base': '/home/jack/ros2_ws/install/dsr_description2', 'merge_install': False, 'path': '/home/jack/ros2_ws/src/DoosanBootcamp3rd/dsr_description2', 'symlink_install': False, 'test_result_base': None}
[0.424s] colcon.colcon_core.verb Level 5 set package 'dsr_moveit_config_a0509' build argument 'cmake_args' from command line to 'None'
[0.424s] colcon.colcon_core.verb Level 5 set package 'dsr_moveit_config_a0509' build argument 'cmake_target' from command line to 'None'
[0.424s] colcon.colcon_core.verb Level 5 set package 'dsr_moveit_config_a0509' build argument 'cmake_target_skip_unavailable' from command line to 'False'
[0.424s] colcon.colcon_core.verb Level 5 set package 'dsr_moveit_config_a0509' build argument 'cmake_clean_cache' from command line to 'False'
[0.424s] colcon.colcon_core.verb Level 5 set package 'dsr_moveit_config_a0509' build argument 'cmake_clean_first' from command line to 'False'
[0.424s] colcon.colcon_core.verb Level 5 set package 'dsr_moveit_config_a0509' build argument 'cmake_force_configure' from command line to 'False'
[0.424s] colcon.colcon_core.verb Level 5 set package 'dsr_moveit_config_a0509' build argument 'ament_cmake_args' from command line to 'None'
[0.424s] colcon.colcon_core.verb Level 5 set package 'dsr_moveit_config_a0509' build argument 'catkin_cmake_args' from command line to 'None'
[0.424s] colcon.colcon_core.verb Level 5 set package 'dsr_moveit_config_a0509' build argument 'catkin_skip_building_tests' from command line to 'False'
[0.424s] colcon.colcon_core.verb DEBUG Building package 'dsr_moveit_config_a0509' with the following arguments: {'ament_cmake_args': None, 'build_base': '/home/jack/ros2_ws/build/dsr_moveit_config_a0509', 'catkin_cmake_args': None, 'catkin_skip_building_tests': False, 'cmake_args': None, 'cmake_clean_cache': False, 'cmake_clean_first': False, 'cmake_force_configure': False, 'cmake_target': None, 'cmake_target_skip_unavailable': False, 'install_base': '/home/jack/ros2_ws/install/dsr_moveit_config_a0509', 'merge_install': False, 'path': '/home/jack/ros2_ws/src/DoosanBootcamp3rd/dsr_moveit2/dsr_moveit_config_a0509', 'symlink_install': False, 'test_result_base': None}
[0.424s] colcon.colcon_core.verb Level 5 set package 'dsr_moveit_config_a0912' build argument 'cmake_args' from command line to 'None'
[0.424s] colcon.colcon_core.verb Level 5 set package 'dsr_moveit_config_a0912' build argument 'cmake_target' from command line to 'None'
[0.424s] colcon.colcon_core.verb Level 5 set package 'dsr_moveit_config_a0912' build argument 'cmake_target_skip_unavailable' from command line to 'False'
[0.424s] colcon.colcon_core.verb Level 5 set package 'dsr_moveit_config_a0912' build argument 'cmake_clean_cache' from command line to 'False'
[0.424s] colcon.colcon_core.verb Level 5 set package 'dsr_moveit_config_a0912' build argument 'cmake_clean_first' from command line to 'False'
[0.424s] colcon.colcon_core.verb Level 5 set package 'dsr_moveit_config_a0912' build argument 'cmake_force_configure' from command line to 'False'
[0.424s] colcon.colcon_core.verb Level 5 set package 'dsr_moveit_config_a0912' build argument 'ament_cmake_args' from command line to 'None'
[0.424s] colcon.colcon_core.verb Level 5 set package 'dsr_moveit_config_a0912' build argument 'catkin_cmake_args' from command line to 'None'
[0.424s] colcon.colcon_core.verb Level 5 set package 'dsr_moveit_config_a0912' build argument 'catkin_skip_building_tests' from command line to 'False'
[0.424s] colcon.colcon_core.verb DEBUG Building package 'dsr_moveit_config_a0912' with the following arguments: {'ament_cmake_args': None, 'build_base': '/home/jack/ros2_ws/build/dsr_moveit_config_a0912', 'catkin_cmake_args': None, 'catkin_skip_building_tests': False, 'cmake_args': None, 'cmake_clean_cache': False, 'cmake_clean_first': False, 'cmake_force_configure': False, 'cmake_target': None, 'cmake_target_skip_unavailable': False, 'install_base': '/home/jack/ros2_ws/install/dsr_moveit_config_a0912', 'merge_install': False, 'path': '/home/jack/ros2_ws/src/DoosanBootcamp3rd/dsr_moveit2/dsr_moveit_config_a0912', 'symlink_install': False, 'test_result_base': None}
[0.424s] colcon.colcon_core.verb Level 5 set package 'dsr_moveit_config_e0509' build argument 'cmake_args' from command line to 'None'
[0.424s] colcon.colcon_core.verb Level 5 set package 'dsr_moveit_config_e0509' build argument 'cmake_target' from command line to 'None'
[0.424s] colcon.colcon_core.verb Level 5 set package 'dsr_moveit_config_e0509' build argument 'cmake_target_skip_unavailable' from command line to 'False'
[0.424s] colcon.colcon_core.verb Level 5 set package 'dsr_moveit_config_e0509' build argument 'cmake_clean_cache' from command line to 'False'
[0.424s] colcon.colcon_core.verb Level 5 set package 'dsr_moveit_config_e0509' build argument 'cmake_clean_first' from command line to 'False'
[0.424s] colcon.colcon_core.verb Level 5 set package 'dsr_moveit_config_e0509' build argument 'cmake_force_configure' from command line to 'False'
[0.424s] colcon.colcon_core.verb Level 5 set package 'dsr_moveit_config_e0509' build argument 'ament_cmake_args' from command line to 'None'
[0.424s] colcon.colcon_core.verb Level 5 set package 'dsr_moveit_config_e0509' build argument 'catkin_cmake_args' from command line to 'None'
[0.425s] colcon.colcon_core.verb Level 5 set package 'dsr_moveit_config_e0509' build argument 'catkin_skip_building_tests' from command line to 'False'
[0.425s] colcon.colcon_core.verb DEBUG Building package 'dsr_moveit_config_e0509' with the following arguments: {'ament_cmake_args': None, 'build_base': '/home/jack/ros2_ws/build/dsr_moveit_config_e0509', 'catkin_cmake_args': None, 'catkin_skip_building_tests': False, 'cmake_args': None, 'cmake_clean_cache': False, 'cmake_clean_first': False, 'cmake_force_configure': False, 'cmake_target': None, 'cmake_target_skip_unavailable': False, 'install_base': '/home/jack/ros2_ws/install/dsr_moveit_config_e0509', 'merge_install': False, 'path': '/home/jack/ros2_ws/src/DoosanBootcamp3rd/dsr_moveit2/dsr_moveit_config_e0509', 'symlink_install': False, 'test_result_base': None}
[0.425s] colcon.colcon_core.verb Level 5 set package 'dsr_moveit_config_h2017' build argument 'cmake_args' from command line to 'None'
[0.425s] colcon.colcon_core.verb Level 5 set package 'dsr_moveit_config_h2017' build argument 'cmake_target' from command line to 'None'
[0.425s] colcon.colcon_core.verb Level 5 set package 'dsr_moveit_config_h2017' build argument 'cmake_target_skip_unavailable' from command line to 'False'
[0.425s] colcon.colcon_core.verb Level 5 set package 'dsr_moveit_config_h2017' build argument 'cmake_clean_cache' from command line to 'False'
[0.425s] colcon.colcon_core.verb Level 5 set package 'dsr_moveit_config_h2017' build argument 'cmake_clean_first' from command line to 'False'
[0.425s] colcon.colcon_core.verb Level 5 set package 'dsr_moveit_config_h2017' build argument 'cmake_force_configure' from command line to 'False'
[0.425s] colcon.colcon_core.verb Level 5 set package 'dsr_moveit_config_h2017' build argument 'ament_cmake_args' from command line to 'None'
[0.425s] colcon.colcon_core.verb Level 5 set package 'dsr_moveit_config_h2017' build argument 'catkin_cmake_args' from command line to 'None'
[0.425s] colcon.colcon_core.verb Level 5 set package 'dsr_moveit_config_h2017' build argument 'catkin_skip_building_tests' from command line to 'False'
[0.425s] colcon.colcon_core.verb DEBUG Building package 'dsr_moveit_config_h2017' with the following arguments: {'ament_cmake_args': None, 'build_base': '/home/jack/ros2_ws/build/dsr_moveit_config_h2017', 'catkin_cmake_args': None, 'catkin_skip_building_tests': False, 'cmake_args': None, 'cmake_clean_cache': False, 'cmake_clean_first': False, 'cmake_force_configure': False, 'cmake_target': None, 'cmake_target_skip_unavailable': False, 'install_base': '/home/jack/ros2_ws/install/dsr_moveit_config_h2017', 'merge_install': False, 'path': '/home/jack/ros2_ws/src/DoosanBootcamp3rd/dsr_moveit2/dsr_moveit_config_h2017', 'symlink_install': False, 'test_result_base': None}
[0.425s] colcon.colcon_core.verb Level 5 set package 'dsr_moveit_config_h2515' build argument 'cmake_args' from command line to 'None'
[0.425s] colcon.colcon_core.verb Level 5 set package 'dsr_moveit_config_h2515' build argument 'cmake_target' from command line to 'None'
[0.425s] colcon.colcon_core.verb Level 5 set package 'dsr_moveit_config_h2515' build argument 'cmake_target_skip_unavailable' from command line to 'False'
[0.425s] colcon.colcon_core.verb Level 5 set package 'dsr_moveit_config_h2515' build argument 'cmake_clean_cache' from command line to 'False'
[0.425s] colcon.colcon_core.verb Level 5 set package 'dsr_moveit_config_h2515' build argument 'cmake_clean_first' from command line to 'False'
[0.425s] colcon.colcon_core.verb Level 5 set package 'dsr_moveit_config_h2515' build argument 'cmake_force_configure' from command line to 'False'
[0.425s] colcon.colcon_core.verb Level 5 set package 'dsr_moveit_config_h2515' build argument 'ament_cmake_args' from command line to 'None'
[0.425s] colcon.colcon_core.verb Level 5 set package 'dsr_moveit_config_h2515' build argument 'catkin_cmake_args' from command line to 'None'
[0.425s] colcon.colcon_core.verb Level 5 set package 'dsr_moveit_config_h2515' build argument 'catkin_skip_building_tests' from command line to 'False'
[0.425s] colcon.colcon_core.verb DEBUG Building package 'dsr_moveit_config_h2515' with the following arguments: {'ament_cmake_args': None, 'build_base': '/home/jack/ros2_ws/build/dsr_moveit_config_h2515', 'catkin_cmake_args': None, 'catkin_skip_building_tests': False, 'cmake_args': None, 'cmake_clean_cache': False, 'cmake_clean_first': False, 'cmake_force_configure': False, 'cmake_target': None, 'cmake_target_skip_unavailable': False, 'install_base': '/home/jack/ros2_ws/install/dsr_moveit_config_h2515', 'merge_install': False, 'path': '/home/jack/ros2_ws/src/DoosanBootcamp3rd/dsr_moveit2/dsr_moveit_config_h2515', 'symlink_install': False, 'test_result_base': None}
[0.425s] colcon.colcon_core.verb Level 5 set package 'dsr_moveit_config_m0609' build argument 'cmake_args' from command line to 'None'
[0.425s] colcon.colcon_core.verb Level 5 set package 'dsr_moveit_config_m0609' build argument 'cmake_target' from command line to 'None'
[0.425s] colcon.colcon_core.verb Level 5 set package 'dsr_moveit_config_m0609' build argument 'cmake_target_skip_unavailable' from command line to 'False'
[0.425s] colcon.colcon_core.verb Level 5 set package 'dsr_moveit_config_m0609' build argument 'cmake_clean_cache' from command line to 'False'
[0.425s] colcon.colcon_core.verb Level 5 set package 'dsr_moveit_config_m0609' build argument 'cmake_clean_first' from command line to 'False'
[0.425s] colcon.colcon_core.verb Level 5 set package 'dsr_moveit_config_m0609' build argument 'cmake_force_configure' from command line to 'False'
[0.425s] colcon.colcon_core.verb Level 5 set package 'dsr_moveit_config_m0609' build argument 'ament_cmake_args' from command line to 'None'
[0.425s] colcon.colcon_core.verb Level 5 set package 'dsr_moveit_config_m0609' build argument 'catkin_cmake_args' from command line to 'None'
[0.425s] colcon.colcon_core.verb Level 5 set package 'dsr_moveit_config_m0609' build argument 'catkin_skip_building_tests' from command line to 'False'
[0.425s] colcon.colcon_core.verb DEBUG Building package 'dsr_moveit_config_m0609' with the following arguments: {'ament_cmake_args': None, 'build_base': '/home/jack/ros2_ws/build/dsr_moveit_config_m0609', 'catkin_cmake_args': None, 'catkin_skip_building_tests': False, 'cmake_args': None, 'cmake_clean_cache': False, 'cmake_clean_first': False, 'cmake_force_configure': False, 'cmake_target': None, 'cmake_target_skip_unavailable': False, 'install_base': '/home/jack/ros2_ws/install/dsr_moveit_config_m0609', 'merge_install': False, 'path': '/home/jack/ros2_ws/src/DoosanBootcamp3rd/dsr_moveit2/dsr_moveit_config_m0609', 'symlink_install': False, 'test_result_base': None}
[0.426s] colcon.colcon_core.verb Level 5 set package 'dsr_moveit_config_m0617' build argument 'cmake_args' from command line to 'None'
[0.426s] colcon.colcon_core.verb Level 5 set package 'dsr_moveit_config_m0617' build argument 'cmake_target' from command line to 'None'
[0.426s] colcon.colcon_core.verb Level 5 set package 'dsr_moveit_config_m0617' build argument 'cmake_target_skip_unavailable' from command line to 'False'
[0.426s] colcon.colcon_core.verb Level 5 set package 'dsr_moveit_config_m0617' build argument 'cmake_clean_cache' from command line to 'False'
[0.426s] colcon.colcon_core.verb Level 5 set package 'dsr_moveit_config_m0617' build argument 'cmake_clean_first' from command line to 'False'
[0.426s] colcon.colcon_core.verb Level 5 set package 'dsr_moveit_config_m0617' build argument 'cmake_force_configure' from command line to 'False'
[0.426s] colcon.colcon_core.verb Level 5 set package 'dsr_moveit_config_m0617' build argument 'ament_cmake_args' from command line to 'None'
[0.426s] colcon.colcon_core.verb Level 5 set package 'dsr_moveit_config_m0617' build argument 'catkin_cmake_args' from command line to 'None'
[0.426s] colcon.colcon_core.verb Level 5 set package 'dsr_moveit_config_m0617' build argument 'catkin_skip_building_tests' from command line to 'False'
[0.426s] colcon.colcon_core.verb DEBUG Building package 'dsr_moveit_config_m0617' with the following arguments: {'ament_cmake_args': None, 'build_base': '/home/jack/ros2_ws/build/dsr_moveit_config_m0617', 'catkin_cmake_args': None, 'catkin_skip_building_tests': False, 'cmake_args': None, 'cmake_clean_cache': False, 'cmake_clean_first': False, 'cmake_force_configure': False, 'cmake_target': None, 'cmake_target_skip_unavailable': False, 'install_base': '/home/jack/ros2_ws/install/dsr_moveit_config_m0617', 'merge_install': False, 'path': '/home/jack/ros2_ws/src/DoosanBootcamp3rd/dsr_moveit2/dsr_moveit_config_m0617', 'symlink_install': False, 'test_result_base': None}
[0.426s] colcon.colcon_core.verb Level 5 set package 'dsr_moveit_config_m1013' build argument 'cmake_args' from command line to 'None'
[0.426s] colcon.colcon_core.verb Level 5 set package 'dsr_moveit_config_m1013' build argument 'cmake_target' from command line to 'None'
[0.426s] colcon.colcon_core.verb Level 5 set package 'dsr_moveit_config_m1013' build argument 'cmake_target_skip_unavailable' from command line to 'False'
[0.426s] colcon.colcon_core.verb Level 5 set package 'dsr_moveit_config_m1013' build argument 'cmake_clean_cache' from command line to 'False'
[0.426s] colcon.colcon_core.verb Level 5 set package 'dsr_moveit_config_m1013' build argument 'cmake_clean_first' from command line to 'False'
[0.426s] colcon.colcon_core.verb Level 5 set package 'dsr_moveit_config_m1013' build argument 'cmake_force_configure' from command line to 'False'
[0.426s] colcon.colcon_core.verb Level 5 set package 'dsr_moveit_config_m1013' build argument 'ament_cmake_args' from command line to 'None'
[0.426s] colcon.colcon_core.verb Level 5 set package 'dsr_moveit_config_m1013' build argument 'catkin_cmake_args' from command line to 'None'
[0.426s] colcon.colcon_core.verb Level 5 set package 'dsr_moveit_config_m1013' build argument 'catkin_skip_building_tests' from command line to 'False'
[0.426s] colcon.colcon_core.verb DEBUG Building package 'dsr_moveit_config_m1013' with the following arguments: {'ament_cmake_args': None, 'build_base': '/home/jack/ros2_ws/build/dsr_moveit_config_m1013', 'catkin_cmake_args': None, 'catkin_skip_building_tests': False, 'cmake_args': None, 'cmake_clean_cache': False, 'cmake_clean_first': False, 'cmake_force_configure': False, 'cmake_target': None, 'cmake_target_skip_unavailable': False, 'install_base': '/home/jack/ros2_ws/install/dsr_moveit_config_m1013', 'merge_install': False, 'path': '/home/jack/ros2_ws/src/DoosanBootcamp3rd/dsr_moveit2/dsr_moveit_config_m1013', 'symlink_install': False, 'test_result_base': None}
[0.426s] colcon.colcon_core.verb Level 5 set package 'dsr_moveit_config_m1509' build argument 'cmake_args' from command line to 'None'
[0.426s] colcon.colcon_core.verb Level 5 set package 'dsr_moveit_config_m1509' build argument 'cmake_target' from command line to 'None'
[0.426s] colcon.colcon_core.verb Level 5 set package 'dsr_moveit_config_m1509' build argument 'cmake_target_skip_unavailable' from command line to 'False'
[0.426s] colcon.colcon_core.verb Level 5 set package 'dsr_moveit_config_m1509' build argument 'cmake_clean_cache' from command line to 'False'
[0.426s] colcon.colcon_core.verb Level 5 set package 'dsr_moveit_config_m1509' build argument 'cmake_clean_first' from command line to 'False'
[0.426s] colcon.colcon_core.verb Level 5 set package 'dsr_moveit_config_m1509' build argument 'cmake_force_configure' from command line to 'False'
[0.426s] colcon.colcon_core.verb Level 5 set package 'dsr_moveit_config_m1509' build argument 'ament_cmake_args' from command line to 'None'
[0.426s] colcon.colcon_core.verb Level 5 set package 'dsr_moveit_config_m1509' build argument 'catkin_cmake_args' from command line to 'None'
[0.426s] colcon.colcon_core.verb Level 5 set package 'dsr_moveit_config_m1509' build argument 'catkin_skip_building_tests' from command line to 'False'
[0.426s] colcon.colcon_core.verb DEBUG Building package 'dsr_moveit_config_m1509' with the following arguments: {'ament_cmake_args': None, 'build_base': '/home/jack/ros2_ws/build/dsr_moveit_config_m1509', 'catkin_cmake_args': None, 'catkin_skip_building_tests': False, 'cmake_args': None, 'cmake_clean_cache': False, 'cmake_clean_first': False, 'cmake_force_configure': False, 'cmake_target': None, 'cmake_target_skip_unavailable': False, 'install_base': '/home/jack/ros2_ws/install/dsr_moveit_config_m1509', 'merge_install': False, 'path': '/home/jack/ros2_ws/src/DoosanBootcamp3rd/dsr_moveit2/dsr_moveit_config_m1509', 'symlink_install': False, 'test_result_base': None}
[0.427s] colcon.colcon_core.verb Level 5 set package 'dsr_moveit_config_p3020' build argument 'cmake_args' from command line to 'None'
[0.427s] colcon.colcon_core.verb Level 5 set package 'dsr_moveit_config_p3020' build argument 'cmake_target' from command line to 'None'
[0.427s] colcon.colcon_core.verb Level 5 set package 'dsr_moveit_config_p3020' build argument 'cmake_target_skip_unavailable' from command line to 'False'
[0.427s] colcon.colcon_core.verb Level 5 set package 'dsr_moveit_config_p3020' build argument 'cmake_clean_cache' from command line to 'False'
[0.427s] colcon.colcon_core.verb Level 5 set package 'dsr_moveit_config_p3020' build argument 'cmake_clean_first' from command line to 'False'
[0.427s] colcon.colcon_core.verb Level 5 set package 'dsr_moveit_config_p3020' build argument 'cmake_force_configure' from command line to 'False'
[0.427s] colcon.colcon_core.verb Level 5 set package 'dsr_moveit_config_p3020' build argument 'ament_cmake_args' from command line to 'None'
[0.427s] colcon.colcon_core.verb Level 5 set package 'dsr_moveit_config_p3020' build argument 'catkin_cmake_args' from command line to 'None'
[0.427s] colcon.colcon_core.verb Level 5 set package 'dsr_moveit_config_p3020' build argument 'catkin_skip_building_tests' from command line to 'False'
[0.427s] colcon.colcon_core.verb DEBUG Building package 'dsr_moveit_config_p3020' with the following arguments: {'ament_cmake_args': None, 'build_base': '/home/jack/ros2_ws/build/dsr_moveit_config_p3020', 'catkin_cmake_args': None, 'catkin_skip_building_tests': False, 'cmake_args': None, 'cmake_clean_cache': False, 'cmake_clean_first': False, 'cmake_force_configure': False, 'cmake_target': None, 'cmake_target_skip_unavailable': False, 'install_base': '/home/jack/ros2_ws/install/dsr_moveit_config_p3020', 'merge_install': False, 'path': '/home/jack/ros2_ws/src/DoosanBootcamp3rd/dsr_moveit2/dsr_moveit_config_p3020', 'symlink_install': False, 'test_result_base': None}
[0.427s] colcon.colcon_core.verb Level 5 set package 'dsr_msgs2' build argument 'cmake_args' from command line to 'None'
[0.427s] colcon.colcon_core.verb Level 5 set package 'dsr_msgs2' build argument 'cmake_target' from command line to 'None'
[0.427s] colcon.colcon_core.verb Level 5 set package 'dsr_msgs2' build argument 'cmake_target_skip_unavailable' from command line to 'False'
[0.427s] colcon.colcon_core.verb Level 5 set package 'dsr_msgs2' build argument 'cmake_clean_cache' from command line to 'False'
[0.427s] colcon.colcon_core.verb Level 5 set package 'dsr_msgs2' build argument 'cmake_clean_first' from command line to 'False'
[0.427s] colcon.colcon_core.verb Level 5 set package 'dsr_msgs2' build argument 'cmake_force_configure' from command line to 'False'
[0.427s] colcon.colcon_core.verb Level 5 set package 'dsr_msgs2' build argument 'ament_cmake_args' from command line to 'None'
[0.427s] colcon.colcon_core.verb Level 5 set package 'dsr_msgs2' build argument 'catkin_cmake_args' from command line to 'None'
[0.427s] colcon.colcon_core.verb Level 5 set package 'dsr_msgs2' build argument 'catkin_skip_building_tests' from command line to 'False'
[0.427s] colcon.colcon_core.verb DEBUG Building package 'dsr_msgs2' with the following arguments: {'ament_cmake_args': None, 'build_base': '/home/jack/ros2_ws/build/dsr_msgs2', 'catkin_cmake_args': None, 'catkin_skip_building_tests': False, 'cmake_args': None, 'cmake_clean_cache': False, 'cmake_clean_first': False, 'cmake_force_configure': False, 'cmake_target': None, 'cmake_target_skip_unavailable': False, 'install_base': '/home/jack/ros2_ws/install/dsr_msgs2', 'merge_install': False, 'path': '/home/jack/ros2_ws/src/DoosanBootcamp3rd/dsr_msgs2', 'symlink_install': False, 'test_result_base': None}
[0.427s] colcon.colcon_core.verb Level 5 set package 'dsr_visualservoing' build argument 'cmake_args' from command line to 'None'
[0.427s] colcon.colcon_core.verb Level 5 set package 'dsr_visualservoing' build argument 'cmake_target' from command line to 'None'
[0.427s] colcon.colcon_core.verb Level 5 set package 'dsr_visualservoing' build argument 'cmake_target_skip_unavailable' from command line to 'False'
[0.427s] colcon.colcon_core.verb Level 5 set package 'dsr_visualservoing' build argument 'cmake_clean_cache' from command line to 'False'
[0.427s] colcon.colcon_core.verb Level 5 set package 'dsr_visualservoing' build argument 'cmake_clean_first' from command line to 'False'
[0.427s] colcon.colcon_core.verb Level 5 set package 'dsr_visualservoing' build argument 'cmake_force_configure' from command line to 'False'
[0.427s] colcon.colcon_core.verb Level 5 set package 'dsr_visualservoing' build argument 'ament_cmake_args' from command line to 'None'
[0.427s] colcon.colcon_core.verb Level 5 set package 'dsr_visualservoing' build argument 'catkin_cmake_args' from command line to 'None'
[0.427s] colcon.colcon_core.verb Level 5 set package 'dsr_visualservoing' build argument 'catkin_skip_building_tests' from command line to 'False'
[0.427s] colcon.colcon_core.verb DEBUG Building package 'dsr_visualservoing' with the following arguments: {'ament_cmake_args': None, 'build_base': '/home/jack/ros2_ws/build/dsr_visualservoing', 'catkin_cmake_args': None, 'catkin_skip_building_tests': False, 'cmake_args': None, 'cmake_clean_cache': False, 'cmake_clean_first': False, 'cmake_force_configure': False, 'cmake_target': None, 'cmake_target_skip_unavailable': False, 'install_base': '/home/jack/ros2_ws/install/dsr_visualservoing', 'merge_install': False, 'path': '/home/jack/ros2_ws/src/DoosanBootcamp3rd/dsr_example2/dsr_visualservoing', 'symlink_install': False, 'test_result_base': None}
[0.428s] colcon.colcon_core.verb Level 5 set package 'od_msg' build argument 'cmake_args' from command line to 'None'
[0.428s] colcon.colcon_core.verb Level 5 set package 'od_msg' build argument 'cmake_target' from command line to 'None'
[0.428s] colcon.colcon_core.verb Level 5 set package 'od_msg' build argument 'cmake_target_skip_unavailable' from command line to 'False'
[0.428s] colcon.colcon_core.verb Level 5 set package 'od_msg' build argument 'cmake_clean_cache' from command line to 'False'
[0.428s] colcon.colcon_core.verb Level 5 set package 'od_msg' build argument 'cmake_clean_first' from command line to 'False'
[0.428s] colcon.colcon_core.verb Level 5 set package 'od_msg' build argument 'cmake_force_configure' from command line to 'False'
[0.428s] colcon.colcon_core.verb Level 5 set package 'od_msg' build argument 'ament_cmake_args' from command line to 'None'
[0.428s] colcon.colcon_core.verb Level 5 set package 'od_msg' build argument 'catkin_cmake_args' from command line to 'None'
[0.428s] colcon.colcon_core.verb Level 5 set package 'od_msg' build argument 'catkin_skip_building_tests' from command line to 'False'
[0.428s] colcon.colcon_core.verb DEBUG Building package 'od_msg' with the following arguments: {'ament_cmake_args': None, 'build_base': '/home/jack/ros2_ws/build/od_msg', 'catkin_cmake_args': None, 'catkin_skip_building_tests': False, 'cmake_args': None, 'cmake_clean_cache': False, 'cmake_clean_first': False, 'cmake_force_configure': False, 'cmake_target': None, 'cmake_target_skip_unavailable': False, 'install_base': '/home/jack/ros2_ws/install/od_msg', 'merge_install': False, 'path': '/home/jack/ros2_ws/src/DoosanBootcamp3rd/dsr_rokey/od_msg', 'symlink_install': False, 'test_result_base': None}
[0.428s] colcon.colcon_core.verb Level 5 set package 'pick_and_place_text' build argument 'cmake_args' from command line to 'None'
[0.428s] colcon.colcon_core.verb Level 5 set package 'pick_and_place_text' build argument 'cmake_target' from command line to 'None'
[0.428s] colcon.colcon_core.verb Level 5 set package 'pick_and_place_text' build argument 'cmake_target_skip_unavailable' from command line to 'False'
[0.428s] colcon.colcon_core.verb Level 5 set package 'pick_and_place_text' build argument 'cmake_clean_cache' from command line to 'False'
[0.428s] colcon.colcon_core.verb Level 5 set package 'pick_and_place_text' build argument 'cmake_clean_first' from command line to 'False'
[0.428s] colcon.colcon_core.verb Level 5 set package 'pick_and_place_text' build argument 'cmake_force_configure' from command line to 'False'
[0.428s] colcon.colcon_core.verb Level 5 set package 'pick_and_place_text' build argument 'ament_cmake_args' from command line to 'None'
[0.428s] colcon.colcon_core.verb Level 5 set package 'pick_and_place_text' build argument 'catkin_cmake_args' from command line to 'None'
[0.428s] colcon.colcon_core.verb Level 5 set package 'pick_and_place_text' build argument 'catkin_skip_building_tests' from command line to 'False'
[0.428s] colcon.colcon_core.verb DEBUG Building package 'pick_and_place_text' with the following arguments: {'ament_cmake_args': None, 'build_base': '/home/jack/ros2_ws/build/pick_and_place_text', 'catkin_cmake_args': None, 'catkin_skip_building_tests': False, 'cmake_args': None, 'cmake_clean_cache': False, 'cmake_clean_first': False, 'cmake_force_configure': False, 'cmake_target': None, 'cmake_target_skip_unavailable': False, 'install_base': '/home/jack/ros2_ws/install/pick_and_place_text', 'merge_install': False, 'path': '/home/jack/ros2_ws/src/DoosanBootcamp3rd/dsr_rokey/pick_and_place_text', 'symlink_install': False, 'test_result_base': None}
[0.428s] colcon.colcon_core.verb Level 5 set package 'pick_and_place_voice' build argument 'cmake_args' from command line to 'None'
[0.428s] colcon.colcon_core.verb Level 5 set package 'pick_and_place_voice' build argument 'cmake_target' from command line to 'None'
[0.428s] colcon.colcon_core.verb Level 5 set package 'pick_and_place_voice' build argument 'cmake_target_skip_unavailable' from command line to 'False'
[0.428s] colcon.colcon_core.verb Level 5 set package 'pick_and_place_voice' build argument 'cmake_clean_cache' from command line to 'False'
[0.428s] colcon.colcon_core.verb Level 5 set package 'pick_and_place_voice' build argument 'cmake_clean_first' from command line to 'False'
[0.428s] colcon.colcon_core.verb Level 5 set package 'pick_and_place_voice' build argument 'cmake_force_configure' from command line to 'False'
[0.428s] colcon.colcon_core.verb Level 5 set package 'pick_and_place_voice' build argument 'ament_cmake_args' from command line to 'None'
[0.428s] colcon.colcon_core.verb Level 5 set package 'pick_and_place_voice' build argument 'catkin_cmake_args' from command line to 'None'
[0.428s] colcon.colcon_core.verb Level 5 set package 'pick_and_place_voice' build argument 'catkin_skip_building_tests' from command line to 'False'
[0.428s] colcon.colcon_core.verb DEBUG Building package 'pick_and_place_voice' with the following arguments: {'ament_cmake_args': None, 'build_base': '/home/jack/ros2_ws/build/pick_and_place_voice', 'catkin_cmake_args': None, 'catkin_skip_building_tests': False, 'cmake_args': None, 'cmake_clean_cache': False, 'cmake_clean_first': False, 'cmake_force_configure': False, 'cmake_target': None, 'cmake_target_skip_unavailable': False, 'install_base': '/home/jack/ros2_ws/install/pick_and_place_voice', 'merge_install': False, 'path': '/home/jack/ros2_ws/src/DoosanBootcamp3rd/dsr_rokey/pick_and_place_voice', 'symlink_install': False, 'test_result_base': None}
[0.429s] colcon.colcon_core.verb Level 5 set package 'rokey' build argument 'cmake_args' from command line to 'None'
[0.429s] colcon.colcon_core.verb Level 5 set package 'rokey' build argument 'cmake_target' from command line to 'None'
[0.429s] colcon.colcon_core.verb Level 5 set package 'rokey' build argument 'cmake_target_skip_unavailable' from command line to 'False'
[0.429s] colcon.colcon_core.verb Level 5 set package 'rokey' build argument 'cmake_clean_cache' from command line to 'False'
[0.429s] colcon.colcon_core.verb Level 5 set package 'rokey' build argument 'cmake_clean_first' from command line to 'False'
[0.429s] colcon.colcon_core.verb Level 5 set package 'rokey' build argument 'cmake_force_configure' from command line to 'False'
[0.429s] colcon.colcon_core.verb Level 5 set package 'rokey' build argument 'ament_cmake_args' from command line to 'None'
[0.429s] colcon.colcon_core.verb Level 5 set package 'rokey' build argument 'catkin_cmake_args' from command line to 'None'
[0.429s] colcon.colcon_core.verb Level 5 set package 'rokey' build argument 'catkin_skip_building_tests' from command line to 'False'
[0.429s] colcon.colcon_core.verb DEBUG Building package 'rokey' with the following arguments: {'ament_cmake_args': None, 'build_base': '/home/jack/ros2_ws/build/rokey', 'catkin_cmake_args': None, 'catkin_skip_building_tests': False, 'cmake_args': None, 'cmake_clean_cache': False, 'cmake_clean_first': False, 'cmake_force_configure': False, 'cmake_target': None, 'cmake_target_skip_unavailable': False, 'install_base': '/home/jack/ros2_ws/install/rokey', 'merge_install': False, 'path': '/home/jack/ros2_ws/src/DoosanBootcamp3rd/dsr_rokey/rokey', 'symlink_install': False, 'test_result_base': None}
[0.429s] colcon.colcon_core.verb Level 5 set package 'somacube' build argument 'cmake_args' from command line to 'None'
[0.429s] colcon.colcon_core.verb Level 5 set package 'somacube' build argument 'cmake_target' from command line to 'None'
[0.429s] colcon.colcon_core.verb Level 5 set package 'somacube' build argument 'cmake_target_skip_unavailable' from command line to 'False'
[0.429s] colcon.colcon_core.verb Level 5 set package 'somacube' build argument 'cmake_clean_cache' from command line to 'False'
[0.429s] colcon.colcon_core.verb Level 5 set package 'somacube' build argument 'cmake_clean_first' from command line to 'False'
[0.429s] colcon.colcon_core.verb Level 5 set package 'somacube' build argument 'cmake_force_configure' from command line to 'False'
[0.429s] colcon.colcon_core.verb Level 5 set package 'somacube' build argument 'ament_cmake_args' from command line to 'None'
[0.429s] colcon.colcon_core.verb Level 5 set package 'somacube' build argument 'catkin_cmake_args' from command line to 'None'
[0.429s] colcon.colcon_core.verb Level 5 set package 'somacube' build argument 'catkin_skip_building_tests' from command line to 'False'
[0.429s] colcon.colcon_core.verb DEBUG Building package 'somacube' with the following arguments: {'ament_cmake_args': None, 'build_base': '/home/jack/ros2_ws/build/somacube', 'catkin_cmake_args': None, 'catkin_skip_building_tests': False, 'cmake_args': None, 'cmake_clean_cache': False, 'cmake_clean_first': False, 'cmake_force_configure': False, 'cmake_target': None, 'cmake_target_skip_unavailable': False, 'install_base': '/home/jack/ros2_ws/install/somacube', 'merge_install': False, 'path': '/home/jack/ros2_ws/src/DoosanBootcamp3rd/somacube', 'symlink_install': False, 'test_result_base': None}
[0.429s] colcon.colcon_core.verb Level 5 set package 'dsr_bringup2' build argument 'cmake_args' from command line to 'None'
[0.429s] colcon.colcon_core.verb Level 5 set package 'dsr_bringup2' build argument 'cmake_target' from command line to 'None'
[0.429s] colcon.colcon_core.verb Level 5 set package 'dsr_bringup2' build argument 'cmake_target_skip_unavailable' from command line to 'False'
[0.429s] colcon.colcon_core.verb Level 5 set package 'dsr_bringup2' build argument 'cmake_clean_cache' from command line to 'False'
[0.429s] colcon.colcon_core.verb Level 5 set package 'dsr_bringup2' build argument 'cmake_clean_first' from command line to 'False'
[0.429s] colcon.colcon_core.verb Level 5 set package 'dsr_bringup2' build argument 'cmake_force_configure' from command line to 'False'
[0.429s] colcon.colcon_core.verb Level 5 set package 'dsr_bringup2' build argument 'ament_cmake_args' from command line to 'None'
[0.429s] colcon.colcon_core.verb Level 5 set package 'dsr_bringup2' build argument 'catkin_cmake_args' from command line to 'None'
[0.429s] colcon.colcon_core.verb Level 5 set package 'dsr_bringup2' build argument 'catkin_skip_building_tests' from command line to 'False'
[0.429s] colcon.colcon_core.verb DEBUG Building package 'dsr_bringup2' with the following arguments: {'ament_cmake_args': None, 'build_base': '/home/jack/ros2_ws/build/dsr_bringup2', 'catkin_cmake_args': None, 'catkin_skip_building_tests': False, 'cmake_args': None, 'cmake_clean_cache': False, 'cmake_clean_first': False, 'cmake_force_configure': False, 'cmake_target': None, 'cmake_target_skip_unavailable': False, 'install_base': '/home/jack/ros2_ws/install/dsr_bringup2', 'merge_install': False, 'path': '/home/jack/ros2_ws/src/DoosanBootcamp3rd/dsr_bringup2', 'symlink_install': False, 'test_result_base': None}
[0.430s] colcon.colcon_core.verb Level 5 set package 'dsr_example' build argument 'cmake_args' from command line to 'None'
[0.430s] colcon.colcon_core.verb Level 5 set package 'dsr_example' build argument 'cmake_target' from command line to 'None'
[0.430s] colcon.colcon_core.verb Level 5 set package 'dsr_example' build argument 'cmake_target_skip_unavailable' from command line to 'False'
[0.430s] colcon.colcon_core.verb Level 5 set package 'dsr_example' build argument 'cmake_clean_cache' from command line to 'False'
[0.430s] colcon.colcon_core.verb Level 5 set package 'dsr_example' build argument 'cmake_clean_first' from command line to 'False'
[0.430s] colcon.colcon_core.verb Level 5 set package 'dsr_example' build argument 'cmake_force_configure' from command line to 'False'
[0.430s] colcon.colcon_core.verb Level 5 set package 'dsr_example' build argument 'ament_cmake_args' from command line to 'None'
[0.430s] colcon.colcon_core.verb Level 5 set package 'dsr_example' build argument 'catkin_cmake_args' from command line to 'None'
[0.430s] colcon.colcon_core.verb Level 5 set package 'dsr_example' build argument 'catkin_skip_building_tests' from command line to 'False'
[0.430s] colcon.colcon_core.verb DEBUG Building package 'dsr_example' with the following arguments: {'ament_cmake_args': None, 'build_base': '/home/jack/ros2_ws/build/dsr_example', 'catkin_cmake_args': None, 'catkin_skip_building_tests': False, 'cmake_args': None, 'cmake_clean_cache': False, 'cmake_clean_first': False, 'cmake_force_configure': False, 'cmake_target': None, 'cmake_target_skip_unavailable': False, 'install_base': '/home/jack/ros2_ws/install/dsr_example', 'merge_install': False, 'path': '/home/jack/ros2_ws/src/DoosanBootcamp3rd/dsr_example2/dsr_example', 'symlink_install': False, 'test_result_base': None}
[0.430s] colcon.colcon_core.verb Level 5 set package 'dsr_gazebo2' build argument 'cmake_args' from command line to 'None'
[0.430s] colcon.colcon_core.verb Level 5 set package 'dsr_gazebo2' build argument 'cmake_target' from command line to 'None'
[0.430s] colcon.colcon_core.verb Level 5 set package 'dsr_gazebo2' build argument 'cmake_target_skip_unavailable' from command line to 'False'
[0.430s] colcon.colcon_core.verb Level 5 set package 'dsr_gazebo2' build argument 'cmake_clean_cache' from command line to 'False'
[0.430s] colcon.colcon_core.verb Level 5 set package 'dsr_gazebo2' build argument 'cmake_clean_first' from command line to 'False'
[0.430s] colcon.colcon_core.verb Level 5 set package 'dsr_gazebo2' build argument 'cmake_force_configure' from command line to 'False'
[0.430s] colcon.colcon_core.verb Level 5 set package 'dsr_gazebo2' build argument 'ament_cmake_args' from command line to 'None'
[0.430s] colcon.colcon_core.verb Level 5 set package 'dsr_gazebo2' build argument 'catkin_cmake_args' from command line to 'None'
[0.430s] colcon.colcon_core.verb Level 5 set package 'dsr_gazebo2' build argument 'catkin_skip_building_tests' from command line to 'False'
[0.430s] colcon.colcon_core.verb DEBUG Building package 'dsr_gazebo2' with the following arguments: {'ament_cmake_args': None, 'build_base': '/home/jack/ros2_ws/build/dsr_gazebo2', 'catkin_cmake_args': None, 'catkin_skip_building_tests': False, 'cmake_args': None, 'cmake_clean_cache': False, 'cmake_clean_first': False, 'cmake_force_configure': False, 'cmake_target': None, 'cmake_target_skip_unavailable': False, 'install_base': '/home/jack/ros2_ws/install/dsr_gazebo2', 'merge_install': False, 'path': '/home/jack/ros2_ws/src/DoosanBootcamp3rd/dsr_gazebo2', 'symlink_install': False, 'test_result_base': None}
[0.430s] colcon.colcon_core.verb Level 5 set package 'dsr_hardware2' build argument 'cmake_args' from command line to 'None'
[0.430s] colcon.colcon_core.verb Level 5 set package 'dsr_hardware2' build argument 'cmake_target' from command line to 'None'
[0.430s] colcon.colcon_core.verb Level 5 set package 'dsr_hardware2' build argument 'cmake_target_skip_unavailable' from command line to 'False'
[0.430s] colcon.colcon_core.verb Level 5 set package 'dsr_hardware2' build argument 'cmake_clean_cache' from command line to 'False'
[0.430s] colcon.colcon_core.verb Level 5 set package 'dsr_hardware2' build argument 'cmake_clean_first' from command line to 'False'
[0.430s] colcon.colcon_core.verb Level 5 set package 'dsr_hardware2' build argument 'cmake_force_configure' from command line to 'False'
[0.430s] colcon.colcon_core.verb Level 5 set package 'dsr_hardware2' build argument 'ament_cmake_args' from command line to 'None'
[0.430s] colcon.colcon_core.verb Level 5 set package 'dsr_hardware2' build argument 'catkin_cmake_args' from command line to 'None'
[0.430s] colcon.colcon_core.verb Level 5 set package 'dsr_hardware2' build argument 'catkin_skip_building_tests' from command line to 'False'
[0.430s] colcon.colcon_core.verb DEBUG Building package 'dsr_hardware2' with the following arguments: {'ament_cmake_args': None, 'build_base': '/home/jack/ros2_ws/build/dsr_hardware2', 'catkin_cmake_args': None, 'catkin_skip_building_tests': False, 'cmake_args': None, 'cmake_clean_cache': False, 'cmake_clean_first': False, 'cmake_force_configure': False, 'cmake_target': None, 'cmake_target_skip_unavailable': False, 'install_base': '/home/jack/ros2_ws/install/dsr_hardware2', 'merge_install': False, 'path': '/home/jack/ros2_ws/src/DoosanBootcamp3rd/dsr_hardware2', 'symlink_install': False, 'test_result_base': None}
[0.431s] colcon.colcon_core.verb Level 5 set package 'dsr_realtime_control' build argument 'cmake_args' from command line to 'None'
[0.431s] colcon.colcon_core.verb Level 5 set package 'dsr_realtime_control' build argument 'cmake_target' from command line to 'None'
[0.431s] colcon.colcon_core.verb Level 5 set package 'dsr_realtime_control' build argument 'cmake_target_skip_unavailable' from command line to 'False'
[0.431s] colcon.colcon_core.verb Level 5 set package 'dsr_realtime_control' build argument 'cmake_clean_cache' from command line to 'False'
[0.431s] colcon.colcon_core.verb Level 5 set package 'dsr_realtime_control' build argument 'cmake_clean_first' from command line to 'False'
[0.431s] colcon.colcon_core.verb Level 5 set package 'dsr_realtime_control' build argument 'cmake_force_configure' from command line to 'False'
[0.431s] colcon.colcon_core.verb Level 5 set package 'dsr_realtime_control' build argument 'ament_cmake_args' from command line to 'None'
[0.431s] colcon.colcon_core.verb Level 5 set package 'dsr_realtime_control' build argument 'catkin_cmake_args' from command line to 'None'
[0.431s] colcon.colcon_core.verb Level 5 set package 'dsr_realtime_control' build argument 'catkin_skip_building_tests' from command line to 'False'
[0.431s] colcon.colcon_core.verb DEBUG Building package 'dsr_realtime_control' with the following arguments: {'ament_cmake_args': None, 'build_base': '/home/jack/ros2_ws/build/dsr_realtime_control', 'catkin_cmake_args': None, 'catkin_skip_building_tests': False, 'cmake_args': None, 'cmake_clean_cache': False, 'cmake_clean_first': False, 'cmake_force_configure': False, 'cmake_target': None, 'cmake_target_skip_unavailable': False, 'install_base': '/home/jack/ros2_ws/install/dsr_realtime_control', 'merge_install': False, 'path': '/home/jack/ros2_ws/src/DoosanBootcamp3rd/dsr_example2/dsr_realtime_control', 'symlink_install': False, 'test_result_base': None}
[0.431s] colcon.colcon_core.verb Level 5 set package 'dsr_tests' build argument 'cmake_args' from command line to 'None'
[0.431s] colcon.colcon_core.verb Level 5 set package 'dsr_tests' build argument 'cmake_target' from command line to 'None'
[0.431s] colcon.colcon_core.verb Level 5 set package 'dsr_tests' build argument 'cmake_target_skip_unavailable' from command line to 'False'
[0.431s] colcon.colcon_core.verb Level 5 set package 'dsr_tests' build argument 'cmake_clean_cache' from command line to 'False'
[0.431s] colcon.colcon_core.verb Level 5 set package 'dsr_tests' build argument 'cmake_clean_first' from command line to 'False'
[0.431s] colcon.colcon_core.verb Level 5 set package 'dsr_tests' build argument 'cmake_force_configure' from command line to 'False'
[0.431s] colcon.colcon_core.verb Level 5 set package 'dsr_tests' build argument 'ament_cmake_args' from command line to 'None'
[0.431s] colcon.colcon_core.verb Level 5 set package 'dsr_tests' build argument 'catkin_cmake_args' from command line to 'None'
[0.431s] colcon.colcon_core.verb Level 5 set package 'dsr_tests' build argument 'catkin_skip_building_tests' from command line to 'False'
[0.431s] colcon.colcon_core.verb DEBUG Building package 'dsr_tests' with the following arguments: {'ament_cmake_args': None, 'build_base': '/home/jack/ros2_ws/build/dsr_tests', 'catkin_cmake_args': None, 'catkin_skip_building_tests': False, 'cmake_args': None, 'cmake_clean_cache': False, 'cmake_clean_first': False, 'cmake_force_configure': False, 'cmake_target': None, 'cmake_target_skip_unavailable': False, 'install_base': '/home/jack/ros2_ws/install/dsr_tests', 'merge_install': False, 'path': '/home/jack/ros2_ws/src/DoosanBootcamp3rd/dsr_tests', 'symlink_install': False, 'test_result_base': None}
[0.431s] colcon.colcon_core.verb Level 5 set package 'dsr_controller2' build argument 'cmake_args' from command line to 'None'
[0.431s] colcon.colcon_core.verb Level 5 set package 'dsr_controller2' build argument 'cmake_target' from command line to 'None'
[0.431s] colcon.colcon_core.verb Level 5 set package 'dsr_controller2' build argument 'cmake_target_skip_unavailable' from command line to 'False'
[0.431s] colcon.colcon_core.verb Level 5 set package 'dsr_controller2' build argument 'cmake_clean_cache' from command line to 'False'
[0.431s] colcon.colcon_core.verb Level 5 set package 'dsr_controller2' build argument 'cmake_clean_first' from command line to 'False'
[0.431s] colcon.colcon_core.verb Level 5 set package 'dsr_controller2' build argument 'cmake_force_configure' from command line to 'False'
[0.431s] colcon.colcon_core.verb Level 5 set package 'dsr_controller2' build argument 'ament_cmake_args' from command line to 'None'
[0.431s] colcon.colcon_core.verb Level 5 set package 'dsr_controller2' build argument 'catkin_cmake_args' from command line to 'None'
[0.431s] colcon.colcon_core.verb Level 5 set package 'dsr_controller2' build argument 'catkin_skip_building_tests' from command line to 'False'
[0.431s] colcon.colcon_core.verb DEBUG Building package 'dsr_controller2' with the following arguments: {'ament_cmake_args': None, 'build_base': '/home/jack/ros2_ws/build/dsr_controller2', 'catkin_cmake_args': None, 'catkin_skip_building_tests': False, 'cmake_args': None, 'cmake_clean_cache': False, 'cmake_clean_first': False, 'cmake_force_configure': False, 'cmake_target': None, 'cmake_target_skip_unavailable': False, 'install_base': '/home/jack/ros2_ws/install/dsr_controller2', 'merge_install': False, 'path': '/home/jack/ros2_ws/src/DoosanBootcamp3rd/dsr_controller2', 'symlink_install': False, 'test_result_base': None}
[0.431s] colcon.colcon_core.executor INFO Executing jobs using 'parallel' executor
[0.433s] colcon.colcon_parallel_executor.executor.parallel DEBUG run_until_complete
[0.433s] colcon.colcon_ros.task.ament_cmake.build INFO Building ROS package in '/home/jack/ros2_ws/src/DoosanBootcamp3rd/dsr_msgs2' with build type 'ament_cmake'
[0.433s] colcon.colcon_cmake.task.cmake.build INFO Building CMake package in '/home/jack/ros2_ws/src/DoosanBootcamp3rd/dsr_msgs2'
[0.437s] colcon.colcon_core.plugin_system INFO Skipping extension 'colcon_core.shell.bat': Not used on non-Windows systems
[0.437s] colcon.colcon_core.shell INFO Skip shell extension 'powershell' for command environment: Not usable outside of PowerShell
[0.437s] colcon.colcon_core.shell DEBUG Skip shell extension 'dsv' for command environment
[0.442s] colcon.colcon_ros.task.ament_cmake.build INFO Building ROS package in '/home/jack/ros2_ws/src/DoosanBootcamp3rd/dsr_common2' with build type 'ament_cmake'
[0.442s] colcon.colcon_cmake.task.cmake.build INFO Building CMake package in '/home/jack/ros2_ws/src/DoosanBootcamp3rd/dsr_common2'
[0.442s] colcon.colcon_core.shell INFO Skip shell extension 'powershell' for command environment: Not usable outside of PowerShell
[0.442s] colcon.colcon_core.shell DEBUG Skip shell extension 'dsv' for command environment
[0.444s] colcon.colcon_ros.task.ament_cmake.build INFO Building ROS package in '/home/jack/ros2_ws/src/DoosanBootcamp3rd/dsr_description2' with build type 'ament_cmake'
[0.444s] colcon.colcon_cmake.task.cmake.build INFO Building CMake package in '/home/jack/ros2_ws/src/DoosanBootcamp3rd/dsr_description2'
[0.445s] colcon.colcon_core.shell INFO Skip shell extension 'powershell' for command environment: Not usable outside of PowerShell
[0.445s] colcon.colcon_core.shell DEBUG Skip shell extension 'dsv' for command environment
[0.447s] colcon.colcon_ros.task.ament_cmake.build INFO Building ROS package in '/home/jack/ros2_ws/src/DoosanBootcamp3rd/dsr_moveit2/dsr_moveit_config_a0509' with build type 'ament_cmake'
[0.447s] colcon.colcon_cmake.task.cmake.build INFO Building CMake package in '/home/jack/ros2_ws/src/DoosanBootcamp3rd/dsr_moveit2/dsr_moveit_config_a0509'
[0.447s] colcon.colcon_core.shell INFO Skip shell extension 'powershell' for command environment: Not usable outside of PowerShell
[0.447s] colcon.colcon_core.shell DEBUG Skip shell extension 'dsv' for command environment
[0.449s] colcon.colcon_ros.task.ament_cmake.build INFO Building ROS package in '/home/jack/ros2_ws/src/DoosanBootcamp3rd/dsr_moveit2/dsr_moveit_config_a0912' with build type 'ament_cmake'
[0.449s] colcon.colcon_cmake.task.cmake.build INFO Building CMake package in '/home/jack/ros2_ws/src/DoosanBootcamp3rd/dsr_moveit2/dsr_moveit_config_a0912'
[0.449s] colcon.colcon_core.shell INFO Skip shell extension 'powershell' for command environment: Not usable outside of PowerShell
[0.449s] colcon.colcon_core.shell DEBUG Skip shell extension 'dsv' for command environment
[0.451s] colcon.colcon_ros.task.ament_cmake.build INFO Building ROS package in '/home/jack/ros2_ws/src/DoosanBootcamp3rd/dsr_moveit2/dsr_moveit_config_e0509' with build type 'ament_cmake'
[0.451s] colcon.colcon_cmake.task.cmake.build INFO Building CMake package in '/home/jack/ros2_ws/src/DoosanBootcamp3rd/dsr_moveit2/dsr_moveit_config_e0509'
[0.451s] colcon.colcon_core.shell INFO Skip shell extension 'powershell' for command environment: Not usable outside of PowerShell
[0.451s] colcon.colcon_core.shell DEBUG Skip shell extension 'dsv' for command environment
[0.453s] colcon.colcon_ros.task.ament_cmake.build INFO Building ROS package in '/home/jack/ros2_ws/src/DoosanBootcamp3rd/dsr_moveit2/dsr_moveit_config_h2017' with build type 'ament_cmake'
[0.453s] colcon.colcon_cmake.task.cmake.build INFO Building CMake package in '/home/jack/ros2_ws/src/DoosanBootcamp3rd/dsr_moveit2/dsr_moveit_config_h2017'
[0.453s] colcon.colcon_core.shell INFO Skip shell extension 'powershell' for command environment: Not usable outside of PowerShell
[0.453s] colcon.colcon_core.shell DEBUG Skip shell extension 'dsv' for command environment
[0.455s] colcon.colcon_ros.task.ament_cmake.build INFO Building ROS package in '/home/jack/ros2_ws/src/DoosanBootcamp3rd/dsr_moveit2/dsr_moveit_config_h2515' with build type 'ament_cmake'
[0.455s] colcon.colcon_cmake.task.cmake.build INFO Building CMake package in '/home/jack/ros2_ws/src/DoosanBootcamp3rd/dsr_moveit2/dsr_moveit_config_h2515'
[0.455s] colcon.colcon_core.shell INFO Skip shell extension 'powershell' for command environment: Not usable outside of PowerShell
[0.455s] colcon.colcon_core.shell DEBUG Skip shell extension 'dsv' for command environment
[0.461s] colcon.colcon_core.event_handler.log_command DEBUG Invoking command in '/home/jack/ros2_ws/build/dsr_msgs2': CMAKE_PREFIX_PATH=/opt/ros/humble /usr/bin/cmake --build /home/jack/ros2_ws/build/dsr_msgs2 -- -j8 -l8
[0.462s] colcon.colcon_core.event_handler.log_command DEBUG Invoking command in '/home/jack/ros2_ws/build/dsr_common2': CMAKE_PREFIX_PATH=/opt/ros/humble /usr/bin/cmake --build /home/jack/ros2_ws/build/dsr_common2 -- -j8 -l8
[0.464s] colcon.colcon_core.event_handler.log_command DEBUG Invoking command in '/home/jack/ros2_ws/build/dsr_description2': CMAKE_PREFIX_PATH=/opt/ros/humble /usr/bin/cmake --build /home/jack/ros2_ws/build/dsr_description2 -- -j8 -l8
[0.466s] colcon.colcon_core.event_handler.log_command DEBUG Invoking command in '/home/jack/ros2_ws/build/dsr_moveit_config_a0509': CMAKE_PREFIX_PATH=/opt/ros/humble /usr/bin/cmake --build /home/jack/ros2_ws/build/dsr_moveit_config_a0509 -- -j8 -l8
[0.469s] colcon.colcon_core.event_handler.log_command DEBUG Invoking command in '/home/jack/ros2_ws/build/dsr_moveit_config_a0912': CMAKE_PREFIX_PATH=/opt/ros/humble /usr/bin/cmake --build /home/jack/ros2_ws/build/dsr_moveit_config_a0912 -- -j8 -l8
[0.471s] colcon.colcon_core.event_handler.log_command DEBUG Invoking command in '/home/jack/ros2_ws/build/dsr_moveit_config_e0509': CMAKE_PREFIX_PATH=/opt/ros/humble /usr/bin/cmake --build /home/jack/ros2_ws/build/dsr_moveit_config_e0509 -- -j8 -l8
[0.476s] colcon.colcon_core.event_handler.log_command DEBUG Invoking command in '/home/jack/ros2_ws/build/dsr_moveit_config_h2017': CMAKE_PREFIX_PATH=/opt/ros/humble /usr/bin/cmake --build /home/jack/ros2_ws/build/dsr_moveit_config_h2017 -- -j8 -l8
[0.479s] colcon.colcon_core.event_handler.log_command DEBUG Invoking command in '/home/jack/ros2_ws/build/dsr_moveit_config_h2515': CMAKE_PREFIX_PATH=/opt/ros/humble /usr/bin/cmake --build /home/jack/ros2_ws/build/dsr_moveit_config_h2515 -- -j8 -l8
[0.501s] colcon.colcon_core.event_handler.log_command DEBUG Invoked command in '/home/jack/ros2_ws/build/dsr_common2' returned '0': CMAKE_PREFIX_PATH=/opt/ros/humble /usr/bin/cmake --build /home/jack/ros2_ws/build/dsr_common2 -- -j8 -l8
[0.509s] colcon.colcon_core.event_handler.log_command DEBUG Invoking command in '/home/jack/ros2_ws/build/dsr_common2': CMAKE_PREFIX_PATH=/opt/ros/humble /usr/bin/cmake --install /home/jack/ros2_ws/build/dsr_common2
[0.516s] colcon.colcon_core.event_handler.log_command DEBUG Invoked command in '/home/jack/ros2_ws/build/dsr_description2' returned '0': CMAKE_PREFIX_PATH=/opt/ros/humble /usr/bin/cmake --build /home/jack/ros2_ws/build/dsr_description2 -- -j8 -l8
[0.518s] colcon.colcon_core.event_handler.log_command DEBUG Invoking command in '/home/jack/ros2_ws/build/dsr_description2': CMAKE_PREFIX_PATH=/opt/ros/humble /usr/bin/cmake --install /home/jack/ros2_ws/build/dsr_description2
[0.519s] colcon.colcon_core.event_handler.log_command DEBUG Invoked command in '/home/jack/ros2_ws/build/dsr_moveit_config_a0509' returned '0': CMAKE_PREFIX_PATH=/opt/ros/humble /usr/bin/cmake --build /home/jack/ros2_ws/build/dsr_moveit_config_a0509 -- -j8 -l8
[0.520s] colcon.colcon_core.event_handler.log_command DEBUG Invoking command in '/home/jack/ros2_ws/build/dsr_moveit_config_a0509': CMAKE_PREFIX_PATH=/opt/ros/humble /usr/bin/cmake --install /home/jack/ros2_ws/build/dsr_moveit_config_a0509
[0.521s] colcon.colcon_core.event_handler.log_command DEBUG Invoked command in '/home/jack/ros2_ws/build/dsr_moveit_config_a0912' returned '0': CMAKE_PREFIX_PATH=/opt/ros/humble /usr/bin/cmake --build /home/jack/ros2_ws/build/dsr_moveit_config_a0912 -- -j8 -l8
[0.522s] colcon.colcon_core.event_handler.log_command DEBUG Invoking command in '/home/jack/ros2_ws/build/dsr_moveit_config_a0912': CMAKE_PREFIX_PATH=/opt/ros/humble /usr/bin/cmake --install /home/jack/ros2_ws/build/dsr_moveit_config_a0912
[0.523s] colcon.colcon_core.event_handler.log_command DEBUG Invoked command in '/home/jack/ros2_ws/build/dsr_moveit_config_e0509' returned '0': CMAKE_PREFIX_PATH=/opt/ros/humble /usr/bin/cmake --build /home/jack/ros2_ws/build/dsr_moveit_config_e0509 -- -j8 -l8
[0.525s] colcon.colcon_core.event_handler.log_command DEBUG Invoking command in '/home/jack/ros2_ws/build/dsr_moveit_config_e0509': CMAKE_PREFIX_PATH=/opt/ros/humble /usr/bin/cmake --install /home/jack/ros2_ws/build/dsr_moveit_config_e0509
[0.526s] colcon.colcon_core.event_handler.log_command DEBUG Invoked command in '/home/jack/ros2_ws/build/dsr_moveit_config_h2017' returned '0': CMAKE_PREFIX_PATH=/opt/ros/humble /usr/bin/cmake --build /home/jack/ros2_ws/build/dsr_moveit_config_h2017 -- -j8 -l8
[0.527s] colcon.colcon_core.event_handler.log_command DEBUG Invoking command in '/home/jack/ros2_ws/build/dsr_moveit_config_h2017': CMAKE_PREFIX_PATH=/opt/ros/humble /usr/bin/cmake --install /home/jack/ros2_ws/build/dsr_moveit_config_h2017
[0.532s] colcon.colcon_core.environment Level 1 create_environment_scripts_only(dsr_common2)
[0.533s] colcon.colcon_core.event_handler.log_command DEBUG Invoked command in '/home/jack/ros2_ws/build/dsr_moveit_config_h2515' returned '0': CMAKE_PREFIX_PATH=/opt/ros/humble /usr/bin/cmake --build /home/jack/ros2_ws/build/dsr_moveit_config_h2515 -- -j8 -l8
[0.534s] colcon.colcon_core.event_handler.log_command DEBUG Invoking command in '/home/jack/ros2_ws/build/dsr_moveit_config_h2515': CMAKE_PREFIX_PATH=/opt/ros/humble /usr/bin/cmake --install /home/jack/ros2_ws/build/dsr_moveit_config_h2515
[0.556s] colcon.colcon_core.event_handler.log_command DEBUG Invoked command in '/home/jack/ros2_ws/build/dsr_common2' returned '0': CMAKE_PREFIX_PATH=/opt/ros/humble /usr/bin/cmake --install /home/jack/ros2_ws/build/dsr_common2
[0.558s] colcon.colcon_core.environment Level 1 checking '/home/jack/ros2_ws/install/dsr_common2' for CMake module files
[0.558s] colcon.colcon_core.environment Level 1 checking '/home/jack/ros2_ws/install/dsr_common2' for CMake config files
[0.558s] colcon.colcon_core.shell Level 1 create_environment_hook('dsr_common2', 'cmake_prefix_path')
[0.558s] colcon.colcon_core.shell INFO Creating environment hook '/home/jack/ros2_ws/install/dsr_common2/share/dsr_common2/hook/cmake_prefix_path.ps1'
[0.559s] colcon.colcon_core.shell INFO Creating environment descriptor '/home/jack/ros2_ws/install/dsr_common2/share/dsr_common2/hook/cmake_prefix_path.dsv'
[0.559s] colcon.colcon_core.shell INFO Creating environment hook '/home/jack/ros2_ws/install/dsr_common2/share/dsr_common2/hook/cmake_prefix_path.sh'
[0.560s] colcon.colcon_core.environment Level 1 checking '/home/jack/ros2_ws/install/dsr_common2/lib'
[0.560s] colcon.colcon_core.environment Level 1 checking '/home/jack/ros2_ws/install/dsr_common2/bin'
[0.560s] colcon.colcon_core.environment Level 1 checking '/home/jack/ros2_ws/install/dsr_common2/lib/pkgconfig/dsr_common2.pc'
[0.561s] colcon.colcon_core.environment Level 1 checking '/home/jack/ros2_ws/install/dsr_common2/lib/python3.10/site-packages'
[0.561s] colcon.colcon_core.environment Level 1 checking '/home/jack/ros2_ws/install/dsr_common2/bin'
[0.561s] colcon.colcon_core.shell INFO Creating package script '/home/jack/ros2_ws/install/dsr_common2/share/dsr_common2/package.ps1'
[0.562s] colcon.colcon_core.shell INFO Creating package descriptor '/home/jack/ros2_ws/install/dsr_common2/share/dsr_common2/package.dsv'
[0.562s] colcon.colcon_core.shell INFO Creating package script '/home/jack/ros2_ws/install/dsr_common2/share/dsr_common2/package.sh'
[0.563s] colcon.colcon_core.shell INFO Creating package script '/home/jack/ros2_ws/install/dsr_common2/share/dsr_common2/package.bash'
[0.563s] colcon.colcon_core.shell INFO Creating package script '/home/jack/ros2_ws/install/dsr_common2/share/dsr_common2/package.zsh'
[0.564s] colcon.colcon_core.environment Level 1 create_file_with_runtime_dependencies(/home/jack/ros2_ws/install/dsr_common2/share/colcon-core/packages/dsr_common2)
[0.564s] colcon.colcon_core.environment Level 1 create_environment_scripts_only(dsr_common2)
[0.564s] colcon.colcon_core.environment Level 1 checking '/home/jack/ros2_ws/install/dsr_common2' for CMake module files
[0.565s] colcon.colcon_core.environment Level 1 checking '/home/jack/ros2_ws/install/dsr_common2' for CMake config files
[0.565s] colcon.colcon_core.shell Level 1 create_environment_hook('dsr_common2', 'cmake_prefix_path')
[0.565s] colcon.colcon_core.shell INFO Creating environment hook '/home/jack/ros2_ws/install/dsr_common2/share/dsr_common2/hook/cmake_prefix_path.ps1'
[0.565s] colcon.colcon_core.shell INFO Creating environment descriptor '/home/jack/ros2_ws/install/dsr_common2/share/dsr_common2/hook/cmake_prefix_path.dsv'
[0.565s] colcon.colcon_core.shell INFO Creating environment hook '/home/jack/ros2_ws/install/dsr_common2/share/dsr_common2/hook/cmake_prefix_path.sh'
[0.566s] colcon.colcon_core.environment Level 1 checking '/home/jack/ros2_ws/install/dsr_common2/lib'
[0.566s] colcon.colcon_core.environment Level 1 checking '/home/jack/ros2_ws/install/dsr_common2/bin'
[0.566s] colcon.colcon_core.environment Level 1 checking '/home/jack/ros2_ws/install/dsr_common2/lib/pkgconfig/dsr_common2.pc'
[0.566s] colcon.colcon_core.environment Level 1 checking '/home/jack/ros2_ws/install/dsr_common2/lib/python3.10/site-packages'
[0.566s] colcon.colcon_core.environment Level 1 checking '/home/jack/ros2_ws/install/dsr_common2/bin'
[0.566s] colcon.colcon_core.shell INFO Creating package script '/home/jack/ros2_ws/install/dsr_common2/share/dsr_common2/package.ps1'
[0.567s] colcon.colcon_core.shell INFO Creating package descriptor '/home/jack/ros2_ws/install/dsr_common2/share/dsr_common2/package.dsv'
[0.568s] colcon.colcon_core.shell INFO Creating package script '/home/jack/ros2_ws/install/dsr_common2/share/dsr_common2/package.sh'
[0.568s] colcon.colcon_core.shell INFO Creating package script '/home/jack/ros2_ws/install/dsr_common2/share/dsr_common2/package.bash'
[0.568s] colcon.colcon_core.shell INFO Creating package script '/home/jack/ros2_ws/install/dsr_common2/share/dsr_common2/package.zsh'
[0.569s] colcon.colcon_core.environment Level 1 create_file_with_runtime_dependencies(/home/jack/ros2_ws/install/dsr_common2/share/colcon-core/packages/dsr_common2)
[0.570s] colcon.colcon_ros.task.ament_cmake.build INFO Building ROS package in '/home/jack/ros2_ws/src/DoosanBootcamp3rd/dsr_moveit2/dsr_moveit_config_m0609' with build type 'ament_cmake'
[0.570s] colcon.colcon_cmake.task.cmake.build INFO Building CMake package in '/home/jack/ros2_ws/src/DoosanBootcamp3rd/dsr_moveit2/dsr_moveit_config_m0609'
[0.570s] colcon.colcon_core.shell INFO Skip shell extension 'powershell' for command environment: Not usable outside of PowerShell
[0.570s] colcon.colcon_core.shell DEBUG Skip shell extension 'dsv' for command environment
[0.574s] colcon.colcon_core.environment Level 1 create_environment_scripts_only(dsr_moveit_config_a0509)
[0.574s] colcon.colcon_core.environment Level 1 checking '/home/jack/ros2_ws/install/dsr_moveit_config_a0509' for CMake module files
[0.575s] colcon.colcon_core.event_handler.log_command DEBUG Invoked command in '/home/jack/ros2_ws/build/dsr_moveit_config_a0509' returned '0': CMAKE_PREFIX_PATH=/opt/ros/humble /usr/bin/cmake --install /home/jack/ros2_ws/build/dsr_moveit_config_a0509
[0.575s] colcon.colcon_core.environment Level 1 checking '/home/jack/ros2_ws/install/dsr_moveit_config_a0509' for CMake config files
[0.575s] colcon.colcon_core.shell Level 1 create_environment_hook('dsr_moveit_config_a0509', 'cmake_prefix_path')
[0.575s] colcon.colcon_core.shell INFO Creating environment hook '/home/jack/ros2_ws/install/dsr_moveit_config_a0509/share/dsr_moveit_config_a0509/hook/cmake_prefix_path.ps1'
[0.576s] colcon.colcon_core.shell INFO Creating environment descriptor '/home/jack/ros2_ws/install/dsr_moveit_config_a0509/share/dsr_moveit_config_a0509/hook/cmake_prefix_path.dsv'
[0.576s] colcon.colcon_core.shell INFO Creating environment hook '/home/jack/ros2_ws/install/dsr_moveit_config_a0509/share/dsr_moveit_config_a0509/hook/cmake_prefix_path.sh'
[0.576s] colcon.colcon_core.environment Level 1 checking '/home/jack/ros2_ws/install/dsr_moveit_config_a0509/bin'
[0.576s] colcon.colcon_core.environment Level 1 checking '/home/jack/ros2_ws/install/dsr_moveit_config_a0509/lib/pkgconfig/dsr_moveit_config_a0509.pc'
[0.577s] colcon.colcon_core.environment Level 1 checking '/home/jack/ros2_ws/install/dsr_moveit_config_a0509/lib/python3.10/site-packages'
[0.577s] colcon.colcon_core.environment Level 1 checking '/home/jack/ros2_ws/install/dsr_moveit_config_a0509/bin'
[0.577s] colcon.colcon_core.shell INFO Creating package script '/home/jack/ros2_ws/install/dsr_moveit_config_a0509/share/dsr_moveit_config_a0509/package.ps1'
[0.577s] colcon.colcon_core.shell INFO Creating package descriptor '/home/jack/ros2_ws/install/dsr_moveit_config_a0509/share/dsr_moveit_config_a0509/package.dsv'
[0.578s] colcon.colcon_core.shell INFO Creating package script '/home/jack/ros2_ws/install/dsr_moveit_config_a0509/share/dsr_moveit_config_a0509/package.sh'
[0.578s] colcon.colcon_core.shell INFO Creating package script '/home/jack/ros2_ws/install/dsr_moveit_config_a0509/share/dsr_moveit_config_a0509/package.bash'
[0.578s] colcon.colcon_core.shell INFO Creating package script '/home/jack/ros2_ws/install/dsr_moveit_config_a0509/share/dsr_moveit_config_a0509/package.zsh'
[0.578s] colcon.colcon_core.environment Level 1 create_file_with_runtime_dependencies(/home/jack/ros2_ws/install/dsr_moveit_config_a0509/share/colcon-core/packages/dsr_moveit_config_a0509)
[0.579s] colcon.colcon_core.environment Level 1 create_environment_scripts_only(dsr_moveit_config_a0509)
[0.579s] colcon.colcon_core.environment Level 1 checking '/home/jack/ros2_ws/install/dsr_moveit_config_a0509' for CMake module files
[0.579s] colcon.colcon_core.environment Level 1 checking '/home/jack/ros2_ws/install/dsr_moveit_config_a0509' for CMake config files
[0.579s] colcon.colcon_core.shell Level 1 create_environment_hook('dsr_moveit_config_a0509', 'cmake_prefix_path')
[0.580s] colcon.colcon_core.shell INFO Creating environment hook '/home/jack/ros2_ws/install/dsr_moveit_config_a0509/share/dsr_moveit_config_a0509/hook/cmake_prefix_path.ps1'
[0.580s] colcon.colcon_core.shell INFO Creating environment descriptor '/home/jack/ros2_ws/install/dsr_moveit_config_a0509/share/dsr_moveit_config_a0509/hook/cmake_prefix_path.dsv'
[0.580s] colcon.colcon_core.shell INFO Creating environment hook '/home/jack/ros2_ws/install/dsr_moveit_config_a0509/share/dsr_moveit_config_a0509/hook/cmake_prefix_path.sh'
[0.580s] colcon.colcon_core.environment Level 1 checking '/home/jack/ros2_ws/install/dsr_moveit_config_a0509/bin'
[0.581s] colcon.colcon_core.environment Level 1 checking '/home/jack/ros2_ws/install/dsr_moveit_config_a0509/lib/pkgconfig/dsr_moveit_config_a0509.pc'
[0.581s] colcon.colcon_core.environment Level 1 checking '/home/jack/ros2_ws/install/dsr_moveit_config_a0509/lib/python3.10/site-packages'
[0.581s] colcon.colcon_core.environment Level 1 checking '/home/jack/ros2_ws/install/dsr_moveit_config_a0509/bin'
[0.581s] colcon.colcon_core.shell INFO Creating package script '/home/jack/ros2_ws/install/dsr_moveit_config_a0509/share/dsr_moveit_config_a0509/package.ps1'
[0.581s] colcon.colcon_core.shell INFO Creating package descriptor '/home/jack/ros2_ws/install/dsr_moveit_config_a0509/share/dsr_moveit_config_a0509/package.dsv'
[0.582s] colcon.colcon_core.shell INFO Creating package script '/home/jack/ros2_ws/install/dsr_moveit_config_a0509/share/dsr_moveit_config_a0509/package.sh'
[0.582s] colcon.colcon_core.shell INFO Creating package script '/home/jack/ros2_ws/install/dsr_moveit_config_a0509/share/dsr_moveit_config_a0509/package.bash'
[0.582s] colcon.colcon_core.shell INFO Creating package script '/home/jack/ros2_ws/install/dsr_moveit_config_a0509/share/dsr_moveit_config_a0509/package.zsh'
[0.583s] colcon.colcon_core.environment Level 1 create_file_with_runtime_dependencies(/home/jack/ros2_ws/install/dsr_moveit_config_a0509/share/colcon-core/packages/dsr_moveit_config_a0509)
[0.584s] colcon.colcon_ros.task.ament_cmake.build INFO Building ROS package in '/home/jack/ros2_ws/src/DoosanBootcamp3rd/dsr_moveit2/dsr_moveit_config_m0617' with build type 'ament_cmake'
[0.584s] colcon.colcon_cmake.task.cmake.build INFO Building CMake package in '/home/jack/ros2_ws/src/DoosanBootcamp3rd/dsr_moveit2/dsr_moveit_config_m0617'
[0.584s] colcon.colcon_core.shell INFO Skip shell extension 'powershell' for command environment: Not usable outside of PowerShell
[0.584s] colcon.colcon_core.shell DEBUG Skip shell extension 'dsv' for command environment
[0.590s] colcon.colcon_core.environment Level 1 create_environment_scripts_only(dsr_moveit_config_a0912)
[0.590s] colcon.colcon_core.environment Level 1 checking '/home/jack/ros2_ws/install/dsr_moveit_config_a0912' for CMake module files
[0.590s] colcon.colcon_core.event_handler.log_command DEBUG Invoked command in '/home/jack/ros2_ws/build/dsr_moveit_config_a0912' returned '0': CMAKE_PREFIX_PATH=/opt/ros/humble /usr/bin/cmake --install /home/jack/ros2_ws/build/dsr_moveit_config_a0912
[0.591s] colcon.colcon_core.environment Level 1 checking '/home/jack/ros2_ws/install/dsr_moveit_config_a0912' for CMake config files
[0.591s] colcon.colcon_core.shell Level 1 create_environment_hook('dsr_moveit_config_a0912', 'cmake_prefix_path')
[0.591s] colcon.colcon_core.shell INFO Creating environment hook '/home/jack/ros2_ws/install/dsr_moveit_config_a0912/share/dsr_moveit_config_a0912/hook/cmake_prefix_path.ps1'
[0.591s] colcon.colcon_core.shell INFO Creating environment descriptor '/home/jack/ros2_ws/install/dsr_moveit_config_a0912/share/dsr_moveit_config_a0912/hook/cmake_prefix_path.dsv'
[0.592s] colcon.colcon_core.shell INFO Creating environment hook '/home/jack/ros2_ws/install/dsr_moveit_config_a0912/share/dsr_moveit_config_a0912/hook/cmake_prefix_path.sh'
[0.592s] colcon.colcon_core.environment Level 1 checking '/home/jack/ros2_ws/install/dsr_moveit_config_a0912/bin'
[0.592s] colcon.colcon_core.environment Level 1 checking '/home/jack/ros2_ws/install/dsr_moveit_config_a0912/lib/pkgconfig/dsr_moveit_config_a0912.pc'
[0.592s] colcon.colcon_core.environment Level 1 checking '/home/jack/ros2_ws/install/dsr_moveit_config_a0912/lib/python3.10/site-packages'
[0.592s] colcon.colcon_core.environment Level 1 checking '/home/jack/ros2_ws/install/dsr_moveit_config_a0912/bin'
[0.593s] colcon.colcon_core.shell INFO Creating package script '/home/jack/ros2_ws/install/dsr_moveit_config_a0912/share/dsr_moveit_config_a0912/package.ps1'
[0.593s] colcon.colcon_core.shell INFO Creating package descriptor '/home/jack/ros2_ws/install/dsr_moveit_config_a0912/share/dsr_moveit_config_a0912/package.dsv'
[0.593s] colcon.colcon_core.shell INFO Creating package script '/home/jack/ros2_ws/install/dsr_moveit_config_a0912/share/dsr_moveit_config_a0912/package.sh'
[0.594s] colcon.colcon_core.shell INFO Creating package script '/home/jack/ros2_ws/install/dsr_moveit_config_a0912/share/dsr_moveit_config_a0912/package.bash'
[0.594s] colcon.colcon_core.shell INFO Creating package script '/home/jack/ros2_ws/install/dsr_moveit_config_a0912/share/dsr_moveit_config_a0912/package.zsh'
[0.594s] colcon.colcon_core.environment Level 1 create_file_with_runtime_dependencies(/home/jack/ros2_ws/install/dsr_moveit_config_a0912/share/colcon-core/packages/dsr_moveit_config_a0912)
[0.595s] colcon.colcon_core.environment Level 1 create_environment_scripts_only(dsr_moveit_config_a0912)
[0.595s] colcon.colcon_core.environment Level 1 checking '/home/jack/ros2_ws/install/dsr_moveit_config_a0912' for CMake module files
[0.595s] colcon.colcon_core.environment Level 1 checking '/home/jack/ros2_ws/install/dsr_moveit_config_a0912' for CMake config files
[0.595s] colcon.colcon_core.shell Level 1 create_environment_hook('dsr_moveit_config_a0912', 'cmake_prefix_path')
[0.595s] colcon.colcon_core.shell INFO Creating environment hook '/home/jack/ros2_ws/install/dsr_moveit_config_a0912/share/dsr_moveit_config_a0912/hook/cmake_prefix_path.ps1'
[0.596s] colcon.colcon_core.shell INFO Creating environment descriptor '/home/jack/ros2_ws/install/dsr_moveit_config_a0912/share/dsr_moveit_config_a0912/hook/cmake_prefix_path.dsv'
[0.596s] colcon.colcon_core.shell INFO Creating environment hook '/home/jack/ros2_ws/install/dsr_moveit_config_a0912/share/dsr_moveit_config_a0912/hook/cmake_prefix_path.sh'
[0.596s] colcon.colcon_core.environment Level 1 checking '/home/jack/ros2_ws/install/dsr_moveit_config_a0912/bin'
[0.596s] colcon.colcon_core.environment Level 1 checking '/home/jack/ros2_ws/install/dsr_moveit_config_a0912/lib/pkgconfig/dsr_moveit_config_a0912.pc'
[0.596s] colcon.colcon_core.environment Level 1 checking '/home/jack/ros2_ws/install/dsr_moveit_config_a0912/lib/python3.10/site-packages'
[0.596s] colcon.colcon_core.environment Level 1 checking '/home/jack/ros2_ws/install/dsr_moveit_config_a0912/bin'
[0.597s] colcon.colcon_core.shell INFO Creating package script '/home/jack/ros2_ws/install/dsr_moveit_config_a0912/share/dsr_moveit_config_a0912/package.ps1'
[0.597s] colcon.colcon_core.shell INFO Creating package descriptor '/home/jack/ros2_ws/install/dsr_moveit_config_a0912/share/dsr_moveit_config_a0912/package.dsv'
[0.597s] colcon.colcon_core.shell INFO Creating package script '/home/jack/ros2_ws/install/dsr_moveit_config_a0912/share/dsr_moveit_config_a0912/package.sh'
[0.598s] colcon.colcon_core.shell INFO Creating package script '/home/jack/ros2_ws/install/dsr_moveit_config_a0912/share/dsr_moveit_config_a0912/package.bash'
[0.598s] colcon.colcon_core.shell INFO Creating package script '/home/jack/ros2_ws/install/dsr_moveit_config_a0912/share/dsr_moveit_config_a0912/package.zsh'
[0.598s] colcon.colcon_core.environment Level 1 create_file_with_runtime_dependencies(/home/jack/ros2_ws/install/dsr_moveit_config_a0912/share/colcon-core/packages/dsr_moveit_config_a0912)
[0.598s] colcon.colcon_core.environment Level 1 create_environment_scripts_only(dsr_description2)
[0.599s] colcon.colcon_core.environment Level 1 checking '/home/jack/ros2_ws/install/dsr_description2' for CMake module files
[0.599s] colcon.colcon_core.environment Level 1 checking '/home/jack/ros2_ws/install/dsr_description2' for CMake config files
[0.599s] colcon.colcon_core.event_handler.log_command DEBUG Invoked command in '/home/jack/ros2_ws/build/dsr_description2' returned '0': CMAKE_PREFIX_PATH=/opt/ros/humble /usr/bin/cmake --install /home/jack/ros2_ws/build/dsr_description2
[0.600s] colcon.colcon_core.shell Level 1 create_environment_hook('dsr_description2', 'cmake_prefix_path')
[0.600s] colcon.colcon_core.shell INFO Creating environment hook '/home/jack/ros2_ws/install/dsr_description2/share/dsr_description2/hook/cmake_prefix_path.ps1'
[0.601s] colcon.colcon_core.shell INFO Creating environment descriptor '/home/jack/ros2_ws/install/dsr_description2/share/dsr_description2/hook/cmake_prefix_path.dsv'
[0.601s] colcon.colcon_core.shell INFO Creating environment hook '/home/jack/ros2_ws/install/dsr_description2/share/dsr_description2/hook/cmake_prefix_path.sh'
[0.601s] colcon.colcon_core.environment Level 1 checking '/home/jack/ros2_ws/install/dsr_description2/bin'
[0.601s] colcon.colcon_core.environment Level 1 checking '/home/jack/ros2_ws/install/dsr_description2/lib/pkgconfig/dsr_description2.pc'
[0.601s] colcon.colcon_core.environment Level 1 checking '/home/jack/ros2_ws/install/dsr_description2/lib/python3.10/site-packages'
[0.602s] colcon.colcon_core.environment Level 1 checking '/home/jack/ros2_ws/install/dsr_description2/bin'
[0.602s] colcon.colcon_core.shell INFO Creating package script '/home/jack/ros2_ws/install/dsr_description2/share/dsr_description2/package.ps1'
[0.602s] colcon.colcon_core.shell INFO Creating package descriptor '/home/jack/ros2_ws/install/dsr_description2/share/dsr_description2/package.dsv'
[0.602s] colcon.colcon_core.shell INFO Creating package script '/home/jack/ros2_ws/install/dsr_description2/share/dsr_description2/package.sh'
[0.603s] colcon.colcon_core.shell INFO Creating package script '/home/jack/ros2_ws/install/dsr_description2/share/dsr_description2/package.bash'
[0.603s] colcon.colcon_core.shell INFO Creating package script '/home/jack/ros2_ws/install/dsr_description2/share/dsr_description2/package.zsh'
[0.603s] colcon.colcon_core.environment Level 1 create_file_with_runtime_dependencies(/home/jack/ros2_ws/install/dsr_description2/share/colcon-core/packages/dsr_description2)
[0.604s] colcon.colcon_core.environment Level 1 create_environment_scripts_only(dsr_description2)
[0.604s] colcon.colcon_core.environment Level 1 checking '/home/jack/ros2_ws/install/dsr_description2' for CMake module files
[0.604s] colcon.colcon_core.environment Level 1 checking '/home/jack/ros2_ws/install/dsr_description2' for CMake config files
[0.605s] colcon.colcon_core.shell Level 1 create_environment_hook('dsr_description2', 'cmake_prefix_path')
[0.605s] colcon.colcon_core.shell INFO Creating environment hook '/home/jack/ros2_ws/install/dsr_description2/share/dsr_description2/hook/cmake_prefix_path.ps1'
[0.605s] colcon.colcon_core.shell INFO Creating environment descriptor '/home/jack/ros2_ws/install/dsr_description2/share/dsr_description2/hook/cmake_prefix_path.dsv'
[0.605s] colcon.colcon_core.shell INFO Creating environment hook '/home/jack/ros2_ws/install/dsr_description2/share/dsr_description2/hook/cmake_prefix_path.sh'
[0.606s] colcon.colcon_core.environment Level 1 checking '/home/jack/ros2_ws/install/dsr_description2/bin'
[0.606s] colcon.colcon_core.environment Level 1 checking '/home/jack/ros2_ws/install/dsr_description2/lib/pkgconfig/dsr_description2.pc'
[0.606s] colcon.colcon_core.environment Level 1 checking '/home/jack/ros2_ws/install/dsr_description2/lib/python3.10/site-packages'
[0.606s] colcon.colcon_core.environment Level 1 checking '/home/jack/ros2_ws/install/dsr_description2/bin'
[0.606s] colcon.colcon_core.shell INFO Creating package script '/home/jack/ros2_ws/install/dsr_description2/share/dsr_description2/package.ps1'
[0.607s] colcon.colcon_core.shell INFO Creating package descriptor '/home/jack/ros2_ws/install/dsr_description2/share/dsr_description2/package.dsv'
[0.607s] colcon.colcon_core.shell INFO Creating package script '/home/jack/ros2_ws/install/dsr_description2/share/dsr_description2/package.sh'
[0.607s] colcon.colcon_core.shell INFO Creating package script '/home/jack/ros2_ws/install/dsr_description2/share/dsr_description2/package.bash'
[0.607s] colcon.colcon_core.shell INFO Creating package script '/home/jack/ros2_ws/install/dsr_description2/share/dsr_description2/package.zsh'
[0.608s] colcon.colcon_core.environment Level 1 create_file_with_runtime_dependencies(/home/jack/ros2_ws/install/dsr_description2/share/colcon-core/packages/dsr_description2)
[0.608s] colcon.colcon_core.environment Level 1 create_environment_scripts_only(dsr_moveit_config_e0509)
[0.608s] colcon.colcon_core.environment Level 1 checking '/home/jack/ros2_ws/install/dsr_moveit_config_e0509' for CMake module files
[0.609s] colcon.colcon_core.event_handler.log_command DEBUG Invoked command in '/home/jack/ros2_ws/build/dsr_moveit_config_e0509' returned '0': CMAKE_PREFIX_PATH=/opt/ros/humble /usr/bin/cmake --install /home/jack/ros2_ws/build/dsr_moveit_config_e0509
[0.609s] colcon.colcon_core.environment Level 1 checking '/home/jack/ros2_ws/install/dsr_moveit_config_e0509' for CMake config files
[0.609s] colcon.colcon_core.shell Level 1 create_environment_hook('dsr_moveit_config_e0509', 'cmake_prefix_path')
[0.609s] colcon.colcon_core.shell INFO Creating environment hook '/home/jack/ros2_ws/install/dsr_moveit_config_e0509/share/dsr_moveit_config_e0509/hook/cmake_prefix_path.ps1'
[0.610s] colcon.colcon_core.shell INFO Creating environment descriptor '/home/jack/ros2_ws/install/dsr_moveit_config_e0509/share/dsr_moveit_config_e0509/hook/cmake_prefix_path.dsv'
[0.610s] colcon.colcon_core.shell INFO Creating environment hook '/home/jack/ros2_ws/install/dsr_moveit_config_e0509/share/dsr_moveit_config_e0509/hook/cmake_prefix_path.sh'
[0.610s] colcon.colcon_core.environment Level 1 checking '/home/jack/ros2_ws/install/dsr_moveit_config_e0509/bin'
[0.610s] colcon.colcon_core.environment Level 1 checking '/home/jack/ros2_ws/install/dsr_moveit_config_e0509/lib/pkgconfig/dsr_moveit_config_e0509.pc'
[0.611s] colcon.colcon_core.environment Level 1 checking '/home/jack/ros2_ws/install/dsr_moveit_config_e0509/lib/python3.10/site-packages'
[0.611s] colcon.colcon_core.environment Level 1 checking '/home/jack/ros2_ws/install/dsr_moveit_config_e0509/bin'
[0.611s] colcon.colcon_core.shell INFO Creating package script '/home/jack/ros2_ws/install/dsr_moveit_config_e0509/share/dsr_moveit_config_e0509/package.ps1'
[0.611s] colcon.colcon_core.shell INFO Creating package descriptor '/home/jack/ros2_ws/install/dsr_moveit_config_e0509/share/dsr_moveit_config_e0509/package.dsv'
[0.611s] colcon.colcon_core.shell INFO Creating package script '/home/jack/ros2_ws/install/dsr_moveit_config_e0509/share/dsr_moveit_config_e0509/package.sh'
[0.612s] colcon.colcon_core.shell INFO Creating package script '/home/jack/ros2_ws/install/dsr_moveit_config_e0509/share/dsr_moveit_config_e0509/package.bash'
[0.612s] colcon.colcon_core.shell INFO Creating package script '/home/jack/ros2_ws/install/dsr_moveit_config_e0509/share/dsr_moveit_config_e0509/package.zsh'
[0.612s] colcon.colcon_core.environment Level 1 create_file_with_runtime_dependencies(/home/jack/ros2_ws/install/dsr_moveit_config_e0509/share/colcon-core/packages/dsr_moveit_config_e0509)
[0.613s] colcon.colcon_core.environment Level 1 create_environment_scripts_only(dsr_moveit_config_e0509)
[0.613s] colcon.colcon_core.environment Level 1 checking '/home/jack/ros2_ws/install/dsr_moveit_config_e0509' for CMake module files
[0.613s] colcon.colcon_core.environment Level 1 checking '/home/jack/ros2_ws/install/dsr_moveit_config_e0509' for CMake config files
[0.613s] colcon.colcon_core.shell Level 1 create_environment_hook('dsr_moveit_config_e0509', 'cmake_prefix_path')
[0.613s] colcon.colcon_core.shell INFO Creating environment hook '/home/jack/ros2_ws/install/dsr_moveit_config_e0509/share/dsr_moveit_config_e0509/hook/cmake_prefix_path.ps1'
[0.614s] colcon.colcon_core.shell INFO Creating environment descriptor '/home/jack/ros2_ws/install/dsr_moveit_config_e0509/share/dsr_moveit_config_e0509/hook/cmake_prefix_path.dsv'
[0.614s] colcon.colcon_core.shell INFO Creating environment hook '/home/jack/ros2_ws/install/dsr_moveit_config_e0509/share/dsr_moveit_config_e0509/hook/cmake_prefix_path.sh'
[0.614s] colcon.colcon_core.environment Level 1 checking '/home/jack/ros2_ws/install/dsr_moveit_config_e0509/bin'
[0.615s] colcon.colcon_core.environment Level 1 checking '/home/jack/ros2_ws/install/dsr_moveit_config_e0509/lib/pkgconfig/dsr_moveit_config_e0509.pc'
[0.615s] colcon.colcon_core.environment Level 1 checking '/home/jack/ros2_ws/install/dsr_moveit_config_e0509/lib/python3.10/site-packages'
[0.615s] colcon.colcon_core.environment Level 1 checking '/home/jack/ros2_ws/install/dsr_moveit_config_e0509/bin'
[0.615s] colcon.colcon_core.shell INFO Creating package script '/home/jack/ros2_ws/install/dsr_moveit_config_e0509/share/dsr_moveit_config_e0509/package.ps1'
[0.615s] colcon.colcon_core.shell INFO Creating package descriptor '/home/jack/ros2_ws/install/dsr_moveit_config_e0509/share/dsr_moveit_config_e0509/package.dsv'
[0.616s] colcon.colcon_core.shell INFO Creating package script '/home/jack/ros2_ws/install/dsr_moveit_config_e0509/share/dsr_moveit_config_e0509/package.sh'
[0.616s] colcon.colcon_core.shell INFO Creating package script '/home/jack/ros2_ws/install/dsr_moveit_config_e0509/share/dsr_moveit_config_e0509/package.bash'
[0.616s] colcon.colcon_core.shell INFO Creating package script '/home/jack/ros2_ws/install/dsr_moveit_config_e0509/share/dsr_moveit_config_e0509/package.zsh'
[0.617s] colcon.colcon_core.environment Level 1 create_file_with_runtime_dependencies(/home/jack/ros2_ws/install/dsr_moveit_config_e0509/share/colcon-core/packages/dsr_moveit_config_e0509)
[0.617s] colcon.colcon_core.environment Level 1 create_environment_scripts_only(dsr_moveit_config_h2515)
[0.617s] colcon.colcon_core.environment Level 1 checking '/home/jack/ros2_ws/install/dsr_moveit_config_h2515' for CMake module files
[0.618s] colcon.colcon_core.event_handler.log_command DEBUG Invoked command in '/home/jack/ros2_ws/build/dsr_moveit_config_h2515' returned '0': CMAKE_PREFIX_PATH=/opt/ros/humble /usr/bin/cmake --install /home/jack/ros2_ws/build/dsr_moveit_config_h2515
[0.618s] colcon.colcon_core.environment Level 1 checking '/home/jack/ros2_ws/install/dsr_moveit_config_h2515' for CMake config files
[0.618s] colcon.colcon_core.shell Level 1 create_environment_hook('dsr_moveit_config_h2515', 'cmake_prefix_path')
[0.618s] colcon.colcon_core.shell INFO Creating environment hook '/home/jack/ros2_ws/install/dsr_moveit_config_h2515/share/dsr_moveit_config_h2515/hook/cmake_prefix_path.ps1'
[0.618s] colcon.colcon_core.shell INFO Creating environment descriptor '/home/jack/ros2_ws/install/dsr_moveit_config_h2515/share/dsr_moveit_config_h2515/hook/cmake_prefix_path.dsv'
[0.619s] colcon.colcon_core.shell INFO Creating environment hook '/home/jack/ros2_ws/install/dsr_moveit_config_h2515/share/dsr_moveit_config_h2515/hook/cmake_prefix_path.sh'
[0.619s] colcon.colcon_core.environment Level 1 checking '/home/jack/ros2_ws/install/dsr_moveit_config_h2515/bin'
[0.619s] colcon.colcon_core.environment Level 1 checking '/home/jack/ros2_ws/install/dsr_moveit_config_h2515/lib/pkgconfig/dsr_moveit_config_h2515.pc'
[0.619s] colcon.colcon_core.environment Level 1 checking '/home/jack/ros2_ws/install/dsr_moveit_config_h2515/lib/python3.10/site-packages'
[0.619s] colcon.colcon_core.environment Level 1 checking '/home/jack/ros2_ws/install/dsr_moveit_config_h2515/bin'
[0.619s] colcon.colcon_core.shell INFO Creating package script '/home/jack/ros2_ws/install/dsr_moveit_config_h2515/share/dsr_moveit_config_h2515/package.ps1'
[0.620s] colcon.colcon_core.shell INFO Creating package descriptor '/home/jack/ros2_ws/install/dsr_moveit_config_h2515/share/dsr_moveit_config_h2515/package.dsv'
[0.620s] colcon.colcon_core.shell INFO Creating package script '/home/jack/ros2_ws/install/dsr_moveit_config_h2515/share/dsr_moveit_config_h2515/package.sh'
[0.620s] colcon.colcon_core.shell INFO Creating package script '/home/jack/ros2_ws/install/dsr_moveit_config_h2515/share/dsr_moveit_config_h2515/package.bash'
[0.621s] colcon.colcon_core.shell INFO Creating package script '/home/jack/ros2_ws/install/dsr_moveit_config_h2515/share/dsr_moveit_config_h2515/package.zsh'
[0.621s] colcon.colcon_core.environment Level 1 create_file_with_runtime_dependencies(/home/jack/ros2_ws/install/dsr_moveit_config_h2515/share/colcon-core/packages/dsr_moveit_config_h2515)
[0.621s] colcon.colcon_core.environment Level 1 create_environment_scripts_only(dsr_moveit_config_h2515)
[0.621s] colcon.colcon_core.environment Level 1 checking '/home/jack/ros2_ws/install/dsr_moveit_config_h2515' for CMake module files
[0.622s] colcon.colcon_core.environment Level 1 checking '/home/jack/ros2_ws/install/dsr_moveit_config_h2515' for CMake config files
[0.622s] colcon.colcon_core.shell Level 1 create_environment_hook('dsr_moveit_config_h2515', 'cmake_prefix_path')
[0.622s] colcon.colcon_core.shell INFO Creating environment hook '/home/jack/ros2_ws/install/dsr_moveit_config_h2515/share/dsr_moveit_config_h2515/hook/cmake_prefix_path.ps1'
[0.622s] colcon.colcon_core.shell INFO Creating environment descriptor '/home/jack/ros2_ws/install/dsr_moveit_config_h2515/share/dsr_moveit_config_h2515/hook/cmake_prefix_path.dsv'
[0.622s] colcon.colcon_core.shell INFO Creating environment hook '/home/jack/ros2_ws/install/dsr_moveit_config_h2515/share/dsr_moveit_config_h2515/hook/cmake_prefix_path.sh'
[0.623s] colcon.colcon_core.environment Level 1 checking '/home/jack/ros2_ws/install/dsr_moveit_config_h2515/bin'
[0.623s] colcon.colcon_core.environment Level 1 checking '/home/jack/ros2_ws/install/dsr_moveit_config_h2515/lib/pkgconfig/dsr_moveit_config_h2515.pc'
[0.623s] colcon.colcon_core.environment Level 1 checking '/home/jack/ros2_ws/install/dsr_moveit_config_h2515/lib/python3.10/site-packages'
[0.623s] colcon.colcon_core.environment Level 1 checking '/home/jack/ros2_ws/install/dsr_moveit_config_h2515/bin'
[0.623s] colcon.colcon_core.shell INFO Creating package script '/home/jack/ros2_ws/install/dsr_moveit_config_h2515/share/dsr_moveit_config_h2515/package.ps1'
[0.624s] colcon.colcon_core.shell INFO Creating package descriptor '/home/jack/ros2_ws/install/dsr_moveit_config_h2515/share/dsr_moveit_config_h2515/package.dsv'
[0.624s] colcon.colcon_core.shell INFO Creating package script '/home/jack/ros2_ws/install/dsr_moveit_config_h2515/share/dsr_moveit_config_h2515/package.sh'
[0.624s] colcon.colcon_core.shell INFO Creating package script '/home/jack/ros2_ws/install/dsr_moveit_config_h2515/share/dsr_moveit_config_h2515/package.bash'
[0.624s] colcon.colcon_core.shell INFO Creating package script '/home/jack/ros2_ws/install/dsr_moveit_config_h2515/share/dsr_moveit_config_h2515/package.zsh'
[0.625s] colcon.colcon_core.environment Level 1 create_file_with_runtime_dependencies(/home/jack/ros2_ws/install/dsr_moveit_config_h2515/share/colcon-core/packages/dsr_moveit_config_h2515)
[0.625s] colcon.colcon_core.environment Level 1 create_environment_scripts_only(dsr_moveit_config_h2017)
[0.625s] colcon.colcon_core.environment Level 1 checking '/home/jack/ros2_ws/install/dsr_moveit_config_h2017' for CMake module files
[0.626s] colcon.colcon_core.environment Level 1 checking '/home/jack/ros2_ws/install/dsr_moveit_config_h2017' for CMake config files
[0.626s] colcon.colcon_core.event_handler.log_command DEBUG Invoked command in '/home/jack/ros2_ws/build/dsr_moveit_config_h2017' returned '0': CMAKE_PREFIX_PATH=/opt/ros/humble /usr/bin/cmake --install /home/jack/ros2_ws/build/dsr_moveit_config_h2017
[0.626s] colcon.colcon_core.shell Level 1 create_environment_hook('dsr_moveit_config_h2017', 'cmake_prefix_path')
[0.626s] colcon.colcon_core.shell INFO Creating environment hook '/home/jack/ros2_ws/install/dsr_moveit_config_h2017/share/dsr_moveit_config_h2017/hook/cmake_prefix_path.ps1'
[0.627s] colcon.colcon_core.shell INFO Creating environment descriptor '/home/jack/ros2_ws/install/dsr_moveit_config_h2017/share/dsr_moveit_config_h2017/hook/cmake_prefix_path.dsv'
[0.627s] colcon.colcon_core.shell INFO Creating environment hook '/home/jack/ros2_ws/install/dsr_moveit_config_h2017/share/dsr_moveit_config_h2017/hook/cmake_prefix_path.sh'
[0.627s] colcon.colcon_core.environment Level 1 checking '/home/jack/ros2_ws/install/dsr_moveit_config_h2017/bin'
[0.627s] colcon.colcon_core.environment Level 1 checking '/home/jack/ros2_ws/install/dsr_moveit_config_h2017/lib/pkgconfig/dsr_moveit_config_h2017.pc'
[0.627s] colcon.colcon_core.environment Level 1 checking '/home/jack/ros2_ws/install/dsr_moveit_config_h2017/lib/python3.10/site-packages'
[0.628s] colcon.colcon_core.environment Level 1 checking '/home/jack/ros2_ws/install/dsr_moveit_config_h2017/bin'
[0.628s] colcon.colcon_core.shell INFO Creating package script '/home/jack/ros2_ws/install/dsr_moveit_config_h2017/share/dsr_moveit_config_h2017/package.ps1'
[0.628s] colcon.colcon_core.shell INFO Creating package descriptor '/home/jack/ros2_ws/install/dsr_moveit_config_h2017/share/dsr_moveit_config_h2017/package.dsv'
[0.628s] colcon.colcon_core.shell INFO Creating package script '/home/jack/ros2_ws/install/dsr_moveit_config_h2017/share/dsr_moveit_config_h2017/package.sh'
[0.629s] colcon.colcon_core.shell INFO Creating package script '/home/jack/ros2_ws/install/dsr_moveit_config_h2017/share/dsr_moveit_config_h2017/package.bash'
[0.629s] colcon.colcon_core.shell INFO Creating package script '/home/jack/ros2_ws/install/dsr_moveit_config_h2017/share/dsr_moveit_config_h2017/package.zsh'
[0.629s] colcon.colcon_core.environment Level 1 create_file_with_runtime_dependencies(/home/jack/ros2_ws/install/dsr_moveit_config_h2017/share/colcon-core/packages/dsr_moveit_config_h2017)
[0.630s] colcon.colcon_core.environment Level 1 create_environment_scripts_only(dsr_moveit_config_h2017)
[0.630s] colcon.colcon_core.environment Level 1 checking '/home/jack/ros2_ws/install/dsr_moveit_config_h2017' for CMake module files
[0.630s] colcon.colcon_core.environment Level 1 checking '/home/jack/ros2_ws/install/dsr_moveit_config_h2017' for CMake config files
[0.630s] colcon.colcon_core.shell Level 1 create_environment_hook('dsr_moveit_config_h2017', 'cmake_prefix_path')
[0.630s] colcon.colcon_core.shell INFO Creating environment hook '/home/jack/ros2_ws/install/dsr_moveit_config_h2017/share/dsr_moveit_config_h2017/hook/cmake_prefix_path.ps1'
[0.631s] colcon.colcon_core.shell INFO Creating environment descriptor '/home/jack/ros2_ws/install/dsr_moveit_config_h2017/share/dsr_moveit_config_h2017/hook/cmake_prefix_path.dsv'
[0.631s] colcon.colcon_core.shell INFO Creating environment hook '/home/jack/ros2_ws/install/dsr_moveit_config_h2017/share/dsr_moveit_config_h2017/hook/cmake_prefix_path.sh'
[0.631s] colcon.colcon_core.environment Level 1 checking '/home/jack/ros2_ws/install/dsr_moveit_config_h2017/bin'
[0.631s] colcon.colcon_core.environment Level 1 checking '/home/jack/ros2_ws/install/dsr_moveit_config_h2017/lib/pkgconfig/dsr_moveit_config_h2017.pc'
[0.631s] colcon.colcon_core.environment Level 1 checking '/home/jack/ros2_ws/install/dsr_moveit_config_h2017/lib/python3.10/site-packages'
[0.631s] colcon.colcon_core.environment Level 1 checking '/home/jack/ros2_ws/install/dsr_moveit_config_h2017/bin'
[0.632s] colcon.colcon_core.shell INFO Creating package script '/home/jack/ros2_ws/install/dsr_moveit_config_h2017/share/dsr_moveit_config_h2017/package.ps1'
[0.632s] colcon.colcon_core.shell INFO Creating package descriptor '/home/jack/ros2_ws/install/dsr_moveit_config_h2017/share/dsr_moveit_config_h2017/package.dsv'
[0.632s] colcon.colcon_core.shell INFO Creating package script '/home/jack/ros2_ws/install/dsr_moveit_config_h2017/share/dsr_moveit_config_h2017/package.sh'
[0.633s] colcon.colcon_core.shell INFO Creating package script '/home/jack/ros2_ws/install/dsr_moveit_config_h2017/share/dsr_moveit_config_h2017/package.bash'
[0.633s] colcon.colcon_core.shell INFO Creating package script '/home/jack/ros2_ws/install/dsr_moveit_config_h2017/share/dsr_moveit_config_h2017/package.zsh'
[0.633s] colcon.colcon_core.environment Level 1 create_file_with_runtime_dependencies(/home/jack/ros2_ws/install/dsr_moveit_config_h2017/share/colcon-core/packages/dsr_moveit_config_h2017)
[0.634s] colcon.colcon_ros.task.ament_cmake.build INFO Building ROS package in '/home/jack/ros2_ws/src/DoosanBootcamp3rd/dsr_moveit2/dsr_moveit_config_m1013' with build type 'ament_cmake'
[0.634s] colcon.colcon_cmake.task.cmake.build INFO Building CMake package in '/home/jack/ros2_ws/src/DoosanBootcamp3rd/dsr_moveit2/dsr_moveit_config_m1013'
[0.634s] colcon.colcon_core.shell INFO Skip shell extension 'powershell' for command environment: Not usable outside of PowerShell
[0.635s] colcon.colcon_core.shell DEBUG Skip shell extension 'dsv' for command environment
[0.638s] colcon.colcon_ros.task.ament_cmake.build INFO Building ROS package in '/home/jack/ros2_ws/src/DoosanBootcamp3rd/dsr_moveit2/dsr_moveit_config_m1509' with build type 'ament_cmake'
[0.638s] colcon.colcon_cmake.task.cmake.build INFO Building CMake package in '/home/jack/ros2_ws/src/DoosanBootcamp3rd/dsr_moveit2/dsr_moveit_config_m1509'
[0.638s] colcon.colcon_core.shell INFO Skip shell extension 'powershell' for command environment: Not usable outside of PowerShell
[0.638s] colcon.colcon_core.shell DEBUG Skip shell extension 'dsv' for command environment
[0.641s] colcon.colcon_ros.task.ament_cmake.build INFO Building ROS package in '/home/jack/ros2_ws/src/DoosanBootcamp3rd/dsr_moveit2/dsr_moveit_config_p3020' with build type 'ament_cmake'
[0.642s] colcon.colcon_cmake.task.cmake.build INFO Building CMake package in '/home/jack/ros2_ws/src/DoosanBootcamp3rd/dsr_moveit2/dsr_moveit_config_p3020'
[0.642s] colcon.colcon_core.shell INFO Skip shell extension 'powershell' for command environment: Not usable outside of PowerShell
[0.642s] colcon.colcon_core.shell DEBUG Skip shell extension 'dsv' for command environment
[0.645s] colcon.colcon_ros.task.ament_python.build INFO Building ROS package in '/home/jack/ros2_ws/src/DoosanBootcamp3rd/dsr_example2/dsr_visualservoing' with build type 'ament_python'
[0.645s] colcon.colcon_core.shell Level 1 create_environment_hook('dsr_visualservoing', 'ament_prefix_path')
[0.646s] colcon.colcon_core.shell INFO Creating environment hook '/home/jack/ros2_ws/install/dsr_visualservoing/share/dsr_visualservoing/hook/ament_prefix_path.ps1'
[0.646s] colcon.colcon_core.shell INFO Creating environment descriptor '/home/jack/ros2_ws/install/dsr_visualservoing/share/dsr_visualservoing/hook/ament_prefix_path.dsv'
[0.647s] colcon.colcon_core.shell INFO Creating environment hook '/home/jack/ros2_ws/install/dsr_visualservoing/share/dsr_visualservoing/hook/ament_prefix_path.sh'
[0.647s] colcon.colcon_core.shell INFO Skip shell extension 'powershell' for command environment: Not usable outside of PowerShell
[0.647s] colcon.colcon_core.shell DEBUG Skip shell extension 'dsv' for command environment
[0.649s] colcon.colcon_ros.task.catkin.build INFO Building ROS package in '/home/jack/ros2_ws/src/DoosanBootcamp3rd/dsr_rokey/od_msg' with build type 'catkin'
[0.649s] colcon.colcon_cmake.task.cmake.build INFO Building CMake package in '/home/jack/ros2_ws/src/DoosanBootcamp3rd/dsr_rokey/od_msg'
[0.649s] colcon.colcon_core.shell INFO Skip shell extension 'powershell' for command environment: Not usable outside of PowerShell
[0.649s] colcon.colcon_core.shell DEBUG Skip shell extension 'dsv' for command environment
[0.656s] colcon.colcon_core.event_handler.log_command DEBUG Invoking command in '/home/jack/ros2_ws/build/dsr_moveit_config_m0609': CMAKE_PREFIX_PATH=/opt/ros/humble /usr/bin/cmake --build /home/jack/ros2_ws/build/dsr_moveit_config_m0609 -- -j8 -l8
[0.661s] colcon.colcon_core.event_handler.log_command DEBUG Invoking command in '/home/jack/ros2_ws/build/dsr_moveit_config_m0617': CMAKE_PREFIX_PATH=/opt/ros/humble /usr/bin/cmake --build /home/jack/ros2_ws/build/dsr_moveit_config_m0617 -- -j8 -l8
[0.662s] colcon.colcon_core.event_handler.log_command DEBUG Invoking command in '/home/jack/ros2_ws/build/dsr_moveit_config_m1013': CMAKE_PREFIX_PATH=/opt/ros/humble /usr/bin/cmake --build /home/jack/ros2_ws/build/dsr_moveit_config_m1013 -- -j8 -l8
[0.664s] colcon.colcon_core.event_handler.log_command DEBUG Invoking command in '/home/jack/ros2_ws/build/dsr_moveit_config_m1509': CMAKE_PREFIX_PATH=/opt/ros/humble /usr/bin/cmake --build /home/jack/ros2_ws/build/dsr_moveit_config_m1509 -- -j8 -l8
[0.673s] colcon.colcon_core.event_handler.log_command DEBUG Invoking command in '/home/jack/ros2_ws/build/dsr_moveit_config_p3020': CMAKE_PREFIX_PATH=/opt/ros/humble /usr/bin/cmake --build /home/jack/ros2_ws/build/dsr_moveit_config_p3020 -- -j8 -l8
[0.949s] colcon.colcon_core.task.python.build INFO Building Python package in '/home/jack/ros2_ws/src/DoosanBootcamp3rd/dsr_example2/dsr_visualservoing'
[0.950s] colcon.colcon_core.shell INFO Skip shell extension 'powershell' for command environment: Not usable outside of PowerShell
[0.950s] colcon.colcon_core.shell DEBUG Skip shell extension 'dsv' for command environment
[0.955s] colcon.colcon_core.event_handler.log_command DEBUG Invoking command in '/home/jack/ros2_ws/build/od_msg': /usr/bin/cmake --build /home/jack/ros2_ws/build/od_msg -- -j8 -l8
[0.957s] colcon.colcon_core.event_handler.log_command DEBUG Invoked command in '/home/jack/ros2_ws/build/dsr_moveit_config_m0609' returned '0': CMAKE_PREFIX_PATH=/opt/ros/humble /usr/bin/cmake --build /home/jack/ros2_ws/build/dsr_moveit_config_m0609 -- -j8 -l8
[0.958s] colcon.colcon_core.event_handler.log_command DEBUG Invoking command in '/home/jack/ros2_ws/build/dsr_moveit_config_m0609': CMAKE_PREFIX_PATH=/opt/ros/humble /usr/bin/cmake --install /home/jack/ros2_ws/build/dsr_moveit_config_m0609
[0.958s] colcon.colcon_core.event_handler.log_command DEBUG Invoked command in '/home/jack/ros2_ws/build/dsr_moveit_config_m0617' returned '0': CMAKE_PREFIX_PATH=/opt/ros/humble /usr/bin/cmake --build /home/jack/ros2_ws/build/dsr_moveit_config_m0617 -- -j8 -l8
[0.960s] colcon.colcon_core.event_handler.log_command DEBUG Invoking command in '/home/jack/ros2_ws/build/dsr_moveit_config_m0617': CMAKE_PREFIX_PATH=/opt/ros/humble /usr/bin/cmake --install /home/jack/ros2_ws/build/dsr_moveit_config_m0617
[0.961s] colcon.colcon_core.event_handler.log_command DEBUG Invoked command in '/home/jack/ros2_ws/build/dsr_moveit_config_m1013' returned '0': CMAKE_PREFIX_PATH=/opt/ros/humble /usr/bin/cmake --build /home/jack/ros2_ws/build/dsr_moveit_config_m1013 -- -j8 -l8
[0.962s] colcon.colcon_core.event_handler.log_command DEBUG Invoking command in '/home/jack/ros2_ws/build/dsr_moveit_config_m1013': CMAKE_PREFIX_PATH=/opt/ros/humble /usr/bin/cmake --install /home/jack/ros2_ws/build/dsr_moveit_config_m1013
[0.963s] colcon.colcon_core.event_handler.log_command DEBUG Invoked command in '/home/jack/ros2_ws/build/dsr_moveit_config_m1509' returned '0': CMAKE_PREFIX_PATH=/opt/ros/humble /usr/bin/cmake --build /home/jack/ros2_ws/build/dsr_moveit_config_m1509 -- -j8 -l8
[0.964s] colcon.colcon_core.event_handler.log_command DEBUG Invoking command in '/home/jack/ros2_ws/build/dsr_moveit_config_m1509': CMAKE_PREFIX_PATH=/opt/ros/humble /usr/bin/cmake --install /home/jack/ros2_ws/build/dsr_moveit_config_m1509
[0.966s] colcon.colcon_core.event_handler.log_command DEBUG Invoked command in '/home/jack/ros2_ws/build/dsr_moveit_config_p3020' returned '0': CMAKE_PREFIX_PATH=/opt/ros/humble /usr/bin/cmake --build /home/jack/ros2_ws/build/dsr_moveit_config_p3020 -- -j8 -l8
[0.968s] colcon.colcon_core.event_handler.log_command DEBUG Invoking command in '/home/jack/ros2_ws/build/dsr_moveit_config_p3020': CMAKE_PREFIX_PATH=/opt/ros/humble /usr/bin/cmake --install /home/jack/ros2_ws/build/dsr_moveit_config_p3020
[0.972s] colcon.colcon_core.environment Level 1 create_environment_scripts_only(dsr_moveit_config_m0609)
[0.972s] colcon.colcon_core.environment Level 1 checking '/home/jack/ros2_ws/install/dsr_moveit_config_m0609' for CMake module files
[0.976s] colcon.colcon_core.environment Level 1 checking '/home/jack/ros2_ws/install/dsr_moveit_config_m0609' for CMake config files
[0.980s] colcon.colcon_core.shell Level 1 create_environment_hook('dsr_moveit_config_m0609', 'cmake_prefix_path')
[0.980s] colcon.colcon_core.shell INFO Creating environment hook '/home/jack/ros2_ws/install/dsr_moveit_config_m0609/share/dsr_moveit_config_m0609/hook/cmake_prefix_path.ps1'
[0.981s] colcon.colcon_core.event_handler.log_command DEBUG Invoked command in '/home/jack/ros2_ws/build/dsr_moveit_config_m0609' returned '0': CMAKE_PREFIX_PATH=/opt/ros/humble /usr/bin/cmake --install /home/jack/ros2_ws/build/dsr_moveit_config_m0609
[0.981s] colcon.colcon_core.shell INFO Creating environment descriptor '/home/jack/ros2_ws/install/dsr_moveit_config_m0609/share/dsr_moveit_config_m0609/hook/cmake_prefix_path.dsv'
[0.981s] colcon.colcon_core.shell INFO Creating environment hook '/home/jack/ros2_ws/install/dsr_moveit_config_m0609/share/dsr_moveit_config_m0609/hook/cmake_prefix_path.sh'
[0.982s] colcon.colcon_core.environment Level 1 checking '/home/jack/ros2_ws/install/dsr_moveit_config_m0609/bin'
[0.982s] colcon.colcon_core.environment Level 1 checking '/home/jack/ros2_ws/install/dsr_moveit_config_m0609/lib/pkgconfig/dsr_moveit_config_m0609.pc'
[0.982s] colcon.colcon_core.environment Level 1 checking '/home/jack/ros2_ws/install/dsr_moveit_config_m0609/lib/python3.10/site-packages'
[0.982s] colcon.colcon_core.environment Level 1 checking '/home/jack/ros2_ws/install/dsr_moveit_config_m0609/bin'
[0.983s] colcon.colcon_core.shell INFO Creating package script '/home/jack/ros2_ws/install/dsr_moveit_config_m0609/share/dsr_moveit_config_m0609/package.ps1'
[0.983s] colcon.colcon_core.shell INFO Creating package descriptor '/home/jack/ros2_ws/install/dsr_moveit_config_m0609/share/dsr_moveit_config_m0609/package.dsv'
[0.983s] colcon.colcon_core.shell INFO Creating package script '/home/jack/ros2_ws/install/dsr_moveit_config_m0609/share/dsr_moveit_config_m0609/package.sh'
[0.983s] colcon.colcon_core.shell INFO Creating package script '/home/jack/ros2_ws/install/dsr_moveit_config_m0609/share/dsr_moveit_config_m0609/package.bash'
[0.984s] colcon.colcon_core.shell INFO Creating package script '/home/jack/ros2_ws/install/dsr_moveit_config_m0609/share/dsr_moveit_config_m0609/package.zsh'
[0.984s] colcon.colcon_core.environment Level 1 create_file_with_runtime_dependencies(/home/jack/ros2_ws/install/dsr_moveit_config_m0609/share/colcon-core/packages/dsr_moveit_config_m0609)
[0.985s] colcon.colcon_core.environment Level 1 create_environment_scripts_only(dsr_moveit_config_m0609)
[0.985s] colcon.colcon_core.environment Level 1 checking '/home/jack/ros2_ws/install/dsr_moveit_config_m0609' for CMake module files
[0.985s] colcon.colcon_core.environment Level 1 checking '/home/jack/ros2_ws/install/dsr_moveit_config_m0609' for CMake config files
[0.986s] colcon.colcon_core.shell Level 1 create_environment_hook('dsr_moveit_config_m0609', 'cmake_prefix_path')
[0.986s] colcon.colcon_core.shell INFO Creating environment hook '/home/jack/ros2_ws/install/dsr_moveit_config_m0609/share/dsr_moveit_config_m0609/hook/cmake_prefix_path.ps1'
[0.986s] colcon.colcon_core.shell INFO Creating environment descriptor '/home/jack/ros2_ws/install/dsr_moveit_config_m0609/share/dsr_moveit_config_m0609/hook/cmake_prefix_path.dsv'
[0.987s] colcon.colcon_core.shell INFO Creating environment hook '/home/jack/ros2_ws/install/dsr_moveit_config_m0609/share/dsr_moveit_config_m0609/hook/cmake_prefix_path.sh'
[0.987s] colcon.colcon_core.environment Level 1 checking '/home/jack/ros2_ws/install/dsr_moveit_config_m0609/bin'
[0.987s] colcon.colcon_core.environment Level 1 checking '/home/jack/ros2_ws/install/dsr_moveit_config_m0609/lib/pkgconfig/dsr_moveit_config_m0609.pc'
[0.988s] colcon.colcon_core.environment Level 1 checking '/home/jack/ros2_ws/install/dsr_moveit_config_m0609/lib/python3.10/site-packages'
[0.988s] colcon.colcon_core.environment Level 1 checking '/home/jack/ros2_ws/install/dsr_moveit_config_m0609/bin'
[0.988s] colcon.colcon_core.shell INFO Creating package script '/home/jack/ros2_ws/install/dsr_moveit_config_m0609/share/dsr_moveit_config_m0609/package.ps1'
[0.989s] colcon.colcon_core.shell INFO Creating package descriptor '/home/jack/ros2_ws/install/dsr_moveit_config_m0609/share/dsr_moveit_config_m0609/package.dsv'
[0.989s] colcon.colcon_core.shell INFO Creating package script '/home/jack/ros2_ws/install/dsr_moveit_config_m0609/share/dsr_moveit_config_m0609/package.sh'
[0.990s] colcon.colcon_core.shell INFO Creating package script '/home/jack/ros2_ws/install/dsr_moveit_config_m0609/share/dsr_moveit_config_m0609/package.bash'
[0.990s] colcon.colcon_core.shell INFO Creating package script '/home/jack/ros2_ws/install/dsr_moveit_config_m0609/share/dsr_moveit_config_m0609/package.zsh'
[0.991s] colcon.colcon_core.environment Level 1 create_file_with_runtime_dependencies(/home/jack/ros2_ws/install/dsr_moveit_config_m0609/share/colcon-core/packages/dsr_moveit_config_m0609)
[0.991s] colcon.colcon_core.environment Level 1 create_environment_scripts_only(dsr_moveit_config_m0617)
[0.992s] colcon.colcon_core.environment Level 1 checking '/home/jack/ros2_ws/install/dsr_moveit_config_m0617' for CMake module files
[0.993s] colcon.colcon_core.event_handler.log_command DEBUG Invoked command in '/home/jack/ros2_ws/build/dsr_moveit_config_m0617' returned '0': CMAKE_PREFIX_PATH=/opt/ros/humble /usr/bin/cmake --install /home/jack/ros2_ws/build/dsr_moveit_config_m0617
[0.993s] colcon.colcon_core.environment Level 1 checking '/home/jack/ros2_ws/install/dsr_moveit_config_m0617' for CMake config files
[0.993s] colcon.colcon_core.shell Level 1 create_environment_hook('dsr_moveit_config_m0617', 'cmake_prefix_path')
[0.993s] colcon.colcon_core.shell INFO Creating environment hook '/home/jack/ros2_ws/install/dsr_moveit_config_m0617/share/dsr_moveit_config_m0617/hook/cmake_prefix_path.ps1'
[0.994s] colcon.colcon_core.shell INFO Creating environment descriptor '/home/jack/ros2_ws/install/dsr_moveit_config_m0617/share/dsr_moveit_config_m0617/hook/cmake_prefix_path.dsv'
[0.994s] colcon.colcon_core.shell INFO Creating environment hook '/home/jack/ros2_ws/install/dsr_moveit_config_m0617/share/dsr_moveit_config_m0617/hook/cmake_prefix_path.sh'
[0.995s] colcon.colcon_core.environment Level 1 checking '/home/jack/ros2_ws/install/dsr_moveit_config_m0617/bin'
[0.995s] colcon.colcon_core.environment Level 1 checking '/home/jack/ros2_ws/install/dsr_moveit_config_m0617/lib/pkgconfig/dsr_moveit_config_m0617.pc'
[0.995s] colcon.colcon_core.environment Level 1 checking '/home/jack/ros2_ws/install/dsr_moveit_config_m0617/lib/python3.10/site-packages'
[0.995s] colcon.colcon_core.environment Level 1 checking '/home/jack/ros2_ws/install/dsr_moveit_config_m0617/bin'
[0.996s] colcon.colcon_core.shell INFO Creating package script '/home/jack/ros2_ws/install/dsr_moveit_config_m0617/share/dsr_moveit_config_m0617/package.ps1'
[0.996s] colcon.colcon_core.shell INFO Creating package descriptor '/home/jack/ros2_ws/install/dsr_moveit_config_m0617/share/dsr_moveit_config_m0617/package.dsv'
[0.997s] colcon.colcon_core.shell INFO Creating package script '/home/jack/ros2_ws/install/dsr_moveit_config_m0617/share/dsr_moveit_config_m0617/package.sh'
[0.997s] colcon.colcon_core.shell INFO Creating package script '/home/jack/ros2_ws/install/dsr_moveit_config_m0617/share/dsr_moveit_config_m0617/package.bash'
[0.998s] colcon.colcon_core.shell INFO Creating package script '/home/jack/ros2_ws/install/dsr_moveit_config_m0617/share/dsr_moveit_config_m0617/package.zsh'
[0.998s] colcon.colcon_core.environment Level 1 create_file_with_runtime_dependencies(/home/jack/ros2_ws/install/dsr_moveit_config_m0617/share/colcon-core/packages/dsr_moveit_config_m0617)
[0.999s] colcon.colcon_core.environment Level 1 create_environment_scripts_only(dsr_moveit_config_m0617)
[0.999s] colcon.colcon_core.environment Level 1 checking '/home/jack/ros2_ws/install/dsr_moveit_config_m0617' for CMake module files
[0.999s] colcon.colcon_core.environment Level 1 checking '/home/jack/ros2_ws/install/dsr_moveit_config_m0617' for CMake config files
[1.000s] colcon.colcon_core.shell Level 1 create_environment_hook('dsr_moveit_config_m0617', 'cmake_prefix_path')
[1.000s] colcon.colcon_core.shell INFO Creating environment hook '/home/jack/ros2_ws/install/dsr_moveit_config_m0617/share/dsr_moveit_config_m0617/hook/cmake_prefix_path.ps1'
[1.000s] colcon.colcon_core.shell INFO Creating environment descriptor '/home/jack/ros2_ws/install/dsr_moveit_config_m0617/share/dsr_moveit_config_m0617/hook/cmake_prefix_path.dsv'
[1.001s] colcon.colcon_core.shell INFO Creating environment hook '/home/jack/ros2_ws/install/dsr_moveit_config_m0617/share/dsr_moveit_config_m0617/hook/cmake_prefix_path.sh'
[1.001s] colcon.colcon_core.environment Level 1 checking '/home/jack/ros2_ws/install/dsr_moveit_config_m0617/bin'
[1.001s] colcon.colcon_core.environment Level 1 checking '/home/jack/ros2_ws/install/dsr_moveit_config_m0617/lib/pkgconfig/dsr_moveit_config_m0617.pc'
[1.002s] colcon.colcon_core.environment Level 1 checking '/home/jack/ros2_ws/install/dsr_moveit_config_m0617/lib/python3.10/site-packages'
[1.002s] colcon.colcon_core.environment Level 1 checking '/home/jack/ros2_ws/install/dsr_moveit_config_m0617/bin'
[1.002s] colcon.colcon_core.shell INFO Creating package script '/home/jack/ros2_ws/install/dsr_moveit_config_m0617/share/dsr_moveit_config_m0617/package.ps1'
[1.003s] colcon.colcon_core.shell INFO Creating package descriptor '/home/jack/ros2_ws/install/dsr_moveit_config_m0617/share/dsr_moveit_config_m0617/package.dsv'
[1.003s] colcon.colcon_core.shell INFO Creating package script '/home/jack/ros2_ws/install/dsr_moveit_config_m0617/share/dsr_moveit_config_m0617/package.sh'
[1.004s] colcon.colcon_core.shell INFO Creating package script '/home/jack/ros2_ws/install/dsr_moveit_config_m0617/share/dsr_moveit_config_m0617/package.bash'
[1.004s] colcon.colcon_core.shell INFO Creating package script '/home/jack/ros2_ws/install/dsr_moveit_config_m0617/share/dsr_moveit_config_m0617/package.zsh'
[1.005s] colcon.colcon_core.environment Level 1 create_file_with_runtime_dependencies(/home/jack/ros2_ws/install/dsr_moveit_config_m0617/share/colcon-core/packages/dsr_moveit_config_m0617)
[1.006s] colcon.colcon_ros.task.ament_python.build INFO Building ROS package in '/home/jack/ros2_ws/src/DoosanBootcamp3rd/dsr_rokey/pick_and_place_text' with build type 'ament_python'
[1.006s] colcon.colcon_core.shell Level 1 create_environment_hook('pick_and_place_text', 'ament_prefix_path')
[1.006s] colcon.colcon_core.shell INFO Creating environment hook '/home/jack/ros2_ws/install/pick_and_place_text/share/pick_and_place_text/hook/ament_prefix_path.ps1'
[1.007s] colcon.colcon_core.shell INFO Creating environment descriptor '/home/jack/ros2_ws/install/pick_and_place_text/share/pick_and_place_text/hook/ament_prefix_path.dsv'
[1.007s] colcon.colcon_core.shell INFO Creating environment hook '/home/jack/ros2_ws/install/pick_and_place_text/share/pick_and_place_text/hook/ament_prefix_path.sh'
[1.008s] colcon.colcon_core.shell INFO Skip shell extension 'powershell' for command environment: Not usable outside of PowerShell
[1.008s] colcon.colcon_core.shell DEBUG Skip shell extension 'dsv' for command environment
[1.012s] colcon.colcon_ros.task.ament_python.build INFO Building ROS package in '/home/jack/ros2_ws/src/DoosanBootcamp3rd/dsr_rokey/pick_and_place_voice' with build type 'ament_python'
[1.012s] colcon.colcon_core.shell Level 1 create_environment_hook('pick_and_place_voice', 'ament_prefix_path')
[1.013s] colcon.colcon_core.shell INFO Creating environment hook '/home/jack/ros2_ws/install/pick_and_place_voice/share/pick_and_place_voice/hook/ament_prefix_path.ps1'
[1.013s] colcon.colcon_core.shell INFO Creating environment descriptor '/home/jack/ros2_ws/install/pick_and_place_voice/share/pick_and_place_voice/hook/ament_prefix_path.dsv'
[1.014s] colcon.colcon_core.shell INFO Creating environment hook '/home/jack/ros2_ws/install/pick_and_place_voice/share/pick_and_place_voice/hook/ament_prefix_path.sh'
[1.014s] colcon.colcon_core.shell INFO Skip shell extension 'powershell' for command environment: Not usable outside of PowerShell
[1.015s] colcon.colcon_core.shell DEBUG Skip shell extension 'dsv' for command environment
[1.024s] colcon.colcon_core.environment Level 1 create_environment_scripts_only(dsr_moveit_config_m1013)
[1.025s] colcon.colcon_core.environment Level 1 checking '/home/jack/ros2_ws/install/dsr_moveit_config_m1013' for CMake module files
[1.025s] colcon.colcon_core.environment Level 1 checking '/home/jack/ros2_ws/install/dsr_moveit_config_m1013' for CMake config files
[1.026s] colcon.colcon_core.shell Level 1 create_environment_hook('dsr_moveit_config_m1013', 'cmake_prefix_path')
[1.026s] colcon.colcon_core.shell INFO Creating environment hook '/home/jack/ros2_ws/install/dsr_moveit_config_m1013/share/dsr_moveit_config_m1013/hook/cmake_prefix_path.ps1'
[1.026s] colcon.colcon_core.shell INFO Creating environment descriptor '/home/jack/ros2_ws/install/dsr_moveit_config_m1013/share/dsr_moveit_config_m1013/hook/cmake_prefix_path.dsv'
[1.027s] colcon.colcon_core.event_handler.log_command DEBUG Invoked command in '/home/jack/ros2_ws/build/dsr_moveit_config_m1013' returned '0': CMAKE_PREFIX_PATH=/opt/ros/humble /usr/bin/cmake --install /home/jack/ros2_ws/build/dsr_moveit_config_m1013
[1.028s] colcon.colcon_core.shell INFO Creating environment hook '/home/jack/ros2_ws/install/dsr_moveit_config_m1013/share/dsr_moveit_config_m1013/hook/cmake_prefix_path.sh'
[1.028s] colcon.colcon_core.environment Level 1 checking '/home/jack/ros2_ws/install/dsr_moveit_config_m1013/bin'
[1.028s] colcon.colcon_core.environment Level 1 checking '/home/jack/ros2_ws/install/dsr_moveit_config_m1013/lib/pkgconfig/dsr_moveit_config_m1013.pc'
[1.029s] colcon.colcon_core.environment Level 1 checking '/home/jack/ros2_ws/install/dsr_moveit_config_m1013/lib/python3.10/site-packages'
[1.029s] colcon.colcon_core.environment Level 1 checking '/home/jack/ros2_ws/install/dsr_moveit_config_m1013/bin'
[1.029s] colcon.colcon_core.shell INFO Creating package script '/home/jack/ros2_ws/install/dsr_moveit_config_m1013/share/dsr_moveit_config_m1013/package.ps1'
[1.030s] colcon.colcon_core.shell INFO Creating package descriptor '/home/jack/ros2_ws/install/dsr_moveit_config_m1013/share/dsr_moveit_config_m1013/package.dsv'
[1.030s] colcon.colcon_core.shell INFO Creating package script '/home/jack/ros2_ws/install/dsr_moveit_config_m1013/share/dsr_moveit_config_m1013/package.sh'
[1.031s] colcon.colcon_core.shell INFO Creating package script '/home/jack/ros2_ws/install/dsr_moveit_config_m1013/share/dsr_moveit_config_m1013/package.bash'
[1.031s] colcon.colcon_core.shell INFO Creating package script '/home/jack/ros2_ws/install/dsr_moveit_config_m1013/share/dsr_moveit_config_m1013/package.zsh'
[1.032s] colcon.colcon_core.environment Level 1 create_file_with_runtime_dependencies(/home/jack/ros2_ws/install/dsr_moveit_config_m1013/share/colcon-core/packages/dsr_moveit_config_m1013)
[1.032s] colcon.colcon_core.environment Level 1 create_environment_scripts_only(dsr_moveit_config_m1013)
[1.033s] colcon.colcon_core.environment Level 1 checking '/home/jack/ros2_ws/install/dsr_moveit_config_m1013' for CMake module files
[1.033s] colcon.colcon_core.environment Level 1 checking '/home/jack/ros2_ws/install/dsr_moveit_config_m1013' for CMake config files
[1.033s] colcon.colcon_core.shell Level 1 create_environment_hook('dsr_moveit_config_m1013', 'cmake_prefix_path')
[1.034s] colcon.colcon_core.shell INFO Creating environment hook '/home/jack/ros2_ws/install/dsr_moveit_config_m1013/share/dsr_moveit_config_m1013/hook/cmake_prefix_path.ps1'
[1.034s] colcon.colcon_core.shell INFO Creating environment descriptor '/home/jack/ros2_ws/install/dsr_moveit_config_m1013/share/dsr_moveit_config_m1013/hook/cmake_prefix_path.dsv'
[1.035s] colcon.colcon_core.shell INFO Creating environment hook '/home/jack/ros2_ws/install/dsr_moveit_config_m1013/share/dsr_moveit_config_m1013/hook/cmake_prefix_path.sh'
[1.036s] colcon.colcon_core.environment Level 1 checking '/home/jack/ros2_ws/install/dsr_moveit_config_m1013/bin'
[1.036s] colcon.colcon_core.environment Level 1 checking '/home/jack/ros2_ws/install/dsr_moveit_config_m1013/lib/pkgconfig/dsr_moveit_config_m1013.pc'
[1.036s] colcon.colcon_core.environment Level 1 checking '/home/jack/ros2_ws/install/dsr_moveit_config_m1013/lib/python3.10/site-packages'
[1.036s] colcon.colcon_core.environment Level 1 checking '/home/jack/ros2_ws/install/dsr_moveit_config_m1013/bin'
[1.037s] colcon.colcon_core.shell INFO Creating package script '/home/jack/ros2_ws/install/dsr_moveit_config_m1013/share/dsr_moveit_config_m1013/package.ps1'
[1.037s] colcon.colcon_core.shell INFO Creating package descriptor '/home/jack/ros2_ws/install/dsr_moveit_config_m1013/share/dsr_moveit_config_m1013/package.dsv'
[1.038s] colcon.colcon_core.shell INFO Creating package script '/home/jack/ros2_ws/install/dsr_moveit_config_m1013/share/dsr_moveit_config_m1013/package.sh'
[1.038s] colcon.colcon_core.shell INFO Creating package script '/home/jack/ros2_ws/install/dsr_moveit_config_m1013/share/dsr_moveit_config_m1013/package.bash'
[1.039s] colcon.colcon_core.shell INFO Creating package script '/home/jack/ros2_ws/install/dsr_moveit_config_m1013/share/dsr_moveit_config_m1013/package.zsh'
[1.039s] colcon.colcon_core.environment Level 1 create_file_with_runtime_dependencies(/home/jack/ros2_ws/install/dsr_moveit_config_m1013/share/colcon-core/packages/dsr_moveit_config_m1013)
[1.040s] colcon.colcon_core.environment Level 1 create_environment_scripts_only(dsr_moveit_config_m1509)
[1.040s] colcon.colcon_core.environment Level 1 checking '/home/jack/ros2_ws/install/dsr_moveit_config_m1509' for CMake module files
[1.041s] colcon.colcon_core.environment Level 1 checking '/home/jack/ros2_ws/install/dsr_moveit_config_m1509' for CMake config files
[1.042s] colcon.colcon_core.event_handler.log_command DEBUG Invoked command in '/home/jack/ros2_ws/build/dsr_moveit_config_m1509' returned '0': CMAKE_PREFIX_PATH=/opt/ros/humble /usr/bin/cmake --install /home/jack/ros2_ws/build/dsr_moveit_config_m1509
[1.042s] colcon.colcon_core.shell Level 1 create_environment_hook('dsr_moveit_config_m1509', 'cmake_prefix_path')
[1.042s] colcon.colcon_core.shell INFO Creating environment hook '/home/jack/ros2_ws/install/dsr_moveit_config_m1509/share/dsr_moveit_config_m1509/hook/cmake_prefix_path.ps1'
[1.043s] colcon.colcon_core.shell INFO Creating environment descriptor '/home/jack/ros2_ws/install/dsr_moveit_config_m1509/share/dsr_moveit_config_m1509/hook/cmake_prefix_path.dsv'
[1.043s] colcon.colcon_core.shell INFO Creating environment hook '/home/jack/ros2_ws/install/dsr_moveit_config_m1509/share/dsr_moveit_config_m1509/hook/cmake_prefix_path.sh'
[1.044s] colcon.colcon_core.environment Level 1 checking '/home/jack/ros2_ws/install/dsr_moveit_config_m1509/bin'
[1.044s] colcon.colcon_core.environment Level 1 checking '/home/jack/ros2_ws/install/dsr_moveit_config_m1509/lib/pkgconfig/dsr_moveit_config_m1509.pc'
[1.044s] colcon.colcon_core.environment Level 1 checking '/home/jack/ros2_ws/install/dsr_moveit_config_m1509/lib/python3.10/site-packages'
[1.044s] colcon.colcon_core.environment Level 1 checking '/home/jack/ros2_ws/install/dsr_moveit_config_m1509/bin'
[1.045s] colcon.colcon_core.shell INFO Creating package script '/home/jack/ros2_ws/install/dsr_moveit_config_m1509/share/dsr_moveit_config_m1509/package.ps1'
[1.045s] colcon.colcon_core.shell INFO Creating package descriptor '/home/jack/ros2_ws/install/dsr_moveit_config_m1509/share/dsr_moveit_config_m1509/package.dsv'
[1.046s] colcon.colcon_core.shell INFO Creating package script '/home/jack/ros2_ws/install/dsr_moveit_config_m1509/share/dsr_moveit_config_m1509/package.sh'
[1.046s] colcon.colcon_core.shell INFO Creating package script '/home/jack/ros2_ws/install/dsr_moveit_config_m1509/share/dsr_moveit_config_m1509/package.bash'
[1.047s] colcon.colcon_core.shell INFO Creating package script '/home/jack/ros2_ws/install/dsr_moveit_config_m1509/share/dsr_moveit_config_m1509/package.zsh'
[1.047s] colcon.colcon_core.environment Level 1 create_file_with_runtime_dependencies(/home/jack/ros2_ws/install/dsr_moveit_config_m1509/share/colcon-core/packages/dsr_moveit_config_m1509)
[1.048s] colcon.colcon_core.environment Level 1 create_environment_scripts_only(dsr_moveit_config_m1509)
[1.048s] colcon.colcon_core.environment Level 1 checking '/home/jack/ros2_ws/install/dsr_moveit_config_m1509' for CMake module files
[1.048s] colcon.colcon_core.environment Level 1 checking '/home/jack/ros2_ws/install/dsr_moveit_config_m1509' for CMake config files
[1.049s] colcon.colcon_core.shell Level 1 create_environment_hook('dsr_moveit_config_m1509', 'cmake_prefix_path')
[1.049s] colcon.colcon_core.shell INFO Creating environment hook '/home/jack/ros2_ws/install/dsr_moveit_config_m1509/share/dsr_moveit_config_m1509/hook/cmake_prefix_path.ps1'
[1.049s] colcon.colcon_core.shell INFO Creating environment descriptor '/home/jack/ros2_ws/install/dsr_moveit_config_m1509/share/dsr_moveit_config_m1509/hook/cmake_prefix_path.dsv'
[1.050s] colcon.colcon_core.shell INFO Creating environment hook '/home/jack/ros2_ws/install/dsr_moveit_config_m1509/share/dsr_moveit_config_m1509/hook/cmake_prefix_path.sh'
[1.050s] colcon.colcon_core.environment Level 1 checking '/home/jack/ros2_ws/install/dsr_moveit_config_m1509/bin'
[1.051s] colcon.colcon_core.environment Level 1 checking '/home/jack/ros2_ws/install/dsr_moveit_config_m1509/lib/pkgconfig/dsr_moveit_config_m1509.pc'
[1.051s] colcon.colcon_core.environment Level 1 checking '/home/jack/ros2_ws/install/dsr_moveit_config_m1509/lib/python3.10/site-packages'
[1.051s] colcon.colcon_core.environment Level 1 checking '/home/jack/ros2_ws/install/dsr_moveit_config_m1509/bin'
[1.051s] colcon.colcon_core.shell INFO Creating package script '/home/jack/ros2_ws/install/dsr_moveit_config_m1509/share/dsr_moveit_config_m1509/package.ps1'
[1.052s] colcon.colcon_core.shell INFO Creating package descriptor '/home/jack/ros2_ws/install/dsr_moveit_config_m1509/share/dsr_moveit_config_m1509/package.dsv'
[1.052s] colcon.colcon_core.shell INFO Creating package script '/home/jack/ros2_ws/install/dsr_moveit_config_m1509/share/dsr_moveit_config_m1509/package.sh'
[1.053s] colcon.colcon_core.shell INFO Creating package script '/home/jack/ros2_ws/install/dsr_moveit_config_m1509/share/dsr_moveit_config_m1509/package.bash'
[1.053s] colcon.colcon_core.shell INFO Creating package script '/home/jack/ros2_ws/install/dsr_moveit_config_m1509/share/dsr_moveit_config_m1509/package.zsh'
[1.054s] colcon.colcon_core.environment Level 1 create_file_with_runtime_dependencies(/home/jack/ros2_ws/install/dsr_moveit_config_m1509/share/colcon-core/packages/dsr_moveit_config_m1509)
[1.054s] colcon.colcon_core.environment Level 1 create_environment_scripts_only(dsr_moveit_config_p3020)
[1.054s] colcon.colcon_core.environment Level 1 checking '/home/jack/ros2_ws/install/dsr_moveit_config_p3020' for CMake module files
[1.055s] colcon.colcon_core.environment Level 1 checking '/home/jack/ros2_ws/install/dsr_moveit_config_p3020' for CMake config files
[1.056s] colcon.colcon_core.event_handler.log_command DEBUG Invoked command in '/home/jack/ros2_ws/build/dsr_moveit_config_p3020' returned '0': CMAKE_PREFIX_PATH=/opt/ros/humble /usr/bin/cmake --install /home/jack/ros2_ws/build/dsr_moveit_config_p3020
[1.056s] colcon.colcon_core.shell Level 1 create_environment_hook('dsr_moveit_config_p3020', 'cmake_prefix_path')
[1.056s] colcon.colcon_core.shell INFO Creating environment hook '/home/jack/ros2_ws/install/dsr_moveit_config_p3020/share/dsr_moveit_config_p3020/hook/cmake_prefix_path.ps1'
[1.057s] colcon.colcon_core.shell INFO Creating environment descriptor '/home/jack/ros2_ws/install/dsr_moveit_config_p3020/share/dsr_moveit_config_p3020/hook/cmake_prefix_path.dsv'
[1.057s] colcon.colcon_core.shell INFO Creating environment hook '/home/jack/ros2_ws/install/dsr_moveit_config_p3020/share/dsr_moveit_config_p3020/hook/cmake_prefix_path.sh'
[1.058s] colcon.colcon_core.environment Level 1 checking '/home/jack/ros2_ws/install/dsr_moveit_config_p3020/bin'
[1.058s] colcon.colcon_core.environment Level 1 checking '/home/jack/ros2_ws/install/dsr_moveit_config_p3020/lib/pkgconfig/dsr_moveit_config_p3020.pc'
[1.058s] colcon.colcon_core.environment Level 1 checking '/home/jack/ros2_ws/install/dsr_moveit_config_p3020/lib/python3.10/site-packages'
[1.058s] colcon.colcon_core.environment Level 1 checking '/home/jack/ros2_ws/install/dsr_moveit_config_p3020/bin'
[1.059s] colcon.colcon_core.shell INFO Creating package script '/home/jack/ros2_ws/install/dsr_moveit_config_p3020/share/dsr_moveit_config_p3020/package.ps1'
[1.059s] colcon.colcon_core.shell INFO Creating package descriptor '/home/jack/ros2_ws/install/dsr_moveit_config_p3020/share/dsr_moveit_config_p3020/package.dsv'
[1.060s] colcon.colcon_core.shell INFO Creating package script '/home/jack/ros2_ws/install/dsr_moveit_config_p3020/share/dsr_moveit_config_p3020/package.sh'
[1.060s] colcon.colcon_core.shell INFO Creating package script '/home/jack/ros2_ws/install/dsr_moveit_config_p3020/share/dsr_moveit_config_p3020/package.bash'
[1.061s] colcon.colcon_core.shell INFO Creating package script '/home/jack/ros2_ws/install/dsr_moveit_config_p3020/share/dsr_moveit_config_p3020/package.zsh'
[1.061s] colcon.colcon_core.environment Level 1 create_file_with_runtime_dependencies(/home/jack/ros2_ws/install/dsr_moveit_config_p3020/share/colcon-core/packages/dsr_moveit_config_p3020)
[1.062s] colcon.colcon_core.environment Level 1 create_environment_scripts_only(dsr_moveit_config_p3020)
[1.062s] colcon.colcon_core.environment Level 1 checking '/home/jack/ros2_ws/install/dsr_moveit_config_p3020' for CMake module files
[1.063s] colcon.colcon_core.environment Level 1 checking '/home/jack/ros2_ws/install/dsr_moveit_config_p3020' for CMake config files
[1.063s] colcon.colcon_core.shell Level 1 create_environment_hook('dsr_moveit_config_p3020', 'cmake_prefix_path')
[1.063s] colcon.colcon_core.shell INFO Creating environment hook '/home/jack/ros2_ws/install/dsr_moveit_config_p3020/share/dsr_moveit_config_p3020/hook/cmake_prefix_path.ps1'
[1.064s] colcon.colcon_core.shell INFO Creating environment descriptor '/home/jack/ros2_ws/install/dsr_moveit_config_p3020/share/dsr_moveit_config_p3020/hook/cmake_prefix_path.dsv'
[1.064s] colcon.colcon_core.shell INFO Creating environment hook '/home/jack/ros2_ws/install/dsr_moveit_config_p3020/share/dsr_moveit_config_p3020/hook/cmake_prefix_path.sh'
[1.065s] colcon.colcon_core.environment Level 1 checking '/home/jack/ros2_ws/install/dsr_moveit_config_p3020/bin'
[1.065s] colcon.colcon_core.environment Level 1 checking '/home/jack/ros2_ws/install/dsr_moveit_config_p3020/lib/pkgconfig/dsr_moveit_config_p3020.pc'
[1.065s] colcon.colcon_core.environment Level 1 checking '/home/jack/ros2_ws/install/dsr_moveit_config_p3020/lib/python3.10/site-packages'
[1.066s] colcon.colcon_core.environment Level 1 checking '/home/jack/ros2_ws/install/dsr_moveit_config_p3020/bin'
[1.066s] colcon.colcon_core.shell INFO Creating package script '/home/jack/ros2_ws/install/dsr_moveit_config_p3020/share/dsr_moveit_config_p3020/package.ps1'
[1.067s] colcon.colcon_core.shell INFO Creating package descriptor '/home/jack/ros2_ws/install/dsr_moveit_config_p3020/share/dsr_moveit_config_p3020/package.dsv'
[1.067s] colcon.colcon_core.shell INFO Creating package script '/home/jack/ros2_ws/install/dsr_moveit_config_p3020/share/dsr_moveit_config_p3020/package.sh'
[1.068s] colcon.colcon_core.shell INFO Creating package script '/home/jack/ros2_ws/install/dsr_moveit_config_p3020/share/dsr_moveit_config_p3020/package.bash'
[1.068s] colcon.colcon_core.shell INFO Creating package script '/home/jack/ros2_ws/install/dsr_moveit_config_p3020/share/dsr_moveit_config_p3020/package.zsh'
[1.068s] colcon.colcon_core.environment Level 1 create_file_with_runtime_dependencies(/home/jack/ros2_ws/install/dsr_moveit_config_p3020/share/colcon-core/packages/dsr_moveit_config_p3020)
[1.069s] colcon.colcon_ros.task.ament_python.build INFO Building ROS package in '/home/jack/ros2_ws/src/DoosanBootcamp3rd/dsr_rokey/rokey' with build type 'ament_python'
[1.070s] colcon.colcon_core.shell Level 1 create_environment_hook('rokey', 'ament_prefix_path')
[1.070s] colcon.colcon_core.shell INFO Creating environment hook '/home/jack/ros2_ws/install/rokey/share/rokey/hook/ament_prefix_path.ps1'
[1.071s] colcon.colcon_core.shell INFO Creating environment descriptor '/home/jack/ros2_ws/install/rokey/share/rokey/hook/ament_prefix_path.dsv'
[1.071s] colcon.colcon_core.shell INFO Creating environment hook '/home/jack/ros2_ws/install/rokey/share/rokey/hook/ament_prefix_path.sh'
[1.072s] colcon.colcon_core.shell INFO Skip shell extension 'powershell' for command environment: Not usable outside of PowerShell
[1.072s] colcon.colcon_core.shell DEBUG Skip shell extension 'dsv' for command environment
[1.075s] colcon.colcon_ros.task.ament_python.build INFO Building ROS package in '/home/jack/ros2_ws/src/DoosanBootcamp3rd/somacube' with build type 'ament_python'
[1.075s] colcon.colcon_core.shell Level 1 create_environment_hook('somacube', 'ament_prefix_path')
[1.075s] colcon.colcon_core.shell INFO Creating environment hook '/home/jack/ros2_ws/install/somacube/share/somacube/hook/ament_prefix_path.ps1'
[1.076s] colcon.colcon_core.shell INFO Creating environment descriptor '/home/jack/ros2_ws/install/somacube/share/somacube/hook/ament_prefix_path.dsv'
[1.077s] colcon.colcon_core.shell INFO Creating environment hook '/home/jack/ros2_ws/install/somacube/share/somacube/hook/ament_prefix_path.sh'
[1.078s] colcon.colcon_core.shell INFO Skip shell extension 'powershell' for command environment: Not usable outside of PowerShell
[1.078s] colcon.colcon_core.shell DEBUG Skip shell extension 'dsv' for command environment
[1.082s] colcon.colcon_ros.task.ament_python.build INFO Building ROS package in '/home/jack/ros2_ws/src/DoosanBootcamp3rd/dsr_example2/dsr_example' with build type 'ament_python'
[1.082s] colcon.colcon_core.shell Level 1 create_environment_hook('dsr_example', 'ament_prefix_path')
[1.083s] colcon.colcon_core.shell INFO Creating environment hook '/home/jack/ros2_ws/install/dsr_example/share/dsr_example/hook/ament_prefix_path.ps1'
[1.084s] colcon.colcon_core.shell INFO Creating environment descriptor '/home/jack/ros2_ws/install/dsr_example/share/dsr_example/hook/ament_prefix_path.dsv'
[1.084s] colcon.colcon_core.shell INFO Creating environment hook '/home/jack/ros2_ws/install/dsr_example/share/dsr_example/hook/ament_prefix_path.sh'
[1.085s] colcon.colcon_core.shell INFO Skip shell extension 'powershell' for command environment: Not usable outside of PowerShell
[1.085s] colcon.colcon_core.shell DEBUG Skip shell extension 'dsv' for command environment
[1.348s] colcon.colcon_ros.task.ament_python.build WARNING Package 'pick_and_place_text' doesn't explicitly install a marker in the package index (colcon-ros currently does it implicitly but that fallback will be removed in the future)
[1.348s] colcon.colcon_core.task.python.build INFO Building Python package in '/home/jack/ros2_ws/src/DoosanBootcamp3rd/dsr_rokey/pick_and_place_text'
[1.348s] colcon.colcon_core.shell INFO Skip shell extension 'powershell' for command environment: Not usable outside of PowerShell
[1.348s] colcon.colcon_core.shell DEBUG Skip shell extension 'dsv' for command environment
[1.568s] colcon.colcon_ros.task.ament_python.build WARNING Package 'pick_and_place_voice' doesn't explicitly install a marker in the package index (colcon-ros currently does it implicitly but that fallback will be removed in the future)
[1.569s] colcon.colcon_core.task.python.build INFO Building Python package in '/home/jack/ros2_ws/src/DoosanBootcamp3rd/dsr_rokey/pick_and_place_voice'
[1.569s] colcon.colcon_core.shell INFO Skip shell extension 'powershell' for command environment: Not usable outside of PowerShell
[1.569s] colcon.colcon_core.shell DEBUG Skip shell extension 'dsv' for command environment
[1.795s] colcon.colcon_core.task.python.build INFO Building Python package in '/home/jack/ros2_ws/src/DoosanBootcamp3rd/dsr_rokey/rokey'
[1.795s] colcon.colcon_core.shell INFO Skip shell extension 'powershell' for command environment: Not usable outside of PowerShell
[1.795s] colcon.colcon_core.shell DEBUG Skip shell extension 'dsv' for command environment
[2.013s] colcon.colcon_ros.task.ament_python.build WARNING Package 'somacube' doesn't explicitly install a marker in the package index (colcon-ros currently does it implicitly but that fallback will be removed in the future)
[2.013s] colcon.colcon_core.task.python.build INFO Building Python package in '/home/jack/ros2_ws/src/DoosanBootcamp3rd/somacube'
[2.014s] colcon.colcon_core.shell INFO Skip shell extension 'powershell' for command environment: Not usable outside of PowerShell
[2.014s] colcon.colcon_core.shell DEBUG Skip shell extension 'dsv' for command environment
[2.016s] colcon.colcon_core.event_handler.log_command DEBUG Invoked command in '/home/jack/ros2_ws/build/dsr_msgs2' returned '0': CMAKE_PREFIX_PATH=/opt/ros/humble /usr/bin/cmake --build /home/jack/ros2_ws/build/dsr_msgs2 -- -j8 -l8
[2.023s] colcon.colcon_core.event_handler.log_command DEBUG Invoking command in '/home/jack/ros2_ws/build/dsr_msgs2': CMAKE_PREFIX_PATH=/opt/ros/humble /usr/bin/cmake --install /home/jack/ros2_ws/build/dsr_msgs2
[2.023s] colcon.colcon_core.event_handler.log_command DEBUG Invoked command in '/home/jack/ros2_ws/build/od_msg' returned '0': /usr/bin/cmake --build /home/jack/ros2_ws/build/od_msg -- -j8 -l8
[2.024s] colcon.colcon_core.event_handler.log_command DEBUG Invoking command in '/home/jack/ros2_ws/build/od_msg': /usr/bin/cmake --install /home/jack/ros2_ws/build/od_msg
[2.247s] colcon.colcon_core.task.python.build INFO Building Python package in '/home/jack/ros2_ws/src/DoosanBootcamp3rd/dsr_example2/dsr_example'
[2.247s] colcon.colcon_core.shell INFO Skip shell extension 'powershell' for command environment: Not usable outside of PowerShell
[2.247s] colcon.colcon_core.shell DEBUG Skip shell extension 'dsv' for command environment
[2.251s] colcon.colcon_core.event_handler.log_command DEBUG Invoking command in '/home/jack/ros2_ws/src/DoosanBootcamp3rd/dsr_example2/dsr_visualservoing': PYTHONPATH=/home/jack/ros2_ws/build/dsr_visualservoing/prefix_override:/home/jack/.local/lib/python3.10/site-packages/colcon_core/task/python/colcon_distutils_commands:/home/jack/ros2_ws/install/dsr_visualservoing/lib/python3.10/site-packages:${PYTHONPATH} /usr/bin/python3 -W ignore:setup.py install is deprecated -W ignore:easy_install command is deprecated setup.py egg_info --egg-base ../../../../build/dsr_visualservoing build --build-base /home/jack/ros2_ws/build/dsr_visualservoing/build install --record /home/jack/ros2_ws/build/dsr_visualservoing/install.log --single-version-externally-managed install_data
[2.265s] colcon.colcon_core.shell Level 1 create_environment_hook('od_msg', 'ros_package_path')
[2.266s] colcon.colcon_core.shell INFO Creating environment hook '/home/jack/ros2_ws/install/od_msg/share/od_msg/hook/ros_package_path.ps1'
[2.269s] colcon.colcon_core.shell INFO Creating environment descriptor '/home/jack/ros2_ws/install/od_msg/share/od_msg/hook/ros_package_path.dsv'
[2.272s] colcon.colcon_core.shell INFO Creating environment hook '/home/jack/ros2_ws/install/od_msg/share/od_msg/hook/ros_package_path.sh'
[2.276s] colcon.colcon_ros.task.catkin Level 1 checking '/home/jack/ros2_ws/install/od_msg/local/lib/python3.10/dist-packages'
[2.277s] colcon.colcon_core.shell Level 1 create_environment_hook('od_msg', 'catkin_pythonpath')
[2.277s] colcon.colcon_core.shell INFO Creating environment hook '/home/jack/ros2_ws/install/od_msg/share/od_msg/hook/catkin_pythonpath.ps1'
[2.280s] colcon.colcon_core.shell INFO Creating environment descriptor '/home/jack/ros2_ws/install/od_msg/share/od_msg/hook/catkin_pythonpath.dsv'
[2.285s] colcon.colcon_core.shell INFO Creating environment hook '/home/jack/ros2_ws/install/od_msg/share/od_msg/hook/catkin_pythonpath.sh'
[2.291s] colcon.colcon_core.shell Level 1 create_environment_hook('od_msg', 'pkg_config_path')
[2.291s] colcon.colcon_core.shell INFO Creating environment hook '/home/jack/ros2_ws/install/od_msg/share/od_msg/hook/pkg_config_path.ps1'
[2.298s] colcon.colcon_core.shell INFO Creating environment descriptor '/home/jack/ros2_ws/install/od_msg/share/od_msg/hook/pkg_config_path.dsv'
[2.299s] colcon.colcon_core.shell INFO Creating environment hook '/home/jack/ros2_ws/install/od_msg/share/od_msg/hook/pkg_config_path.sh'
[2.306s] colcon.colcon_core.shell Level 1 create_environment_hook('od_msg', 'pkg_config_path_multiarch')
[2.307s] colcon.colcon_core.shell INFO Creating environment hook '/home/jack/ros2_ws/install/od_msg/share/od_msg/hook/pkg_config_path_multiarch.ps1'
[2.310s] colcon.colcon_core.shell INFO Creating environment descriptor '/home/jack/ros2_ws/install/od_msg/share/od_msg/hook/pkg_config_path_multiarch.dsv'
[2.313s] colcon.colcon_core.shell INFO Creating environment hook '/home/jack/ros2_ws/install/od_msg/share/od_msg/hook/pkg_config_path_multiarch.sh'
[2.318s] colcon.colcon_core.environment Level 1 create_environment_scripts_only(od_msg)
[2.319s] colcon.colcon_core.environment Level 1 checking '/home/jack/ros2_ws/install/od_msg' for CMake module files
[2.323s] colcon.colcon_core.event_handler.log_command DEBUG Invoked command in '/home/jack/ros2_ws/build/od_msg' returned '0': /usr/bin/cmake --install /home/jack/ros2_ws/build/od_msg
[2.324s] colcon.colcon_core.environment Level 1 checking '/home/jack/ros2_ws/install/od_msg' for CMake config files
[2.324s] colcon.colcon_core.shell Level 1 create_environment_hook('od_msg', 'cmake_prefix_path')
[2.325s] colcon.colcon_core.shell INFO Creating environment hook '/home/jack/ros2_ws/install/od_msg/share/od_msg/hook/cmake_prefix_path.ps1'
[2.325s] colcon.colcon_core.shell INFO Creating environment descriptor '/home/jack/ros2_ws/install/od_msg/share/od_msg/hook/cmake_prefix_path.dsv'
[2.326s] colcon.colcon_core.shell INFO Creating environment hook '/home/jack/ros2_ws/install/od_msg/share/od_msg/hook/cmake_prefix_path.sh'
[2.327s] colcon.colcon_core.environment Level 1 checking '/home/jack/ros2_ws/install/od_msg/lib'
[2.327s] colcon.colcon_core.shell Level 1 create_environment_hook('od_msg', 'ld_library_path_lib')
[2.327s] colcon.colcon_core.shell INFO Creating environment hook '/home/jack/ros2_ws/install/od_msg/share/od_msg/hook/ld_library_path_lib.ps1'
[2.328s] colcon.colcon_core.shell INFO Creating environment descriptor '/home/jack/ros2_ws/install/od_msg/share/od_msg/hook/ld_library_path_lib.dsv'
[2.328s] colcon.colcon_core.shell INFO Creating environment hook '/home/jack/ros2_ws/install/od_msg/share/od_msg/hook/ld_library_path_lib.sh'
[2.328s] colcon.colcon_core.environment Level 1 checking '/home/jack/ros2_ws/install/od_msg/bin'
[2.328s] colcon.colcon_core.environment Level 1 checking '/home/jack/ros2_ws/install/od_msg/lib/pkgconfig/od_msg.pc'
[2.329s] colcon.colcon_core.environment Level 1 checking '/home/jack/ros2_ws/install/od_msg/lib/python3.10/site-packages'
[2.329s] colcon.colcon_core.environment Level 1 checking '/home/jack/ros2_ws/install/od_msg/bin'
[2.330s] colcon.colcon_core.shell INFO Creating package script '/home/jack/ros2_ws/install/od_msg/share/od_msg/package.ps1'
[2.330s] colcon.colcon_core.shell INFO Creating package descriptor '/home/jack/ros2_ws/install/od_msg/share/od_msg/package.dsv'
[2.331s] colcon.colcon_core.shell INFO Creating package script '/home/jack/ros2_ws/install/od_msg/share/od_msg/package.sh'
[2.332s] colcon.colcon_core.shell INFO Creating package script '/home/jack/ros2_ws/install/od_msg/share/od_msg/package.bash'
[2.332s] colcon.colcon_core.shell INFO Creating package script '/home/jack/ros2_ws/install/od_msg/share/od_msg/package.zsh'
[2.332s] colcon.colcon_core.environment Level 1 create_file_with_runtime_dependencies(/home/jack/ros2_ws/install/od_msg/share/colcon-core/packages/od_msg)
[2.340s] colcon.colcon_ros.task.ament_cmake.build INFO Building ROS package in '/home/jack/ros2_ws/src/DoosanBootcamp3rd/dsr_gazebo2' with build type 'ament_cmake'
[2.340s] colcon.colcon_cmake.task.cmake.build INFO Building CMake package in '/home/jack/ros2_ws/src/DoosanBootcamp3rd/dsr_gazebo2'
[2.341s] colcon.colcon_core.shell INFO Skip shell extension 'powershell' for command environment: Not usable outside of PowerShell
[2.341s] colcon.colcon_core.shell DEBUG Skip shell extension 'dsv' for command environment
[2.497s] colcon.colcon_core.environment Level 1 create_environment_scripts_only(dsr_gazebo2)
[2.497s] colcon.colcon_core.environment Level 1 checking '/home/jack/ros2_ws/install/dsr_gazebo2' for CMake module files
[2.498s] colcon.colcon_core.environment Level 1 checking '/home/jack/ros2_ws/install/dsr_gazebo2' for CMake config files
[2.498s] colcon.colcon_core.shell Level 1 create_environment_hook('dsr_gazebo2', 'cmake_prefix_path')
[2.498s] colcon.colcon_core.shell INFO Creating environment hook '/home/jack/ros2_ws/install/dsr_gazebo2/share/dsr_gazebo2/hook/cmake_prefix_path.ps1'
[2.499s] colcon.colcon_core.shell INFO Creating environment descriptor '/home/jack/ros2_ws/install/dsr_gazebo2/share/dsr_gazebo2/hook/cmake_prefix_path.dsv'
[2.499s] colcon.colcon_core.shell INFO Creating environment hook '/home/jack/ros2_ws/install/dsr_gazebo2/share/dsr_gazebo2/hook/cmake_prefix_path.sh'
[2.500s] colcon.colcon_core.environment Level 1 checking '/home/jack/ros2_ws/install/dsr_gazebo2/bin'
[2.500s] colcon.colcon_core.environment Level 1 checking '/home/jack/ros2_ws/install/dsr_gazebo2/lib/pkgconfig/dsr_gazebo2.pc'
[2.500s] colcon.colcon_core.environment Level 1 checking '/home/jack/ros2_ws/install/dsr_gazebo2/lib/python3.10/site-packages'
[2.500s] colcon.colcon_core.environment Level 1 checking '/home/jack/ros2_ws/install/dsr_gazebo2/bin'
[2.505s] colcon.colcon_core.shell INFO Creating package script '/home/jack/ros2_ws/install/dsr_gazebo2/share/dsr_gazebo2/package.ps1'
[2.508s] colcon.colcon_core.shell INFO Creating package descriptor '/home/jack/ros2_ws/install/dsr_gazebo2/share/dsr_gazebo2/package.dsv'
[2.511s] colcon.colcon_core.shell INFO Creating package script '/home/jack/ros2_ws/install/dsr_gazebo2/share/dsr_gazebo2/package.sh'
[2.512s] colcon.colcon_core.shell INFO Creating package script '/home/jack/ros2_ws/install/dsr_gazebo2/share/dsr_gazebo2/package.bash'
[2.513s] colcon.colcon_core.shell INFO Creating package script '/home/jack/ros2_ws/install/dsr_gazebo2/share/dsr_gazebo2/package.zsh'
[2.513s] colcon.colcon_core.environment Level 1 create_file_with_runtime_dependencies(/home/jack/ros2_ws/install/dsr_gazebo2/share/colcon-core/packages/dsr_gazebo2)
[2.514s] colcon.colcon_core.environment Level 1 create_environment_scripts_only(dsr_gazebo2)
[2.514s] colcon.colcon_core.environment Level 1 checking '/home/jack/ros2_ws/install/dsr_gazebo2' for CMake module files
[2.515s] colcon.colcon_core.environment Level 1 checking '/home/jack/ros2_ws/install/dsr_gazebo2' for CMake config files
[2.515s] colcon.colcon_core.shell Level 1 create_environment_hook('dsr_gazebo2', 'cmake_prefix_path')
[2.515s] colcon.colcon_core.shell INFO Creating environment hook '/home/jack/ros2_ws/install/dsr_gazebo2/share/dsr_gazebo2/hook/cmake_prefix_path.ps1'
[2.516s] colcon.colcon_core.shell INFO Creating environment descriptor '/home/jack/ros2_ws/install/dsr_gazebo2/share/dsr_gazebo2/hook/cmake_prefix_path.dsv'
[2.520s] colcon.colcon_core.shell INFO Creating environment hook '/home/jack/ros2_ws/install/dsr_gazebo2/share/dsr_gazebo2/hook/cmake_prefix_path.sh'
[2.521s] colcon.colcon_core.environment Level 1 checking '/home/jack/ros2_ws/install/dsr_gazebo2/bin'
[2.521s] colcon.colcon_core.environment Level 1 checking '/home/jack/ros2_ws/install/dsr_gazebo2/lib/pkgconfig/dsr_gazebo2.pc'
[2.521s] colcon.colcon_core.environment Level 1 checking '/home/jack/ros2_ws/install/dsr_gazebo2/lib/python3.10/site-packages'
[2.521s] colcon.colcon_core.environment Level 1 checking '/home/jack/ros2_ws/install/dsr_gazebo2/bin'
[2.522s] colcon.colcon_core.shell INFO Creating package script '/home/jack/ros2_ws/install/dsr_gazebo2/share/dsr_gazebo2/package.ps1'
[2.522s] colcon.colcon_core.shell INFO Creating package descriptor '/home/jack/ros2_ws/install/dsr_gazebo2/share/dsr_gazebo2/package.dsv'
[2.523s] colcon.colcon_core.shell INFO Creating package script '/home/jack/ros2_ws/install/dsr_gazebo2/share/dsr_gazebo2/package.sh'
[2.523s] colcon.colcon_core.shell INFO Creating package script '/home/jack/ros2_ws/install/dsr_gazebo2/share/dsr_gazebo2/package.bash'
[2.528s] colcon.colcon_core.shell INFO Creating package script '/home/jack/ros2_ws/install/dsr_gazebo2/share/dsr_gazebo2/package.zsh'
[2.528s] colcon.colcon_core.environment Level 1 create_file_with_runtime_dependencies(/home/jack/ros2_ws/install/dsr_gazebo2/share/colcon-core/packages/dsr_gazebo2)
[2.544s] colcon.colcon_core.event_handler.log_command DEBUG Invoking command in '/home/jack/ros2_ws/build/dsr_gazebo2': AMENT_PREFIX_PATH=/home/jack/ros2_ws/install/dsr_description2:${AMENT_PREFIX_PATH} CMAKE_PREFIX_PATH=/home/jack/ros2_ws/install/dsr_description2:/opt/ros/humble /usr/bin/cmake --build /home/jack/ros2_ws/build/dsr_gazebo2 -- -j8 -l8
[2.554s] colcon.colcon_core.event_handler.log_command DEBUG Invoked command in '/home/jack/ros2_ws/build/dsr_gazebo2' returned '0': AMENT_PREFIX_PATH=/home/jack/ros2_ws/install/dsr_description2:${AMENT_PREFIX_PATH} CMAKE_PREFIX_PATH=/home/jack/ros2_ws/install/dsr_description2:/opt/ros/humble /usr/bin/cmake --build /home/jack/ros2_ws/build/dsr_gazebo2 -- -j8 -l8
[2.554s] colcon.colcon_core.event_handler.log_command DEBUG Invoking command in '/home/jack/ros2_ws/build/dsr_gazebo2': AMENT_PREFIX_PATH=/home/jack/ros2_ws/install/dsr_description2:${AMENT_PREFIX_PATH} CMAKE_PREFIX_PATH=/home/jack/ros2_ws/install/dsr_description2:/opt/ros/humble /usr/bin/cmake --install /home/jack/ros2_ws/build/dsr_gazebo2
[2.573s] colcon.colcon_core.event_handler.log_command DEBUG Invoked command in '/home/jack/ros2_ws/build/dsr_gazebo2' returned '0': AMENT_PREFIX_PATH=/home/jack/ros2_ws/install/dsr_description2:${AMENT_PREFIX_PATH} CMAKE_PREFIX_PATH=/home/jack/ros2_ws/install/dsr_description2:/opt/ros/humble /usr/bin/cmake --install /home/jack/ros2_ws/build/dsr_gazebo2
[2.636s] colcon.colcon_core.environment Level 1 create_environment_scripts_only(dsr_msgs2)
[2.637s] colcon.colcon_core.environment Level 1 checking '/home/jack/ros2_ws/install/dsr_msgs2' for CMake module files
[2.638s] colcon.colcon_core.event_handler.log_command DEBUG Invoked command in '/home/jack/ros2_ws/build/dsr_msgs2' returned '0': CMAKE_PREFIX_PATH=/opt/ros/humble /usr/bin/cmake --install /home/jack/ros2_ws/build/dsr_msgs2
[2.638s] colcon.colcon_core.environment Level 1 checking '/home/jack/ros2_ws/install/dsr_msgs2' for CMake config files
[2.642s] colcon.colcon_core.shell Level 1 create_environment_hook('dsr_msgs2', 'cmake_prefix_path')
[2.643s] colcon.colcon_core.shell INFO Creating environment hook '/home/jack/ros2_ws/install/dsr_msgs2/share/dsr_msgs2/hook/cmake_prefix_path.ps1'
[2.643s] colcon.colcon_core.shell INFO Creating environment descriptor '/home/jack/ros2_ws/install/dsr_msgs2/share/dsr_msgs2/hook/cmake_prefix_path.dsv'
[2.644s] colcon.colcon_core.shell INFO Creating environment hook '/home/jack/ros2_ws/install/dsr_msgs2/share/dsr_msgs2/hook/cmake_prefix_path.sh'
[2.644s] colcon.colcon_core.environment Level 1 checking '/home/jack/ros2_ws/install/dsr_msgs2/lib'
[2.644s] colcon.colcon_core.shell Level 1 create_environment_hook('dsr_msgs2', 'ld_library_path_lib')
[2.645s] colcon.colcon_core.shell INFO Creating environment hook '/home/jack/ros2_ws/install/dsr_msgs2/share/dsr_msgs2/hook/ld_library_path_lib.ps1'
[2.645s] colcon.colcon_core.shell INFO Creating environment descriptor '/home/jack/ros2_ws/install/dsr_msgs2/share/dsr_msgs2/hook/ld_library_path_lib.dsv'
[2.645s] colcon.colcon_core.shell INFO Creating environment hook '/home/jack/ros2_ws/install/dsr_msgs2/share/dsr_msgs2/hook/ld_library_path_lib.sh'
[2.646s] colcon.colcon_core.environment Level 1 checking '/home/jack/ros2_ws/install/dsr_msgs2/bin'
[2.646s] colcon.colcon_core.environment Level 1 checking '/home/jack/ros2_ws/install/dsr_msgs2/lib/pkgconfig/dsr_msgs2.pc'
[2.646s] colcon.colcon_core.environment Level 1 checking '/home/jack/ros2_ws/install/dsr_msgs2/lib/python3.10/site-packages'
[2.646s] colcon.colcon_core.environment Level 1 checking '/home/jack/ros2_ws/install/dsr_msgs2/bin'
[2.647s] colcon.colcon_core.shell INFO Creating package script '/home/jack/ros2_ws/install/dsr_msgs2/share/dsr_msgs2/package.ps1'
[2.647s] colcon.colcon_core.shell INFO Creating package descriptor '/home/jack/ros2_ws/install/dsr_msgs2/share/dsr_msgs2/package.dsv'
[2.648s] colcon.colcon_core.shell INFO Creating package script '/home/jack/ros2_ws/install/dsr_msgs2/share/dsr_msgs2/package.sh'
[2.648s] colcon.colcon_core.shell INFO Creating package script '/home/jack/ros2_ws/install/dsr_msgs2/share/dsr_msgs2/package.bash'
[2.649s] colcon.colcon_core.shell INFO Creating package script '/home/jack/ros2_ws/install/dsr_msgs2/share/dsr_msgs2/package.zsh'
[2.649s] colcon.colcon_core.environment Level 1 create_file_with_runtime_dependencies(/home/jack/ros2_ws/install/dsr_msgs2/share/colcon-core/packages/dsr_msgs2)
[2.650s] colcon.colcon_core.environment Level 1 create_environment_scripts_only(dsr_msgs2)
[2.650s] colcon.colcon_core.environment Level 1 checking '/home/jack/ros2_ws/install/dsr_msgs2' for CMake module files
[2.651s] colcon.colcon_core.environment Level 1 checking '/home/jack/ros2_ws/install/dsr_msgs2' for CMake config files
[2.655s] colcon.colcon_core.shell Level 1 create_environment_hook('dsr_msgs2', 'cmake_prefix_path')
[2.655s] colcon.colcon_core.shell INFO Creating environment hook '/home/jack/ros2_ws/install/dsr_msgs2/share/dsr_msgs2/hook/cmake_prefix_path.ps1'
[2.656s] colcon.colcon_core.shell INFO Creating environment descriptor '/home/jack/ros2_ws/install/dsr_msgs2/share/dsr_msgs2/hook/cmake_prefix_path.dsv'
[2.656s] colcon.colcon_core.shell INFO Creating environment hook '/home/jack/ros2_ws/install/dsr_msgs2/share/dsr_msgs2/hook/cmake_prefix_path.sh'
[2.657s] colcon.colcon_core.environment Level 1 checking '/home/jack/ros2_ws/install/dsr_msgs2/lib'
[2.657s] colcon.colcon_core.shell Level 1 create_environment_hook('dsr_msgs2', 'ld_library_path_lib')
[2.657s] colcon.colcon_core.shell INFO Creating environment hook '/home/jack/ros2_ws/install/dsr_msgs2/share/dsr_msgs2/hook/ld_library_path_lib.ps1'
[2.658s] colcon.colcon_core.shell INFO Creating environment descriptor '/home/jack/ros2_ws/install/dsr_msgs2/share/dsr_msgs2/hook/ld_library_path_lib.dsv'
[2.658s] colcon.colcon_core.shell INFO Creating environment hook '/home/jack/ros2_ws/install/dsr_msgs2/share/dsr_msgs2/hook/ld_library_path_lib.sh'
[2.658s] colcon.colcon_core.environment Level 1 checking '/home/jack/ros2_ws/install/dsr_msgs2/bin'
[2.658s] colcon.colcon_core.environment Level 1 checking '/home/jack/ros2_ws/install/dsr_msgs2/lib/pkgconfig/dsr_msgs2.pc'
[2.659s] colcon.colcon_core.environment Level 1 checking '/home/jack/ros2_ws/install/dsr_msgs2/lib/python3.10/site-packages'
[2.659s] colcon.colcon_core.environment Level 1 checking '/home/jack/ros2_ws/install/dsr_msgs2/bin'
[2.659s] colcon.colcon_core.shell INFO Creating package script '/home/jack/ros2_ws/install/dsr_msgs2/share/dsr_msgs2/package.ps1'
[2.660s] colcon.colcon_core.shell INFO Creating package descriptor '/home/jack/ros2_ws/install/dsr_msgs2/share/dsr_msgs2/package.dsv'
[2.661s] colcon.colcon_core.shell INFO Creating package script '/home/jack/ros2_ws/install/dsr_msgs2/share/dsr_msgs2/package.sh'
[2.661s] colcon.colcon_core.shell INFO Creating package script '/home/jack/ros2_ws/install/dsr_msgs2/share/dsr_msgs2/package.bash'
[2.662s] colcon.colcon_core.shell INFO Creating package script '/home/jack/ros2_ws/install/dsr_msgs2/share/dsr_msgs2/package.zsh'
[2.662s] colcon.colcon_core.environment Level 1 create_file_with_runtime_dependencies(/home/jack/ros2_ws/install/dsr_msgs2/share/colcon-core/packages/dsr_msgs2)
[2.663s] colcon.colcon_ros.task.ament_cmake.build INFO Building ROS package in '/home/jack/ros2_ws/src/DoosanBootcamp3rd/dsr_hardware2' with build type 'ament_cmake'
[2.663s] colcon.colcon_cmake.task.cmake.build INFO Building CMake package in '/home/jack/ros2_ws/src/DoosanBootcamp3rd/dsr_hardware2'
[2.663s] colcon.colcon_core.shell INFO Skip shell extension 'powershell' for command environment: Not usable outside of PowerShell
[2.663s] colcon.colcon_core.shell DEBUG Skip shell extension 'dsv' for command environment
[2.667s] colcon.colcon_ros.task.ament_python.build INFO Building ROS package in '/home/jack/ros2_ws/src/DoosanBootcamp3rd/dsr_bringup2' with build type 'ament_python'
[2.667s] colcon.colcon_core.shell Level 1 create_environment_hook('dsr_bringup2', 'ament_prefix_path')
[2.667s] colcon.colcon_core.shell INFO Creating environment hook '/home/jack/ros2_ws/install/dsr_bringup2/share/dsr_bringup2/hook/ament_prefix_path.ps1'
[2.668s] colcon.colcon_core.shell INFO Creating environment descriptor '/home/jack/ros2_ws/install/dsr_bringup2/share/dsr_bringup2/hook/ament_prefix_path.dsv'
[2.668s] colcon.colcon_core.shell INFO Creating environment hook '/home/jack/ros2_ws/install/dsr_bringup2/share/dsr_bringup2/hook/ament_prefix_path.sh'
[2.669s] colcon.colcon_core.shell INFO Skip shell extension 'powershell' for command environment: Not usable outside of PowerShell
[2.669s] colcon.colcon_core.shell DEBUG Skip shell extension 'dsv' for command environment
[2.680s] colcon.colcon_core.event_handler.log_command DEBUG Invoking command in '/home/jack/ros2_ws/build/dsr_hardware2': AMENT_PREFIX_PATH=/home/jack/ros2_ws/install/dsr_msgs2:${AMENT_PREFIX_PATH} CMAKE_PREFIX_PATH=/home/jack/ros2_ws/install/dsr_msgs2:/opt/ros/humble LD_LIBRARY_PATH=/home/jack/ros2_ws/install/dsr_msgs2/lib:${LD_LIBRARY_PATH} PYTHONPATH=/home/jack/ros2_ws/install/dsr_msgs2/local/lib/python3.10/dist-packages:${PYTHONPATH} /usr/bin/cmake --build /home/jack/ros2_ws/build/dsr_hardware2 -- -j8 -l8
[2.951s] colcon.colcon_core.task.python.build INFO Building Python package in '/home/jack/ros2_ws/src/DoosanBootcamp3rd/dsr_bringup2'
[2.951s] colcon.colcon_core.shell INFO Skip shell extension 'powershell' for command environment: Not usable outside of PowerShell
[2.951s] colcon.colcon_core.shell DEBUG Skip shell extension 'dsv' for command environment
[2.954s] colcon.colcon_core.environment Level 1 checking '/home/jack/ros2_ws/install/dsr_visualservoing' for CMake module files
[2.955s] colcon.colcon_core.event_handler.log_command DEBUG Invoked command in '/home/jack/ros2_ws/src/DoosanBootcamp3rd/dsr_example2/dsr_visualservoing' returned '0': PYTHONPATH=/home/jack/ros2_ws/build/dsr_visualservoing/prefix_override:/home/jack/.local/lib/python3.10/site-packages/colcon_core/task/python/colcon_distutils_commands:/home/jack/ros2_ws/install/dsr_visualservoing/lib/python3.10/site-packages:${PYTHONPATH} /usr/bin/python3 -W ignore:setup.py install is deprecated -W ignore:easy_install command is deprecated setup.py egg_info --egg-base ../../../../build/dsr_visualservoing build --build-base /home/jack/ros2_ws/build/dsr_visualservoing/build install --record /home/jack/ros2_ws/build/dsr_visualservoing/install.log --single-version-externally-managed install_data
[2.955s] colcon.colcon_core.environment Level 1 checking '/home/jack/ros2_ws/install/dsr_visualservoing' for CMake config files
[2.955s] colcon.colcon_core.environment Level 1 checking '/home/jack/ros2_ws/install/dsr_visualservoing/lib'
[2.955s] colcon.colcon_core.environment Level 1 checking '/home/jack/ros2_ws/install/dsr_visualservoing/bin'
[2.955s] colcon.colcon_core.environment Level 1 checking '/home/jack/ros2_ws/install/dsr_visualservoing/lib/pkgconfig/dsr_visualservoing.pc'
[2.955s] colcon.colcon_core.environment Level 1 checking '/home/jack/ros2_ws/install/dsr_visualservoing/lib/python3.10/site-packages'
[2.955s] colcon.colcon_core.shell Level 1 create_environment_hook('dsr_visualservoing', 'pythonpath')
[2.956s] colcon.colcon_core.shell INFO Creating environment hook '/home/jack/ros2_ws/install/dsr_visualservoing/share/dsr_visualservoing/hook/pythonpath.ps1'
[2.956s] colcon.colcon_core.shell INFO Creating environment descriptor '/home/jack/ros2_ws/install/dsr_visualservoing/share/dsr_visualservoing/hook/pythonpath.dsv'
[2.956s] colcon.colcon_core.shell INFO Creating environment hook '/home/jack/ros2_ws/install/dsr_visualservoing/share/dsr_visualservoing/hook/pythonpath.sh'
[2.957s] colcon.colcon_core.environment Level 1 checking '/home/jack/ros2_ws/install/dsr_visualservoing/bin'
[2.957s] colcon.colcon_core.environment Level 1 create_environment_scripts_only(dsr_visualservoing)
[2.957s] colcon.colcon_core.shell INFO Creating package script '/home/jack/ros2_ws/install/dsr_visualservoing/share/dsr_visualservoing/package.ps1'
[2.957s] colcon.colcon_core.shell INFO Creating package descriptor '/home/jack/ros2_ws/install/dsr_visualservoing/share/dsr_visualservoing/package.dsv'
[2.958s] colcon.colcon_core.shell INFO Creating package script '/home/jack/ros2_ws/install/dsr_visualservoing/share/dsr_visualservoing/package.sh'
[2.958s] colcon.colcon_core.shell INFO Creating package script '/home/jack/ros2_ws/install/dsr_visualservoing/share/dsr_visualservoing/package.bash'
[2.958s] colcon.colcon_core.shell INFO Creating package script '/home/jack/ros2_ws/install/dsr_visualservoing/share/dsr_visualservoing/package.zsh'
[2.958s] colcon.colcon_core.environment Level 1 create_file_with_runtime_dependencies(/home/jack/ros2_ws/install/dsr_visualservoing/share/colcon-core/packages/dsr_visualservoing)
[2.959s] colcon.colcon_core.event_handler.log_command DEBUG Invoked command in '/home/jack/ros2_ws/build/dsr_hardware2' returned '0': AMENT_PREFIX_PATH=/home/jack/ros2_ws/install/dsr_msgs2:${AMENT_PREFIX_PATH} CMAKE_PREFIX_PATH=/home/jack/ros2_ws/install/dsr_msgs2:/opt/ros/humble LD_LIBRARY_PATH=/home/jack/ros2_ws/install/dsr_msgs2/lib:${LD_LIBRARY_PATH} PYTHONPATH=/home/jack/ros2_ws/install/dsr_msgs2/local/lib/python3.10/dist-packages:${PYTHONPATH} /usr/bin/cmake --build /home/jack/ros2_ws/build/dsr_hardware2 -- -j8 -l8
[2.960s] colcon.colcon_core.event_handler.log_command DEBUG Invoking command in '/home/jack/ros2_ws/build/dsr_hardware2': AMENT_PREFIX_PATH=/home/jack/ros2_ws/install/dsr_msgs2:${AMENT_PREFIX_PATH} CMAKE_PREFIX_PATH=/home/jack/ros2_ws/install/dsr_msgs2:/opt/ros/humble LD_LIBRARY_PATH=/home/jack/ros2_ws/install/dsr_msgs2/lib:${LD_LIBRARY_PATH} PYTHONPATH=/home/jack/ros2_ws/install/dsr_msgs2/local/lib/python3.10/dist-packages:${PYTHONPATH} /usr/bin/cmake --install /home/jack/ros2_ws/build/dsr_hardware2
[2.961s] colcon.colcon_ros.task.ament_cmake.build INFO Building ROS package in '/home/jack/ros2_ws/src/DoosanBootcamp3rd/dsr_example2/dsr_realtime_control' with build type 'ament_cmake'
[2.961s] colcon.colcon_cmake.task.cmake.build INFO Building CMake package in '/home/jack/ros2_ws/src/DoosanBootcamp3rd/dsr_example2/dsr_realtime_control'
[2.961s] colcon.colcon_core.shell INFO Skip shell extension 'powershell' for command environment: Not usable outside of PowerShell
[2.961s] colcon.colcon_core.shell DEBUG Skip shell extension 'dsv' for command environment
[2.965s] colcon.colcon_core.event_handler.log_command DEBUG Invoking command in '/home/jack/ros2_ws/src/DoosanBootcamp3rd/dsr_rokey/pick_and_place_voice': PYTHONPATH=/home/jack/ros2_ws/build/pick_and_place_voice/prefix_override:/home/jack/.local/lib/python3.10/site-packages/colcon_core/task/python/colcon_distutils_commands:/home/jack/ros2_ws/install/pick_and_place_voice/lib/python3.10/site-packages:${PYTHONPATH} /usr/bin/python3 -W ignore:setup.py install is deprecated -W ignore:easy_install command is deprecated setup.py egg_info --egg-base ../../../../build/pick_and_place_voice build --build-base /home/jack/ros2_ws/build/pick_and_place_voice/build install --record /home/jack/ros2_ws/build/pick_and_place_voice/install.log --single-version-externally-managed install_data
[2.968s] colcon.colcon_core.event_handler.log_command DEBUG Invoking command in '/home/jack/ros2_ws/src/DoosanBootcamp3rd/dsr_rokey/pick_and_place_text': PYTHONPATH=/home/jack/ros2_ws/build/pick_and_place_text/prefix_override:/home/jack/.local/lib/python3.10/site-packages/colcon_core/task/python/colcon_distutils_commands:/home/jack/ros2_ws/install/pick_and_place_text/lib/python3.10/site-packages:${PYTHONPATH} /usr/bin/python3 -W ignore:setup.py install is deprecated -W ignore:easy_install command is deprecated setup.py egg_info --egg-base ../../../../build/pick_and_place_text build --build-base /home/jack/ros2_ws/build/pick_and_place_text/build install --record /home/jack/ros2_ws/build/pick_and_place_text/install.log --single-version-externally-managed install_data
[2.970s] colcon.colcon_core.event_handler.log_command DEBUG Invoking command in '/home/jack/ros2_ws/src/DoosanBootcamp3rd/dsr_example2/dsr_example': AMENT_PREFIX_PATH=/home/jack/ros2_ws/install/dsr_common2:${AMENT_PREFIX_PATH} CMAKE_PREFIX_PATH=/home/jack/ros2_ws/install/dsr_common2 PYTHONPATH=/home/jack/ros2_ws/build/dsr_example/prefix_override:/home/jack/.local/lib/python3.10/site-packages/colcon_core/task/python/colcon_distutils_commands:/home/jack/ros2_ws/install/dsr_example/lib/python3.10/site-packages:${PYTHONPATH} /usr/bin/python3 -W ignore:setup.py install is deprecated -W ignore:easy_install command is deprecated setup.py egg_info --egg-base ../../../../build/dsr_example build --build-base /home/jack/ros2_ws/build/dsr_example/build install --record /home/jack/ros2_ws/build/dsr_example/install.log --single-version-externally-managed install_data
[2.973s] colcon.colcon_core.event_handler.log_command DEBUG Invoking command in '/home/jack/ros2_ws/src/DoosanBootcamp3rd/somacube': PYTHONPATH=/home/jack/ros2_ws/build/somacube/prefix_override:/home/jack/.local/lib/python3.10/site-packages/colcon_core/task/python/colcon_distutils_commands:/home/jack/ros2_ws/install/somacube/lib/python3.10/site-packages:${PYTHONPATH} /usr/bin/python3 -W ignore:setup.py install is deprecated -W ignore:easy_install command is deprecated setup.py egg_info --egg-base ../../../build/somacube build --build-base /home/jack/ros2_ws/build/somacube/build install --record /home/jack/ros2_ws/build/somacube/install.log --single-version-externally-managed install_data
[2.974s] colcon.colcon_core.event_handler.log_command DEBUG Invoking command in '/home/jack/ros2_ws/src/DoosanBootcamp3rd/dsr_rokey/rokey': PYTHONPATH=/home/jack/ros2_ws/build/rokey/prefix_override:/home/jack/.local/lib/python3.10/site-packages/colcon_core/task/python/colcon_distutils_commands:/home/jack/ros2_ws/install/rokey/lib/python3.10/site-packages:${PYTHONPATH} /usr/bin/python3 -W ignore:setup.py install is deprecated -W ignore:easy_install command is deprecated setup.py egg_info --egg-base ../../../../build/rokey build --build-base /home/jack/ros2_ws/build/rokey/build install --record /home/jack/ros2_ws/build/rokey/install.log --single-version-externally-managed install_data
[2.976s] colcon.colcon_core.environment Level 1 create_environment_scripts_only(dsr_hardware2)
[2.976s] colcon.colcon_core.environment Level 1 checking '/home/jack/ros2_ws/install/dsr_hardware2' for CMake module files
[2.978s] colcon.colcon_core.event_handler.log_command DEBUG Invoked command in '/home/jack/ros2_ws/build/dsr_hardware2' returned '0': AMENT_PREFIX_PATH=/home/jack/ros2_ws/install/dsr_msgs2:${AMENT_PREFIX_PATH} CMAKE_PREFIX_PATH=/home/jack/ros2_ws/install/dsr_msgs2:/opt/ros/humble LD_LIBRARY_PATH=/home/jack/ros2_ws/install/dsr_msgs2/lib:${LD_LIBRARY_PATH} PYTHONPATH=/home/jack/ros2_ws/install/dsr_msgs2/local/lib/python3.10/dist-packages:${PYTHONPATH} /usr/bin/cmake --install /home/jack/ros2_ws/build/dsr_hardware2
[2.978s] colcon.colcon_core.environment Level 1 checking '/home/jack/ros2_ws/install/dsr_hardware2' for CMake config files
[2.979s] colcon.colcon_core.shell Level 1 create_environment_hook('dsr_hardware2', 'cmake_prefix_path')
[2.979s] colcon.colcon_core.shell INFO Creating environment hook '/home/jack/ros2_ws/install/dsr_hardware2/share/dsr_hardware2/hook/cmake_prefix_path.ps1'
[2.980s] colcon.colcon_core.shell INFO Creating environment descriptor '/home/jack/ros2_ws/install/dsr_hardware2/share/dsr_hardware2/hook/cmake_prefix_path.dsv'
[2.980s] colcon.colcon_core.shell INFO Creating environment hook '/home/jack/ros2_ws/install/dsr_hardware2/share/dsr_hardware2/hook/cmake_prefix_path.sh'
[2.981s] colcon.colcon_core.environment Level 1 checking '/home/jack/ros2_ws/install/dsr_hardware2/bin'
[2.981s] colcon.colcon_core.environment Level 1 checking '/home/jack/ros2_ws/install/dsr_hardware2/lib/pkgconfig/dsr_hardware2.pc'
[2.981s] colcon.colcon_core.environment Level 1 checking '/home/jack/ros2_ws/install/dsr_hardware2/lib/python3.10/site-packages'
[2.981s] colcon.colcon_core.environment Level 1 checking '/home/jack/ros2_ws/install/dsr_hardware2/bin'
[2.982s] colcon.colcon_core.shell INFO Creating package script '/home/jack/ros2_ws/install/dsr_hardware2/share/dsr_hardware2/package.ps1'
[2.982s] colcon.colcon_core.shell INFO Creating package descriptor '/home/jack/ros2_ws/install/dsr_hardware2/share/dsr_hardware2/package.dsv'
[2.983s] colcon.colcon_core.shell INFO Creating package script '/home/jack/ros2_ws/install/dsr_hardware2/share/dsr_hardware2/package.sh'
[2.983s] colcon.colcon_core.shell INFO Creating package script '/home/jack/ros2_ws/install/dsr_hardware2/share/dsr_hardware2/package.bash'
[2.984s] colcon.colcon_core.shell INFO Creating package script '/home/jack/ros2_ws/install/dsr_hardware2/share/dsr_hardware2/package.zsh'
[2.984s] colcon.colcon_core.environment Level 1 create_file_with_runtime_dependencies(/home/jack/ros2_ws/install/dsr_hardware2/share/colcon-core/packages/dsr_hardware2)
[2.985s] colcon.colcon_core.environment Level 1 create_environment_scripts_only(dsr_hardware2)
[2.985s] colcon.colcon_core.environment Level 1 checking '/home/jack/ros2_ws/install/dsr_hardware2' for CMake module files
[2.986s] colcon.colcon_core.environment Level 1 checking '/home/jack/ros2_ws/install/dsr_hardware2' for CMake config files
[2.986s] colcon.colcon_core.shell Level 1 create_environment_hook('dsr_hardware2', 'cmake_prefix_path')
[2.986s] colcon.colcon_core.shell INFO Creating environment hook '/home/jack/ros2_ws/install/dsr_hardware2/share/dsr_hardware2/hook/cmake_prefix_path.ps1'
[2.987s] colcon.colcon_core.shell INFO Creating environment descriptor '/home/jack/ros2_ws/install/dsr_hardware2/share/dsr_hardware2/hook/cmake_prefix_path.dsv'
[2.987s] colcon.colcon_core.shell INFO Creating environment hook '/home/jack/ros2_ws/install/dsr_hardware2/share/dsr_hardware2/hook/cmake_prefix_path.sh'
[2.988s] colcon.colcon_core.environment Level 1 checking '/home/jack/ros2_ws/install/dsr_hardware2/bin'
[2.988s] colcon.colcon_core.environment Level 1 checking '/home/jack/ros2_ws/install/dsr_hardware2/lib/pkgconfig/dsr_hardware2.pc'
[2.988s] colcon.colcon_core.environment Level 1 checking '/home/jack/ros2_ws/install/dsr_hardware2/lib/python3.10/site-packages'
[2.988s] colcon.colcon_core.environment Level 1 checking '/home/jack/ros2_ws/install/dsr_hardware2/bin'
[2.989s] colcon.colcon_core.shell INFO Creating package script '/home/jack/ros2_ws/install/dsr_hardware2/share/dsr_hardware2/package.ps1'
[2.989s] colcon.colcon_core.shell INFO Creating package descriptor '/home/jack/ros2_ws/install/dsr_hardware2/share/dsr_hardware2/package.dsv'
[2.990s] colcon.colcon_core.shell INFO Creating package script '/home/jack/ros2_ws/install/dsr_hardware2/share/dsr_hardware2/package.sh'
[2.990s] colcon.colcon_core.shell INFO Creating package script '/home/jack/ros2_ws/install/dsr_hardware2/share/dsr_hardware2/package.bash'
[2.991s] colcon.colcon_core.shell INFO Creating package script '/home/jack/ros2_ws/install/dsr_hardware2/share/dsr_hardware2/package.zsh'
[2.991s] colcon.colcon_core.environment Level 1 create_file_with_runtime_dependencies(/home/jack/ros2_ws/install/dsr_hardware2/share/colcon-core/packages/dsr_hardware2)
[2.992s] colcon.colcon_ros.task.ament_python.build INFO Building ROS package in '/home/jack/ros2_ws/src/DoosanBootcamp3rd/dsr_tests' with build type 'ament_python'
[2.992s] colcon.colcon_core.shell Level 1 create_environment_hook('dsr_tests', 'ament_prefix_path')
[2.993s] colcon.colcon_core.shell INFO Creating environment hook '/home/jack/ros2_ws/install/dsr_tests/share/dsr_tests/hook/ament_prefix_path.ps1'
[2.993s] colcon.colcon_core.shell INFO Creating environment descriptor '/home/jack/ros2_ws/install/dsr_tests/share/dsr_tests/hook/ament_prefix_path.dsv'
[2.994s] colcon.colcon_core.shell INFO Creating environment hook '/home/jack/ros2_ws/install/dsr_tests/share/dsr_tests/hook/ament_prefix_path.sh'
[2.995s] colcon.colcon_core.shell INFO Skip shell extension 'powershell' for command environment: Not usable outside of PowerShell
[2.995s] colcon.colcon_core.shell DEBUG Skip shell extension 'dsv' for command environment
[3.004s] colcon.colcon_core.event_handler.log_command DEBUG Invoking command in '/home/jack/ros2_ws/build/dsr_realtime_control': AMENT_PREFIX_PATH=/home/jack/ros2_ws/install/dsr_msgs2:${AMENT_PREFIX_PATH} CMAKE_PREFIX_PATH=/home/jack/ros2_ws/install/dsr_msgs2:/opt/ros/humble LD_LIBRARY_PATH=/home/jack/ros2_ws/install/dsr_msgs2/lib:${LD_LIBRARY_PATH} PYTHONPATH=/home/jack/ros2_ws/install/dsr_msgs2/local/lib/python3.10/dist-packages:${PYTHONPATH} /usr/bin/cmake --build /home/jack/ros2_ws/build/dsr_realtime_control -- -j8 -l8
[3.469s] colcon.colcon_core.task.python.build INFO Building Python package in '/home/jack/ros2_ws/src/DoosanBootcamp3rd/dsr_tests'
[3.469s] colcon.colcon_core.shell INFO Skip shell extension 'powershell' for command environment: Not usable outside of PowerShell
[3.469s] colcon.colcon_core.shell DEBUG Skip shell extension 'dsv' for command environment
[3.472s] colcon.colcon_core.environment Level 1 checking '/home/jack/ros2_ws/install/dsr_example' for CMake module files
[3.476s] colcon.colcon_core.environment Level 1 checking '/home/jack/ros2_ws/install/dsr_example' for CMake config files
[3.478s] colcon.colcon_core.event_handler.log_command DEBUG Invoked command in '/home/jack/ros2_ws/src/DoosanBootcamp3rd/dsr_example2/dsr_example' returned '0': AMENT_PREFIX_PATH=/home/jack/ros2_ws/install/dsr_common2:${AMENT_PREFIX_PATH} CMAKE_PREFIX_PATH=/home/jack/ros2_ws/install/dsr_common2 PYTHONPATH=/home/jack/ros2_ws/build/dsr_example/prefix_override:/home/jack/.local/lib/python3.10/site-packages/colcon_core/task/python/colcon_distutils_commands:/home/jack/ros2_ws/install/dsr_example/lib/python3.10/site-packages:${PYTHONPATH} /usr/bin/python3 -W ignore:setup.py install is deprecated -W ignore:easy_install command is deprecated setup.py egg_info --egg-base ../../../../build/dsr_example build --build-base /home/jack/ros2_ws/build/dsr_example/build install --record /home/jack/ros2_ws/build/dsr_example/install.log --single-version-externally-managed install_data
[3.479s] colcon.colcon_core.environment Level 1 checking '/home/jack/ros2_ws/install/dsr_example/lib'
[3.479s] colcon.colcon_core.environment Level 1 checking '/home/jack/ros2_ws/install/dsr_example/bin'
[3.479s] colcon.colcon_core.environment Level 1 checking '/home/jack/ros2_ws/install/dsr_example/lib/pkgconfig/dsr_example.pc'
[3.479s] colcon.colcon_core.environment Level 1 checking '/home/jack/ros2_ws/install/dsr_example/lib/python3.10/site-packages'
[3.479s] colcon.colcon_core.shell Level 1 create_environment_hook('dsr_example', 'pythonpath')
[3.479s] colcon.colcon_core.shell INFO Creating environment hook '/home/jack/ros2_ws/install/dsr_example/share/dsr_example/hook/pythonpath.ps1'
[3.480s] colcon.colcon_core.shell INFO Creating environment descriptor '/home/jack/ros2_ws/install/dsr_example/share/dsr_example/hook/pythonpath.dsv'
[3.480s] colcon.colcon_core.shell INFO Creating environment hook '/home/jack/ros2_ws/install/dsr_example/share/dsr_example/hook/pythonpath.sh'
[3.480s] colcon.colcon_core.environment Level 1 checking '/home/jack/ros2_ws/install/dsr_example/bin'
[3.480s] colcon.colcon_core.environment Level 1 create_environment_scripts_only(dsr_example)
[3.481s] colcon.colcon_core.shell INFO Creating package script '/home/jack/ros2_ws/install/dsr_example/share/dsr_example/package.ps1'
[3.481s] colcon.colcon_core.shell INFO Creating package descriptor '/home/jack/ros2_ws/install/dsr_example/share/dsr_example/package.dsv'
[3.481s] colcon.colcon_core.shell INFO Creating package script '/home/jack/ros2_ws/install/dsr_example/share/dsr_example/package.sh'
[3.482s] colcon.colcon_core.shell INFO Creating package script '/home/jack/ros2_ws/install/dsr_example/share/dsr_example/package.bash'
[3.482s] colcon.colcon_core.shell INFO Creating package script '/home/jack/ros2_ws/install/dsr_example/share/dsr_example/package.zsh'
[3.482s] colcon.colcon_core.environment Level 1 create_file_with_runtime_dependencies(/home/jack/ros2_ws/install/dsr_example/share/colcon-core/packages/dsr_example)
[3.483s] colcon.colcon_core.environment Level 1 checking '/home/jack/ros2_ws/install/somacube' for CMake module files
[3.483s] colcon.colcon_core.environment Level 1 checking '/home/jack/ros2_ws/install/somacube' for CMake config files
[3.483s] colcon.colcon_core.event_handler.log_command DEBUG Invoked command in '/home/jack/ros2_ws/src/DoosanBootcamp3rd/somacube' returned '0': PYTHONPATH=/home/jack/ros2_ws/build/somacube/prefix_override:/home/jack/.local/lib/python3.10/site-packages/colcon_core/task/python/colcon_distutils_commands:/home/jack/ros2_ws/install/somacube/lib/python3.10/site-packages:${PYTHONPATH} /usr/bin/python3 -W ignore:setup.py install is deprecated -W ignore:easy_install command is deprecated setup.py egg_info --egg-base ../../../build/somacube build --build-base /home/jack/ros2_ws/build/somacube/build install --record /home/jack/ros2_ws/build/somacube/install.log --single-version-externally-managed install_data
[3.484s] colcon.colcon_core.environment Level 1 checking '/home/jack/ros2_ws/install/somacube/lib'
[3.484s] colcon.colcon_core.environment Level 1 checking '/home/jack/ros2_ws/install/somacube/bin'
[3.484s] colcon.colcon_core.environment Level 1 checking '/home/jack/ros2_ws/install/somacube/lib/pkgconfig/somacube.pc'
[3.484s] colcon.colcon_core.environment Level 1 checking '/home/jack/ros2_ws/install/somacube/lib/python3.10/site-packages'
[3.484s] colcon.colcon_core.shell Level 1 create_environment_hook('somacube', 'pythonpath')
[3.484s] colcon.colcon_core.shell INFO Creating environment hook '/home/jack/ros2_ws/install/somacube/share/somacube/hook/pythonpath.ps1'
[3.485s] colcon.colcon_core.shell INFO Creating environment descriptor '/home/jack/ros2_ws/install/somacube/share/somacube/hook/pythonpath.dsv'
[3.485s] colcon.colcon_core.shell INFO Creating environment hook '/home/jack/ros2_ws/install/somacube/share/somacube/hook/pythonpath.sh'
[3.485s] colcon.colcon_core.environment Level 1 checking '/home/jack/ros2_ws/install/somacube/bin'
[3.485s] colcon.colcon_core.environment Level 1 create_environment_scripts_only(somacube)
[3.486s] colcon.colcon_core.shell INFO Creating package script '/home/jack/ros2_ws/install/somacube/share/somacube/package.ps1'
[3.486s] colcon.colcon_core.shell INFO Creating package descriptor '/home/jack/ros2_ws/install/somacube/share/somacube/package.dsv'
[3.486s] colcon.colcon_core.shell INFO Creating package script '/home/jack/ros2_ws/install/somacube/share/somacube/package.sh'
[3.487s] colcon.colcon_core.shell INFO Creating package script '/home/jack/ros2_ws/install/somacube/share/somacube/package.bash'
[3.487s] colcon.colcon_core.shell INFO Creating package script '/home/jack/ros2_ws/install/somacube/share/somacube/package.zsh'
[3.487s] colcon.colcon_core.environment Level 1 create_file_with_runtime_dependencies(/home/jack/ros2_ws/install/somacube/share/colcon-core/packages/somacube)
[3.488s] colcon.colcon_core.environment Level 1 checking '/home/jack/ros2_ws/install/pick_and_place_voice' for CMake module files
[3.488s] colcon.colcon_core.environment Level 1 checking '/home/jack/ros2_ws/install/pick_and_place_voice' for CMake config files
[3.489s] colcon.colcon_core.event_handler.log_command DEBUG Invoked command in '/home/jack/ros2_ws/src/DoosanBootcamp3rd/dsr_rokey/pick_and_place_voice' returned '0': PYTHONPATH=/home/jack/ros2_ws/build/pick_and_place_voice/prefix_override:/home/jack/.local/lib/python3.10/site-packages/colcon_core/task/python/colcon_distutils_commands:/home/jack/ros2_ws/install/pick_and_place_voice/lib/python3.10/site-packages:${PYTHONPATH} /usr/bin/python3 -W ignore:setup.py install is deprecated -W ignore:easy_install command is deprecated setup.py egg_info --egg-base ../../../../build/pick_and_place_voice build --build-base /home/jack/ros2_ws/build/pick_and_place_voice/build install --record /home/jack/ros2_ws/build/pick_and_place_voice/install.log --single-version-externally-managed install_data
[3.489s] colcon.colcon_core.environment Level 1 checking '/home/jack/ros2_ws/install/pick_and_place_voice/lib'
[3.489s] colcon.colcon_core.environment Level 1 checking '/home/jack/ros2_ws/install/pick_and_place_voice/bin'
[3.489s] colcon.colcon_core.environment Level 1 checking '/home/jack/ros2_ws/install/pick_and_place_voice/lib/pkgconfig/pick_and_place_voice.pc'
[3.489s] colcon.colcon_core.environment Level 1 checking '/home/jack/ros2_ws/install/pick_and_place_voice/lib/python3.10/site-packages'
[3.489s] colcon.colcon_core.shell Level 1 create_environment_hook('pick_and_place_voice', 'pythonpath')
[3.489s] colcon.colcon_core.shell INFO Creating environment hook '/home/jack/ros2_ws/install/pick_and_place_voice/share/pick_and_place_voice/hook/pythonpath.ps1'
[3.490s] colcon.colcon_core.shell INFO Creating environment descriptor '/home/jack/ros2_ws/install/pick_and_place_voice/share/pick_and_place_voice/hook/pythonpath.dsv'
[3.490s] colcon.colcon_core.shell INFO Creating environment hook '/home/jack/ros2_ws/install/pick_and_place_voice/share/pick_and_place_voice/hook/pythonpath.sh'
[3.491s] colcon.colcon_core.environment Level 1 checking '/home/jack/ros2_ws/install/pick_and_place_voice/bin'
[3.491s] colcon.colcon_core.environment Level 1 create_environment_scripts_only(pick_and_place_voice)
[3.491s] colcon.colcon_core.shell INFO Creating package script '/home/jack/ros2_ws/install/pick_and_place_voice/share/pick_and_place_voice/package.ps1'
[3.491s] colcon.colcon_core.shell INFO Creating package descriptor '/home/jack/ros2_ws/install/pick_and_place_voice/share/pick_and_place_voice/package.dsv'
[3.491s] colcon.colcon_core.shell INFO Creating package script '/home/jack/ros2_ws/install/pick_and_place_voice/share/pick_and_place_voice/package.sh'
[3.492s] colcon.colcon_core.shell INFO Creating package script '/home/jack/ros2_ws/install/pick_and_place_voice/share/pick_and_place_voice/package.bash'
[3.492s] colcon.colcon_core.shell INFO Creating package script '/home/jack/ros2_ws/install/pick_and_place_voice/share/pick_and_place_voice/package.zsh'
[3.492s] colcon.colcon_core.environment Level 1 create_file_with_runtime_dependencies(/home/jack/ros2_ws/install/pick_and_place_voice/share/colcon-core/packages/pick_and_place_voice)
[3.493s] colcon.colcon_core.environment Level 1 checking '/home/jack/ros2_ws/install/pick_and_place_text' for CMake module files
[3.493s] colcon.colcon_core.environment Level 1 checking '/home/jack/ros2_ws/install/pick_and_place_text' for CMake config files
[3.493s] colcon.colcon_core.event_handler.log_command DEBUG Invoked command in '/home/jack/ros2_ws/src/DoosanBootcamp3rd/dsr_rokey/pick_and_place_text' returned '0': PYTHONPATH=/home/jack/ros2_ws/build/pick_and_place_text/prefix_override:/home/jack/.local/lib/python3.10/site-packages/colcon_core/task/python/colcon_distutils_commands:/home/jack/ros2_ws/install/pick_and_place_text/lib/python3.10/site-packages:${PYTHONPATH} /usr/bin/python3 -W ignore:setup.py install is deprecated -W ignore:easy_install command is deprecated setup.py egg_info --egg-base ../../../../build/pick_and_place_text build --build-base /home/jack/ros2_ws/build/pick_and_place_text/build install --record /home/jack/ros2_ws/build/pick_and_place_text/install.log --single-version-externally-managed install_data
[3.494s] colcon.colcon_core.environment Level 1 checking '/home/jack/ros2_ws/install/pick_and_place_text/lib'
[3.494s] colcon.colcon_core.environment Level 1 checking '/home/jack/ros2_ws/install/pick_and_place_text/bin'
[3.494s] colcon.colcon_core.environment Level 1 checking '/home/jack/ros2_ws/install/pick_and_place_text/lib/pkgconfig/pick_and_place_text.pc'
[3.494s] colcon.colcon_core.environment Level 1 checking '/home/jack/ros2_ws/install/pick_and_place_text/lib/python3.10/site-packages'
[3.494s] colcon.colcon_core.shell Level 1 create_environment_hook('pick_and_place_text', 'pythonpath')
[3.494s] colcon.colcon_core.shell INFO Creating environment hook '/home/jack/ros2_ws/install/pick_and_place_text/share/pick_and_place_text/hook/pythonpath.ps1'
[3.494s] colcon.colcon_core.shell INFO Creating environment descriptor '/home/jack/ros2_ws/install/pick_and_place_text/share/pick_and_place_text/hook/pythonpath.dsv'
[3.495s] colcon.colcon_core.shell INFO Creating environment hook '/home/jack/ros2_ws/install/pick_and_place_text/share/pick_and_place_text/hook/pythonpath.sh'
[3.495s] colcon.colcon_core.environment Level 1 checking '/home/jack/ros2_ws/install/pick_and_place_text/bin'
[3.495s] colcon.colcon_core.environment Level 1 create_environment_scripts_only(pick_and_place_text)
[3.495s] colcon.colcon_core.shell INFO Creating package script '/home/jack/ros2_ws/install/pick_and_place_text/share/pick_and_place_text/package.ps1'
[3.496s] colcon.colcon_core.shell INFO Creating package descriptor '/home/jack/ros2_ws/install/pick_and_place_text/share/pick_and_place_text/package.dsv'
[3.496s] colcon.colcon_core.shell INFO Creating package script '/home/jack/ros2_ws/install/pick_and_place_text/share/pick_and_place_text/package.sh'
[3.496s] colcon.colcon_core.shell INFO Creating package script '/home/jack/ros2_ws/install/pick_and_place_text/share/pick_and_place_text/package.bash'
[3.496s] colcon.colcon_core.shell INFO Creating package script '/home/jack/ros2_ws/install/pick_and_place_text/share/pick_and_place_text/package.zsh'
[3.497s] colcon.colcon_core.environment Level 1 create_file_with_runtime_dependencies(/home/jack/ros2_ws/install/pick_and_place_text/share/colcon-core/packages/pick_and_place_text)
[3.497s] colcon.colcon_ros.task.ament_cmake.build INFO Building ROS package in '/home/jack/ros2_ws/src/DoosanBootcamp3rd/dsr_controller2' with build type 'ament_cmake'
[3.497s] colcon.colcon_cmake.task.cmake.build INFO Building CMake package in '/home/jack/ros2_ws/src/DoosanBootcamp3rd/dsr_controller2'
[3.497s] colcon.colcon_core.shell INFO Skip shell extension 'powershell' for command environment: Not usable outside of PowerShell
[3.498s] colcon.colcon_core.shell DEBUG Skip shell extension 'dsv' for command environment
[3.500s] colcon.colcon_core.environment Level 1 checking '/home/jack/ros2_ws/install/rokey' for CMake module files
[3.501s] colcon.colcon_core.event_handler.log_command DEBUG Invoked command in '/home/jack/ros2_ws/src/DoosanBootcamp3rd/dsr_rokey/rokey' returned '0': PYTHONPATH=/home/jack/ros2_ws/build/rokey/prefix_override:/home/jack/.local/lib/python3.10/site-packages/colcon_core/task/python/colcon_distutils_commands:/home/jack/ros2_ws/install/rokey/lib/python3.10/site-packages:${PYTHONPATH} /usr/bin/python3 -W ignore:setup.py install is deprecated -W ignore:easy_install command is deprecated setup.py egg_info --egg-base ../../../../build/rokey build --build-base /home/jack/ros2_ws/build/rokey/build install --record /home/jack/ros2_ws/build/rokey/install.log --single-version-externally-managed install_data
[3.501s] colcon.colcon_core.environment Level 1 checking '/home/jack/ros2_ws/install/rokey' for CMake config files
[3.501s] colcon.colcon_core.environment Level 1 checking '/home/jack/ros2_ws/install/rokey/lib'
[3.501s] colcon.colcon_core.environment Level 1 checking '/home/jack/ros2_ws/install/rokey/bin'
[3.501s] colcon.colcon_core.environment Level 1 checking '/home/jack/ros2_ws/install/rokey/lib/pkgconfig/rokey.pc'
[3.501s] colcon.colcon_core.environment Level 1 checking '/home/jack/ros2_ws/install/rokey/lib/python3.10/site-packages'
[3.501s] colcon.colcon_core.shell Level 1 create_environment_hook('rokey', 'pythonpath')
[3.502s] colcon.colcon_core.shell INFO Creating environment hook '/home/jack/ros2_ws/install/rokey/share/rokey/hook/pythonpath.ps1'
[3.502s] colcon.colcon_core.shell INFO Creating environment descriptor '/home/jack/ros2_ws/install/rokey/share/rokey/hook/pythonpath.dsv'
[3.502s] colcon.colcon_core.shell INFO Creating environment hook '/home/jack/ros2_ws/install/rokey/share/rokey/hook/pythonpath.sh'
[3.503s] colcon.colcon_core.environment Level 1 checking '/home/jack/ros2_ws/install/rokey/bin'
[3.503s] colcon.colcon_core.environment Level 1 create_environment_scripts_only(rokey)
[3.503s] colcon.colcon_core.shell INFO Creating package script '/home/jack/ros2_ws/install/rokey/share/rokey/package.ps1'
[3.503s] colcon.colcon_core.shell INFO Creating package descriptor '/home/jack/ros2_ws/install/rokey/share/rokey/package.dsv'
[3.504s] colcon.colcon_core.shell INFO Creating package script '/home/jack/ros2_ws/install/rokey/share/rokey/package.sh'
[3.504s] colcon.colcon_core.shell INFO Creating package script '/home/jack/ros2_ws/install/rokey/share/rokey/package.bash'
[3.504s] colcon.colcon_core.shell INFO Creating package script '/home/jack/ros2_ws/install/rokey/share/rokey/package.zsh'
[3.504s] colcon.colcon_core.environment Level 1 create_file_with_runtime_dependencies(/home/jack/ros2_ws/install/rokey/share/colcon-core/packages/rokey)
[3.509s] colcon.colcon_core.event_handler.log_command DEBUG Invoking command in '/home/jack/ros2_ws/build/dsr_controller2': AMENT_PREFIX_PATH=/home/jack/ros2_ws/install/dsr_hardware2:/home/jack/ros2_ws/install/dsr_msgs2:${AMENT_PREFIX_PATH} CMAKE_PREFIX_PATH=/home/jack/ros2_ws/install/dsr_hardware2:/home/jack/ros2_ws/install/dsr_msgs2:/opt/ros/humble LD_LIBRARY_PATH=/home/jack/ros2_ws/install/dsr_msgs2/lib:${LD_LIBRARY_PATH} PYTHONPATH=/home/jack/ros2_ws/install/dsr_msgs2/local/lib/python3.10/dist-packages:${PYTHONPATH} /usr/bin/cmake --build /home/jack/ros2_ws/build/dsr_controller2 -- -j8 -l8
[3.540s] colcon.colcon_core.event_handler.log_command DEBUG Invoked command in '/home/jack/ros2_ws/build/dsr_controller2' returned '0': AMENT_PREFIX_PATH=/home/jack/ros2_ws/install/dsr_hardware2:/home/jack/ros2_ws/install/dsr_msgs2:${AMENT_PREFIX_PATH} CMAKE_PREFIX_PATH=/home/jack/ros2_ws/install/dsr_hardware2:/home/jack/ros2_ws/install/dsr_msgs2:/opt/ros/humble LD_LIBRARY_PATH=/home/jack/ros2_ws/install/dsr_msgs2/lib:${LD_LIBRARY_PATH} PYTHONPATH=/home/jack/ros2_ws/install/dsr_msgs2/local/lib/python3.10/dist-packages:${PYTHONPATH} /usr/bin/cmake --build /home/jack/ros2_ws/build/dsr_controller2 -- -j8 -l8
[3.541s] colcon.colcon_core.event_handler.log_command DEBUG Invoking command in '/home/jack/ros2_ws/build/dsr_controller2': AMENT_PREFIX_PATH=/home/jack/ros2_ws/install/dsr_hardware2:/home/jack/ros2_ws/install/dsr_msgs2:${AMENT_PREFIX_PATH} CMAKE_PREFIX_PATH=/home/jack/ros2_ws/install/dsr_hardware2:/home/jack/ros2_ws/install/dsr_msgs2:/opt/ros/humble LD_LIBRARY_PATH=/home/jack/ros2_ws/install/dsr_msgs2/lib:${LD_LIBRARY_PATH} PYTHONPATH=/home/jack/ros2_ws/install/dsr_msgs2/local/lib/python3.10/dist-packages:${PYTHONPATH} /usr/bin/cmake --install /home/jack/ros2_ws/build/dsr_controller2
[3.549s] colcon.colcon_core.environment Level 1 create_environment_scripts_only(dsr_controller2)
[3.550s] colcon.colcon_core.environment Level 1 checking '/home/jack/ros2_ws/install/dsr_controller2' for CMake module files
[3.550s] colcon.colcon_core.event_handler.log_command DEBUG Invoked command in '/home/jack/ros2_ws/build/dsr_controller2' returned '0': AMENT_PREFIX_PATH=/home/jack/ros2_ws/install/dsr_hardware2:/home/jack/ros2_ws/install/dsr_msgs2:${AMENT_PREFIX_PATH} CMAKE_PREFIX_PATH=/home/jack/ros2_ws/install/dsr_hardware2:/home/jack/ros2_ws/install/dsr_msgs2:/opt/ros/humble LD_LIBRARY_PATH=/home/jack/ros2_ws/install/dsr_msgs2/lib:${LD_LIBRARY_PATH} PYTHONPATH=/home/jack/ros2_ws/install/dsr_msgs2/local/lib/python3.10/dist-packages:${PYTHONPATH} /usr/bin/cmake --install /home/jack/ros2_ws/build/dsr_controller2
[3.550s] colcon.colcon_core.environment Level 1 checking '/home/jack/ros2_ws/install/dsr_controller2' for CMake config files
[3.550s] colcon.colcon_core.shell Level 1 create_environment_hook('dsr_controller2', 'cmake_prefix_path')
[3.550s] colcon.colcon_core.shell INFO Creating environment hook '/home/jack/ros2_ws/install/dsr_controller2/share/dsr_controller2/hook/cmake_prefix_path.ps1'
[3.551s] colcon.colcon_core.shell INFO Creating environment descriptor '/home/jack/ros2_ws/install/dsr_controller2/share/dsr_controller2/hook/cmake_prefix_path.dsv'
[3.551s] colcon.colcon_core.shell INFO Creating environment hook '/home/jack/ros2_ws/install/dsr_controller2/share/dsr_controller2/hook/cmake_prefix_path.sh'
[3.552s] colcon.colcon_core.environment Level 1 checking '/home/jack/ros2_ws/install/dsr_controller2/bin'
[3.552s] colcon.colcon_core.environment Level 1 checking '/home/jack/ros2_ws/install/dsr_controller2/lib/pkgconfig/dsr_controller2.pc'
[3.552s] colcon.colcon_core.environment Level 1 checking '/home/jack/ros2_ws/install/dsr_controller2/lib/python3.10/site-packages'
[3.552s] colcon.colcon_core.environment Level 1 checking '/home/jack/ros2_ws/install/dsr_controller2/bin'
[3.552s] colcon.colcon_core.shell INFO Creating package script '/home/jack/ros2_ws/install/dsr_controller2/share/dsr_controller2/package.ps1'
[3.552s] colcon.colcon_core.shell INFO Creating package descriptor '/home/jack/ros2_ws/install/dsr_controller2/share/dsr_controller2/package.dsv'
[3.553s] colcon.colcon_core.shell INFO Creating package script '/home/jack/ros2_ws/install/dsr_controller2/share/dsr_controller2/package.sh'
[3.553s] colcon.colcon_core.shell INFO Creating package script '/home/jack/ros2_ws/install/dsr_controller2/share/dsr_controller2/package.bash'
[3.553s] colcon.colcon_core.shell INFO Creating package script '/home/jack/ros2_ws/install/dsr_controller2/share/dsr_controller2/package.zsh'
[3.553s] colcon.colcon_core.environment Level 1 create_file_with_runtime_dependencies(/home/jack/ros2_ws/install/dsr_controller2/share/colcon-core/packages/dsr_controller2)
[3.554s] colcon.colcon_core.environment Level 1 create_environment_scripts_only(dsr_controller2)
[3.554s] colcon.colcon_core.environment Level 1 checking '/home/jack/ros2_ws/install/dsr_controller2' for CMake module files
[3.554s] colcon.colcon_core.environment Level 1 checking '/home/jack/ros2_ws/install/dsr_controller2' for CMake config files
[3.554s] colcon.colcon_core.shell Level 1 create_environment_hook('dsr_controller2', 'cmake_prefix_path')
[3.555s] colcon.colcon_core.shell INFO Creating environment hook '/home/jack/ros2_ws/install/dsr_controller2/share/dsr_controller2/hook/cmake_prefix_path.ps1'
[3.555s] colcon.colcon_core.shell INFO Creating environment descriptor '/home/jack/ros2_ws/install/dsr_controller2/share/dsr_controller2/hook/cmake_prefix_path.dsv'
[3.555s] colcon.colcon_core.shell INFO Creating environment hook '/home/jack/ros2_ws/install/dsr_controller2/share/dsr_controller2/hook/cmake_prefix_path.sh'
[3.556s] colcon.colcon_core.environment Level 1 checking '/home/jack/ros2_ws/install/dsr_controller2/bin'
[3.556s] colcon.colcon_core.environment Level 1 checking '/home/jack/ros2_ws/install/dsr_controller2/lib/pkgconfig/dsr_controller2.pc'
[3.556s] colcon.colcon_core.environment Level 1 checking '/home/jack/ros2_ws/install/dsr_controller2/lib/python3.10/site-packages'
[3.556s] colcon.colcon_core.environment Level 1 checking '/home/jack/ros2_ws/install/dsr_controller2/bin'
[3.556s] colcon.colcon_core.shell INFO Creating package script '/home/jack/ros2_ws/install/dsr_controller2/share/dsr_controller2/package.ps1'
[3.556s] colcon.colcon_core.shell INFO Creating package descriptor '/home/jack/ros2_ws/install/dsr_controller2/share/dsr_controller2/package.dsv'
[3.557s] colcon.colcon_core.shell INFO Creating package script '/home/jack/ros2_ws/install/dsr_controller2/share/dsr_controller2/package.sh'
[3.557s] colcon.colcon_core.shell INFO Creating package script '/home/jack/ros2_ws/install/dsr_controller2/share/dsr_controller2/package.bash'
[3.557s] colcon.colcon_core.shell INFO Creating package script '/home/jack/ros2_ws/install/dsr_controller2/share/dsr_controller2/package.zsh'
[3.558s] colcon.colcon_core.environment Level 1 create_file_with_runtime_dependencies(/home/jack/ros2_ws/install/dsr_controller2/share/colcon-core/packages/dsr_controller2)
[3.560s] colcon.colcon_core.event_handler.log_command DEBUG Invoking command in '/home/jack/ros2_ws/src/DoosanBootcamp3rd/dsr_bringup2': AMENT_PREFIX_PATH=/home/jack/ros2_ws/install/dsr_msgs2:${AMENT_PREFIX_PATH} CMAKE_PREFIX_PATH=/home/jack/ros2_ws/install/dsr_msgs2 LD_LIBRARY_PATH=/home/jack/ros2_ws/install/dsr_msgs2/lib:${LD_LIBRARY_PATH} PYTHONPATH=/home/jack/ros2_ws/build/dsr_bringup2/prefix_override:/home/jack/.local/lib/python3.10/site-packages/colcon_core/task/python/colcon_distutils_commands:/home/jack/ros2_ws/install/dsr_bringup2/lib/python3.10/site-packages:/home/jack/ros2_ws/install/dsr_msgs2/local/lib/python3.10/dist-packages:${PYTHONPATH} /usr/bin/python3 -W ignore:setup.py install is deprecated -W ignore:easy_install command is deprecated setup.py egg_info --egg-base ../../../build/dsr_bringup2 build --build-base /home/jack/ros2_ws/build/dsr_bringup2/build install --record /home/jack/ros2_ws/build/dsr_bringup2/install.log --single-version-externally-managed install_data
[3.834s] colcon.colcon_core.environment Level 1 checking '/home/jack/ros2_ws/install/dsr_bringup2' for CMake module files
[3.834s] colcon.colcon_core.event_handler.log_command DEBUG Invoked command in '/home/jack/ros2_ws/src/DoosanBootcamp3rd/dsr_bringup2' returned '0': AMENT_PREFIX_PATH=/home/jack/ros2_ws/install/dsr_msgs2:${AMENT_PREFIX_PATH} CMAKE_PREFIX_PATH=/home/jack/ros2_ws/install/dsr_msgs2 LD_LIBRARY_PATH=/home/jack/ros2_ws/install/dsr_msgs2/lib:${LD_LIBRARY_PATH} PYTHONPATH=/home/jack/ros2_ws/build/dsr_bringup2/prefix_override:/home/jack/.local/lib/python3.10/site-packages/colcon_core/task/python/colcon_distutils_commands:/home/jack/ros2_ws/install/dsr_bringup2/lib/python3.10/site-packages:/home/jack/ros2_ws/install/dsr_msgs2/local/lib/python3.10/dist-packages:${PYTHONPATH} /usr/bin/python3 -W ignore:setup.py install is deprecated -W ignore:easy_install command is deprecated setup.py egg_info --egg-base ../../../build/dsr_bringup2 build --build-base /home/jack/ros2_ws/build/dsr_bringup2/build install --record /home/jack/ros2_ws/build/dsr_bringup2/install.log --single-version-externally-managed install_data
[3.835s] colcon.colcon_core.environment Level 1 checking '/home/jack/ros2_ws/install/dsr_bringup2' for CMake config files
[3.835s] colcon.colcon_core.environment Level 1 checking '/home/jack/ros2_ws/install/dsr_bringup2/lib'
[3.835s] colcon.colcon_core.environment Level 1 checking '/home/jack/ros2_ws/install/dsr_bringup2/bin'
[3.835s] colcon.colcon_core.environment Level 1 checking '/home/jack/ros2_ws/install/dsr_bringup2/lib/pkgconfig/dsr_bringup2.pc'
[3.835s] colcon.colcon_core.environment Level 1 checking '/home/jack/ros2_ws/install/dsr_bringup2/lib/python3.10/site-packages'
[3.835s] colcon.colcon_core.shell Level 1 create_environment_hook('dsr_bringup2', 'pythonpath')
[3.835s] colcon.colcon_core.shell INFO Creating environment hook '/home/jack/ros2_ws/install/dsr_bringup2/share/dsr_bringup2/hook/pythonpath.ps1'
[3.836s] colcon.colcon_core.shell INFO Creating environment descriptor '/home/jack/ros2_ws/install/dsr_bringup2/share/dsr_bringup2/hook/pythonpath.dsv'
[3.836s] colcon.colcon_core.shell INFO Creating environment hook '/home/jack/ros2_ws/install/dsr_bringup2/share/dsr_bringup2/hook/pythonpath.sh'
[3.837s] colcon.colcon_core.environment Level 1 checking '/home/jack/ros2_ws/install/dsr_bringup2/bin'
[3.837s] colcon.colcon_core.environment Level 1 create_environment_scripts_only(dsr_bringup2)
[3.837s] colcon.colcon_core.shell INFO Creating package script '/home/jack/ros2_ws/install/dsr_bringup2/share/dsr_bringup2/package.ps1'
[3.837s] colcon.colcon_core.shell INFO Creating package descriptor '/home/jack/ros2_ws/install/dsr_bringup2/share/dsr_bringup2/package.dsv'
[3.838s] colcon.colcon_core.shell INFO Creating package script '/home/jack/ros2_ws/install/dsr_bringup2/share/dsr_bringup2/package.sh'
[3.838s] colcon.colcon_core.shell INFO Creating package script '/home/jack/ros2_ws/install/dsr_bringup2/share/dsr_bringup2/package.bash'
[3.838s] colcon.colcon_core.shell INFO Creating package script '/home/jack/ros2_ws/install/dsr_bringup2/share/dsr_bringup2/package.zsh'
[3.838s] colcon.colcon_core.environment Level 1 create_file_with_runtime_dependencies(/home/jack/ros2_ws/install/dsr_bringup2/share/colcon-core/packages/dsr_bringup2)
[3.867s] colcon.colcon_core.event_handler.log_command DEBUG Invoking command in '/home/jack/ros2_ws/src/DoosanBootcamp3rd/dsr_tests': AMENT_PREFIX_PATH=/home/jack/ros2_ws/install/dsr_msgs2:/home/jack/ros2_ws/install/dsr_common2:${AMENT_PREFIX_PATH} CMAKE_PREFIX_PATH=/home/jack/ros2_ws/install/dsr_msgs2:/home/jack/ros2_ws/install/dsr_common2 LD_LIBRARY_PATH=/home/jack/ros2_ws/install/dsr_msgs2/lib:${LD_LIBRARY_PATH} PYTHONPATH=/home/jack/ros2_ws/build/dsr_tests/prefix_override:/home/jack/.local/lib/python3.10/site-packages/colcon_core/task/python/colcon_distutils_commands:/home/jack/ros2_ws/install/dsr_tests/lib/python3.10/site-packages:/home/jack/ros2_ws/install/dsr_msgs2/local/lib/python3.10/dist-packages:${PYTHONPATH} /usr/bin/python3 -W ignore:setup.py install is deprecated -W ignore:easy_install command is deprecated setup.py egg_info --egg-base ../../../build/dsr_tests build --build-base /home/jack/ros2_ws/build/dsr_tests/build install --record /home/jack/ros2_ws/build/dsr_tests/install.log --single-version-externally-managed install_data
[4.099s] colcon.colcon_core.event_handler.log_command DEBUG Invoked command in '/home/jack/ros2_ws/src/DoosanBootcamp3rd/dsr_tests' returned '1': AMENT_PREFIX_PATH=/home/jack/ros2_ws/install/dsr_msgs2:/home/jack/ros2_ws/install/dsr_common2:${AMENT_PREFIX_PATH} CMAKE_PREFIX_PATH=/home/jack/ros2_ws/install/dsr_msgs2:/home/jack/ros2_ws/install/dsr_common2 LD_LIBRARY_PATH=/home/jack/ros2_ws/install/dsr_msgs2/lib:${LD_LIBRARY_PATH} PYTHONPATH=/home/jack/ros2_ws/build/dsr_tests/prefix_override:/home/jack/.local/lib/python3.10/site-packages/colcon_core/task/python/colcon_distutils_commands:/home/jack/ros2_ws/install/dsr_tests/lib/python3.10/site-packages:/home/jack/ros2_ws/install/dsr_msgs2/local/lib/python3.10/dist-packages:${PYTHONPATH} /usr/bin/python3 -W ignore:setup.py install is deprecated -W ignore:easy_install command is deprecated setup.py egg_info --egg-base ../../../build/dsr_tests build --build-base /home/jack/ros2_ws/build/dsr_tests/build install --record /home/jack/ros2_ws/build/dsr_tests/install.log --single-version-externally-managed install_data
[5.914s] colcon.colcon_parallel_executor.executor.parallel DEBUG closing loop
[5.914s] colcon.colcon_parallel_executor.executor.parallel DEBUG loop closed
[5.914s] colcon.colcon_parallel_executor.executor.parallel DEBUG run_until_complete finished with '1'
[5.914s] colcon.colcon_core.event_reactor DEBUG joining thread
[5.918s] colcon.colcon_core.plugin_system INFO Skipping extension 'colcon_notification.desktop_notification.terminal_notifier': Not used on non-Darwin systems
[5.918s] colcon.colcon_core.plugin_system INFO Skipping extension 'colcon_notification.desktop_notification.win32': Not used on non-Windows systems
[5.918s] colcon.colcon_notification.desktop_notification INFO Sending desktop notification using 'notify2'
[5.925s] colcon.colcon_core.event_reactor DEBUG joined thread
[5.925s] colcon.colcon_core.shell INFO Creating prefix script '/home/jack/ros2_ws/install/local_setup.ps1'
[5.926s] colcon.colcon_core.shell INFO Creating prefix util module '/home/jack/ros2_ws/install/_local_setup_util_ps1.py'
[5.927s] colcon.colcon_core.shell INFO Creating prefix chain script '/home/jack/ros2_ws/install/setup.ps1'
[5.928s] colcon.colcon_core.shell INFO Creating prefix script '/home/jack/ros2_ws/install/local_setup.sh'
[5.928s] colcon.colcon_core.shell INFO Creating prefix util module '/home/jack/ros2_ws/install/_local_setup_util_sh.py'
[5.929s] colcon.colcon_core.shell INFO Creating prefix chain script '/home/jack/ros2_ws/install/setup.sh'
[5.929s] colcon.colcon_core.shell INFO Creating prefix script '/home/jack/ros2_ws/install/local_setup.bash'
[5.930s] colcon.colcon_core.shell INFO Creating prefix chain script '/home/jack/ros2_ws/install/setup.bash'
[5.930s] colcon.colcon_core.shell INFO Creating prefix script '/home/jack/ros2_ws/install/local_setup.zsh'
[5.931s] colcon.colcon_core.shell INFO Creating prefix chain script '/home/jack/ros2_ws/install/setup.zsh'
