[0.023s] Invoking command in '/home/jack/ros2_ws/build/dsr_realtime_control': AMENT_PREFIX_PATH=/home/jack/ros2_ws/install/dsr_msgs2:${AMENT_PREFIX_PATH} CMAKE_PREFIX_PATH=/home/jack/ros2_ws/install/dsr_msgs2:/opt/ros/humble LD_LIBRARY_PATH=/home/jack/ros2_ws/install/dsr_msgs2/lib:${LD_LIBRARY_PATH} PYTHONPATH=/home/jack/ros2_ws/install/dsr_msgs2/local/lib/python3.10/dist-packages:${PYTHONPATH} /usr/bin/cmake --build /home/jack/ros2_ws/build/dsr_realtime_control -- -j8 -l8
[0.344s] [ 12%] Building CXX object CMakeFiles/dsr_realtime_api.dir/src/realtime_api.cpp.o
[0.344s] [ 25%] Building CXX object CMakeFiles/rt_shutdown.dir/src/rt_shutdown.cpp.o
[0.344s] [ 37%] Building CXX object CMakeFiles/dsr_realtime_control.dir/src/realtime_control.cpp.o
[0.347s] [ 50%] Building CXX object CMakeFiles/rt_init.dir/src/rt_init.cpp.o
[62.852s] /home/jack/ros2_ws/src/DoosanBootcamp3rd/dsr_example2/dsr_realtime_control/src/realtime_api.cpp:21:1: error: no matching function for call to ‘Eigen::Matrix<double, 6, 6>::Matrix(<brace-enclosed initializer list>)’
[62.853s]    21 | };
[62.853s]       | ^
[62.853s] In file included from /usr/local/include/eigen3/Eigen/Core:458,
[62.853s]                  from /usr/local/include/eigen3/Eigen/Dense:1,
[62.853s]                  from /home/jack/ros2_ws/src/DoosanBootcamp3rd/dsr_example2/dsr_realtime_control/include/dsr_realtime_control/realtime_api.hpp:17,
[62.853s]                  from /home/jack/ros2_ws/src/DoosanBootcamp3rd/dsr_example2/dsr_realtime_control/src/realtime_api.cpp:4:
[62.853s] /usr/local/include/eigen3/Eigen/src/Core/Matrix.h:387:14: note: candidate: ‘template<class OtherDerived> Eigen::Matrix<_Scalar, _Rows, _Cols, _Options, _MaxRows, _MaxCols>::Matrix(const Eigen::RotationBase<OtherDerived, Eigen::Matrix<_Scalar, _Rows, _Cols, _Options, _MaxRows, _MaxCols>::ColsAtCompileTime>&) [with OtherDerived = OtherDerived; _Scalar = double; int _Rows = 6; int _Cols = 6; int _Options = 0; int _MaxRows = 6; int _MaxCols = 6]’
[62.853s]   387 |     explicit Matrix(const RotationBase<OtherDerived,ColsAtCompileTime>& r);
[62.853s]       |              ^~~~~~
[62.853s] /usr/local/include/eigen3/Eigen/src/Core/Matrix.h:387:14: note:   template argument deduction/substitution failed:
[62.857s] /home/jack/ros2_ws/src/DoosanBootcamp3rd/dsr_example2/dsr_realtime_control/src/realtime_api.cpp:21:1: note:   candidate expects 1 argument, 6 provided
[62.858s]    21 | };
[62.858s]       | ^
[62.858s] In file included from /usr/local/include/eigen3/Eigen/Core:458,
[62.858s]                  from /usr/local/include/eigen3/Eigen/Dense:1,
[62.858s]                  from /home/jack/ros2_ws/src/DoosanBootcamp3rd/dsr_example2/dsr_realtime_control/include/dsr_realtime_control/realtime_api.hpp:17,
[62.858s]                  from /home/jack/ros2_ws/src/DoosanBootcamp3rd/dsr_example2/dsr_realtime_control/src/realtime_api.cpp:4:
[62.858s] /usr/local/include/eigen3/Eigen/src/Core/Matrix.h:376:25: note: candidate: ‘template<class OtherDerived> Eigen::Matrix<_Scalar, _Rows, _Cols, _Options, _MaxRows, _MaxCols>::Matrix(const Eigen::EigenBase<OtherDerived>&) [with OtherDerived = OtherDerived; _Scalar = double; int _Rows = 6; int _Cols = 6; int _Options = 0; int _MaxRows = 6; int _MaxCols = 6]’
[62.858s]   376 |     EIGEN_STRONG_INLINE Matrix(const EigenBase<OtherDerived> &other)
[62.858s]       |                         ^~~~~~
[62.858s] /usr/local/include/eigen3/Eigen/src/Core/Matrix.h:376:25: note:   template argument deduction/substitution failed:
[62.858s] /home/jack/ros2_ws/src/DoosanBootcamp3rd/dsr_example2/dsr_realtime_control/src/realtime_api.cpp:21:1: note:   candidate expects 1 argument, 6 provided
[62.858s]    21 | };
[62.859s]       | ^
[62.859s] In file included from /usr/local/include/eigen3/Eigen/Core:458,
[62.859s]                  from /usr/local/include/eigen3/Eigen/Dense:1,
[62.859s]                  from /home/jack/ros2_ws/src/DoosanBootcamp3rd/dsr_example2/dsr_realtime_control/include/dsr_realtime_control/realtime_api.hpp:17,
[62.859s]                  from /home/jack/ros2_ws/src/DoosanBootcamp3rd/dsr_example2/dsr_realtime_control/src/realtime_api.cpp:4:
[62.859s] /usr/local/include/eigen3/Eigen/src/Core/Matrix.h:299:25: note: candidate: ‘template<class T0, class T1> Eigen::Matrix<_Scalar, _Rows, _Cols, _Options, _MaxRows, _MaxCols>::Matrix(const T0&, const T1&) [with T0 = T0; T1 = T1; _Scalar = double; int _Rows = 6; int _Cols = 6; int _Options = 0; int _MaxRows = 6; int _MaxCols = 6]’
[62.859s]   299 |     EIGEN_STRONG_INLINE Matrix(const T0& x, const T1& y)
[62.859s]       |                         ^~~~~~
[62.859s] /usr/local/include/eigen3/Eigen/src/Core/Matrix.h:299:25: note:   template argument deduction/substitution failed:
[62.859s] /home/jack/ros2_ws/src/DoosanBootcamp3rd/dsr_example2/dsr_realtime_control/src/realtime_api.cpp:21:1: note:   candidate expects 2 arguments, 6 provided
[62.859s]    21 | };
[62.859s]       | ^
[62.859s] In file included from /usr/local/include/eigen3/Eigen/Core:458,
[62.860s]                  from /usr/local/include/eigen3/Eigen/Dense:1,
[62.860s]                  from /home/jack/ros2_ws/src/DoosanBootcamp3rd/dsr_example2/dsr_realtime_control/include/dsr_realtime_control/realtime_api.hpp:17,
[62.860s]                  from /home/jack/ros2_ws/src/DoosanBootcamp3rd/dsr_example2/dsr_realtime_control/src/realtime_api.cpp:4:
[62.860s] /usr/local/include/eigen3/Eigen/src/Core/Matrix.h:291:34: note: candidate: ‘template<class T> Eigen::Matrix<_Scalar, _Rows, _Cols, _Options, _MaxRows, _MaxCols>::Matrix(const T&) [with T = T; _Scalar = double; int _Rows = 6; int _Cols = 6; int _Options = 0; int _MaxRows = 6; int _MaxCols = 6]’
[62.860s]   291 |     EIGEN_STRONG_INLINE explicit Matrix(const T& x)
[62.860s]       |                                  ^~~~~~
[62.860s] /usr/local/include/eigen3/Eigen/src/Core/Matrix.h:291:34: note:   template argument deduction/substitution failed:
[62.860s] /home/jack/ros2_ws/src/DoosanBootcamp3rd/dsr_example2/dsr_realtime_control/src/realtime_api.cpp:21:1: note:   candidate expects 1 argument, 6 provided
[62.860s]    21 | };
[62.860s]       | ^
[62.860s] In file included from /usr/local/include/eigen3/Eigen/Core:458,
[62.860s]                  from /usr/local/include/eigen3/Eigen/Dense:1,
[62.860s]                  from /home/jack/ros2_ws/src/DoosanBootcamp3rd/dsr_example2/dsr_realtime_control/include/dsr_realtime_control/realtime_api.hpp:17,
[62.861s]                  from /home/jack/ros2_ws/src/DoosanBootcamp3rd/dsr_example2/dsr_realtime_control/src/realtime_api.cpp:4:
[62.861s] /usr/local/include/eigen3/Eigen/src/Core/Matrix.h:368:25: note: candidate: ‘Eigen::Matrix<_Scalar, _Rows, _Cols, _Options, _MaxRows, _MaxCols>::Matrix(const Eigen::Matrix<_Scalar, _Rows, _Cols, _Options, _MaxRows, _MaxCols>&) [with _Scalar = double; int _Rows = 6; int _Cols = 6; int _Options = 0; int _MaxRows = 6; int _MaxCols = 6]’
[62.861s]   368 |     EIGEN_STRONG_INLINE Matrix(const Matrix& other) : Base(other)
[62.861s]       |                         ^~~~~~
[62.861s] /usr/local/include/eigen3/Eigen/src/Core/Matrix.h:368:25: note:   candidate expects 1 argument, 6 provided
[62.861s] /usr/local/include/eigen3/Eigen/src/Core/Matrix.h:355:25: note: candidate: ‘Eigen::Matrix<_Scalar, _Rows, _Cols, _Options, _MaxRows, _MaxCols>::Matrix(const Scalar&, const Scalar&, const Scalar&, const Scalar&) [with _Scalar = double; int _Rows = 6; int _Cols = 6; int _Options = 0; int _MaxRows = 6; int _MaxCols = 6; Eigen::Matrix<_Scalar, _Rows, _Cols, _Options, _MaxRows, _MaxCols>::Scalar = double]’
[62.861s]   355 |     EIGEN_STRONG_INLINE Matrix(const Scalar& x, const Scalar& y, const Scalar& z, const Scalar& w)
[62.861s]       |                         ^~~~~~
[62.861s] /usr/local/include/eigen3/Eigen/src/Core/Matrix.h:355:25: note:   candidate expects 4 arguments, 6 provided
[62.861s] /usr/local/include/eigen3/Eigen/src/Core/Matrix.h:345:25: note: candidate: ‘Eigen::Matrix<_Scalar, _Rows, _Cols, _Options, _MaxRows, _MaxCols>::Matrix(const Scalar&, const Scalar&, const Scalar&) [with _Scalar = double; int _Rows = 6; int _Cols = 6; int _Options = 0; int _MaxRows = 6; int _MaxCols = 6; Eigen::Matrix<_Scalar, _Rows, _Cols, _Options, _MaxRows, _MaxCols>::Scalar = double]’
[62.861s]   345 |     EIGEN_STRONG_INLINE Matrix(const Scalar& x, const Scalar& y, const Scalar& z)
[62.861s]       |                         ^~~~~~
[62.861s] /usr/local/include/eigen3/Eigen/src/Core/Matrix.h:345:25: note:   candidate expects 3 arguments, 6 provided
[62.862s] /usr/local/include/eigen3/Eigen/src/Core/Matrix.h:273:5: note: candidate: ‘Eigen::Matrix<_Scalar, _Rows, _Cols, _Options, _MaxRows, _MaxCols>::Matrix(Eigen::Matrix<_Scalar, _Rows, _Cols, _Options, _MaxRows, _MaxCols>&&) [with _Scalar = double; int _Rows = 6; int _Cols = 6; int _Options = 0; int _MaxRows = 6; int _MaxCols = 6]’
[62.862s]   273 |     Matrix(Matrix&& other) EIGEN_NOEXCEPT_IF(std::is_nothrow_move_constructible<Scalar>::value)
[62.862s]       |     ^~~~~~
[62.862s] /usr/local/include/eigen3/Eigen/src/Core/Matrix.h:273:5: note:   candidate expects 1 argument, 6 provided
[62.862s] /usr/local/include/eigen3/Eigen/src/Core/Matrix.h:267:14: note: candidate: ‘Eigen::Matrix<_Scalar, _Rows, _Cols, _Options, _MaxRows, _MaxCols>::Matrix(Eigen::internal::constructor_without_unaligned_array_assert) [with _Scalar = double; int _Rows = 6; int _Cols = 6; int _Options = 0; int _MaxRows = 6; int _MaxCols = 6]’
[62.862s]   267 |     explicit Matrix(internal::constructor_without_unaligned_array_assert)
[62.862s]       |              ^~~~~~
[62.862s] /usr/local/include/eigen3/Eigen/src/Core/Matrix.h:267:14: note:   candidate expects 1 argument, 6 provided
[62.862s] /usr/local/include/eigen3/Eigen/src/Core/Matrix.h:259:25: note: candidate: ‘Eigen::Matrix<_Scalar, _Rows, _Cols, _Options, _MaxRows, _MaxCols>::Matrix() [with _Scalar = double; int _Rows = 6; int _Cols = 6; int _Options = 0; int _MaxRows = 6; int _MaxCols = 6]’
[62.862s]   259 |     EIGEN_STRONG_INLINE Matrix() : Base()
[62.862s]       |                         ^~~~~~
[62.862s] /usr/local/include/eigen3/Eigen/src/Core/Matrix.h:259:25: note:   candidate expects 0 arguments, 6 provided
[62.862s] /home/jack/ros2_ws/src/DoosanBootcamp3rd/dsr_example2/dsr_realtime_control/src/realtime_api.cpp:29:1: error: no matching function for call to ‘Eigen::Matrix<double, 6, 6>::Matrix(<brace-enclosed initializer list>)’
[62.863s]    29 | };
[62.863s]       | ^
[62.863s] In file included from /usr/local/include/eigen3/Eigen/Core:458,
[62.863s]                  from /usr/local/include/eigen3/Eigen/Dense:1,
[62.863s]                  from /home/jack/ros2_ws/src/DoosanBootcamp3rd/dsr_example2/dsr_realtime_control/include/dsr_realtime_control/realtime_api.hpp:17,
[62.863s]                  from /home/jack/ros2_ws/src/DoosanBootcamp3rd/dsr_example2/dsr_realtime_control/src/realtime_api.cpp:4:
[62.863s] /usr/local/include/eigen3/Eigen/src/Core/Matrix.h:387:14: note: candidate: ‘template<class OtherDerived> Eigen::Matrix<_Scalar, _Rows, _Cols, _Options, _MaxRows, _MaxCols>::Matrix(const Eigen::RotationBase<OtherDerived, Eigen::Matrix<_Scalar, _Rows, _Cols, _Options, _MaxRows, _MaxCols>::ColsAtCompileTime>&) [with OtherDerived = OtherDerived; _Scalar = double; int _Rows = 6; int _Cols = 6; int _Options = 0; int _MaxRows = 6; int _MaxCols = 6]’
[62.863s]   387 |     explicit Matrix(const RotationBase<OtherDerived,ColsAtCompileTime>& r);
[62.863s]       |              ^~~~~~
[62.863s] /usr/local/include/eigen3/Eigen/src/Core/Matrix.h:387:14: note:   template argument deduction/substitution failed:
[62.863s] /home/jack/ros2_ws/src/DoosanBootcamp3rd/dsr_example2/dsr_realtime_control/src/realtime_api.cpp:29:1: note:   candidate expects 1 argument, 6 provided
[62.863s]    29 | };
[62.863s]       | ^
[62.863s] In file included from /usr/local/include/eigen3/Eigen/Core:458,
[62.864s]                  from /usr/local/include/eigen3/Eigen/Dense:1,
[62.864s]                  from /home/jack/ros2_ws/src/DoosanBootcamp3rd/dsr_example2/dsr_realtime_control/include/dsr_realtime_control/realtime_api.hpp:17,
[62.864s]                  from /home/jack/ros2_ws/src/DoosanBootcamp3rd/dsr_example2/dsr_realtime_control/src/realtime_api.cpp:4:
[62.864s] /usr/local/include/eigen3/Eigen/src/Core/Matrix.h:376:25: note: candidate: ‘template<class OtherDerived> Eigen::Matrix<_Scalar, _Rows, _Cols, _Options, _MaxRows, _MaxCols>::Matrix(const Eigen::EigenBase<OtherDerived>&) [with OtherDerived = OtherDerived; _Scalar = double; int _Rows = 6; int _Cols = 6; int _Options = 0; int _MaxRows = 6; int _MaxCols = 6]’
[62.864s]   376 |     EIGEN_STRONG_INLINE Matrix(const EigenBase<OtherDerived> &other)
[62.864s]       |                         ^~~~~~
[62.864s] /usr/local/include/eigen3/Eigen/src/Core/Matrix.h:376:25: note:   template argument deduction/substitution failed:
[62.864s] /home/jack/ros2_ws/src/DoosanBootcamp3rd/dsr_example2/dsr_realtime_control/src/realtime_api.cpp:29:1: note:   candidate expects 1 argument, 6 provided
[62.864s]    29 | };
[62.864s]       | ^
[62.864s] In file included from /usr/local/include/eigen3/Eigen/Core:458,
[62.864s]                  from /usr/local/include/eigen3/Eigen/Dense:1,
[62.864s]                  from /home/jack/ros2_ws/src/DoosanBootcamp3rd/dsr_example2/dsr_realtime_control/include/dsr_realtime_control/realtime_api.hpp:17,
[62.864s]                  from /home/jack/ros2_ws/src/DoosanBootcamp3rd/dsr_example2/dsr_realtime_control/src/realtime_api.cpp:4:
[62.865s] /usr/local/include/eigen3/Eigen/src/Core/Matrix.h:299:25: note: candidate: ‘template<class T0, class T1> Eigen::Matrix<_Scalar, _Rows, _Cols, _Options, _MaxRows, _MaxCols>::Matrix(const T0&, const T1&) [with T0 = T0; T1 = T1; _Scalar = double; int _Rows = 6; int _Cols = 6; int _Options = 0; int _MaxRows = 6; int _MaxCols = 6]’
[62.865s]   299 |     EIGEN_STRONG_INLINE Matrix(const T0& x, const T1& y)
[62.865s]       |                         ^~~~~~
[62.865s] /usr/local/include/eigen3/Eigen/src/Core/Matrix.h:299:25: note:   template argument deduction/substitution failed:
[62.865s] /home/jack/ros2_ws/src/DoosanBootcamp3rd/dsr_example2/dsr_realtime_control/src/realtime_api.cpp:29:1: note:   candidate expects 2 arguments, 6 provided
[62.865s]    29 | };
[62.865s]       | ^
[62.865s] In file included from /usr/local/include/eigen3/Eigen/Core:458,
[62.865s]                  from /usr/local/include/eigen3/Eigen/Dense:1,
[62.865s]                  from /home/jack/ros2_ws/src/DoosanBootcamp3rd/dsr_example2/dsr_realtime_control/include/dsr_realtime_control/realtime_api.hpp:17,
[62.865s]                  from /home/jack/ros2_ws/src/DoosanBootcamp3rd/dsr_example2/dsr_realtime_control/src/realtime_api.cpp:4:
[62.865s] /usr/local/include/eigen3/Eigen/src/Core/Matrix.h:291:34: note: candidate: ‘template<class T> Eigen::Matrix<_Scalar, _Rows, _Cols, _Options, _MaxRows, _MaxCols>::Matrix(const T&) [with T = T; _Scalar = double; int _Rows = 6; int _Cols = 6; int _Options = 0; int _MaxRows = 6; int _MaxCols = 6]’
[62.865s]   291 |     EIGEN_STRONG_INLINE explicit Matrix(const T& x)
[62.865s]       |                                  ^~~~~~
[62.866s] /usr/local/include/eigen3/Eigen/src/Core/Matrix.h:291:34: note:   template argument deduction/substitution failed:
[62.866s] /home/jack/ros2_ws/src/DoosanBootcamp3rd/dsr_example2/dsr_realtime_control/src/realtime_api.cpp:29:1: note:   candidate expects 1 argument, 6 provided
[62.866s]    29 | };
[62.866s]       | ^
[62.866s] In file included from /usr/local/include/eigen3/Eigen/Core:458,
[62.866s]                  from /usr/local/include/eigen3/Eigen/Dense:1,
[62.866s]                  from /home/jack/ros2_ws/src/DoosanBootcamp3rd/dsr_example2/dsr_realtime_control/include/dsr_realtime_control/realtime_api.hpp:17,
[62.866s]                  from /home/jack/ros2_ws/src/DoosanBootcamp3rd/dsr_example2/dsr_realtime_control/src/realtime_api.cpp:4:
[62.866s] /usr/local/include/eigen3/Eigen/src/Core/Matrix.h:368:25: note: candidate: ‘Eigen::Matrix<_Scalar, _Rows, _Cols, _Options, _MaxRows, _MaxCols>::Matrix(const Eigen::Matrix<_Scalar, _Rows, _Cols, _Options, _MaxRows, _MaxCols>&) [with _Scalar = double; int _Rows = 6; int _Cols = 6; int _Options = 0; int _MaxRows = 6; int _MaxCols = 6]’
[62.866s]   368 |     EIGEN_STRONG_INLINE Matrix(const Matrix& other) : Base(other)
[62.866s]       |                         ^~~~~~
[62.866s] /usr/local/include/eigen3/Eigen/src/Core/Matrix.h:368:25: note:   candidate expects 1 argument, 6 provided
[62.866s] /usr/local/include/eigen3/Eigen/src/Core/Matrix.h:355:25: note: candidate: ‘Eigen::Matrix<_Scalar, _Rows, _Cols, _Options, _MaxRows, _MaxCols>::Matrix(const Scalar&, const Scalar&, const Scalar&, const Scalar&) [with _Scalar = double; int _Rows = 6; int _Cols = 6; int _Options = 0; int _MaxRows = 6; int _MaxCols = 6; Eigen::Matrix<_Scalar, _Rows, _Cols, _Options, _MaxRows, _MaxCols>::Scalar = double]’
[62.866s]   355 |     EIGEN_STRONG_INLINE Matrix(const Scalar& x, const Scalar& y, const Scalar& z, const Scalar& w)
[62.867s]       |                         ^~~~~~
[62.867s] /usr/local/include/eigen3/Eigen/src/Core/Matrix.h:355:25: note:   candidate expects 4 arguments, 6 provided
[62.867s] /usr/local/include/eigen3/Eigen/src/Core/Matrix.h:345:25: note: candidate: ‘Eigen::Matrix<_Scalar, _Rows, _Cols, _Options, _MaxRows, _MaxCols>::Matrix(const Scalar&, const Scalar&, const Scalar&) [with _Scalar = double; int _Rows = 6; int _Cols = 6; int _Options = 0; int _MaxRows = 6; int _MaxCols = 6; Eigen::Matrix<_Scalar, _Rows, _Cols, _Options, _MaxRows, _MaxCols>::Scalar = double]’
[62.867s]   345 |     EIGEN_STRONG_INLINE Matrix(const Scalar& x, const Scalar& y, const Scalar& z)
[62.867s]       |                         ^~~~~~
[62.867s] /usr/local/include/eigen3/Eigen/src/Core/Matrix.h:345:25: note:   candidate expects 3 arguments, 6 provided
[62.867s] /usr/local/include/eigen3/Eigen/src/Core/Matrix.h:273:5: note: candidate: ‘Eigen::Matrix<_Scalar, _Rows, _Cols, _Options, _MaxRows, _MaxCols>::Matrix(Eigen::Matrix<_Scalar, _Rows, _Cols, _Options, _MaxRows, _MaxCols>&&) [with _Scalar = double; int _Rows = 6; int _Cols = 6; int _Options = 0; int _MaxRows = 6; int _MaxCols = 6]’
[62.867s]   273 |     Matrix(Matrix&& other) EIGEN_NOEXCEPT_IF(std::is_nothrow_move_constructible<Scalar>::value)
[62.867s]       |     ^~~~~~
[62.867s] /usr/local/include/eigen3/Eigen/src/Core/Matrix.h:273:5: note:   candidate expects 1 argument, 6 provided
[62.867s] /usr/local/include/eigen3/Eigen/src/Core/Matrix.h:267:14: note: candidate: ‘Eigen::Matrix<_Scalar, _Rows, _Cols, _Options, _MaxRows, _MaxCols>::Matrix(Eigen::internal::constructor_without_unaligned_array_assert) [with _Scalar = double; int _Rows = 6; int _Cols = 6; int _Options = 0; int _MaxRows = 6; int _MaxCols = 6]’
[62.867s]   267 |     explicit Matrix(internal::constructor_without_unaligned_array_assert)
[62.867s]       |              ^~~~~~
[62.868s] /usr/local/include/eigen3/Eigen/src/Core/Matrix.h:267:14: note:   candidate expects 1 argument, 6 provided
[62.868s] /usr/local/include/eigen3/Eigen/src/Core/Matrix.h:259:25: note: candidate: ‘Eigen::Matrix<_Scalar, _Rows, _Cols, _Options, _MaxRows, _MaxCols>::Matrix() [with _Scalar = double; int _Rows = 6; int _Cols = 6; int _Options = 0; int _MaxRows = 6; int _MaxCols = 6]’
[62.868s]   259 |     EIGEN_STRONG_INLINE Matrix() : Base()
[62.868s]       |                         ^~~~~~
[62.868s] /usr/local/include/eigen3/Eigen/src/Core/Matrix.h:259:25: note:   candidate expects 0 arguments, 6 provided
[62.868s] /home/jack/ros2_ws/src/DoosanBootcamp3rd/dsr_example2/dsr_realtime_control/src/realtime_api.cpp:38:1: error: no matching function for call to ‘Eigen::Matrix<double, 6, 6>::Matrix(<brace-enclosed initializer list>)’
[62.868s]    38 | };
[62.868s]       | ^
[62.868s] In file included from /usr/local/include/eigen3/Eigen/Core:458,
[62.868s]                  from /usr/local/include/eigen3/Eigen/Dense:1,
[62.868s]                  from /home/jack/ros2_ws/src/DoosanBootcamp3rd/dsr_example2/dsr_realtime_control/include/dsr_realtime_control/realtime_api.hpp:17,
[62.868s]                  from /home/jack/ros2_ws/src/DoosanBootcamp3rd/dsr_example2/dsr_realtime_control/src/realtime_api.cpp:4:
[62.868s] /usr/local/include/eigen3/Eigen/src/Core/Matrix.h:387:14: note: candidate: ‘template<class OtherDerived> Eigen::Matrix<_Scalar, _Rows, _Cols, _Options, _MaxRows, _MaxCols>::Matrix(const Eigen::RotationBase<OtherDerived, Eigen::Matrix<_Scalar, _Rows, _Cols, _Options, _MaxRows, _MaxCols>::ColsAtCompileTime>&) [with OtherDerived = OtherDerived; _Scalar = double; int _Rows = 6; int _Cols = 6; int _Options = 0; int _MaxRows = 6; int _MaxCols = 6]’
[62.868s]   387 |     explicit Matrix(const RotationBase<OtherDerived,ColsAtCompileTime>& r);
[62.869s]       |              ^~~~~~
[62.869s] /usr/local/include/eigen3/Eigen/src/Core/Matrix.h:387:14: note:   template argument deduction/substitution failed:
[62.869s] /home/jack/ros2_ws/src/DoosanBootcamp3rd/dsr_example2/dsr_realtime_control/src/realtime_api.cpp:38:1: note:   candidate expects 1 argument, 6 provided
[62.869s]    38 | };
[62.869s]       | ^
[62.869s] In file included from /usr/local/include/eigen3/Eigen/Core:458,
[62.869s]                  from /usr/local/include/eigen3/Eigen/Dense:1,
[62.869s]                  from /home/jack/ros2_ws/src/DoosanBootcamp3rd/dsr_example2/dsr_realtime_control/include/dsr_realtime_control/realtime_api.hpp:17,
[62.869s]                  from /home/jack/ros2_ws/src/DoosanBootcamp3rd/dsr_example2/dsr_realtime_control/src/realtime_api.cpp:4:
[62.869s] /usr/local/include/eigen3/Eigen/src/Core/Matrix.h:376:25: note: candidate: ‘template<class OtherDerived> Eigen::Matrix<_Scalar, _Rows, _Cols, _Options, _MaxRows, _MaxCols>::Matrix(const Eigen::EigenBase<OtherDerived>&) [with OtherDerived = OtherDerived; _Scalar = double; int _Rows = 6; int _Cols = 6; int _Options = 0; int _MaxRows = 6; int _MaxCols = 6]’
[62.869s]   376 |     EIGEN_STRONG_INLINE Matrix(const EigenBase<OtherDerived> &other)
[62.869s]       |                         ^~~~~~
[62.869s] /usr/local/include/eigen3/Eigen/src/Core/Matrix.h:376:25: note:   template argument deduction/substitution failed:
[62.869s] /home/jack/ros2_ws/src/DoosanBootcamp3rd/dsr_example2/dsr_realtime_control/src/realtime_api.cpp:38:1: note:   candidate expects 1 argument, 6 provided
[62.870s]    38 | };
[62.870s]       | ^
[62.870s] In file included from /usr/local/include/eigen3/Eigen/Core:458,
[62.870s]                  from /usr/local/include/eigen3/Eigen/Dense:1,
[62.870s]                  from /home/jack/ros2_ws/src/DoosanBootcamp3rd/dsr_example2/dsr_realtime_control/include/dsr_realtime_control/realtime_api.hpp:17,
[62.870s]                  from /home/jack/ros2_ws/src/DoosanBootcamp3rd/dsr_example2/dsr_realtime_control/src/realtime_api.cpp:4:
[62.870s] /usr/local/include/eigen3/Eigen/src/Core/Matrix.h:299:25: note: candidate: ‘template<class T0, class T1> Eigen::Matrix<_Scalar, _Rows, _Cols, _Options, _MaxRows, _MaxCols>::Matrix(const T0&, const T1&) [with T0 = T0; T1 = T1; _Scalar = double; int _Rows = 6; int _Cols = 6; int _Options = 0; int _MaxRows = 6; int _MaxCols = 6]’
[62.870s]   299 |     EIGEN_STRONG_INLINE Matrix(const T0& x, const T1& y)
[62.870s]       |                         ^~~~~~
[62.870s] /usr/local/include/eigen3/Eigen/src/Core/Matrix.h:299:25: note:   template argument deduction/substitution failed:
[62.870s] /home/jack/ros2_ws/src/DoosanBootcamp3rd/dsr_example2/dsr_realtime_control/src/realtime_api.cpp:38:1: note:   candidate expects 2 arguments, 6 provided
[62.870s]    38 | };
[62.870s]       | ^
[62.870s] In file included from /usr/local/include/eigen3/Eigen/Core:458,
[62.871s]                  from /usr/local/include/eigen3/Eigen/Dense:1,
[62.871s]                  from /home/jack/ros2_ws/src/DoosanBootcamp3rd/dsr_example2/dsr_realtime_control/include/dsr_realtime_control/realtime_api.hpp:17,
[62.871s]                  from /home/jack/ros2_ws/src/DoosanBootcamp3rd/dsr_example2/dsr_realtime_control/src/realtime_api.cpp:4:
[62.871s] /usr/local/include/eigen3/Eigen/src/Core/Matrix.h:291:34: note: candidate: ‘template<class T> Eigen::Matrix<_Scalar, _Rows, _Cols, _Options, _MaxRows, _MaxCols>::Matrix(const T&) [with T = T; _Scalar = double; int _Rows = 6; int _Cols = 6; int _Options = 0; int _MaxRows = 6; int _MaxCols = 6]’
[62.871s]   291 |     EIGEN_STRONG_INLINE explicit Matrix(const T& x)
[62.871s]       |                                  ^~~~~~
[62.871s] /usr/local/include/eigen3/Eigen/src/Core/Matrix.h:291:34: note:   template argument deduction/substitution failed:
[62.871s] /home/jack/ros2_ws/src/DoosanBootcamp3rd/dsr_example2/dsr_realtime_control/src/realtime_api.cpp:38:1: note:   candidate expects 1 argument, 6 provided
[62.871s]    38 | };
[62.871s]       | ^
[62.871s] In file included from /usr/local/include/eigen3/Eigen/Core:458,
[62.871s]                  from /usr/local/include/eigen3/Eigen/Dense:1,
[62.871s]                  from /home/jack/ros2_ws/src/DoosanBootcamp3rd/dsr_example2/dsr_realtime_control/include/dsr_realtime_control/realtime_api.hpp:17,
[62.872s]                  from /home/jack/ros2_ws/src/DoosanBootcamp3rd/dsr_example2/dsr_realtime_control/src/realtime_api.cpp:4:
[62.872s] /usr/local/include/eigen3/Eigen/src/Core/Matrix.h:368:25: note: candidate: ‘Eigen::Matrix<_Scalar, _Rows, _Cols, _Options, _MaxRows, _MaxCols>::Matrix(const Eigen::Matrix<_Scalar, _Rows, _Cols, _Options, _MaxRows, _MaxCols>&) [with _Scalar = double; int _Rows = 6; int _Cols = 6; int _Options = 0; int _MaxRows = 6; int _MaxCols = 6]’
[62.872s]   368 |     EIGEN_STRONG_INLINE Matrix(const Matrix& other) : Base(other)
[62.872s]       |                         ^~~~~~
[62.872s] /usr/local/include/eigen3/Eigen/src/Core/Matrix.h:368:25: note:   candidate expects 1 argument, 6 provided
[62.872s] /usr/local/include/eigen3/Eigen/src/Core/Matrix.h:355:25: note: candidate: ‘Eigen::Matrix<_Scalar, _Rows, _Cols, _Options, _MaxRows, _MaxCols>::Matrix(const Scalar&, const Scalar&, const Scalar&, const Scalar&) [with _Scalar = double; int _Rows = 6; int _Cols = 6; int _Options = 0; int _MaxRows = 6; int _MaxCols = 6; Eigen::Matrix<_Scalar, _Rows, _Cols, _Options, _MaxRows, _MaxCols>::Scalar = double]’
[62.872s]   355 |     EIGEN_STRONG_INLINE Matrix(const Scalar& x, const Scalar& y, const Scalar& z, const Scalar& w)
[62.872s]       |                         ^~~~~~
[62.872s] /usr/local/include/eigen3/Eigen/src/Core/Matrix.h:355:25: note:   candidate expects 4 arguments, 6 provided
[62.872s] /usr/local/include/eigen3/Eigen/src/Core/Matrix.h:345:25: note: candidate: ‘Eigen::Matrix<_Scalar, _Rows, _Cols, _Options, _MaxRows, _MaxCols>::Matrix(const Scalar&, const Scalar&, const Scalar&) [with _Scalar = double; int _Rows = 6; int _Cols = 6; int _Options = 0; int _MaxRows = 6; int _MaxCols = 6; Eigen::Matrix<_Scalar, _Rows, _Cols, _Options, _MaxRows, _MaxCols>::Scalar = double]’
[62.872s]   345 |     EIGEN_STRONG_INLINE Matrix(const Scalar& x, const Scalar& y, const Scalar& z)
[62.872s]       |                         ^~~~~~
[62.872s] /usr/local/include/eigen3/Eigen/src/Core/Matrix.h:345:25: note:   candidate expects 3 arguments, 6 provided
[62.873s] /usr/local/include/eigen3/Eigen/src/Core/Matrix.h:273:5: note: candidate: ‘Eigen::Matrix<_Scalar, _Rows, _Cols, _Options, _MaxRows, _MaxCols>::Matrix(Eigen::Matrix<_Scalar, _Rows, _Cols, _Options, _MaxRows, _MaxCols>&&) [with _Scalar = double; int _Rows = 6; int _Cols = 6; int _Options = 0; int _MaxRows = 6; int _MaxCols = 6]’
[62.873s]   273 |     Matrix(Matrix&& other) EIGEN_NOEXCEPT_IF(std::is_nothrow_move_constructible<Scalar>::value)
[62.873s]       |     ^~~~~~
[62.873s] /usr/local/include/eigen3/Eigen/src/Core/Matrix.h:273:5: note:   candidate expects 1 argument, 6 provided
[62.873s] /usr/local/include/eigen3/Eigen/src/Core/Matrix.h:267:14: note: candidate: ‘Eigen::Matrix<_Scalar, _Rows, _Cols, _Options, _MaxRows, _MaxCols>::Matrix(Eigen::internal::constructor_without_unaligned_array_assert) [with _Scalar = double; int _Rows = 6; int _Cols = 6; int _Options = 0; int _MaxRows = 6; int _MaxCols = 6]’
[62.873s]   267 |     explicit Matrix(internal::constructor_without_unaligned_array_assert)
[62.873s]       |              ^~~~~~
[62.873s] /usr/local/include/eigen3/Eigen/src/Core/Matrix.h:267:14: note:   candidate expects 1 argument, 6 provided
[62.877s] /usr/local/include/eigen3/Eigen/src/Core/Matrix.h:259:25: note: candidate: ‘Eigen::Matrix<_Scalar, _Rows, _Cols, _Options, _MaxRows, _MaxCols>::Matrix() [with _Scalar = double; int _Rows = 6; int _Cols = 6; int _Options = 0; int _MaxRows = 6; int _MaxCols = 6]’
[62.877s]   259 |     EIGEN_STRONG_INLINE Matrix() : Base()
[62.877s]       |                         ^~~~~~
[62.877s] /usr/local/include/eigen3/Eigen/src/Core/Matrix.h:259:25: note:   candidate expects 0 arguments, 6 provided
[62.877s] /home/jack/ros2_ws/src/DoosanBootcamp3rd/dsr_example2/dsr_realtime_control/src/realtime_api.cpp:46:1: error: no matching function for call to ‘Eigen::Matrix<double, 6, 6>::Matrix(<brace-enclosed initializer list>)’
[62.877s]    46 | };
[62.877s]       | ^
[62.878s] In file included from /usr/local/include/eigen3/Eigen/Core:458,
[62.878s]                  from /usr/local/include/eigen3/Eigen/Dense:1,
[62.878s]                  from /home/jack/ros2_ws/src/DoosanBootcamp3rd/dsr_example2/dsr_realtime_control/include/dsr_realtime_control/realtime_api.hpp:17,
[62.878s]                  from /home/jack/ros2_ws/src/DoosanBootcamp3rd/dsr_example2/dsr_realtime_control/src/realtime_api.cpp:4:
[62.878s] /usr/local/include/eigen3/Eigen/src/Core/Matrix.h:387:14: note: candidate: ‘template<class OtherDerived> Eigen::Matrix<_Scalar, _Rows, _Cols, _Options, _MaxRows, _MaxCols>::Matrix(const Eigen::RotationBase<OtherDerived, Eigen::Matrix<_Scalar, _Rows, _Cols, _Options, _MaxRows, _MaxCols>::ColsAtCompileTime>&) [with OtherDerived = OtherDerived; _Scalar = double; int _Rows = 6; int _Cols = 6; int _Options = 0; int _MaxRows = 6; int _MaxCols = 6]’
[62.878s]   387 |     explicit Matrix(const RotationBase<OtherDerived,ColsAtCompileTime>& r);
[62.878s]       |              ^~~~~~
[62.878s] /usr/local/include/eigen3/Eigen/src/Core/Matrix.h:387:14: note:   template argument deduction/substitution failed:
[62.878s] /home/jack/ros2_ws/src/DoosanBootcamp3rd/dsr_example2/dsr_realtime_control/src/realtime_api.cpp:46:1: note:   candidate expects 1 argument, 6 provided
[62.878s]    46 | };
[62.878s]       | ^
[62.878s] In file included from /usr/local/include/eigen3/Eigen/Core:458,
[62.878s]                  from /usr/local/include/eigen3/Eigen/Dense:1,
[62.879s]                  from /home/jack/ros2_ws/src/DoosanBootcamp3rd/dsr_example2/dsr_realtime_control/include/dsr_realtime_control/realtime_api.hpp:17,
[62.879s]                  from /home/jack/ros2_ws/src/DoosanBootcamp3rd/dsr_example2/dsr_realtime_control/src/realtime_api.cpp:4:
[62.879s] /usr/local/include/eigen3/Eigen/src/Core/Matrix.h:376:25: note: candidate: ‘template<class OtherDerived> Eigen::Matrix<_Scalar, _Rows, _Cols, _Options, _MaxRows, _MaxCols>::Matrix(const Eigen::EigenBase<OtherDerived>&) [with OtherDerived = OtherDerived; _Scalar = double; int _Rows = 6; int _Cols = 6; int _Options = 0; int _MaxRows = 6; int _MaxCols = 6]’
[62.879s]   376 |     EIGEN_STRONG_INLINE Matrix(const EigenBase<OtherDerived> &other)
[62.879s]       |                         ^~~~~~
[62.879s] /usr/local/include/eigen3/Eigen/src/Core/Matrix.h:376:25: note:   template argument deduction/substitution failed:
[62.879s] /home/jack/ros2_ws/src/DoosanBootcamp3rd/dsr_example2/dsr_realtime_control/src/realtime_api.cpp:46:1: note:   candidate expects 1 argument, 6 provided
[62.879s]    46 | };
[62.879s]       | ^
[62.879s] In file included from /usr/local/include/eigen3/Eigen/Core:458,
[62.879s]                  from /usr/local/include/eigen3/Eigen/Dense:1,
[62.879s]                  from /home/jack/ros2_ws/src/DoosanBootcamp3rd/dsr_example2/dsr_realtime_control/include/dsr_realtime_control/realtime_api.hpp:17,
[62.879s]                  from /home/jack/ros2_ws/src/DoosanBootcamp3rd/dsr_example2/dsr_realtime_control/src/realtime_api.cpp:4:
[62.880s] /usr/local/include/eigen3/Eigen/src/Core/Matrix.h:299:25: note: candidate: ‘template<class T0, class T1> Eigen::Matrix<_Scalar, _Rows, _Cols, _Options, _MaxRows, _MaxCols>::Matrix(const T0&, const T1&) [with T0 = T0; T1 = T1; _Scalar = double; int _Rows = 6; int _Cols = 6; int _Options = 0; int _MaxRows = 6; int _MaxCols = 6]’
[62.880s]   299 |     EIGEN_STRONG_INLINE Matrix(const T0& x, const T1& y)
[62.880s]       |                         ^~~~~~
[62.880s] /usr/local/include/eigen3/Eigen/src/Core/Matrix.h:299:25: note:   template argument deduction/substitution failed:
[62.880s] /home/jack/ros2_ws/src/DoosanBootcamp3rd/dsr_example2/dsr_realtime_control/src/realtime_api.cpp:46:1: note:   candidate expects 2 arguments, 6 provided
[62.880s]    46 | };
[62.880s]       | ^
[62.880s] In file included from /usr/local/include/eigen3/Eigen/Core:458,
[62.880s]                  from /usr/local/include/eigen3/Eigen/Dense:1,
[62.880s]                  from /home/jack/ros2_ws/src/DoosanBootcamp3rd/dsr_example2/dsr_realtime_control/include/dsr_realtime_control/realtime_api.hpp:17,
[62.880s]                  from /home/jack/ros2_ws/src/DoosanBootcamp3rd/dsr_example2/dsr_realtime_control/src/realtime_api.cpp:4:
[62.880s] /usr/local/include/eigen3/Eigen/src/Core/Matrix.h:291:34: note: candidate: ‘template<class T> Eigen::Matrix<_Scalar, _Rows, _Cols, _Options, _MaxRows, _MaxCols>::Matrix(const T&) [with T = T; _Scalar = double; int _Rows = 6; int _Cols = 6; int _Options = 0; int _MaxRows = 6; int _MaxCols = 6]’
[62.880s]   291 |     EIGEN_STRONG_INLINE explicit Matrix(const T& x)
[62.881s]       |                                  ^~~~~~
[62.881s] /usr/local/include/eigen3/Eigen/src/Core/Matrix.h:291:34: note:   template argument deduction/substitution failed:
[62.881s] /home/jack/ros2_ws/src/DoosanBootcamp3rd/dsr_example2/dsr_realtime_control/src/realtime_api.cpp:46:1: note:   candidate expects 1 argument, 6 provided
[62.881s]    46 | };
[62.881s]       | ^
[62.881s] In file included from /usr/local/include/eigen3/Eigen/Core:458,
[62.881s]                  from /usr/local/include/eigen3/Eigen/Dense:1,
[62.881s]                  from /home/jack/ros2_ws/src/DoosanBootcamp3rd/dsr_example2/dsr_realtime_control/include/dsr_realtime_control/realtime_api.hpp:17,
[62.881s]                  from /home/jack/ros2_ws/src/DoosanBootcamp3rd/dsr_example2/dsr_realtime_control/src/realtime_api.cpp:4:
[62.881s] /usr/local/include/eigen3/Eigen/src/Core/Matrix.h:368:25: note: candidate: ‘Eigen::Matrix<_Scalar, _Rows, _Cols, _Options, _MaxRows, _MaxCols>::Matrix(const Eigen::Matrix<_Scalar, _Rows, _Cols, _Options, _MaxRows, _MaxCols>&) [with _Scalar = double; int _Rows = 6; int _Cols = 6; int _Options = 0; int _MaxRows = 6; int _MaxCols = 6]’
[62.881s]   368 |     EIGEN_STRONG_INLINE Matrix(const Matrix& other) : Base(other)
[62.881s]       |                         ^~~~~~
[62.881s] /usr/local/include/eigen3/Eigen/src/Core/Matrix.h:368:25: note:   candidate expects 1 argument, 6 provided
[62.881s] /usr/local/include/eigen3/Eigen/src/Core/Matrix.h:355:25: note: candidate: ‘Eigen::Matrix<_Scalar, _Rows, _Cols, _Options, _MaxRows, _MaxCols>::Matrix(const Scalar&, const Scalar&, const Scalar&, const Scalar&) [with _Scalar = double; int _Rows = 6; int _Cols = 6; int _Options = 0; int _MaxRows = 6; int _MaxCols = 6; Eigen::Matrix<_Scalar, _Rows, _Cols, _Options, _MaxRows, _MaxCols>::Scalar = double]’
[62.882s]   355 |     EIGEN_STRONG_INLINE Matrix(const Scalar& x, const Scalar& y, const Scalar& z, const Scalar& w)
[62.882s]       |                         ^~~~~~
[62.882s] /usr/local/include/eigen3/Eigen/src/Core/Matrix.h:355:25: note:   candidate expects 4 arguments, 6 provided
[62.882s] /usr/local/include/eigen3/Eigen/src/Core/Matrix.h:345:25: note: candidate: ‘Eigen::Matrix<_Scalar, _Rows, _Cols, _Options, _MaxRows, _MaxCols>::Matrix(const Scalar&, const Scalar&, const Scalar&) [with _Scalar = double; int _Rows = 6; int _Cols = 6; int _Options = 0; int _MaxRows = 6; int _MaxCols = 6; Eigen::Matrix<_Scalar, _Rows, _Cols, _Options, _MaxRows, _MaxCols>::Scalar = double]’
[62.882s]   345 |     EIGEN_STRONG_INLINE Matrix(const Scalar& x, const Scalar& y, const Scalar& z)
[62.882s]       |                         ^~~~~~
[62.882s] /usr/local/include/eigen3/Eigen/src/Core/Matrix.h:345:25: note:   candidate expects 3 arguments, 6 provided
[62.882s] /usr/local/include/eigen3/Eigen/src/Core/Matrix.h:273:5: note: candidate: ‘Eigen::Matrix<_Scalar, _Rows, _Cols, _Options, _MaxRows, _MaxCols>::Matrix(Eigen::Matrix<_Scalar, _Rows, _Cols, _Options, _MaxRows, _MaxCols>&&) [with _Scalar = double; int _Rows = 6; int _Cols = 6; int _Options = 0; int _MaxRows = 6; int _MaxCols = 6]’
[62.882s]   273 |     Matrix(Matrix&& other) EIGEN_NOEXCEPT_IF(std::is_nothrow_move_constructible<Scalar>::value)
[62.882s]       |     ^~~~~~
[62.882s] /usr/local/include/eigen3/Eigen/src/Core/Matrix.h:273:5: note:   candidate expects 1 argument, 6 provided
[62.882s] /usr/local/include/eigen3/Eigen/src/Core/Matrix.h:267:14: note: candidate: ‘Eigen::Matrix<_Scalar, _Rows, _Cols, _Options, _MaxRows, _MaxCols>::Matrix(Eigen::internal::constructor_without_unaligned_array_assert) [with _Scalar = double; int _Rows = 6; int _Cols = 6; int _Options = 0; int _MaxRows = 6; int _MaxCols = 6]’
[62.882s]   267 |     explicit Matrix(internal::constructor_without_unaligned_array_assert)
[62.883s]       |              ^~~~~~
[62.883s] /usr/local/include/eigen3/Eigen/src/Core/Matrix.h:267:14: note:   candidate expects 1 argument, 6 provided
[62.883s] /usr/local/include/eigen3/Eigen/src/Core/Matrix.h:259:25: note: candidate: ‘Eigen::Matrix<_Scalar, _Rows, _Cols, _Options, _MaxRows, _MaxCols>::Matrix() [with _Scalar = double; int _Rows = 6; int _Cols = 6; int _Options = 0; int _MaxRows = 6; int _MaxCols = 6]’
[62.883s]   259 |     EIGEN_STRONG_INLINE Matrix() : Base()
[62.883s]       |                         ^~~~~~
[62.883s] /usr/local/include/eigen3/Eigen/src/Core/Matrix.h:259:25: note:   candidate expects 0 arguments, 6 provided
[62.883s] /home/jack/ros2_ws/src/DoosanBootcamp3rd/dsr_example2/dsr_realtime_control/src/realtime_api.cpp:54:1: error: no matching function for call to ‘Eigen::Matrix<double, 6, 6>::Matrix(<brace-enclosed initializer list>)’
[62.883s]    54 | };
[62.883s]       | ^
[62.883s] In file included from /usr/local/include/eigen3/Eigen/Core:458,
[62.883s]                  from /usr/local/include/eigen3/Eigen/Dense:1,
[62.883s]                  from /home/jack/ros2_ws/src/DoosanBootcamp3rd/dsr_example2/dsr_realtime_control/include/dsr_realtime_control/realtime_api.hpp:17,
[62.883s]                  from /home/jack/ros2_ws/src/DoosanBootcamp3rd/dsr_example2/dsr_realtime_control/src/realtime_api.cpp:4:
[62.883s] /usr/local/include/eigen3/Eigen/src/Core/Matrix.h:387:14: note: candidate: ‘template<class OtherDerived> Eigen::Matrix<_Scalar, _Rows, _Cols, _Options, _MaxRows, _MaxCols>::Matrix(const Eigen::RotationBase<OtherDerived, Eigen::Matrix<_Scalar, _Rows, _Cols, _Options, _MaxRows, _MaxCols>::ColsAtCompileTime>&) [with OtherDerived = OtherDerived; _Scalar = double; int _Rows = 6; int _Cols = 6; int _Options = 0; int _MaxRows = 6; int _MaxCols = 6]’
[62.883s]   387 |     explicit Matrix(const RotationBase<OtherDerived,ColsAtCompileTime>& r);
[62.884s]       |              ^~~~~~
[62.884s] /usr/local/include/eigen3/Eigen/src/Core/Matrix.h:387:14: note:   template argument deduction/substitution failed:
[62.884s] /home/jack/ros2_ws/src/DoosanBootcamp3rd/dsr_example2/dsr_realtime_control/src/realtime_api.cpp:54:1: note:   candidate expects 1 argument, 6 provided
[62.884s]    54 | };
[62.884s]       | ^
[62.884s] In file included from /usr/local/include/eigen3/Eigen/Core:458,
[62.884s]                  from /usr/local/include/eigen3/Eigen/Dense:1,
[62.884s]                  from /home/jack/ros2_ws/src/DoosanBootcamp3rd/dsr_example2/dsr_realtime_control/include/dsr_realtime_control/realtime_api.hpp:17,
[62.884s]                  from /home/jack/ros2_ws/src/DoosanBootcamp3rd/dsr_example2/dsr_realtime_control/src/realtime_api.cpp:4:
[62.884s] /usr/local/include/eigen3/Eigen/src/Core/Matrix.h:376:25: note: candidate: ‘template<class OtherDerived> Eigen::Matrix<_Scalar, _Rows, _Cols, _Options, _MaxRows, _MaxCols>::Matrix(const Eigen::EigenBase<OtherDerived>&) [with OtherDerived = OtherDerived; _Scalar = double; int _Rows = 6; int _Cols = 6; int _Options = 0; int _MaxRows = 6; int _MaxCols = 6]’
[62.884s]   376 |     EIGEN_STRONG_INLINE Matrix(const EigenBase<OtherDerived> &other)
[62.884s]       |                         ^~~~~~
[62.884s] /usr/local/include/eigen3/Eigen/src/Core/Matrix.h:376:25: note:   template argument deduction/substitution failed:
[62.885s] /home/jack/ros2_ws/src/DoosanBootcamp3rd/dsr_example2/dsr_realtime_control/src/realtime_api.cpp:54:1: note:   candidate expects 1 argument, 6 provided
[62.885s]    54 | };
[62.885s]       | ^
[62.885s] In file included from /usr/local/include/eigen3/Eigen/Core:458,
[62.885s]                  from /usr/local/include/eigen3/Eigen/Dense:1,
[62.885s]                  from /home/jack/ros2_ws/src/DoosanBootcamp3rd/dsr_example2/dsr_realtime_control/include/dsr_realtime_control/realtime_api.hpp:17,
[62.885s]                  from /home/jack/ros2_ws/src/DoosanBootcamp3rd/dsr_example2/dsr_realtime_control/src/realtime_api.cpp:4:
[62.885s] /usr/local/include/eigen3/Eigen/src/Core/Matrix.h:299:25: note: candidate: ‘template<class T0, class T1> Eigen::Matrix<_Scalar, _Rows, _Cols, _Options, _MaxRows, _MaxCols>::Matrix(const T0&, const T1&) [with T0 = T0; T1 = T1; _Scalar = double; int _Rows = 6; int _Cols = 6; int _Options = 0; int _MaxRows = 6; int _MaxCols = 6]’
[62.885s]   299 |     EIGEN_STRONG_INLINE Matrix(const T0& x, const T1& y)
[62.885s]       |                         ^~~~~~
[62.885s] /usr/local/include/eigen3/Eigen/src/Core/Matrix.h:299:25: note:   template argument deduction/substitution failed:
[62.885s] /home/jack/ros2_ws/src/DoosanBootcamp3rd/dsr_example2/dsr_realtime_control/src/realtime_api.cpp:54:1: note:   candidate expects 2 arguments, 6 provided
[62.885s]    54 | };
[62.885s]       | ^
[62.885s] In file included from /usr/local/include/eigen3/Eigen/Core:458,
[62.886s]                  from /usr/local/include/eigen3/Eigen/Dense:1,
[62.886s]                  from /home/jack/ros2_ws/src/DoosanBootcamp3rd/dsr_example2/dsr_realtime_control/include/dsr_realtime_control/realtime_api.hpp:17,
[62.886s]                  from /home/jack/ros2_ws/src/DoosanBootcamp3rd/dsr_example2/dsr_realtime_control/src/realtime_api.cpp:4:
[62.886s] /usr/local/include/eigen3/Eigen/src/Core/Matrix.h:291:34: note: candidate: ‘template<class T> Eigen::Matrix<_Scalar, _Rows, _Cols, _Options, _MaxRows, _MaxCols>::Matrix(const T&) [with T = T; _Scalar = double; int _Rows = 6; int _Cols = 6; int _Options = 0; int _MaxRows = 6; int _MaxCols = 6]’
[62.886s]   291 |     EIGEN_STRONG_INLINE explicit Matrix(const T& x)
[62.886s]       |                                  ^~~~~~
[62.886s] /usr/local/include/eigen3/Eigen/src/Core/Matrix.h:291:34: note:   template argument deduction/substitution failed:
[62.886s] /home/jack/ros2_ws/src/DoosanBootcamp3rd/dsr_example2/dsr_realtime_control/src/realtime_api.cpp:54:1: note:   candidate expects 1 argument, 6 provided
[62.886s]    54 | };
[62.886s]       | ^
[62.886s] In file included from /usr/local/include/eigen3/Eigen/Core:458,
[62.886s]                  from /usr/local/include/eigen3/Eigen/Dense:1,
[62.886s]                  from /home/jack/ros2_ws/src/DoosanBootcamp3rd/dsr_example2/dsr_realtime_control/include/dsr_realtime_control/realtime_api.hpp:17,
[62.886s]                  from /home/jack/ros2_ws/src/DoosanBootcamp3rd/dsr_example2/dsr_realtime_control/src/realtime_api.cpp:4:
[62.887s] /usr/local/include/eigen3/Eigen/src/Core/Matrix.h:368:25: note: candidate: ‘Eigen::Matrix<_Scalar, _Rows, _Cols, _Options, _MaxRows, _MaxCols>::Matrix(const Eigen::Matrix<_Scalar, _Rows, _Cols, _Options, _MaxRows, _MaxCols>&) [with _Scalar = double; int _Rows = 6; int _Cols = 6; int _Options = 0; int _MaxRows = 6; int _MaxCols = 6]’
[62.887s]   368 |     EIGEN_STRONG_INLINE Matrix(const Matrix& other) : Base(other)
[62.887s]       |                         ^~~~~~
[62.887s] /usr/local/include/eigen3/Eigen/src/Core/Matrix.h:368:25: note:   candidate expects 1 argument, 6 provided
[62.887s] /usr/local/include/eigen3/Eigen/src/Core/Matrix.h:355:25: note: candidate: ‘Eigen::Matrix<_Scalar, _Rows, _Cols, _Options, _MaxRows, _MaxCols>::Matrix(const Scalar&, const Scalar&, const Scalar&, const Scalar&) [with _Scalar = double; int _Rows = 6; int _Cols = 6; int _Options = 0; int _MaxRows = 6; int _MaxCols = 6; Eigen::Matrix<_Scalar, _Rows, _Cols, _Options, _MaxRows, _MaxCols>::Scalar = double]’
[62.887s]   355 |     EIGEN_STRONG_INLINE Matrix(const Scalar& x, const Scalar& y, const Scalar& z, const Scalar& w)
[62.887s]       |                         ^~~~~~
[62.887s] /usr/local/include/eigen3/Eigen/src/Core/Matrix.h:355:25: note:   candidate expects 4 arguments, 6 provided
[62.887s] /usr/local/include/eigen3/Eigen/src/Core/Matrix.h:345:25: note: candidate: ‘Eigen::Matrix<_Scalar, _Rows, _Cols, _Options, _MaxRows, _MaxCols>::Matrix(const Scalar&, const Scalar&, const Scalar&) [with _Scalar = double; int _Rows = 6; int _Cols = 6; int _Options = 0; int _MaxRows = 6; int _MaxCols = 6; Eigen::Matrix<_Scalar, _Rows, _Cols, _Options, _MaxRows, _MaxCols>::Scalar = double]’
[62.887s]   345 |     EIGEN_STRONG_INLINE Matrix(const Scalar& x, const Scalar& y, const Scalar& z)
[62.887s]       |                         ^~~~~~
[62.887s] /usr/local/include/eigen3/Eigen/src/Core/Matrix.h:345:25: note:   candidate expects 3 arguments, 6 provided
[62.887s] /usr/local/include/eigen3/Eigen/src/Core/Matrix.h:273:5: note: candidate: ‘Eigen::Matrix<_Scalar, _Rows, _Cols, _Options, _MaxRows, _MaxCols>::Matrix(Eigen::Matrix<_Scalar, _Rows, _Cols, _Options, _MaxRows, _MaxCols>&&) [with _Scalar = double; int _Rows = 6; int _Cols = 6; int _Options = 0; int _MaxRows = 6; int _MaxCols = 6]’
[62.887s]   273 |     Matrix(Matrix&& other) EIGEN_NOEXCEPT_IF(std::is_nothrow_move_constructible<Scalar>::value)
[62.887s]       |     ^~~~~~
[62.888s] /usr/local/include/eigen3/Eigen/src/Core/Matrix.h:273:5: note:   candidate expects 1 argument, 6 provided
[62.888s] /usr/local/include/eigen3/Eigen/src/Core/Matrix.h:267:14: note: candidate: ‘Eigen::Matrix<_Scalar, _Rows, _Cols, _Options, _MaxRows, _MaxCols>::Matrix(Eigen::internal::constructor_without_unaligned_array_assert) [with _Scalar = double; int _Rows = 6; int _Cols = 6; int _Options = 0; int _MaxRows = 6; int _MaxCols = 6]’
[62.888s]   267 |     explicit Matrix(internal::constructor_without_unaligned_array_assert)
[62.888s]       |              ^~~~~~
[62.888s] /usr/local/include/eigen3/Eigen/src/Core/Matrix.h:267:14: note:   candidate expects 1 argument, 6 provided
[62.888s] /usr/local/include/eigen3/Eigen/src/Core/Matrix.h:259:25: note: candidate: ‘Eigen::Matrix<_Scalar, _Rows, _Cols, _Options, _MaxRows, _MaxCols>::Matrix() [with _Scalar = double; int _Rows = 6; int _Cols = 6; int _Options = 0; int _MaxRows = 6; int _MaxCols = 6]’
[62.888s]   259 |     EIGEN_STRONG_INLINE Matrix() : Base()
[62.888s]       |                         ^~~~~~
[62.888s] /usr/local/include/eigen3/Eigen/src/Core/Matrix.h:259:25: note:   candidate expects 0 arguments, 6 provided
[62.888s] /home/jack/ros2_ws/src/DoosanBootcamp3rd/dsr_example2/dsr_realtime_control/src/realtime_api.cpp:62:1: error: no matching function for call to ‘Eigen::Matrix<double, 6, 6>::Matrix(<brace-enclosed initializer list>)’
[62.888s]    62 | };
[62.888s]       | ^
[62.888s] In file included from /usr/local/include/eigen3/Eigen/Core:458,
[62.888s]                  from /usr/local/include/eigen3/Eigen/Dense:1,
[62.888s]                  from /home/jack/ros2_ws/src/DoosanBootcamp3rd/dsr_example2/dsr_realtime_control/include/dsr_realtime_control/realtime_api.hpp:17,
[62.889s]                  from /home/jack/ros2_ws/src/DoosanBootcamp3rd/dsr_example2/dsr_realtime_control/src/realtime_api.cpp:4:
[62.889s] /usr/local/include/eigen3/Eigen/src/Core/Matrix.h:387:14: note: candidate: ‘template<class OtherDerived> Eigen::Matrix<_Scalar, _Rows, _Cols, _Options, _MaxRows, _MaxCols>::Matrix(const Eigen::RotationBase<OtherDerived, Eigen::Matrix<_Scalar, _Rows, _Cols, _Options, _MaxRows, _MaxCols>::ColsAtCompileTime>&) [with OtherDerived = OtherDerived; _Scalar = double; int _Rows = 6; int _Cols = 6; int _Options = 0; int _MaxRows = 6; int _MaxCols = 6]’
[62.889s]   387 |     explicit Matrix(const RotationBase<OtherDerived,ColsAtCompileTime>& r);
[62.889s]       |              ^~~~~~
[62.889s] /usr/local/include/eigen3/Eigen/src/Core/Matrix.h:387:14: note:   template argument deduction/substitution failed:
[62.889s] /home/jack/ros2_ws/src/DoosanBootcamp3rd/dsr_example2/dsr_realtime_control/src/realtime_api.cpp:62:1: note:   candidate expects 1 argument, 6 provided
[62.889s]    62 | };
[62.889s]       | ^
[62.889s] In file included from /usr/local/include/eigen3/Eigen/Core:458,
[62.889s]                  from /usr/local/include/eigen3/Eigen/Dense:1,
[62.889s]                  from /home/jack/ros2_ws/src/DoosanBootcamp3rd/dsr_example2/dsr_realtime_control/include/dsr_realtime_control/realtime_api.hpp:17,
[62.889s]                  from /home/jack/ros2_ws/src/DoosanBootcamp3rd/dsr_example2/dsr_realtime_control/src/realtime_api.cpp:4:
[62.889s] /usr/local/include/eigen3/Eigen/src/Core/Matrix.h:376:25: note: candidate: ‘template<class OtherDerived> Eigen::Matrix<_Scalar, _Rows, _Cols, _Options, _MaxRows, _MaxCols>::Matrix(const Eigen::EigenBase<OtherDerived>&) [with OtherDerived = OtherDerived; _Scalar = double; int _Rows = 6; int _Cols = 6; int _Options = 0; int _MaxRows = 6; int _MaxCols = 6]’
[62.889s]   376 |     EIGEN_STRONG_INLINE Matrix(const EigenBase<OtherDerived> &other)
[62.890s]       |                         ^~~~~~
[62.890s] /usr/local/include/eigen3/Eigen/src/Core/Matrix.h:376:25: note:   template argument deduction/substitution failed:
[62.890s] /home/jack/ros2_ws/src/DoosanBootcamp3rd/dsr_example2/dsr_realtime_control/src/realtime_api.cpp:62:1: note:   candidate expects 1 argument, 6 provided
[62.890s]    62 | };
[62.890s]       | ^
[62.890s] In file included from /usr/local/include/eigen3/Eigen/Core:458,
[62.890s]                  from /usr/local/include/eigen3/Eigen/Dense:1,
[62.890s]                  from /home/jack/ros2_ws/src/DoosanBootcamp3rd/dsr_example2/dsr_realtime_control/include/dsr_realtime_control/realtime_api.hpp:17,
[62.890s]                  from /home/jack/ros2_ws/src/DoosanBootcamp3rd/dsr_example2/dsr_realtime_control/src/realtime_api.cpp:4:
[62.890s] /usr/local/include/eigen3/Eigen/src/Core/Matrix.h:299:25: note: candidate: ‘template<class T0, class T1> Eigen::Matrix<_Scalar, _Rows, _Cols, _Options, _MaxRows, _MaxCols>::Matrix(const T0&, const T1&) [with T0 = T0; T1 = T1; _Scalar = double; int _Rows = 6; int _Cols = 6; int _Options = 0; int _MaxRows = 6; int _MaxCols = 6]’
[62.890s]   299 |     EIGEN_STRONG_INLINE Matrix(const T0& x, const T1& y)
[62.890s]       |                         ^~~~~~
[62.890s] /usr/local/include/eigen3/Eigen/src/Core/Matrix.h:299:25: note:   template argument deduction/substitution failed:
[62.890s] /home/jack/ros2_ws/src/DoosanBootcamp3rd/dsr_example2/dsr_realtime_control/src/realtime_api.cpp:62:1: note:   candidate expects 2 arguments, 6 provided
[62.890s]    62 | };
[62.891s]       | ^
[62.891s] In file included from /usr/local/include/eigen3/Eigen/Core:458,
[62.891s]                  from /usr/local/include/eigen3/Eigen/Dense:1,
[62.891s]                  from /home/jack/ros2_ws/src/DoosanBootcamp3rd/dsr_example2/dsr_realtime_control/include/dsr_realtime_control/realtime_api.hpp:17,
[62.891s]                  from /home/jack/ros2_ws/src/DoosanBootcamp3rd/dsr_example2/dsr_realtime_control/src/realtime_api.cpp:4:
[62.891s] /usr/local/include/eigen3/Eigen/src/Core/Matrix.h:291:34: note: candidate: ‘template<class T> Eigen::Matrix<_Scalar, _Rows, _Cols, _Options, _MaxRows, _MaxCols>::Matrix(const T&) [with T = T; _Scalar = double; int _Rows = 6; int _Cols = 6; int _Options = 0; int _MaxRows = 6; int _MaxCols = 6]’
[62.891s]   291 |     EIGEN_STRONG_INLINE explicit Matrix(const T& x)
[62.891s]       |                                  ^~~~~~
[62.891s] /usr/local/include/eigen3/Eigen/src/Core/Matrix.h:291:34: note:   template argument deduction/substitution failed:
[62.891s] /home/jack/ros2_ws/src/DoosanBootcamp3rd/dsr_example2/dsr_realtime_control/src/realtime_api.cpp:62:1: note:   candidate expects 1 argument, 6 provided
[62.891s]    62 | };
[62.891s]       | ^
[62.891s] In file included from /usr/local/include/eigen3/Eigen/Core:458,
[62.891s]                  from /usr/local/include/eigen3/Eigen/Dense:1,
[62.891s]                  from /home/jack/ros2_ws/src/DoosanBootcamp3rd/dsr_example2/dsr_realtime_control/include/dsr_realtime_control/realtime_api.hpp:17,
[62.892s]                  from /home/jack/ros2_ws/src/DoosanBootcamp3rd/dsr_example2/dsr_realtime_control/src/realtime_api.cpp:4:
[62.892s] /usr/local/include/eigen3/Eigen/src/Core/Matrix.h:368:25: note: candidate: ‘Eigen::Matrix<_Scalar, _Rows, _Cols, _Options, _MaxRows, _MaxCols>::Matrix(const Eigen::Matrix<_Scalar, _Rows, _Cols, _Options, _MaxRows, _MaxCols>&) [with _Scalar = double; int _Rows = 6; int _Cols = 6; int _Options = 0; int _MaxRows = 6; int _MaxCols = 6]’
[62.892s]   368 |     EIGEN_STRONG_INLINE Matrix(const Matrix& other) : Base(other)
[62.892s]       |                         ^~~~~~
[62.892s] /usr/local/include/eigen3/Eigen/src/Core/Matrix.h:368:25: note:   candidate expects 1 argument, 6 provided
[62.892s] /usr/local/include/eigen3/Eigen/src/Core/Matrix.h:355:25: note: candidate: ‘Eigen::Matrix<_Scalar, _Rows, _Cols, _Options, _MaxRows, _MaxCols>::Matrix(const Scalar&, const Scalar&, const Scalar&, const Scalar&) [with _Scalar = double; int _Rows = 6; int _Cols = 6; int _Options = 0; int _MaxRows = 6; int _MaxCols = 6; Eigen::Matrix<_Scalar, _Rows, _Cols, _Options, _MaxRows, _MaxCols>::Scalar = double]’
[62.892s]   355 |     EIGEN_STRONG_INLINE Matrix(const Scalar& x, const Scalar& y, const Scalar& z, const Scalar& w)
[62.892s]       |                         ^~~~~~
[62.892s] /usr/local/include/eigen3/Eigen/src/Core/Matrix.h:355:25: note:   candidate expects 4 arguments, 6 provided
[62.892s] /usr/local/include/eigen3/Eigen/src/Core/Matrix.h:345:25: note: candidate: ‘Eigen::Matrix<_Scalar, _Rows, _Cols, _Options, _MaxRows, _MaxCols>::Matrix(const Scalar&, const Scalar&, const Scalar&) [with _Scalar = double; int _Rows = 6; int _Cols = 6; int _Options = 0; int _MaxRows = 6; int _MaxCols = 6; Eigen::Matrix<_Scalar, _Rows, _Cols, _Options, _MaxRows, _MaxCols>::Scalar = double]’
[62.892s]   345 |     EIGEN_STRONG_INLINE Matrix(const Scalar& x, const Scalar& y, const Scalar& z)
[62.892s]       |                         ^~~~~~
[62.892s] /usr/local/include/eigen3/Eigen/src/Core/Matrix.h:345:25: note:   candidate expects 3 arguments, 6 provided
[62.892s] /usr/local/include/eigen3/Eigen/src/Core/Matrix.h:273:5: note: candidate: ‘Eigen::Matrix<_Scalar, _Rows, _Cols, _Options, _MaxRows, _MaxCols>::Matrix(Eigen::Matrix<_Scalar, _Rows, _Cols, _Options, _MaxRows, _MaxCols>&&) [with _Scalar = double; int _Rows = 6; int _Cols = 6; int _Options = 0; int _MaxRows = 6; int _MaxCols = 6]’
[62.893s]   273 |     Matrix(Matrix&& other) EIGEN_NOEXCEPT_IF(std::is_nothrow_move_constructible<Scalar>::value)
[62.893s]       |     ^~~~~~
[62.893s] /usr/local/include/eigen3/Eigen/src/Core/Matrix.h:273:5: note:   candidate expects 1 argument, 6 provided
[62.893s] /usr/local/include/eigen3/Eigen/src/Core/Matrix.h:267:14: note: candidate: ‘Eigen::Matrix<_Scalar, _Rows, _Cols, _Options, _MaxRows, _MaxCols>::Matrix(Eigen::internal::constructor_without_unaligned_array_assert) [with _Scalar = double; int _Rows = 6; int _Cols = 6; int _Options = 0; int _MaxRows = 6; int _MaxCols = 6]’
[62.893s]   267 |     explicit Matrix(internal::constructor_without_unaligned_array_assert)
[62.893s]       |              ^~~~~~
[62.893s] /usr/local/include/eigen3/Eigen/src/Core/Matrix.h:267:14: note:   candidate expects 1 argument, 6 provided
[62.893s] /usr/local/include/eigen3/Eigen/src/Core/Matrix.h:259:25: note: candidate: ‘Eigen::Matrix<_Scalar, _Rows, _Cols, _Options, _MaxRows, _MaxCols>::Matrix() [with _Scalar = double; int _Rows = 6; int _Cols = 6; int _Options = 0; int _MaxRows = 6; int _MaxCols = 6]’
[62.893s]   259 |     EIGEN_STRONG_INLINE Matrix() : Base()
[62.893s]       |                         ^~~~~~
[62.893s] /usr/local/include/eigen3/Eigen/src/Core/Matrix.h:259:25: note:   candidate expects 0 arguments, 6 provided
[62.893s] /home/jack/ros2_ws/src/DoosanBootcamp3rd/dsr_example2/dsr_realtime_control/src/realtime_api.cpp:64:29: error: no matching function for call to ‘Eigen::Matrix<double, 6, 1>::Matrix(<brace-enclosed initializer list>)’
[62.893s]    64 | Vector6f deg_q_d{0,0,0,0,0,0};
[62.893s]       |                             ^
[62.894s] In file included from /usr/local/include/eigen3/Eigen/Core:458,
[62.894s]                  from /usr/local/include/eigen3/Eigen/Dense:1,
[62.894s]                  from /home/jack/ros2_ws/src/DoosanBootcamp3rd/dsr_example2/dsr_realtime_control/include/dsr_realtime_control/realtime_api.hpp:17,
[62.894s]                  from /home/jack/ros2_ws/src/DoosanBootcamp3rd/dsr_example2/dsr_realtime_control/src/realtime_api.cpp:4:
[62.894s] /usr/local/include/eigen3/Eigen/src/Core/Matrix.h:387:14: note: candidate: ‘template<class OtherDerived> Eigen::Matrix<_Scalar, _Rows, _Cols, _Options, _MaxRows, _MaxCols>::Matrix(const Eigen::RotationBase<OtherDerived, Eigen::Matrix<_Scalar, _Rows, _Cols, _Options, _MaxRows, _MaxCols>::ColsAtCompileTime>&) [with OtherDerived = OtherDerived; _Scalar = double; int _Rows = 6; int _Cols = 1; int _Options = 0; int _MaxRows = 6; int _MaxCols = 1]’
[62.894s]   387 |     explicit Matrix(const RotationBase<OtherDerived,ColsAtCompileTime>& r);
[62.894s]       |              ^~~~~~
[62.894s] /usr/local/include/eigen3/Eigen/src/Core/Matrix.h:387:14: note:   template argument deduction/substitution failed:
[62.894s] /home/jack/ros2_ws/src/DoosanBootcamp3rd/dsr_example2/dsr_realtime_control/src/realtime_api.cpp:64:29: note:   mismatched types ‘const Eigen::RotationBase<OtherDerived, 1>’ and ‘int’
[62.894s]    64 | Vector6f deg_q_d{0,0,0,0,0,0};
[62.894s]       |                             ^
[62.894s] In file included from /usr/local/include/eigen3/Eigen/Core:458,
[62.894s]                  from /usr/local/include/eigen3/Eigen/Dense:1,
[62.894s]                  from /home/jack/ros2_ws/src/DoosanBootcamp3rd/dsr_example2/dsr_realtime_control/include/dsr_realtime_control/realtime_api.hpp:17,
[62.894s]                  from /home/jack/ros2_ws/src/DoosanBootcamp3rd/dsr_example2/dsr_realtime_control/src/realtime_api.cpp:4:
[62.895s] /usr/local/include/eigen3/Eigen/src/Core/Matrix.h:376:25: note: candidate: ‘template<class OtherDerived> Eigen::Matrix<_Scalar, _Rows, _Cols, _Options, _MaxRows, _MaxCols>::Matrix(const Eigen::EigenBase<OtherDerived>&) [with OtherDerived = OtherDerived; _Scalar = double; int _Rows = 6; int _Cols = 1; int _Options = 0; int _MaxRows = 6; int _MaxCols = 1]’
[62.895s]   376 |     EIGEN_STRONG_INLINE Matrix(const EigenBase<OtherDerived> &other)
[62.895s]       |                         ^~~~~~
[62.895s] /usr/local/include/eigen3/Eigen/src/Core/Matrix.h:376:25: note:   template argument deduction/substitution failed:
[62.895s] /home/jack/ros2_ws/src/DoosanBootcamp3rd/dsr_example2/dsr_realtime_control/src/realtime_api.cpp:64:29: note:   mismatched types ‘const Eigen::EigenBase<Derived>’ and ‘int’
[62.895s]    64 | Vector6f deg_q_d{0,0,0,0,0,0};
[62.895s]       |                             ^
[62.895s] In file included from /usr/local/include/eigen3/Eigen/Core:458,
[62.895s]                  from /usr/local/include/eigen3/Eigen/Dense:1,
[62.895s]                  from /home/jack/ros2_ws/src/DoosanBootcamp3rd/dsr_example2/dsr_realtime_control/include/dsr_realtime_control/realtime_api.hpp:17,
[62.895s]                  from /home/jack/ros2_ws/src/DoosanBootcamp3rd/dsr_example2/dsr_realtime_control/src/realtime_api.cpp:4:
[62.895s] /usr/local/include/eigen3/Eigen/src/Core/Matrix.h:299:25: note: candidate: ‘template<class T0, class T1> Eigen::Matrix<_Scalar, _Rows, _Cols, _Options, _MaxRows, _MaxCols>::Matrix(const T0&, const T1&) [with T0 = T0; T1 = T1; _Scalar = double; int _Rows = 6; int _Cols = 1; int _Options = 0; int _MaxRows = 6; int _MaxCols = 1]’
[62.895s]   299 |     EIGEN_STRONG_INLINE Matrix(const T0& x, const T1& y)
[62.895s]       |                         ^~~~~~
[62.895s] /usr/local/include/eigen3/Eigen/src/Core/Matrix.h:299:25: note:   template argument deduction/substitution failed:
[62.896s] /home/jack/ros2_ws/src/DoosanBootcamp3rd/dsr_example2/dsr_realtime_control/src/realtime_api.cpp:64:29: note:   candidate expects 2 arguments, 6 provided
[62.896s]    64 | Vector6f deg_q_d{0,0,0,0,0,0};
[62.896s]       |                             ^
[62.896s] In file included from /usr/local/include/eigen3/Eigen/Core:458,
[62.896s]                  from /usr/local/include/eigen3/Eigen/Dense:1,
[62.896s]                  from /home/jack/ros2_ws/src/DoosanBootcamp3rd/dsr_example2/dsr_realtime_control/include/dsr_realtime_control/realtime_api.hpp:17,
[62.896s]                  from /home/jack/ros2_ws/src/DoosanBootcamp3rd/dsr_example2/dsr_realtime_control/src/realtime_api.cpp:4:
[62.896s] /usr/local/include/eigen3/Eigen/src/Core/Matrix.h:291:34: note: candidate: ‘template<class T> Eigen::Matrix<_Scalar, _Rows, _Cols, _Options, _MaxRows, _MaxCols>::Matrix(const T&) [with T = T; _Scalar = double; int _Rows = 6; int _Cols = 1; int _Options = 0; int _MaxRows = 6; int _MaxCols = 1]’
[62.896s]   291 |     EIGEN_STRONG_INLINE explicit Matrix(const T& x)
[62.896s]       |                                  ^~~~~~
[62.896s] /usr/local/include/eigen3/Eigen/src/Core/Matrix.h:291:34: note:   template argument deduction/substitution failed:
[62.896s] /home/jack/ros2_ws/src/DoosanBootcamp3rd/dsr_example2/dsr_realtime_control/src/realtime_api.cpp:64:29: note:   candidate expects 1 argument, 6 provided
[62.896s]    64 | Vector6f deg_q_d{0,0,0,0,0,0};
[62.896s]       |                             ^
[62.897s] In file included from /usr/local/include/eigen3/Eigen/Core:458,
[62.897s]                  from /usr/local/include/eigen3/Eigen/Dense:1,
[62.897s]                  from /home/jack/ros2_ws/src/DoosanBootcamp3rd/dsr_example2/dsr_realtime_control/include/dsr_realtime_control/realtime_api.hpp:17,
[62.897s]                  from /home/jack/ros2_ws/src/DoosanBootcamp3rd/dsr_example2/dsr_realtime_control/src/realtime_api.cpp:4:
[62.897s] /usr/local/include/eigen3/Eigen/src/Core/Matrix.h:368:25: note: candidate: ‘Eigen::Matrix<_Scalar, _Rows, _Cols, _Options, _MaxRows, _MaxCols>::Matrix(const Eigen::Matrix<_Scalar, _Rows, _Cols, _Options, _MaxRows, _MaxCols>&) [with _Scalar = double; int _Rows = 6; int _Cols = 1; int _Options = 0; int _MaxRows = 6; int _MaxCols = 1]’
[62.897s]   368 |     EIGEN_STRONG_INLINE Matrix(const Matrix& other) : Base(other)
[62.897s]       |                         ^~~~~~
[62.897s] /usr/local/include/eigen3/Eigen/src/Core/Matrix.h:368:25: note:   candidate expects 1 argument, 6 provided
[62.897s] /usr/local/include/eigen3/Eigen/src/Core/Matrix.h:355:25: note: candidate: ‘Eigen::Matrix<_Scalar, _Rows, _Cols, _Options, _MaxRows, _MaxCols>::Matrix(const Scalar&, const Scalar&, const Scalar&, const Scalar&) [with _Scalar = double; int _Rows = 6; int _Cols = 1; int _Options = 0; int _MaxRows = 6; int _MaxCols = 1; Eigen::Matrix<_Scalar, _Rows, _Cols, _Options, _MaxRows, _MaxCols>::Scalar = double]’
[62.897s]   355 |     EIGEN_STRONG_INLINE Matrix(const Scalar& x, const Scalar& y, const Scalar& z, const Scalar& w)
[62.897s]       |                         ^~~~~~
[62.897s] /usr/local/include/eigen3/Eigen/src/Core/Matrix.h:355:25: note:   candidate expects 4 arguments, 6 provided
[62.897s] /usr/local/include/eigen3/Eigen/src/Core/Matrix.h:345:25: note: candidate: ‘Eigen::Matrix<_Scalar, _Rows, _Cols, _Options, _MaxRows, _MaxCols>::Matrix(const Scalar&, const Scalar&, const Scalar&) [with _Scalar = double; int _Rows = 6; int _Cols = 1; int _Options = 0; int _MaxRows = 6; int _MaxCols = 1; Eigen::Matrix<_Scalar, _Rows, _Cols, _Options, _MaxRows, _MaxCols>::Scalar = double]’
[62.897s]   345 |     EIGEN_STRONG_INLINE Matrix(const Scalar& x, const Scalar& y, const Scalar& z)
[62.897s]       |                         ^~~~~~
[62.898s] /usr/local/include/eigen3/Eigen/src/Core/Matrix.h:345:25: note:   candidate expects 3 arguments, 6 provided
[62.898s] /usr/local/include/eigen3/Eigen/src/Core/Matrix.h:273:5: note: candidate: ‘Eigen::Matrix<_Scalar, _Rows, _Cols, _Options, _MaxRows, _MaxCols>::Matrix(Eigen::Matrix<_Scalar, _Rows, _Cols, _Options, _MaxRows, _MaxCols>&&) [with _Scalar = double; int _Rows = 6; int _Cols = 1; int _Options = 0; int _MaxRows = 6; int _MaxCols = 1]’
[62.898s]   273 |     Matrix(Matrix&& other) EIGEN_NOEXCEPT_IF(std::is_nothrow_move_constructible<Scalar>::value)
[62.898s]       |     ^~~~~~
[62.898s] /usr/local/include/eigen3/Eigen/src/Core/Matrix.h:273:5: note:   candidate expects 1 argument, 6 provided
[62.898s] /usr/local/include/eigen3/Eigen/src/Core/Matrix.h:267:14: note: candidate: ‘Eigen::Matrix<_Scalar, _Rows, _Cols, _Options, _MaxRows, _MaxCols>::Matrix(Eigen::internal::constructor_without_unaligned_array_assert) [with _Scalar = double; int _Rows = 6; int _Cols = 1; int _Options = 0; int _MaxRows = 6; int _MaxCols = 1]’
[62.898s]   267 |     explicit Matrix(internal::constructor_without_unaligned_array_assert)
[62.898s]       |              ^~~~~~
[62.898s] /usr/local/include/eigen3/Eigen/src/Core/Matrix.h:267:14: note:   candidate expects 1 argument, 6 provided
[62.898s] /usr/local/include/eigen3/Eigen/src/Core/Matrix.h:259:25: note: candidate: ‘Eigen::Matrix<_Scalar, _Rows, _Cols, _Options, _MaxRows, _MaxCols>::Matrix() [with _Scalar = double; int _Rows = 6; int _Cols = 1; int _Options = 0; int _MaxRows = 6; int _MaxCols = 1]’
[62.898s]   259 |     EIGEN_STRONG_INLINE Matrix() : Base()
[62.898s]       |                         ^~~~~~
[62.898s] /usr/local/include/eigen3/Eigen/src/Core/Matrix.h:259:25: note:   candidate expects 0 arguments, 6 provided
[62.898s] /home/jack/ros2_ws/src/DoosanBootcamp3rd/dsr_example2/dsr_realtime_control/src/realtime_api.cpp:65:33: error: no matching function for call to ‘Eigen::Matrix<double, 6, 1>::Matrix(<brace-enclosed initializer list>)’
[62.898s]    65 | Vector6f deg_q_dot_d{0,0,0,0,0,0};
[62.898s]       |                                 ^
[62.899s] In file included from /usr/local/include/eigen3/Eigen/Core:458,
[62.899s]                  from /usr/local/include/eigen3/Eigen/Dense:1,
[62.899s]                  from /home/jack/ros2_ws/src/DoosanBootcamp3rd/dsr_example2/dsr_realtime_control/include/dsr_realtime_control/realtime_api.hpp:17,
[62.899s]                  from /home/jack/ros2_ws/src/DoosanBootcamp3rd/dsr_example2/dsr_realtime_control/src/realtime_api.cpp:4:
[62.899s] /usr/local/include/eigen3/Eigen/src/Core/Matrix.h:387:14: note: candidate: ‘template<class OtherDerived> Eigen::Matrix<_Scalar, _Rows, _Cols, _Options, _MaxRows, _MaxCols>::Matrix(const Eigen::RotationBase<OtherDerived, Eigen::Matrix<_Scalar, _Rows, _Cols, _Options, _MaxRows, _MaxCols>::ColsAtCompileTime>&) [with OtherDerived = OtherDerived; _Scalar = double; int _Rows = 6; int _Cols = 1; int _Options = 0; int _MaxRows = 6; int _MaxCols = 1]’
[62.899s]   387 |     explicit Matrix(const RotationBase<OtherDerived,ColsAtCompileTime>& r);
[62.899s]       |              ^~~~~~
[62.899s] /usr/local/include/eigen3/Eigen/src/Core/Matrix.h:387:14: note:   template argument deduction/substitution failed:
[62.899s] /home/jack/ros2_ws/src/DoosanBootcamp3rd/dsr_example2/dsr_realtime_control/src/realtime_api.cpp:65:33: note:   mismatched types ‘const Eigen::RotationBase<OtherDerived, 1>’ and ‘int’
[62.899s]    65 | Vector6f deg_q_dot_d{0,0,0,0,0,0};
[62.899s]       |                                 ^
[62.899s] In file included from /usr/local/include/eigen3/Eigen/Core:458,
[62.899s]                  from /usr/local/include/eigen3/Eigen/Dense:1,
[62.899s]                  from /home/jack/ros2_ws/src/DoosanBootcamp3rd/dsr_example2/dsr_realtime_control/include/dsr_realtime_control/realtime_api.hpp:17,
[62.899s]                  from /home/jack/ros2_ws/src/DoosanBootcamp3rd/dsr_example2/dsr_realtime_control/src/realtime_api.cpp:4:
[62.900s] /usr/local/include/eigen3/Eigen/src/Core/Matrix.h:376:25: note: candidate: ‘template<class OtherDerived> Eigen::Matrix<_Scalar, _Rows, _Cols, _Options, _MaxRows, _MaxCols>::Matrix(const Eigen::EigenBase<OtherDerived>&) [with OtherDerived = OtherDerived; _Scalar = double; int _Rows = 6; int _Cols = 1; int _Options = 0; int _MaxRows = 6; int _MaxCols = 1]’
[62.900s]   376 |     EIGEN_STRONG_INLINE Matrix(const EigenBase<OtherDerived> &other)
[62.900s]       |                         ^~~~~~
[62.900s] /usr/local/include/eigen3/Eigen/src/Core/Matrix.h:376:25: note:   template argument deduction/substitution failed:
[62.900s] /home/jack/ros2_ws/src/DoosanBootcamp3rd/dsr_example2/dsr_realtime_control/src/realtime_api.cpp:65:33: note:   mismatched types ‘const Eigen::EigenBase<Derived>’ and ‘int’
[62.900s]    65 | Vector6f deg_q_dot_d{0,0,0,0,0,0};
[62.900s]       |                                 ^
[62.900s] In file included from /usr/local/include/eigen3/Eigen/Core:458,
[62.900s]                  from /usr/local/include/eigen3/Eigen/Dense:1,
[62.900s]                  from /home/jack/ros2_ws/src/DoosanBootcamp3rd/dsr_example2/dsr_realtime_control/include/dsr_realtime_control/realtime_api.hpp:17,
[62.900s]                  from /home/jack/ros2_ws/src/DoosanBootcamp3rd/dsr_example2/dsr_realtime_control/src/realtime_api.cpp:4:
[62.900s] /usr/local/include/eigen3/Eigen/src/Core/Matrix.h:299:25: note: candidate: ‘template<class T0, class T1> Eigen::Matrix<_Scalar, _Rows, _Cols, _Options, _MaxRows, _MaxCols>::Matrix(const T0&, const T1&) [with T0 = T0; T1 = T1; _Scalar = double; int _Rows = 6; int _Cols = 1; int _Options = 0; int _MaxRows = 6; int _MaxCols = 1]’
[62.900s]   299 |     EIGEN_STRONG_INLINE Matrix(const T0& x, const T1& y)
[62.900s]       |                         ^~~~~~
[62.900s] /usr/local/include/eigen3/Eigen/src/Core/Matrix.h:299:25: note:   template argument deduction/substitution failed:
[62.901s] /home/jack/ros2_ws/src/DoosanBootcamp3rd/dsr_example2/dsr_realtime_control/src/realtime_api.cpp:65:33: note:   candidate expects 2 arguments, 6 provided
[62.901s]    65 | Vector6f deg_q_dot_d{0,0,0,0,0,0};
[62.901s]       |                                 ^
[62.901s] In file included from /usr/local/include/eigen3/Eigen/Core:458,
[62.901s]                  from /usr/local/include/eigen3/Eigen/Dense:1,
[62.901s]                  from /home/jack/ros2_ws/src/DoosanBootcamp3rd/dsr_example2/dsr_realtime_control/include/dsr_realtime_control/realtime_api.hpp:17,
[62.901s]                  from /home/jack/ros2_ws/src/DoosanBootcamp3rd/dsr_example2/dsr_realtime_control/src/realtime_api.cpp:4:
[62.901s] /usr/local/include/eigen3/Eigen/src/Core/Matrix.h:291:34: note: candidate: ‘template<class T> Eigen::Matrix<_Scalar, _Rows, _Cols, _Options, _MaxRows, _MaxCols>::Matrix(const T&) [with T = T; _Scalar = double; int _Rows = 6; int _Cols = 1; int _Options = 0; int _MaxRows = 6; int _MaxCols = 1]’
[62.901s]   291 |     EIGEN_STRONG_INLINE explicit Matrix(const T& x)
[62.901s]       |                                  ^~~~~~
[62.901s] /usr/local/include/eigen3/Eigen/src/Core/Matrix.h:291:34: note:   template argument deduction/substitution failed:
[62.901s] /home/jack/ros2_ws/src/DoosanBootcamp3rd/dsr_example2/dsr_realtime_control/src/realtime_api.cpp:65:33: note:   candidate expects 1 argument, 6 provided
[62.901s]    65 | Vector6f deg_q_dot_d{0,0,0,0,0,0};
[62.901s]       |                                 ^
[62.901s] In file included from /usr/local/include/eigen3/Eigen/Core:458,
[62.902s]                  from /usr/local/include/eigen3/Eigen/Dense:1,
[62.902s]                  from /home/jack/ros2_ws/src/DoosanBootcamp3rd/dsr_example2/dsr_realtime_control/include/dsr_realtime_control/realtime_api.hpp:17,
[62.902s]                  from /home/jack/ros2_ws/src/DoosanBootcamp3rd/dsr_example2/dsr_realtime_control/src/realtime_api.cpp:4:
[62.902s] /usr/local/include/eigen3/Eigen/src/Core/Matrix.h:368:25: note: candidate: ‘Eigen::Matrix<_Scalar, _Rows, _Cols, _Options, _MaxRows, _MaxCols>::Matrix(const Eigen::Matrix<_Scalar, _Rows, _Cols, _Options, _MaxRows, _MaxCols>&) [with _Scalar = double; int _Rows = 6; int _Cols = 1; int _Options = 0; int _MaxRows = 6; int _MaxCols = 1]’
[62.902s]   368 |     EIGEN_STRONG_INLINE Matrix(const Matrix& other) : Base(other)
[62.902s]       |                         ^~~~~~
[62.902s] /usr/local/include/eigen3/Eigen/src/Core/Matrix.h:368:25: note:   candidate expects 1 argument, 6 provided
[62.902s] /usr/local/include/eigen3/Eigen/src/Core/Matrix.h:355:25: note: candidate: ‘Eigen::Matrix<_Scalar, _Rows, _Cols, _Options, _MaxRows, _MaxCols>::Matrix(const Scalar&, const Scalar&, const Scalar&, const Scalar&) [with _Scalar = double; int _Rows = 6; int _Cols = 1; int _Options = 0; int _MaxRows = 6; int _MaxCols = 1; Eigen::Matrix<_Scalar, _Rows, _Cols, _Options, _MaxRows, _MaxCols>::Scalar = double]’
[62.902s]   355 |     EIGEN_STRONG_INLINE Matrix(const Scalar& x, const Scalar& y, const Scalar& z, const Scalar& w)
[62.902s]       |                         ^~~~~~
[62.902s] /usr/local/include/eigen3/Eigen/src/Core/Matrix.h:355:25: note:   candidate expects 4 arguments, 6 provided
[62.902s] /usr/local/include/eigen3/Eigen/src/Core/Matrix.h:345:25: note: candidate: ‘Eigen::Matrix<_Scalar, _Rows, _Cols, _Options, _MaxRows, _MaxCols>::Matrix(const Scalar&, const Scalar&, const Scalar&) [with _Scalar = double; int _Rows = 6; int _Cols = 1; int _Options = 0; int _MaxRows = 6; int _MaxCols = 1; Eigen::Matrix<_Scalar, _Rows, _Cols, _Options, _MaxRows, _MaxCols>::Scalar = double]’
[62.902s]   345 |     EIGEN_STRONG_INLINE Matrix(const Scalar& x, const Scalar& y, const Scalar& z)
[62.902s]       |                         ^~~~~~
[62.902s] /usr/local/include/eigen3/Eigen/src/Core/Matrix.h:345:25: note:   candidate expects 3 arguments, 6 provided
[62.903s] /usr/local/include/eigen3/Eigen/src/Core/Matrix.h:273:5: note: candidate: ‘Eigen::Matrix<_Scalar, _Rows, _Cols, _Options, _MaxRows, _MaxCols>::Matrix(Eigen::Matrix<_Scalar, _Rows, _Cols, _Options, _MaxRows, _MaxCols>&&) [with _Scalar = double; int _Rows = 6; int _Cols = 1; int _Options = 0; int _MaxRows = 6; int _MaxCols = 1]’
[62.903s]   273 |     Matrix(Matrix&& other) EIGEN_NOEXCEPT_IF(std::is_nothrow_move_constructible<Scalar>::value)
[62.903s]       |     ^~~~~~
[62.903s] /usr/local/include/eigen3/Eigen/src/Core/Matrix.h:273:5: note:   candidate expects 1 argument, 6 provided
[62.903s] /usr/local/include/eigen3/Eigen/src/Core/Matrix.h:267:14: note: candidate: ‘Eigen::Matrix<_Scalar, _Rows, _Cols, _Options, _MaxRows, _MaxCols>::Matrix(Eigen::internal::constructor_without_unaligned_array_assert) [with _Scalar = double; int _Rows = 6; int _Cols = 1; int _Options = 0; int _MaxRows = 6; int _MaxCols = 1]’
[62.903s]   267 |     explicit Matrix(internal::constructor_without_unaligned_array_assert)
[62.903s]       |              ^~~~~~
[62.903s] /usr/local/include/eigen3/Eigen/src/Core/Matrix.h:267:14: note:   candidate expects 1 argument, 6 provided
[62.903s] /usr/local/include/eigen3/Eigen/src/Core/Matrix.h:259:25: note: candidate: ‘Eigen::Matrix<_Scalar, _Rows, _Cols, _Options, _MaxRows, _MaxCols>::Matrix() [with _Scalar = double; int _Rows = 6; int _Cols = 1; int _Options = 0; int _MaxRows = 6; int _MaxCols = 1]’
[62.903s]   259 |     EIGEN_STRONG_INLINE Matrix() : Base()
[62.903s]       |                         ^~~~~~
[62.903s] /usr/local/include/eigen3/Eigen/src/Core/Matrix.h:259:25: note:   candidate expects 0 arguments, 6 provided
[62.903s] /home/jack/ros2_ws/src/DoosanBootcamp3rd/dsr_example2/dsr_realtime_control/src/realtime_api.cpp:66:34: error: no matching function for call to ‘Eigen::Matrix<double, 6, 1>::Matrix(<brace-enclosed initializer list>)’
[62.903s]    66 | Vector6f deg_q_ddot_d{0,0,0,0,0,0};
[62.903s]       |                                  ^
[62.903s] In file included from /usr/local/include/eigen3/Eigen/Core:458,
[62.904s]                  from /usr/local/include/eigen3/Eigen/Dense:1,
[62.904s]                  from /home/jack/ros2_ws/src/DoosanBootcamp3rd/dsr_example2/dsr_realtime_control/include/dsr_realtime_control/realtime_api.hpp:17,
[62.904s]                  from /home/jack/ros2_ws/src/DoosanBootcamp3rd/dsr_example2/dsr_realtime_control/src/realtime_api.cpp:4:
[62.904s] /usr/local/include/eigen3/Eigen/src/Core/Matrix.h:387:14: note: candidate: ‘template<class OtherDerived> Eigen::Matrix<_Scalar, _Rows, _Cols, _Options, _MaxRows, _MaxCols>::Matrix(const Eigen::RotationBase<OtherDerived, Eigen::Matrix<_Scalar, _Rows, _Cols, _Options, _MaxRows, _MaxCols>::ColsAtCompileTime>&) [with OtherDerived = OtherDerived; _Scalar = double; int _Rows = 6; int _Cols = 1; int _Options = 0; int _MaxRows = 6; int _MaxCols = 1]’
[62.904s]   387 |     explicit Matrix(const RotationBase<OtherDerived,ColsAtCompileTime>& r);
[62.904s]       |              ^~~~~~
[62.904s] /usr/local/include/eigen3/Eigen/src/Core/Matrix.h:387:14: note:   template argument deduction/substitution failed:
[62.904s] /home/jack/ros2_ws/src/DoosanBootcamp3rd/dsr_example2/dsr_realtime_control/src/realtime_api.cpp:66:34: note:   mismatched types ‘const Eigen::RotationBase<OtherDerived, 1>’ and ‘int’
[62.904s]    66 | Vector6f deg_q_ddot_d{0,0,0,0,0,0};
[62.904s]       |                                  ^
[62.904s] In file included from /usr/local/include/eigen3/Eigen/Core:458,
[62.904s]                  from /usr/local/include/eigen3/Eigen/Dense:1,
[62.904s]                  from /home/jack/ros2_ws/src/DoosanBootcamp3rd/dsr_example2/dsr_realtime_control/include/dsr_realtime_control/realtime_api.hpp:17,
[62.904s]                  from /home/jack/ros2_ws/src/DoosanBootcamp3rd/dsr_example2/dsr_realtime_control/src/realtime_api.cpp:4:
[62.904s] /usr/local/include/eigen3/Eigen/src/Core/Matrix.h:376:25: note: candidate: ‘template<class OtherDerived> Eigen::Matrix<_Scalar, _Rows, _Cols, _Options, _MaxRows, _MaxCols>::Matrix(const Eigen::EigenBase<OtherDerived>&) [with OtherDerived = OtherDerived; _Scalar = double; int _Rows = 6; int _Cols = 1; int _Options = 0; int _MaxRows = 6; int _MaxCols = 1]’
[62.905s]   376 |     EIGEN_STRONG_INLINE Matrix(const EigenBase<OtherDerived> &other)
[62.905s]       |                         ^~~~~~
[62.905s] /usr/local/include/eigen3/Eigen/src/Core/Matrix.h:376:25: note:   template argument deduction/substitution failed:
[62.905s] /home/jack/ros2_ws/src/DoosanBootcamp3rd/dsr_example2/dsr_realtime_control/src/realtime_api.cpp:66:34: note:   mismatched types ‘const Eigen::EigenBase<Derived>’ and ‘int’
[62.905s]    66 | Vector6f deg_q_ddot_d{0,0,0,0,0,0};
[62.905s]       |                                  ^
[62.905s] In file included from /usr/local/include/eigen3/Eigen/Core:458,
[62.905s]                  from /usr/local/include/eigen3/Eigen/Dense:1,
[62.905s]                  from /home/jack/ros2_ws/src/DoosanBootcamp3rd/dsr_example2/dsr_realtime_control/include/dsr_realtime_control/realtime_api.hpp:17,
[62.905s]                  from /home/jack/ros2_ws/src/DoosanBootcamp3rd/dsr_example2/dsr_realtime_control/src/realtime_api.cpp:4:
[62.905s] /usr/local/include/eigen3/Eigen/src/Core/Matrix.h:299:25: note: candidate: ‘template<class T0, class T1> Eigen::Matrix<_Scalar, _Rows, _Cols, _Options, _MaxRows, _MaxCols>::Matrix(const T0&, const T1&) [with T0 = T0; T1 = T1; _Scalar = double; int _Rows = 6; int _Cols = 1; int _Options = 0; int _MaxRows = 6; int _MaxCols = 1]’
[62.905s]   299 |     EIGEN_STRONG_INLINE Matrix(const T0& x, const T1& y)
[62.905s]       |                         ^~~~~~
[62.905s] /usr/local/include/eigen3/Eigen/src/Core/Matrix.h:299:25: note:   template argument deduction/substitution failed:
[62.905s] /home/jack/ros2_ws/src/DoosanBootcamp3rd/dsr_example2/dsr_realtime_control/src/realtime_api.cpp:66:34: note:   candidate expects 2 arguments, 6 provided
[62.906s]    66 | Vector6f deg_q_ddot_d{0,0,0,0,0,0};
[62.906s]       |                                  ^
[62.906s] In file included from /usr/local/include/eigen3/Eigen/Core:458,
[62.906s]                  from /usr/local/include/eigen3/Eigen/Dense:1,
[62.906s]                  from /home/jack/ros2_ws/src/DoosanBootcamp3rd/dsr_example2/dsr_realtime_control/include/dsr_realtime_control/realtime_api.hpp:17,
[62.906s]                  from /home/jack/ros2_ws/src/DoosanBootcamp3rd/dsr_example2/dsr_realtime_control/src/realtime_api.cpp:4:
[62.906s] /usr/local/include/eigen3/Eigen/src/Core/Matrix.h:291:34: note: candidate: ‘template<class T> Eigen::Matrix<_Scalar, _Rows, _Cols, _Options, _MaxRows, _MaxCols>::Matrix(const T&) [with T = T; _Scalar = double; int _Rows = 6; int _Cols = 1; int _Options = 0; int _MaxRows = 6; int _MaxCols = 1]’
[62.906s]   291 |     EIGEN_STRONG_INLINE explicit Matrix(const T& x)
[62.906s]       |                                  ^~~~~~
[62.906s] /usr/local/include/eigen3/Eigen/src/Core/Matrix.h:291:34: note:   template argument deduction/substitution failed:
[62.906s] /home/jack/ros2_ws/src/DoosanBootcamp3rd/dsr_example2/dsr_realtime_control/src/realtime_api.cpp:66:34: note:   candidate expects 1 argument, 6 provided
[62.906s]    66 | Vector6f deg_q_ddot_d{0,0,0,0,0,0};
[62.906s]       |                                  ^
[62.906s] In file included from /usr/local/include/eigen3/Eigen/Core:458,
[62.906s]                  from /usr/local/include/eigen3/Eigen/Dense:1,
[62.906s]                  from /home/jack/ros2_ws/src/DoosanBootcamp3rd/dsr_example2/dsr_realtime_control/include/dsr_realtime_control/realtime_api.hpp:17,
[62.907s]                  from /home/jack/ros2_ws/src/DoosanBootcamp3rd/dsr_example2/dsr_realtime_control/src/realtime_api.cpp:4:
[62.907s] /usr/local/include/eigen3/Eigen/src/Core/Matrix.h:368:25: note: candidate: ‘Eigen::Matrix<_Scalar, _Rows, _Cols, _Options, _MaxRows, _MaxCols>::Matrix(const Eigen::Matrix<_Scalar, _Rows, _Cols, _Options, _MaxRows, _MaxCols>&) [with _Scalar = double; int _Rows = 6; int _Cols = 1; int _Options = 0; int _MaxRows = 6; int _MaxCols = 1]’
[62.907s]   368 |     EIGEN_STRONG_INLINE Matrix(const Matrix& other) : Base(other)
[62.907s]       |                         ^~~~~~
[62.907s] /usr/local/include/eigen3/Eigen/src/Core/Matrix.h:368:25: note:   candidate expects 1 argument, 6 provided
[62.907s] /usr/local/include/eigen3/Eigen/src/Core/Matrix.h:355:25: note: candidate: ‘Eigen::Matrix<_Scalar, _Rows, _Cols, _Options, _MaxRows, _MaxCols>::Matrix(const Scalar&, const Scalar&, const Scalar&, const Scalar&) [with _Scalar = double; int _Rows = 6; int _Cols = 1; int _Options = 0; int _MaxRows = 6; int _MaxCols = 1; Eigen::Matrix<_Scalar, _Rows, _Cols, _Options, _MaxRows, _MaxCols>::Scalar = double]’
[62.907s]   355 |     EIGEN_STRONG_INLINE Matrix(const Scalar& x, const Scalar& y, const Scalar& z, const Scalar& w)
[62.907s]       |                         ^~~~~~
[62.907s] /usr/local/include/eigen3/Eigen/src/Core/Matrix.h:355:25: note:   candidate expects 4 arguments, 6 provided
[62.907s] /usr/local/include/eigen3/Eigen/src/Core/Matrix.h:345:25: note: candidate: ‘Eigen::Matrix<_Scalar, _Rows, _Cols, _Options, _MaxRows, _MaxCols>::Matrix(const Scalar&, const Scalar&, const Scalar&) [with _Scalar = double; int _Rows = 6; int _Cols = 1; int _Options = 0; int _MaxRows = 6; int _MaxCols = 1; Eigen::Matrix<_Scalar, _Rows, _Cols, _Options, _MaxRows, _MaxCols>::Scalar = double]’
[62.907s]   345 |     EIGEN_STRONG_INLINE Matrix(const Scalar& x, const Scalar& y, const Scalar& z)
[62.907s]       |                         ^~~~~~
[62.907s] /usr/local/include/eigen3/Eigen/src/Core/Matrix.h:345:25: note:   candidate expects 3 arguments, 6 provided
[62.907s] /usr/local/include/eigen3/Eigen/src/Core/Matrix.h:273:5: note: candidate: ‘Eigen::Matrix<_Scalar, _Rows, _Cols, _Options, _MaxRows, _MaxCols>::Matrix(Eigen::Matrix<_Scalar, _Rows, _Cols, _Options, _MaxRows, _MaxCols>&&) [with _Scalar = double; int _Rows = 6; int _Cols = 1; int _Options = 0; int _MaxRows = 6; int _MaxCols = 1]’
[62.907s]   273 |     Matrix(Matrix&& other) EIGEN_NOEXCEPT_IF(std::is_nothrow_move_constructible<Scalar>::value)
[62.908s]       |     ^~~~~~
[62.908s] /usr/local/include/eigen3/Eigen/src/Core/Matrix.h:273:5: note:   candidate expects 1 argument, 6 provided
[62.908s] /usr/local/include/eigen3/Eigen/src/Core/Matrix.h:267:14: note: candidate: ‘Eigen::Matrix<_Scalar, _Rows, _Cols, _Options, _MaxRows, _MaxCols>::Matrix(Eigen::internal::constructor_without_unaligned_array_assert) [with _Scalar = double; int _Rows = 6; int _Cols = 1; int _Options = 0; int _MaxRows = 6; int _MaxCols = 1]’
[62.908s]   267 |     explicit Matrix(internal::constructor_without_unaligned_array_assert)
[62.908s]       |              ^~~~~~
[62.908s] /usr/local/include/eigen3/Eigen/src/Core/Matrix.h:267:14: note:   candidate expects 1 argument, 6 provided
[62.908s] /usr/local/include/eigen3/Eigen/src/Core/Matrix.h:259:25: note: candidate: ‘Eigen::Matrix<_Scalar, _Rows, _Cols, _Options, _MaxRows, _MaxCols>::Matrix() [with _Scalar = double; int _Rows = 6; int _Cols = 1; int _Options = 0; int _MaxRows = 6; int _MaxCols = 1]’
[62.908s]   259 |     EIGEN_STRONG_INLINE Matrix() : Base()
[62.908s]       |                         ^~~~~~
[62.908s] /usr/local/include/eigen3/Eigen/src/Core/Matrix.h:259:25: note:   candidate expects 0 arguments, 6 provided
[62.908s] /home/jack/ros2_ws/src/DoosanBootcamp3rd/dsr_example2/dsr_realtime_control/src/realtime_api.cpp:68:25: error: no matching function for call to ‘Eigen::Matrix<double, 6, 1>::Matrix(<brace-enclosed initializer list>)’
[62.908s]    68 | Vector6f q_d{0,0,0,0,0,0};
[62.908s]       |                         ^
[62.908s] In file included from /usr/local/include/eigen3/Eigen/Core:458,
[62.908s]                  from /usr/local/include/eigen3/Eigen/Dense:1,
[62.909s]                  from /home/jack/ros2_ws/src/DoosanBootcamp3rd/dsr_example2/dsr_realtime_control/include/dsr_realtime_control/realtime_api.hpp:17,
[62.909s]                  from /home/jack/ros2_ws/src/DoosanBootcamp3rd/dsr_example2/dsr_realtime_control/src/realtime_api.cpp:4:
[62.909s] /usr/local/include/eigen3/Eigen/src/Core/Matrix.h:387:14: note: candidate: ‘template<class OtherDerived> Eigen::Matrix<_Scalar, _Rows, _Cols, _Options, _MaxRows, _MaxCols>::Matrix(const Eigen::RotationBase<OtherDerived, Eigen::Matrix<_Scalar, _Rows, _Cols, _Options, _MaxRows, _MaxCols>::ColsAtCompileTime>&) [with OtherDerived = OtherDerived; _Scalar = double; int _Rows = 6; int _Cols = 1; int _Options = 0; int _MaxRows = 6; int _MaxCols = 1]’
[62.909s]   387 |     explicit Matrix(const RotationBase<OtherDerived,ColsAtCompileTime>& r);
[62.909s]       |              ^~~~~~
[62.909s] /usr/local/include/eigen3/Eigen/src/Core/Matrix.h:387:14: note:   template argument deduction/substitution failed:
[62.909s] /home/jack/ros2_ws/src/DoosanBootcamp3rd/dsr_example2/dsr_realtime_control/src/realtime_api.cpp:68:25: note:   mismatched types ‘const Eigen::RotationBase<OtherDerived, 1>’ and ‘int’
[62.909s]    68 | Vector6f q_d{0,0,0,0,0,0};
[62.909s]       |                         ^
[62.909s] In file included from /usr/local/include/eigen3/Eigen/Core:458,
[62.909s]                  from /usr/local/include/eigen3/Eigen/Dense:1,
[62.909s]                  from /home/jack/ros2_ws/src/DoosanBootcamp3rd/dsr_example2/dsr_realtime_control/include/dsr_realtime_control/realtime_api.hpp:17,
[62.909s]                  from /home/jack/ros2_ws/src/DoosanBootcamp3rd/dsr_example2/dsr_realtime_control/src/realtime_api.cpp:4:
[62.909s] /usr/local/include/eigen3/Eigen/src/Core/Matrix.h:376:25: note: candidate: ‘template<class OtherDerived> Eigen::Matrix<_Scalar, _Rows, _Cols, _Options, _MaxRows, _MaxCols>::Matrix(const Eigen::EigenBase<OtherDerived>&) [with OtherDerived = OtherDerived; _Scalar = double; int _Rows = 6; int _Cols = 1; int _Options = 0; int _MaxRows = 6; int _MaxCols = 1]’
[62.910s]   376 |     EIGEN_STRONG_INLINE Matrix(const EigenBase<OtherDerived> &other)
[62.910s]       |                         ^~~~~~
[62.910s] /usr/local/include/eigen3/Eigen/src/Core/Matrix.h:376:25: note:   template argument deduction/substitution failed:
[62.910s] /home/jack/ros2_ws/src/DoosanBootcamp3rd/dsr_example2/dsr_realtime_control/src/realtime_api.cpp:68:25: note:   mismatched types ‘const Eigen::EigenBase<Derived>’ and ‘int’
[62.910s]    68 | Vector6f q_d{0,0,0,0,0,0};
[62.910s]       |                         ^
[62.910s] In file included from /usr/local/include/eigen3/Eigen/Core:458,
[62.910s]                  from /usr/local/include/eigen3/Eigen/Dense:1,
[62.910s]                  from /home/jack/ros2_ws/src/DoosanBootcamp3rd/dsr_example2/dsr_realtime_control/include/dsr_realtime_control/realtime_api.hpp:17,
[62.910s]                  from /home/jack/ros2_ws/src/DoosanBootcamp3rd/dsr_example2/dsr_realtime_control/src/realtime_api.cpp:4:
[62.910s] /usr/local/include/eigen3/Eigen/src/Core/Matrix.h:299:25: note: candidate: ‘template<class T0, class T1> Eigen::Matrix<_Scalar, _Rows, _Cols, _Options, _MaxRows, _MaxCols>::Matrix(const T0&, const T1&) [with T0 = T0; T1 = T1; _Scalar = double; int _Rows = 6; int _Cols = 1; int _Options = 0; int _MaxRows = 6; int _MaxCols = 1]’
[62.910s]   299 |     EIGEN_STRONG_INLINE Matrix(const T0& x, const T1& y)
[62.910s]       |                         ^~~~~~
[62.910s] /usr/local/include/eigen3/Eigen/src/Core/Matrix.h:299:25: note:   template argument deduction/substitution failed:
[62.910s] /home/jack/ros2_ws/src/DoosanBootcamp3rd/dsr_example2/dsr_realtime_control/src/realtime_api.cpp:68:25: note:   candidate expects 2 arguments, 6 provided
[62.910s]    68 | Vector6f q_d{0,0,0,0,0,0};
[62.911s]       |                         ^
[62.911s] In file included from /usr/local/include/eigen3/Eigen/Core:458,
[62.911s]                  from /usr/local/include/eigen3/Eigen/Dense:1,
[62.911s]                  from /home/jack/ros2_ws/src/DoosanBootcamp3rd/dsr_example2/dsr_realtime_control/include/dsr_realtime_control/realtime_api.hpp:17,
[62.911s]                  from /home/jack/ros2_ws/src/DoosanBootcamp3rd/dsr_example2/dsr_realtime_control/src/realtime_api.cpp:4:
[62.911s] /usr/local/include/eigen3/Eigen/src/Core/Matrix.h:291:34: note: candidate: ‘template<class T> Eigen::Matrix<_Scalar, _Rows, _Cols, _Options, _MaxRows, _MaxCols>::Matrix(const T&) [with T = T; _Scalar = double; int _Rows = 6; int _Cols = 1; int _Options = 0; int _MaxRows = 6; int _MaxCols = 1]’
[62.911s]   291 |     EIGEN_STRONG_INLINE explicit Matrix(const T& x)
[62.911s]       |                                  ^~~~~~
[62.911s] /usr/local/include/eigen3/Eigen/src/Core/Matrix.h:291:34: note:   template argument deduction/substitution failed:
[62.911s] /home/jack/ros2_ws/src/DoosanBootcamp3rd/dsr_example2/dsr_realtime_control/src/realtime_api.cpp:68:25: note:   candidate expects 1 argument, 6 provided
[62.911s]    68 | Vector6f q_d{0,0,0,0,0,0};
[62.911s]       |                         ^
[62.911s] In file included from /usr/local/include/eigen3/Eigen/Core:458,
[62.911s]                  from /usr/local/include/eigen3/Eigen/Dense:1,
[62.911s]                  from /home/jack/ros2_ws/src/DoosanBootcamp3rd/dsr_example2/dsr_realtime_control/include/dsr_realtime_control/realtime_api.hpp:17,
[62.911s]                  from /home/jack/ros2_ws/src/DoosanBootcamp3rd/dsr_example2/dsr_realtime_control/src/realtime_api.cpp:4:
[62.912s] /usr/local/include/eigen3/Eigen/src/Core/Matrix.h:368:25: note: candidate: ‘Eigen::Matrix<_Scalar, _Rows, _Cols, _Options, _MaxRows, _MaxCols>::Matrix(const Eigen::Matrix<_Scalar, _Rows, _Cols, _Options, _MaxRows, _MaxCols>&) [with _Scalar = double; int _Rows = 6; int _Cols = 1; int _Options = 0; int _MaxRows = 6; int _MaxCols = 1]’
[62.912s]   368 |     EIGEN_STRONG_INLINE Matrix(const Matrix& other) : Base(other)
[62.912s]       |                         ^~~~~~
[62.912s] /usr/local/include/eigen3/Eigen/src/Core/Matrix.h:368:25: note:   candidate expects 1 argument, 6 provided
[62.912s] /usr/local/include/eigen3/Eigen/src/Core/Matrix.h:355:25: note: candidate: ‘Eigen::Matrix<_Scalar, _Rows, _Cols, _Options, _MaxRows, _MaxCols>::Matrix(const Scalar&, const Scalar&, const Scalar&, const Scalar&) [with _Scalar = double; int _Rows = 6; int _Cols = 1; int _Options = 0; int _MaxRows = 6; int _MaxCols = 1; Eigen::Matrix<_Scalar, _Rows, _Cols, _Options, _MaxRows, _MaxCols>::Scalar = double]’
[62.912s]   355 |     EIGEN_STRONG_INLINE Matrix(const Scalar& x, const Scalar& y, const Scalar& z, const Scalar& w)
[62.912s]       |                         ^~~~~~
[62.912s] /usr/local/include/eigen3/Eigen/src/Core/Matrix.h:355:25: note:   candidate expects 4 arguments, 6 provided
[62.912s] /usr/local/include/eigen3/Eigen/src/Core/Matrix.h:345:25: note: candidate: ‘Eigen::Matrix<_Scalar, _Rows, _Cols, _Options, _MaxRows, _MaxCols>::Matrix(const Scalar&, const Scalar&, const Scalar&) [with _Scalar = double; int _Rows = 6; int _Cols = 1; int _Options = 0; int _MaxRows = 6; int _MaxCols = 1; Eigen::Matrix<_Scalar, _Rows, _Cols, _Options, _MaxRows, _MaxCols>::Scalar = double]’
[62.912s]   345 |     EIGEN_STRONG_INLINE Matrix(const Scalar& x, const Scalar& y, const Scalar& z)
[62.912s]       |                         ^~~~~~
[62.912s] /usr/local/include/eigen3/Eigen/src/Core/Matrix.h:345:25: note:   candidate expects 3 arguments, 6 provided
[62.912s] /usr/local/include/eigen3/Eigen/src/Core/Matrix.h:273:5: note: candidate: ‘Eigen::Matrix<_Scalar, _Rows, _Cols, _Options, _MaxRows, _MaxCols>::Matrix(Eigen::Matrix<_Scalar, _Rows, _Cols, _Options, _MaxRows, _MaxCols>&&) [with _Scalar = double; int _Rows = 6; int _Cols = 1; int _Options = 0; int _MaxRows = 6; int _MaxCols = 1]’
[62.912s]   273 |     Matrix(Matrix&& other) EIGEN_NOEXCEPT_IF(std::is_nothrow_move_constructible<Scalar>::value)
[62.912s]       |     ^~~~~~
[62.913s] /usr/local/include/eigen3/Eigen/src/Core/Matrix.h:273:5: note:   candidate expects 1 argument, 6 provided
[62.913s] /usr/local/include/eigen3/Eigen/src/Core/Matrix.h:267:14: note: candidate: ‘Eigen::Matrix<_Scalar, _Rows, _Cols, _Options, _MaxRows, _MaxCols>::Matrix(Eigen::internal::constructor_without_unaligned_array_assert) [with _Scalar = double; int _Rows = 6; int _Cols = 1; int _Options = 0; int _MaxRows = 6; int _MaxCols = 1]’
[62.913s]   267 |     explicit Matrix(internal::constructor_without_unaligned_array_assert)
[62.913s]       |              ^~~~~~
[62.913s] /usr/local/include/eigen3/Eigen/src/Core/Matrix.h:267:14: note:   candidate expects 1 argument, 6 provided
[62.913s] /usr/local/include/eigen3/Eigen/src/Core/Matrix.h:259:25: note: candidate: ‘Eigen::Matrix<_Scalar, _Rows, _Cols, _Options, _MaxRows, _MaxCols>::Matrix() [with _Scalar = double; int _Rows = 6; int _Cols = 1; int _Options = 0; int _MaxRows = 6; int _MaxCols = 1]’
[62.913s]   259 |     EIGEN_STRONG_INLINE Matrix() : Base()
[62.913s]       |                         ^~~~~~
[62.913s] /usr/local/include/eigen3/Eigen/src/Core/Matrix.h:259:25: note:   candidate expects 0 arguments, 6 provided
[62.913s] /home/jack/ros2_ws/src/DoosanBootcamp3rd/dsr_example2/dsr_realtime_control/src/realtime_api.cpp:69:29: error: no matching function for call to ‘Eigen::Matrix<double, 6, 1>::Matrix(<brace-enclosed initializer list>)’
[62.913s]    69 | Vector6f q_dot_d{0,0,0,0,0,0};
[62.913s]       |                             ^
[62.913s] In file included from /usr/local/include/eigen3/Eigen/Core:458,
[62.913s]                  from /usr/local/include/eigen3/Eigen/Dense:1,
[62.913s]                  from /home/jack/ros2_ws/src/DoosanBootcamp3rd/dsr_example2/dsr_realtime_control/include/dsr_realtime_control/realtime_api.hpp:17,
[62.913s]                  from /home/jack/ros2_ws/src/DoosanBootcamp3rd/dsr_example2/dsr_realtime_control/src/realtime_api.cpp:4:
[62.914s] /usr/local/include/eigen3/Eigen/src/Core/Matrix.h:387:14: note: candidate: ‘template<class OtherDerived> Eigen::Matrix<_Scalar, _Rows, _Cols, _Options, _MaxRows, _MaxCols>::Matrix(const Eigen::RotationBase<OtherDerived, Eigen::Matrix<_Scalar, _Rows, _Cols, _Options, _MaxRows, _MaxCols>::ColsAtCompileTime>&) [with OtherDerived = OtherDerived; _Scalar = double; int _Rows = 6; int _Cols = 1; int _Options = 0; int _MaxRows = 6; int _MaxCols = 1]’
[62.914s]   387 |     explicit Matrix(const RotationBase<OtherDerived,ColsAtCompileTime>& r);
[62.914s]       |              ^~~~~~
[62.914s] /usr/local/include/eigen3/Eigen/src/Core/Matrix.h:387:14: note:   template argument deduction/substitution failed:
[62.914s] /home/jack/ros2_ws/src/DoosanBootcamp3rd/dsr_example2/dsr_realtime_control/src/realtime_api.cpp:69:29: note:   mismatched types ‘const Eigen::RotationBase<OtherDerived, 1>’ and ‘int’
[62.914s]    69 | Vector6f q_dot_d{0,0,0,0,0,0};
[62.914s]       |                             ^
[62.914s] In file included from /usr/local/include/eigen3/Eigen/Core:458,
[62.914s]                  from /usr/local/include/eigen3/Eigen/Dense:1,
[62.914s]                  from /home/jack/ros2_ws/src/DoosanBootcamp3rd/dsr_example2/dsr_realtime_control/include/dsr_realtime_control/realtime_api.hpp:17,
[62.914s]                  from /home/jack/ros2_ws/src/DoosanBootcamp3rd/dsr_example2/dsr_realtime_control/src/realtime_api.cpp:4:
[62.914s] /usr/local/include/eigen3/Eigen/src/Core/Matrix.h:376:25: note: candidate: ‘template<class OtherDerived> Eigen::Matrix<_Scalar, _Rows, _Cols, _Options, _MaxRows, _MaxCols>::Matrix(const Eigen::EigenBase<OtherDerived>&) [with OtherDerived = OtherDerived; _Scalar = double; int _Rows = 6; int _Cols = 1; int _Options = 0; int _MaxRows = 6; int _MaxCols = 1]’
[62.914s]   376 |     EIGEN_STRONG_INLINE Matrix(const EigenBase<OtherDerived> &other)
[62.914s]       |                         ^~~~~~
[62.914s] /usr/local/include/eigen3/Eigen/src/Core/Matrix.h:376:25: note:   template argument deduction/substitution failed:
[62.914s] /home/jack/ros2_ws/src/DoosanBootcamp3rd/dsr_example2/dsr_realtime_control/src/realtime_api.cpp:69:29: note:   mismatched types ‘const Eigen::EigenBase<Derived>’ and ‘int’
[62.914s]    69 | Vector6f q_dot_d{0,0,0,0,0,0};
[62.915s]       |                             ^
[62.915s] In file included from /usr/local/include/eigen3/Eigen/Core:458,
[62.915s]                  from /usr/local/include/eigen3/Eigen/Dense:1,
[62.915s]                  from /home/jack/ros2_ws/src/DoosanBootcamp3rd/dsr_example2/dsr_realtime_control/include/dsr_realtime_control/realtime_api.hpp:17,
[62.915s]                  from /home/jack/ros2_ws/src/DoosanBootcamp3rd/dsr_example2/dsr_realtime_control/src/realtime_api.cpp:4:
[62.915s] /usr/local/include/eigen3/Eigen/src/Core/Matrix.h:299:25: note: candidate: ‘template<class T0, class T1> Eigen::Matrix<_Scalar, _Rows, _Cols, _Options, _MaxRows, _MaxCols>::Matrix(const T0&, const T1&) [with T0 = T0; T1 = T1; _Scalar = double; int _Rows = 6; int _Cols = 1; int _Options = 0; int _MaxRows = 6; int _MaxCols = 1]’
[62.915s]   299 |     EIGEN_STRONG_INLINE Matrix(const T0& x, const T1& y)
[62.915s]       |                         ^~~~~~
[62.915s] /usr/local/include/eigen3/Eigen/src/Core/Matrix.h:299:25: note:   template argument deduction/substitution failed:
[62.915s] /home/jack/ros2_ws/src/DoosanBootcamp3rd/dsr_example2/dsr_realtime_control/src/realtime_api.cpp:69:29: note:   candidate expects 2 arguments, 6 provided
[62.915s]    69 | Vector6f q_dot_d{0,0,0,0,0,0};
[62.915s]       |                             ^
[62.915s] In file included from /usr/local/include/eigen3/Eigen/Core:458,
[62.915s]                  from /usr/local/include/eigen3/Eigen/Dense:1,
[62.915s]                  from /home/jack/ros2_ws/src/DoosanBootcamp3rd/dsr_example2/dsr_realtime_control/include/dsr_realtime_control/realtime_api.hpp:17,
[62.916s]                  from /home/jack/ros2_ws/src/DoosanBootcamp3rd/dsr_example2/dsr_realtime_control/src/realtime_api.cpp:4:
[62.916s] /usr/local/include/eigen3/Eigen/src/Core/Matrix.h:291:34: note: candidate: ‘template<class T> Eigen::Matrix<_Scalar, _Rows, _Cols, _Options, _MaxRows, _MaxCols>::Matrix(const T&) [with T = T; _Scalar = double; int _Rows = 6; int _Cols = 1; int _Options = 0; int _MaxRows = 6; int _MaxCols = 1]’
[62.916s]   291 |     EIGEN_STRONG_INLINE explicit Matrix(const T& x)
[62.916s]       |                                  ^~~~~~
[62.916s] /usr/local/include/eigen3/Eigen/src/Core/Matrix.h:291:34: note:   template argument deduction/substitution failed:
[62.916s] /home/jack/ros2_ws/src/DoosanBootcamp3rd/dsr_example2/dsr_realtime_control/src/realtime_api.cpp:69:29: note:   candidate expects 1 argument, 6 provided
[62.916s]    69 | Vector6f q_dot_d{0,0,0,0,0,0};
[62.916s]       |                             ^
[62.916s] In file included from /usr/local/include/eigen3/Eigen/Core:458,
[62.916s]                  from /usr/local/include/eigen3/Eigen/Dense:1,
[62.916s]                  from /home/jack/ros2_ws/src/DoosanBootcamp3rd/dsr_example2/dsr_realtime_control/include/dsr_realtime_control/realtime_api.hpp:17,
[62.916s]                  from /home/jack/ros2_ws/src/DoosanBootcamp3rd/dsr_example2/dsr_realtime_control/src/realtime_api.cpp:4:
[62.916s] /usr/local/include/eigen3/Eigen/src/Core/Matrix.h:368:25: note: candidate: ‘Eigen::Matrix<_Scalar, _Rows, _Cols, _Options, _MaxRows, _MaxCols>::Matrix(const Eigen::Matrix<_Scalar, _Rows, _Cols, _Options, _MaxRows, _MaxCols>&) [with _Scalar = double; int _Rows = 6; int _Cols = 1; int _Options = 0; int _MaxRows = 6; int _MaxCols = 1]’
[62.916s]   368 |     EIGEN_STRONG_INLINE Matrix(const Matrix& other) : Base(other)
[62.916s]       |                         ^~~~~~
[62.916s] /usr/local/include/eigen3/Eigen/src/Core/Matrix.h:368:25: note:   candidate expects 1 argument, 6 provided
[62.917s] /usr/local/include/eigen3/Eigen/src/Core/Matrix.h:355:25: note: candidate: ‘Eigen::Matrix<_Scalar, _Rows, _Cols, _Options, _MaxRows, _MaxCols>::Matrix(const Scalar&, const Scalar&, const Scalar&, const Scalar&) [with _Scalar = double; int _Rows = 6; int _Cols = 1; int _Options = 0; int _MaxRows = 6; int _MaxCols = 1; Eigen::Matrix<_Scalar, _Rows, _Cols, _Options, _MaxRows, _MaxCols>::Scalar = double]’
[62.917s]   355 |     EIGEN_STRONG_INLINE Matrix(const Scalar& x, const Scalar& y, const Scalar& z, const Scalar& w)
[62.917s]       |                         ^~~~~~
[62.917s] /usr/local/include/eigen3/Eigen/src/Core/Matrix.h:355:25: note:   candidate expects 4 arguments, 6 provided
[62.917s] /usr/local/include/eigen3/Eigen/src/Core/Matrix.h:345:25: note: candidate: ‘Eigen::Matrix<_Scalar, _Rows, _Cols, _Options, _MaxRows, _MaxCols>::Matrix(const Scalar&, const Scalar&, const Scalar&) [with _Scalar = double; int _Rows = 6; int _Cols = 1; int _Options = 0; int _MaxRows = 6; int _MaxCols = 1; Eigen::Matrix<_Scalar, _Rows, _Cols, _Options, _MaxRows, _MaxCols>::Scalar = double]’
[62.917s]   345 |     EIGEN_STRONG_INLINE Matrix(const Scalar& x, const Scalar& y, const Scalar& z)
[62.917s]       |                         ^~~~~~
[62.917s] /usr/local/include/eigen3/Eigen/src/Core/Matrix.h:345:25: note:   candidate expects 3 arguments, 6 provided
[62.917s] /usr/local/include/eigen3/Eigen/src/Core/Matrix.h:273:5: note: candidate: ‘Eigen::Matrix<_Scalar, _Rows, _Cols, _Options, _MaxRows, _MaxCols>::Matrix(Eigen::Matrix<_Scalar, _Rows, _Cols, _Options, _MaxRows, _MaxCols>&&) [with _Scalar = double; int _Rows = 6; int _Cols = 1; int _Options = 0; int _MaxRows = 6; int _MaxCols = 1]’
[62.917s]   273 |     Matrix(Matrix&& other) EIGEN_NOEXCEPT_IF(std::is_nothrow_move_constructible<Scalar>::value)
[62.917s]       |     ^~~~~~
[62.917s] /usr/local/include/eigen3/Eigen/src/Core/Matrix.h:273:5: note:   candidate expects 1 argument, 6 provided
[62.917s] /usr/local/include/eigen3/Eigen/src/Core/Matrix.h:267:14: note: candidate: ‘Eigen::Matrix<_Scalar, _Rows, _Cols, _Options, _MaxRows, _MaxCols>::Matrix(Eigen::internal::constructor_without_unaligned_array_assert) [with _Scalar = double; int _Rows = 6; int _Cols = 1; int _Options = 0; int _MaxRows = 6; int _MaxCols = 1]’
[62.917s]   267 |     explicit Matrix(internal::constructor_without_unaligned_array_assert)
[62.917s]       |              ^~~~~~
[62.917s] /usr/local/include/eigen3/Eigen/src/Core/Matrix.h:267:14: note:   candidate expects 1 argument, 6 provided
[62.918s] /usr/local/include/eigen3/Eigen/src/Core/Matrix.h:259:25: note: candidate: ‘Eigen::Matrix<_Scalar, _Rows, _Cols, _Options, _MaxRows, _MaxCols>::Matrix() [with _Scalar = double; int _Rows = 6; int _Cols = 1; int _Options = 0; int _MaxRows = 6; int _MaxCols = 1]’
[62.918s]   259 |     EIGEN_STRONG_INLINE Matrix() : Base()
[62.918s]       |                         ^~~~~~
[62.918s] /usr/local/include/eigen3/Eigen/src/Core/Matrix.h:259:25: note:   candidate expects 0 arguments, 6 provided
[62.918s] /home/jack/ros2_ws/src/DoosanBootcamp3rd/dsr_example2/dsr_realtime_control/src/realtime_api.cpp:70:30: error: no matching function for call to ‘Eigen::Matrix<double, 6, 1>::Matrix(<brace-enclosed initializer list>)’
[62.918s]    70 | Vector6f q_ddot_d{0,0,0,0,0,0};
[62.918s]       |                              ^
[62.918s] In file included from /usr/local/include/eigen3/Eigen/Core:458,
[62.918s]                  from /usr/local/include/eigen3/Eigen/Dense:1,
[62.918s]                  from /home/jack/ros2_ws/src/DoosanBootcamp3rd/dsr_example2/dsr_realtime_control/include/dsr_realtime_control/realtime_api.hpp:17,
[62.918s]                  from /home/jack/ros2_ws/src/DoosanBootcamp3rd/dsr_example2/dsr_realtime_control/src/realtime_api.cpp:4:
[62.918s] /usr/local/include/eigen3/Eigen/src/Core/Matrix.h:387:14: note: candidate: ‘template<class OtherDerived> Eigen::Matrix<_Scalar, _Rows, _Cols, _Options, _MaxRows, _MaxCols>::Matrix(const Eigen::RotationBase<OtherDerived, Eigen::Matrix<_Scalar, _Rows, _Cols, _Options, _MaxRows, _MaxCols>::ColsAtCompileTime>&) [with OtherDerived = OtherDerived; _Scalar = double; int _Rows = 6; int _Cols = 1; int _Options = 0; int _MaxRows = 6; int _MaxCols = 1]’
[62.918s]   387 |     explicit Matrix(const RotationBase<OtherDerived,ColsAtCompileTime>& r);
[62.918s]       |              ^~~~~~
[62.918s] /usr/local/include/eigen3/Eigen/src/Core/Matrix.h:387:14: note:   template argument deduction/substitution failed:
[62.919s] /home/jack/ros2_ws/src/DoosanBootcamp3rd/dsr_example2/dsr_realtime_control/src/realtime_api.cpp:70:30: note:   mismatched types ‘const Eigen::RotationBase<OtherDerived, 1>’ and ‘int’
[62.919s]    70 | Vector6f q_ddot_d{0,0,0,0,0,0};
[62.919s]       |                              ^
[62.919s] In file included from /usr/local/include/eigen3/Eigen/Core:458,
[62.919s]                  from /usr/local/include/eigen3/Eigen/Dense:1,
[62.919s]                  from /home/jack/ros2_ws/src/DoosanBootcamp3rd/dsr_example2/dsr_realtime_control/include/dsr_realtime_control/realtime_api.hpp:17,
[62.919s]                  from /home/jack/ros2_ws/src/DoosanBootcamp3rd/dsr_example2/dsr_realtime_control/src/realtime_api.cpp:4:
[62.919s] /usr/local/include/eigen3/Eigen/src/Core/Matrix.h:376:25: note: candidate: ‘template<class OtherDerived> Eigen::Matrix<_Scalar, _Rows, _Cols, _Options, _MaxRows, _MaxCols>::Matrix(const Eigen::EigenBase<OtherDerived>&) [with OtherDerived = OtherDerived; _Scalar = double; int _Rows = 6; int _Cols = 1; int _Options = 0; int _MaxRows = 6; int _MaxCols = 1]’
[62.919s]   376 |     EIGEN_STRONG_INLINE Matrix(const EigenBase<OtherDerived> &other)
[62.919s]       |                         ^~~~~~
[62.919s] /usr/local/include/eigen3/Eigen/src/Core/Matrix.h:376:25: note:   template argument deduction/substitution failed:
[62.919s] /home/jack/ros2_ws/src/DoosanBootcamp3rd/dsr_example2/dsr_realtime_control/src/realtime_api.cpp:70:30: note:   mismatched types ‘const Eigen::EigenBase<Derived>’ and ‘int’
[62.919s]    70 | Vector6f q_ddot_d{0,0,0,0,0,0};
[62.919s]       |                              ^
[62.919s] In file included from /usr/local/include/eigen3/Eigen/Core:458,
[62.919s]                  from /usr/local/include/eigen3/Eigen/Dense:1,
[62.920s]                  from /home/jack/ros2_ws/src/DoosanBootcamp3rd/dsr_example2/dsr_realtime_control/include/dsr_realtime_control/realtime_api.hpp:17,
[62.920s]                  from /home/jack/ros2_ws/src/DoosanBootcamp3rd/dsr_example2/dsr_realtime_control/src/realtime_api.cpp:4:
[62.920s] /usr/local/include/eigen3/Eigen/src/Core/Matrix.h:299:25: note: candidate: ‘template<class T0, class T1> Eigen::Matrix<_Scalar, _Rows, _Cols, _Options, _MaxRows, _MaxCols>::Matrix(const T0&, const T1&) [with T0 = T0; T1 = T1; _Scalar = double; int _Rows = 6; int _Cols = 1; int _Options = 0; int _MaxRows = 6; int _MaxCols = 1]’
[62.920s]   299 |     EIGEN_STRONG_INLINE Matrix(const T0& x, const T1& y)
[62.920s]       |                         ^~~~~~
[62.920s] /usr/local/include/eigen3/Eigen/src/Core/Matrix.h:299:25: note:   template argument deduction/substitution failed:
[62.920s] /home/jack/ros2_ws/src/DoosanBootcamp3rd/dsr_example2/dsr_realtime_control/src/realtime_api.cpp:70:30: note:   candidate expects 2 arguments, 6 provided
[62.920s]    70 | Vector6f q_ddot_d{0,0,0,0,0,0};
[62.920s]       |                              ^
[62.920s] In file included from /usr/local/include/eigen3/Eigen/Core:458,
[62.920s]                  from /usr/local/include/eigen3/Eigen/Dense:1,
[62.920s]                  from /home/jack/ros2_ws/src/DoosanBootcamp3rd/dsr_example2/dsr_realtime_control/include/dsr_realtime_control/realtime_api.hpp:17,
[62.920s]                  from /home/jack/ros2_ws/src/DoosanBootcamp3rd/dsr_example2/dsr_realtime_control/src/realtime_api.cpp:4:
[62.920s] /usr/local/include/eigen3/Eigen/src/Core/Matrix.h:291:34: note: candidate: ‘template<class T> Eigen::Matrix<_Scalar, _Rows, _Cols, _Options, _MaxRows, _MaxCols>::Matrix(const T&) [with T = T; _Scalar = double; int _Rows = 6; int _Cols = 1; int _Options = 0; int _MaxRows = 6; int _MaxCols = 1]’
[62.920s]   291 |     EIGEN_STRONG_INLINE explicit Matrix(const T& x)
[62.920s]       |                                  ^~~~~~
[62.921s] /usr/local/include/eigen3/Eigen/src/Core/Matrix.h:291:34: note:   template argument deduction/substitution failed:
[62.921s] /home/jack/ros2_ws/src/DoosanBootcamp3rd/dsr_example2/dsr_realtime_control/src/realtime_api.cpp:70:30: note:   candidate expects 1 argument, 6 provided
[62.921s]    70 | Vector6f q_ddot_d{0,0,0,0,0,0};
[62.921s]       |                              ^
[62.921s] In file included from /usr/local/include/eigen3/Eigen/Core:458,
[62.921s]                  from /usr/local/include/eigen3/Eigen/Dense:1,
[62.921s]                  from /home/jack/ros2_ws/src/DoosanBootcamp3rd/dsr_example2/dsr_realtime_control/include/dsr_realtime_control/realtime_api.hpp:17,
[62.921s]                  from /home/jack/ros2_ws/src/DoosanBootcamp3rd/dsr_example2/dsr_realtime_control/src/realtime_api.cpp:4:
[62.921s] /usr/local/include/eigen3/Eigen/src/Core/Matrix.h:368:25: note: candidate: ‘Eigen::Matrix<_Scalar, _Rows, _Cols, _Options, _MaxRows, _MaxCols>::Matrix(const Eigen::Matrix<_Scalar, _Rows, _Cols, _Options, _MaxRows, _MaxCols>&) [with _Scalar = double; int _Rows = 6; int _Cols = 1; int _Options = 0; int _MaxRows = 6; int _MaxCols = 1]’
[62.921s]   368 |     EIGEN_STRONG_INLINE Matrix(const Matrix& other) : Base(other)
[62.921s]       |                         ^~~~~~
[62.921s] /usr/local/include/eigen3/Eigen/src/Core/Matrix.h:368:25: note:   candidate expects 1 argument, 6 provided
[62.921s] /usr/local/include/eigen3/Eigen/src/Core/Matrix.h:355:25: note: candidate: ‘Eigen::Matrix<_Scalar, _Rows, _Cols, _Options, _MaxRows, _MaxCols>::Matrix(const Scalar&, const Scalar&, const Scalar&, const Scalar&) [with _Scalar = double; int _Rows = 6; int _Cols = 1; int _Options = 0; int _MaxRows = 6; int _MaxCols = 1; Eigen::Matrix<_Scalar, _Rows, _Cols, _Options, _MaxRows, _MaxCols>::Scalar = double]’
[62.921s]   355 |     EIGEN_STRONG_INLINE Matrix(const Scalar& x, const Scalar& y, const Scalar& z, const Scalar& w)
[62.921s]       |                         ^~~~~~
[62.921s] /usr/local/include/eigen3/Eigen/src/Core/Matrix.h:355:25: note:   candidate expects 4 arguments, 6 provided
[62.922s] /usr/local/include/eigen3/Eigen/src/Core/Matrix.h:345:25: note: candidate: ‘Eigen::Matrix<_Scalar, _Rows, _Cols, _Options, _MaxRows, _MaxCols>::Matrix(const Scalar&, const Scalar&, const Scalar&) [with _Scalar = double; int _Rows = 6; int _Cols = 1; int _Options = 0; int _MaxRows = 6; int _MaxCols = 1; Eigen::Matrix<_Scalar, _Rows, _Cols, _Options, _MaxRows, _MaxCols>::Scalar = double]’
[62.922s]   345 |     EIGEN_STRONG_INLINE Matrix(const Scalar& x, const Scalar& y, const Scalar& z)
[62.922s]       |                         ^~~~~~
[62.922s] /usr/local/include/eigen3/Eigen/src/Core/Matrix.h:345:25: note:   candidate expects 3 arguments, 6 provided
[62.922s] /usr/local/include/eigen3/Eigen/src/Core/Matrix.h:273:5: note: candidate: ‘Eigen::Matrix<_Scalar, _Rows, _Cols, _Options, _MaxRows, _MaxCols>::Matrix(Eigen::Matrix<_Scalar, _Rows, _Cols, _Options, _MaxRows, _MaxCols>&&) [with _Scalar = double; int _Rows = 6; int _Cols = 1; int _Options = 0; int _MaxRows = 6; int _MaxCols = 1]’
[62.922s]   273 |     Matrix(Matrix&& other) EIGEN_NOEXCEPT_IF(std::is_nothrow_move_constructible<Scalar>::value)
[62.922s]       |     ^~~~~~
[62.922s] /usr/local/include/eigen3/Eigen/src/Core/Matrix.h:273:5: note:   candidate expects 1 argument, 6 provided
[62.922s] /usr/local/include/eigen3/Eigen/src/Core/Matrix.h:267:14: note: candidate: ‘Eigen::Matrix<_Scalar, _Rows, _Cols, _Options, _MaxRows, _MaxCols>::Matrix(Eigen::internal::constructor_without_unaligned_array_assert) [with _Scalar = double; int _Rows = 6; int _Cols = 1; int _Options = 0; int _MaxRows = 6; int _MaxCols = 1]’
[62.922s]   267 |     explicit Matrix(internal::constructor_without_unaligned_array_assert)
[62.922s]       |              ^~~~~~
[62.922s] /usr/local/include/eigen3/Eigen/src/Core/Matrix.h:267:14: note:   candidate expects 1 argument, 6 provided
[62.922s] /usr/local/include/eigen3/Eigen/src/Core/Matrix.h:259:25: note: candidate: ‘Eigen::Matrix<_Scalar, _Rows, _Cols, _Options, _MaxRows, _MaxCols>::Matrix() [with _Scalar = double; int _Rows = 6; int _Cols = 1; int _Options = 0; int _MaxRows = 6; int _MaxCols = 1]’
[62.922s]   259 |     EIGEN_STRONG_INLINE Matrix() : Base()
[62.922s]       |                         ^~~~~~
[62.922s] /usr/local/include/eigen3/Eigen/src/Core/Matrix.h:259:25: note:   candidate expects 0 arguments, 6 provided
[62.923s] /home/jack/ros2_ws/src/DoosanBootcamp3rd/dsr_example2/dsr_realtime_control/src/realtime_api.cpp:83:31: error: no matching function for call to ‘Eigen::Matrix<double, 6, 1>::Matrix(<brace-enclosed initializer list>)’
[62.923s]    83 | Vector6f trq_f_hat{0,0,0,0,0,0};
[62.923s]       |                               ^
[62.923s] In file included from /usr/local/include/eigen3/Eigen/Core:458,
[62.923s]                  from /usr/local/include/eigen3/Eigen/Dense:1,
[62.923s]                  from /home/jack/ros2_ws/src/DoosanBootcamp3rd/dsr_example2/dsr_realtime_control/include/dsr_realtime_control/realtime_api.hpp:17,
[62.923s]                  from /home/jack/ros2_ws/src/DoosanBootcamp3rd/dsr_example2/dsr_realtime_control/src/realtime_api.cpp:4:
[62.923s] /usr/local/include/eigen3/Eigen/src/Core/Matrix.h:387:14: note: candidate: ‘template<class OtherDerived> Eigen::Matrix<_Scalar, _Rows, _Cols, _Options, _MaxRows, _MaxCols>::Matrix(const Eigen::RotationBase<OtherDerived, Eigen::Matrix<_Scalar, _Rows, _Cols, _Options, _MaxRows, _MaxCols>::ColsAtCompileTime>&) [with OtherDerived = OtherDerived; _Scalar = double; int _Rows = 6; int _Cols = 1; int _Options = 0; int _MaxRows = 6; int _MaxCols = 1]’
[62.923s]   387 |     explicit Matrix(const RotationBase<OtherDerived,ColsAtCompileTime>& r);
[62.923s]       |              ^~~~~~
[62.923s] /usr/local/include/eigen3/Eigen/src/Core/Matrix.h:387:14: note:   template argument deduction/substitution failed:
[62.923s] /home/jack/ros2_ws/src/DoosanBootcamp3rd/dsr_example2/dsr_realtime_control/src/realtime_api.cpp:83:31: note:   mismatched types ‘const Eigen::RotationBase<OtherDerived, 1>’ and ‘int’
[62.923s]    83 | Vector6f trq_f_hat{0,0,0,0,0,0};
[62.923s]       |                               ^
[62.923s] In file included from /usr/local/include/eigen3/Eigen/Core:458,
[62.923s]                  from /usr/local/include/eigen3/Eigen/Dense:1,
[62.924s]                  from /home/jack/ros2_ws/src/DoosanBootcamp3rd/dsr_example2/dsr_realtime_control/include/dsr_realtime_control/realtime_api.hpp:17,
[62.924s]                  from /home/jack/ros2_ws/src/DoosanBootcamp3rd/dsr_example2/dsr_realtime_control/src/realtime_api.cpp:4:
[62.924s] /usr/local/include/eigen3/Eigen/src/Core/Matrix.h:376:25: note: candidate: ‘template<class OtherDerived> Eigen::Matrix<_Scalar, _Rows, _Cols, _Options, _MaxRows, _MaxCols>::Matrix(const Eigen::EigenBase<OtherDerived>&) [with OtherDerived = OtherDerived; _Scalar = double; int _Rows = 6; int _Cols = 1; int _Options = 0; int _MaxRows = 6; int _MaxCols = 1]’
[62.924s]   376 |     EIGEN_STRONG_INLINE Matrix(const EigenBase<OtherDerived> &other)
[62.924s]       |                         ^~~~~~
[62.924s] /usr/local/include/eigen3/Eigen/src/Core/Matrix.h:376:25: note:   template argument deduction/substitution failed:
[62.924s] /home/jack/ros2_ws/src/DoosanBootcamp3rd/dsr_example2/dsr_realtime_control/src/realtime_api.cpp:83:31: note:   mismatched types ‘const Eigen::EigenBase<Derived>’ and ‘int’
[62.924s]    83 | Vector6f trq_f_hat{0,0,0,0,0,0};
[62.924s]       |                               ^
[62.924s] In file included from /usr/local/include/eigen3/Eigen/Core:458,
[62.924s]                  from /usr/local/include/eigen3/Eigen/Dense:1,
[62.924s]                  from /home/jack/ros2_ws/src/DoosanBootcamp3rd/dsr_example2/dsr_realtime_control/include/dsr_realtime_control/realtime_api.hpp:17,
[62.924s]                  from /home/jack/ros2_ws/src/DoosanBootcamp3rd/dsr_example2/dsr_realtime_control/src/realtime_api.cpp:4:
[62.924s] /usr/local/include/eigen3/Eigen/src/Core/Matrix.h:299:25: note: candidate: ‘template<class T0, class T1> Eigen::Matrix<_Scalar, _Rows, _Cols, _Options, _MaxRows, _MaxCols>::Matrix(const T0&, const T1&) [with T0 = T0; T1 = T1; _Scalar = double; int _Rows = 6; int _Cols = 1; int _Options = 0; int _MaxRows = 6; int _MaxCols = 1]’
[62.924s]   299 |     EIGEN_STRONG_INLINE Matrix(const T0& x, const T1& y)
[62.924s]       |                         ^~~~~~
[62.924s] /usr/local/include/eigen3/Eigen/src/Core/Matrix.h:299:25: note:   template argument deduction/substitution failed:
[62.925s] /home/jack/ros2_ws/src/DoosanBootcamp3rd/dsr_example2/dsr_realtime_control/src/realtime_api.cpp:83:31: note:   candidate expects 2 arguments, 6 provided
[62.925s]    83 | Vector6f trq_f_hat{0,0,0,0,0,0};
[62.925s]       |                               ^
[62.925s] In file included from /usr/local/include/eigen3/Eigen/Core:458,
[62.925s]                  from /usr/local/include/eigen3/Eigen/Dense:1,
[62.925s]                  from /home/jack/ros2_ws/src/DoosanBootcamp3rd/dsr_example2/dsr_realtime_control/include/dsr_realtime_control/realtime_api.hpp:17,
[62.925s]                  from /home/jack/ros2_ws/src/DoosanBootcamp3rd/dsr_example2/dsr_realtime_control/src/realtime_api.cpp:4:
[62.925s] /usr/local/include/eigen3/Eigen/src/Core/Matrix.h:291:34: note: candidate: ‘template<class T> Eigen::Matrix<_Scalar, _Rows, _Cols, _Options, _MaxRows, _MaxCols>::Matrix(const T&) [with T = T; _Scalar = double; int _Rows = 6; int _Cols = 1; int _Options = 0; int _MaxRows = 6; int _MaxCols = 1]’
[62.925s]   291 |     EIGEN_STRONG_INLINE explicit Matrix(const T& x)
[62.925s]       |                                  ^~~~~~
[62.925s] /usr/local/include/eigen3/Eigen/src/Core/Matrix.h:291:34: note:   template argument deduction/substitution failed:
[62.925s] /home/jack/ros2_ws/src/DoosanBootcamp3rd/dsr_example2/dsr_realtime_control/src/realtime_api.cpp:83:31: note:   candidate expects 1 argument, 6 provided
[62.925s]    83 | Vector6f trq_f_hat{0,0,0,0,0,0};
[62.925s]       |                               ^
[62.925s] In file included from /usr/local/include/eigen3/Eigen/Core:458,
[62.925s]                  from /usr/local/include/eigen3/Eigen/Dense:1,
[62.926s]                  from /home/jack/ros2_ws/src/DoosanBootcamp3rd/dsr_example2/dsr_realtime_control/include/dsr_realtime_control/realtime_api.hpp:17,
[62.926s]                  from /home/jack/ros2_ws/src/DoosanBootcamp3rd/dsr_example2/dsr_realtime_control/src/realtime_api.cpp:4:
[62.926s] /usr/local/include/eigen3/Eigen/src/Core/Matrix.h:368:25: note: candidate: ‘Eigen::Matrix<_Scalar, _Rows, _Cols, _Options, _MaxRows, _MaxCols>::Matrix(const Eigen::Matrix<_Scalar, _Rows, _Cols, _Options, _MaxRows, _MaxCols>&) [with _Scalar = double; int _Rows = 6; int _Cols = 1; int _Options = 0; int _MaxRows = 6; int _MaxCols = 1]’
[62.926s]   368 |     EIGEN_STRONG_INLINE Matrix(const Matrix& other) : Base(other)
[62.926s]       |                         ^~~~~~
[62.926s] /usr/local/include/eigen3/Eigen/src/Core/Matrix.h:368:25: note:   candidate expects 1 argument, 6 provided
[62.926s] /usr/local/include/eigen3/Eigen/src/Core/Matrix.h:355:25: note: candidate: ‘Eigen::Matrix<_Scalar, _Rows, _Cols, _Options, _MaxRows, _MaxCols>::Matrix(const Scalar&, const Scalar&, const Scalar&, const Scalar&) [with _Scalar = double; int _Rows = 6; int _Cols = 1; int _Options = 0; int _MaxRows = 6; int _MaxCols = 1; Eigen::Matrix<_Scalar, _Rows, _Cols, _Options, _MaxRows, _MaxCols>::Scalar = double]’
[62.926s]   355 |     EIGEN_STRONG_INLINE Matrix(const Scalar& x, const Scalar& y, const Scalar& z, const Scalar& w)
[62.926s]       |                         ^~~~~~
[62.926s] /usr/local/include/eigen3/Eigen/src/Core/Matrix.h:355:25: note:   candidate expects 4 arguments, 6 provided
[62.926s] /usr/local/include/eigen3/Eigen/src/Core/Matrix.h:345:25: note: candidate: ‘Eigen::Matrix<_Scalar, _Rows, _Cols, _Options, _MaxRows, _MaxCols>::Matrix(const Scalar&, const Scalar&, const Scalar&) [with _Scalar = double; int _Rows = 6; int _Cols = 1; int _Options = 0; int _MaxRows = 6; int _MaxCols = 1; Eigen::Matrix<_Scalar, _Rows, _Cols, _Options, _MaxRows, _MaxCols>::Scalar = double]’
[62.926s]   345 |     EIGEN_STRONG_INLINE Matrix(const Scalar& x, const Scalar& y, const Scalar& z)
[62.926s]       |                         ^~~~~~
[62.926s] /usr/local/include/eigen3/Eigen/src/Core/Matrix.h:345:25: note:   candidate expects 3 arguments, 6 provided
[62.926s] /usr/local/include/eigen3/Eigen/src/Core/Matrix.h:273:5: note: candidate: ‘Eigen::Matrix<_Scalar, _Rows, _Cols, _Options, _MaxRows, _MaxCols>::Matrix(Eigen::Matrix<_Scalar, _Rows, _Cols, _Options, _MaxRows, _MaxCols>&&) [with _Scalar = double; int _Rows = 6; int _Cols = 1; int _Options = 0; int _MaxRows = 6; int _MaxCols = 1]’
[62.926s]   273 |     Matrix(Matrix&& other) EIGEN_NOEXCEPT_IF(std::is_nothrow_move_constructible<Scalar>::value)
[62.927s]       |     ^~~~~~
[62.927s] /usr/local/include/eigen3/Eigen/src/Core/Matrix.h:273:5: note:   candidate expects 1 argument, 6 provided
[62.927s] /usr/local/include/eigen3/Eigen/src/Core/Matrix.h:267:14: note: candidate: ‘Eigen::Matrix<_Scalar, _Rows, _Cols, _Options, _MaxRows, _MaxCols>::Matrix(Eigen::internal::constructor_without_unaligned_array_assert) [with _Scalar = double; int _Rows = 6; int _Cols = 1; int _Options = 0; int _MaxRows = 6; int _MaxCols = 1]’
[62.927s]   267 |     explicit Matrix(internal::constructor_without_unaligned_array_assert)
[62.927s]       |              ^~~~~~
[62.927s] /usr/local/include/eigen3/Eigen/src/Core/Matrix.h:267:14: note:   candidate expects 1 argument, 6 provided
[62.927s] /usr/local/include/eigen3/Eigen/src/Core/Matrix.h:259:25: note: candidate: ‘Eigen::Matrix<_Scalar, _Rows, _Cols, _Options, _MaxRows, _MaxCols>::Matrix() [with _Scalar = double; int _Rows = 6; int _Cols = 1; int _Options = 0; int _MaxRows = 6; int _MaxCols = 1]’
[62.927s]   259 |     EIGEN_STRONG_INLINE Matrix() : Base()
[62.927s]       |                         ^~~~~~
[62.927s] /usr/local/include/eigen3/Eigen/src/Core/Matrix.h:259:25: note:   candidate expects 0 arguments, 6 provided
[62.927s] /home/jack/ros2_ws/src/DoosanBootcamp3rd/dsr_example2/dsr_realtime_control/src/realtime_api.cpp:92:32: error: no matching function for call to ‘Eigen::Matrix<double, 6, 1>::Matrix(<brace-enclosed initializer list>)’
[62.927s]    92 | Vector6f q_dot_prev{0,0,0,0,0,0};
[62.927s]       |                                ^
[62.927s] In file included from /usr/local/include/eigen3/Eigen/Core:458,
[62.927s]                  from /usr/local/include/eigen3/Eigen/Dense:1,
[62.927s]                  from /home/jack/ros2_ws/src/DoosanBootcamp3rd/dsr_example2/dsr_realtime_control/include/dsr_realtime_control/realtime_api.hpp:17,
[62.928s]                  from /home/jack/ros2_ws/src/DoosanBootcamp3rd/dsr_example2/dsr_realtime_control/src/realtime_api.cpp:4:
[62.928s] /usr/local/include/eigen3/Eigen/src/Core/Matrix.h:387:14: note: candidate: ‘template<class OtherDerived> Eigen::Matrix<_Scalar, _Rows, _Cols, _Options, _MaxRows, _MaxCols>::Matrix(const Eigen::RotationBase<OtherDerived, Eigen::Matrix<_Scalar, _Rows, _Cols, _Options, _MaxRows, _MaxCols>::ColsAtCompileTime>&) [with OtherDerived = OtherDerived; _Scalar = double; int _Rows = 6; int _Cols = 1; int _Options = 0; int _MaxRows = 6; int _MaxCols = 1]’
[62.928s]   387 |     explicit Matrix(const RotationBase<OtherDerived,ColsAtCompileTime>& r);
[62.928s]       |              ^~~~~~
[62.928s] /usr/local/include/eigen3/Eigen/src/Core/Matrix.h:387:14: note:   template argument deduction/substitution failed:
[62.928s] /home/jack/ros2_ws/src/DoosanBootcamp3rd/dsr_example2/dsr_realtime_control/src/realtime_api.cpp:92:32: note:   mismatched types ‘const Eigen::RotationBase<OtherDerived, 1>’ and ‘int’
[62.928s]    92 | Vector6f q_dot_prev{0,0,0,0,0,0};
[62.928s]       |                                ^
[62.928s] In file included from /usr/local/include/eigen3/Eigen/Core:458,
[62.928s]                  from /usr/local/include/eigen3/Eigen/Dense:1,
[62.928s]                  from /home/jack/ros2_ws/src/DoosanBootcamp3rd/dsr_example2/dsr_realtime_control/include/dsr_realtime_control/realtime_api.hpp:17,
[62.928s]                  from /home/jack/ros2_ws/src/DoosanBootcamp3rd/dsr_example2/dsr_realtime_control/src/realtime_api.cpp:4:
[62.928s] /usr/local/include/eigen3/Eigen/src/Core/Matrix.h:376:25: note: candidate: ‘template<class OtherDerived> Eigen::Matrix<_Scalar, _Rows, _Cols, _Options, _MaxRows, _MaxCols>::Matrix(const Eigen::EigenBase<OtherDerived>&) [with OtherDerived = OtherDerived; _Scalar = double; int _Rows = 6; int _Cols = 1; int _Options = 0; int _MaxRows = 6; int _MaxCols = 1]’
[62.928s]   376 |     EIGEN_STRONG_INLINE Matrix(const EigenBase<OtherDerived> &other)
[62.928s]       |                         ^~~~~~
[62.928s] /usr/local/include/eigen3/Eigen/src/Core/Matrix.h:376:25: note:   template argument deduction/substitution failed:
[62.929s] /home/jack/ros2_ws/src/DoosanBootcamp3rd/dsr_example2/dsr_realtime_control/src/realtime_api.cpp:92:32: note:   mismatched types ‘const Eigen::EigenBase<Derived>’ and ‘int’
[62.929s]    92 | Vector6f q_dot_prev{0,0,0,0,0,0};
[62.929s]       |                                ^
[62.929s] In file included from /usr/local/include/eigen3/Eigen/Core:458,
[62.929s]                  from /usr/local/include/eigen3/Eigen/Dense:1,
[62.929s]                  from /home/jack/ros2_ws/src/DoosanBootcamp3rd/dsr_example2/dsr_realtime_control/include/dsr_realtime_control/realtime_api.hpp:17,
[62.929s]                  from /home/jack/ros2_ws/src/DoosanBootcamp3rd/dsr_example2/dsr_realtime_control/src/realtime_api.cpp:4:
[62.929s] /usr/local/include/eigen3/Eigen/src/Core/Matrix.h:299:25: note: candidate: ‘template<class T0, class T1> Eigen::Matrix<_Scalar, _Rows, _Cols, _Options, _MaxRows, _MaxCols>::Matrix(const T0&, const T1&) [with T0 = T0; T1 = T1; _Scalar = double; int _Rows = 6; int _Cols = 1; int _Options = 0; int _MaxRows = 6; int _MaxCols = 1]’
[62.929s]   299 |     EIGEN_STRONG_INLINE Matrix(const T0& x, const T1& y)
[62.929s]       |                         ^~~~~~
[62.929s] /usr/local/include/eigen3/Eigen/src/Core/Matrix.h:299:25: note:   template argument deduction/substitution failed:
[62.929s] /home/jack/ros2_ws/src/DoosanBootcamp3rd/dsr_example2/dsr_realtime_control/src/realtime_api.cpp:92:32: note:   candidate expects 2 arguments, 6 provided
[62.929s]    92 | Vector6f q_dot_prev{0,0,0,0,0,0};
[62.929s]       |                                ^
[62.929s] In file included from /usr/local/include/eigen3/Eigen/Core:458,
[62.929s]                  from /usr/local/include/eigen3/Eigen/Dense:1,
[62.930s]                  from /home/jack/ros2_ws/src/DoosanBootcamp3rd/dsr_example2/dsr_realtime_control/include/dsr_realtime_control/realtime_api.hpp:17,
[62.930s]                  from /home/jack/ros2_ws/src/DoosanBootcamp3rd/dsr_example2/dsr_realtime_control/src/realtime_api.cpp:4:
[62.930s] /usr/local/include/eigen3/Eigen/src/Core/Matrix.h:291:34: note: candidate: ‘template<class T> Eigen::Matrix<_Scalar, _Rows, _Cols, _Options, _MaxRows, _MaxCols>::Matrix(const T&) [with T = T; _Scalar = double; int _Rows = 6; int _Cols = 1; int _Options = 0; int _MaxRows = 6; int _MaxCols = 1]’
[62.930s]   291 |     EIGEN_STRONG_INLINE explicit Matrix(const T& x)
[62.930s]       |                                  ^~~~~~
[62.930s] /usr/local/include/eigen3/Eigen/src/Core/Matrix.h:291:34: note:   template argument deduction/substitution failed:
[62.930s] /home/jack/ros2_ws/src/DoosanBootcamp3rd/dsr_example2/dsr_realtime_control/src/realtime_api.cpp:92:32: note:   candidate expects 1 argument, 6 provided
[62.930s]    92 | Vector6f q_dot_prev{0,0,0,0,0,0};
[62.930s]       |                                ^
[62.930s] In file included from /usr/local/include/eigen3/Eigen/Core:458,
[62.930s]                  from /usr/local/include/eigen3/Eigen/Dense:1,
[62.930s]                  from /home/jack/ros2_ws/src/DoosanBootcamp3rd/dsr_example2/dsr_realtime_control/include/dsr_realtime_control/realtime_api.hpp:17,
[62.930s]                  from /home/jack/ros2_ws/src/DoosanBootcamp3rd/dsr_example2/dsr_realtime_control/src/realtime_api.cpp:4:
[62.930s] /usr/local/include/eigen3/Eigen/src/Core/Matrix.h:368:25: note: candidate: ‘Eigen::Matrix<_Scalar, _Rows, _Cols, _Options, _MaxRows, _MaxCols>::Matrix(const Eigen::Matrix<_Scalar, _Rows, _Cols, _Options, _MaxRows, _MaxCols>&) [with _Scalar = double; int _Rows = 6; int _Cols = 1; int _Options = 0; int _MaxRows = 6; int _MaxCols = 1]’
[62.930s]   368 |     EIGEN_STRONG_INLINE Matrix(const Matrix& other) : Base(other)
[62.930s]       |                         ^~~~~~
[62.931s] /usr/local/include/eigen3/Eigen/src/Core/Matrix.h:368:25: note:   candidate expects 1 argument, 6 provided
[62.931s] /usr/local/include/eigen3/Eigen/src/Core/Matrix.h:355:25: note: candidate: ‘Eigen::Matrix<_Scalar, _Rows, _Cols, _Options, _MaxRows, _MaxCols>::Matrix(const Scalar&, const Scalar&, const Scalar&, const Scalar&) [with _Scalar = double; int _Rows = 6; int _Cols = 1; int _Options = 0; int _MaxRows = 6; int _MaxCols = 1; Eigen::Matrix<_Scalar, _Rows, _Cols, _Options, _MaxRows, _MaxCols>::Scalar = double]’
[62.931s]   355 |     EIGEN_STRONG_INLINE Matrix(const Scalar& x, const Scalar& y, const Scalar& z, const Scalar& w)
[62.931s]       |                         ^~~~~~
[62.931s] /usr/local/include/eigen3/Eigen/src/Core/Matrix.h:355:25: note:   candidate expects 4 arguments, 6 provided
[62.931s] /usr/local/include/eigen3/Eigen/src/Core/Matrix.h:345:25: note: candidate: ‘Eigen::Matrix<_Scalar, _Rows, _Cols, _Options, _MaxRows, _MaxCols>::Matrix(const Scalar&, const Scalar&, const Scalar&) [with _Scalar = double; int _Rows = 6; int _Cols = 1; int _Options = 0; int _MaxRows = 6; int _MaxCols = 1; Eigen::Matrix<_Scalar, _Rows, _Cols, _Options, _MaxRows, _MaxCols>::Scalar = double]’
[62.931s]   345 |     EIGEN_STRONG_INLINE Matrix(const Scalar& x, const Scalar& y, const Scalar& z)
[62.931s]       |                         ^~~~~~
[62.931s] /usr/local/include/eigen3/Eigen/src/Core/Matrix.h:345:25: note:   candidate expects 3 arguments, 6 provided
[62.931s] /usr/local/include/eigen3/Eigen/src/Core/Matrix.h:273:5: note: candidate: ‘Eigen::Matrix<_Scalar, _Rows, _Cols, _Options, _MaxRows, _MaxCols>::Matrix(Eigen::Matrix<_Scalar, _Rows, _Cols, _Options, _MaxRows, _MaxCols>&&) [with _Scalar = double; int _Rows = 6; int _Cols = 1; int _Options = 0; int _MaxRows = 6; int _MaxCols = 1]’
[62.931s]   273 |     Matrix(Matrix&& other) EIGEN_NOEXCEPT_IF(std::is_nothrow_move_constructible<Scalar>::value)
[62.931s]       |     ^~~~~~
[62.931s] /usr/local/include/eigen3/Eigen/src/Core/Matrix.h:273:5: note:   candidate expects 1 argument, 6 provided
[62.931s] /usr/local/include/eigen3/Eigen/src/Core/Matrix.h:267:14: note: candidate: ‘Eigen::Matrix<_Scalar, _Rows, _Cols, _Options, _MaxRows, _MaxCols>::Matrix(Eigen::internal::constructor_without_unaligned_array_assert) [with _Scalar = double; int _Rows = 6; int _Cols = 1; int _Options = 0; int _MaxRows = 6; int _MaxCols = 1]’
[62.931s]   267 |     explicit Matrix(internal::constructor_without_unaligned_array_assert)
[62.931s]       |              ^~~~~~
[62.932s] /usr/local/include/eigen3/Eigen/src/Core/Matrix.h:267:14: note:   candidate expects 1 argument, 6 provided
[62.932s] /usr/local/include/eigen3/Eigen/src/Core/Matrix.h:259:25: note: candidate: ‘Eigen::Matrix<_Scalar, _Rows, _Cols, _Options, _MaxRows, _MaxCols>::Matrix() [with _Scalar = double; int _Rows = 6; int _Cols = 1; int _Options = 0; int _MaxRows = 6; int _MaxCols = 1]’
[62.932s]   259 |     EIGEN_STRONG_INLINE Matrix() : Base()
[62.932s]       |                         ^~~~~~
[62.932s] /usr/local/include/eigen3/Eigen/src/Core/Matrix.h:259:25: note:   candidate expects 0 arguments, 6 provided
[63.432s] gmake[2]: *** [CMakeFiles/dsr_realtime_api.dir/build.make:76: CMakeFiles/dsr_realtime_api.dir/src/realtime_api.cpp.o] Error 1
[63.432s] gmake[1]: *** [CMakeFiles/Makefile2:221: CMakeFiles/dsr_realtime_api.dir/all] Error 2
[63.432s] gmake[1]: *** Waiting for unfinished jobs....
[63.792s] [ 62%] Linking CXX executable rt_shutdown
[64.053s] [ 62%] Built target rt_shutdown
[64.251s] [ 75%] Linking CXX executable rt_init
[64.425s] [ 75%] Built target rt_init
[66.263s] [ 87%] Linking CXX executable dsr_realtime_control
[66.720s] [ 87%] Built target dsr_realtime_control
[66.721s] gmake: *** [Makefile:146: all] Error 2
