[0.210s] [34mcolcon[0m [1;30mDEBUG[0m [32mCommand line arguments: ['/home/jack/.local/bin/colcon', 'build', '--packages-select', 'somacube'][0m
[0.210s] [34mcolcon[0m [1;30mDEBUG[0m [32mParsed command line arguments: Namespace(log_base=None, log_level=None, verb_name='build', build_base='build', install_base='install', merge_install=False, symlink_install=False, test_result_base=None, continue_on_error=False, executor='parallel', parallel_workers=8, event_handlers=None, ignore_user_meta=False, metas=['./colcon.meta'], base_paths=['.'], packages_ignore=None, packages_ignore_regex=None, paths=None, packages_up_to=None, packages_up_to_regex=None, packages_above=None, packages_above_and_dependencies=None, packages_above_depth=None, packages_select_by_dep=None, packages_skip_by_dep=None, packages_skip_up_to=None, packages_select_build_failed=False, packages_skip_build_finished=False, packages_select_test_failures=False, packages_skip_test_passed=False, packages_select=['somacube'], packages_skip=None, packages_select_regex=None, packages_skip_regex=None, packages_start=None, packages_end=None, cmake_args=None, cmake_target=None, cmake_target_skip_unavailable=False, cmake_clean_cache=False, cmake_clean_first=False, cmake_force_configure=False, ament_cmake_args=None, catkin_cmake_args=None, catkin_skip_building_tests=False, verb_parser=<colcon_defaults.argument_parser.defaults.DefaultArgumentsDecorator object at 0x784e30a2ad70>, verb_extension=<colcon_core.verb.build.BuildVerb object at 0x784e30a2a920>, main=<bound method BuildVerb.main of <colcon_core.verb.build.BuildVerb object at 0x784e30a2a920>>)[0m
[0.404s] [34mcolcon.colcon_core.package_discovery[0m [1;30mLevel 1[0m discover_packages(colcon_meta) check parameters
[0.404s] [34mcolcon.colcon_core.package_discovery[0m [1;30mLevel 1[0m discover_packages(recursive) check parameters
[0.404s] [34mcolcon.colcon_core.package_discovery[0m [1;30mLevel 1[0m discover_packages(ignore) check parameters
[0.404s] [34mcolcon.colcon_core.package_discovery[0m [1;30mLevel 1[0m discover_packages(path) check parameters
[0.405s] [34mcolcon.colcon_core.package_discovery[0m [1;30mLevel 1[0m discover_packages(colcon_meta) discover
[0.405s] [34mcolcon.colcon_core.package_discovery[0m [1;30mLevel 1[0m discover_packages(recursive) discover
[0.405s] [34mcolcon.colcon_core.package_discovery[0m [1;30mINFO[0m Crawling recursively for packages in '/home/jack/ros2_ws'
[0.405s] [34mcolcon.colcon_core.package_identification[0m [1;30mLevel 1[0m _identify(.) by extensions ['ignore', 'ignore_ament_install']
[0.405s] [34mcolcon.colcon_core.package_identification[0m [1;30mLevel 1[0m _identify(.) by extension 'ignore'
[0.405s] [34mcolcon.colcon_core.package_identification[0m [1;30mLevel 1[0m _identify(.) by extension 'ignore_ament_install'
[0.405s] [34mcolcon.colcon_core.package_identification[0m [1;30mLevel 1[0m _identify(.) by extensions ['colcon_pkg']
[0.405s] [34mcolcon.colcon_core.package_identification[0m [1;30mLevel 1[0m _identify(.) by extension 'colcon_pkg'
[0.405s] [34mcolcon.colcon_core.package_identification[0m [1;30mLevel 1[0m _identify(.) by extensions ['colcon_meta']
[0.405s] [34mcolcon.colcon_core.package_identification[0m [1;30mLevel 1[0m _identify(.) by extension 'colcon_meta'
[0.405s] [34mcolcon.colcon_core.package_identification[0m [1;30mLevel 1[0m _identify(.) by extensions ['ros']
[0.405s] [34mcolcon.colcon_core.package_identification[0m [1;30mLevel 1[0m _identify(.) by extension 'ros'
[0.416s] [34mcolcon.colcon_core.package_identification[0m [1;30mLevel 1[0m _identify(.) by extensions ['cmake', 'python']
[0.417s] [34mcolcon.colcon_core.package_identification[0m [1;30mLevel 1[0m _identify(.) by extension 'cmake'
[0.417s] [34mcolcon.colcon_core.package_identification[0m [1;30mLevel 1[0m _identify(.) by extension 'python'
[0.417s] [34mcolcon.colcon_core.package_identification[0m [1;30mLevel 1[0m _identify(.) by extensions ['python_setup_py']
[0.417s] [34mcolcon.colcon_core.package_identification[0m [1;30mLevel 1[0m _identify(.) by extension 'python_setup_py'
[0.417s] [34mcolcon.colcon_core.package_identification[0m [1;30mLevel 1[0m _identify(__pycache__) by extensions ['ignore', 'ignore_ament_install']
[0.417s] [34mcolcon.colcon_core.package_identification[0m [1;30mLevel 1[0m _identify(__pycache__) by extension 'ignore'
[0.417s] [34mcolcon.colcon_core.package_identification[0m [1;30mLevel 1[0m _identify(__pycache__) by extension 'ignore_ament_install'
[0.417s] [34mcolcon.colcon_core.package_identification[0m [1;30mLevel 1[0m _identify(__pycache__) by extensions ['colcon_pkg']
[0.417s] [34mcolcon.colcon_core.package_identification[0m [1;30mLevel 1[0m _identify(__pycache__) by extension 'colcon_pkg'
[0.417s] [34mcolcon.colcon_core.package_identification[0m [1;30mLevel 1[0m _identify(__pycache__) by extensions ['colcon_meta']
[0.417s] [34mcolcon.colcon_core.package_identification[0m [1;30mLevel 1[0m _identify(__pycache__) by extension 'colcon_meta'
[0.417s] [34mcolcon.colcon_core.package_identification[0m [1;30mLevel 1[0m _identify(__pycache__) by extensions ['ros']
[0.417s] [34mcolcon.colcon_core.package_identification[0m [1;30mLevel 1[0m _identify(__pycache__) by extension 'ros'
[0.417s] [34mcolcon.colcon_core.package_identification[0m [1;30mLevel 1[0m _identify(__pycache__) by extensions ['cmake', 'python']
[0.417s] [34mcolcon.colcon_core.package_identification[0m [1;30mLevel 1[0m _identify(__pycache__) by extension 'cmake'
[0.417s] [34mcolcon.colcon_core.package_identification[0m [1;30mLevel 1[0m _identify(__pycache__) by extension 'python'
[0.417s] [34mcolcon.colcon_core.package_identification[0m [1;30mLevel 1[0m _identify(__pycache__) by extensions ['python_setup_py']
[0.417s] [34mcolcon.colcon_core.package_identification[0m [1;30mLevel 1[0m _identify(__pycache__) by extension 'python_setup_py'
[0.418s] [34mcolcon.colcon_core.package_identification[0m [1;30mLevel 1[0m _identify(build) by extensions ['ignore', 'ignore_ament_install']
[0.418s] [34mcolcon.colcon_core.package_identification[0m [1;30mLevel 1[0m _identify(build) by extension 'ignore'
[0.418s] [34mcolcon.colcon_core.package_identification[0m [1;30mLevel 1[0m _identify(build) ignored
[0.418s] [34mcolcon.colcon_core.package_identification[0m [1;30mLevel 1[0m _identify(install) by extensions ['ignore', 'ignore_ament_install']
[0.418s] [34mcolcon.colcon_core.package_identification[0m [1;30mLevel 1[0m _identify(install) by extension 'ignore'
[0.418s] [34mcolcon.colcon_core.package_identification[0m [1;30mLevel 1[0m _identify(install) ignored
[0.418s] [34mcolcon.colcon_core.package_identification[0m [1;30mLevel 1[0m _identify(integration_test_20250811_155133) by extensions ['ignore', 'ignore_ament_install']
[0.418s] [34mcolcon.colcon_core.package_identification[0m [1;30mLevel 1[0m _identify(integration_test_20250811_155133) by extension 'ignore'
[0.418s] [34mcolcon.colcon_core.package_identification[0m [1;30mLevel 1[0m _identify(integration_test_20250811_155133) by extension 'ignore_ament_install'
[0.418s] [34mcolcon.colcon_core.package_identification[0m [1;30mLevel 1[0m _identify(integration_test_20250811_155133) by extensions ['colcon_pkg']
[0.418s] [34mcolcon.colcon_core.package_identification[0m [1;30mLevel 1[0m _identify(integration_test_20250811_155133) by extension 'colcon_pkg'
[0.418s] [34mcolcon.colcon_core.package_identification[0m [1;30mLevel 1[0m _identify(integration_test_20250811_155133) by extensions ['colcon_meta']
[0.418s] [34mcolcon.colcon_core.package_identification[0m [1;30mLevel 1[0m _identify(integration_test_20250811_155133) by extension 'colcon_meta'
[0.418s] [34mcolcon.colcon_core.package_identification[0m [1;30mLevel 1[0m _identify(integration_test_20250811_155133) by extensions ['ros']
[0.418s] [34mcolcon.colcon_core.package_identification[0m [1;30mLevel 1[0m _identify(integration_test_20250811_155133) by extension 'ros'
[0.418s] [34mcolcon.colcon_core.package_identification[0m [1;30mLevel 1[0m _identify(integration_test_20250811_155133) by extensions ['cmake', 'python']
[0.419s] [34mcolcon.colcon_core.package_identification[0m [1;30mLevel 1[0m _identify(integration_test_20250811_155133) by extension 'cmake'
[0.419s] [34mcolcon.colcon_core.package_identification[0m [1;30mLevel 1[0m _identify(integration_test_20250811_155133) by extension 'python'
[0.419s] [34mcolcon.colcon_core.package_identification[0m [1;30mLevel 1[0m _identify(integration_test_20250811_155133) by extensions ['python_setup_py']
[0.419s] [34mcolcon.colcon_core.package_identification[0m [1;30mLevel 1[0m _identify(integration_test_20250811_155133) by extension 'python_setup_py'
[0.419s] [34mcolcon.colcon_core.package_identification[0m [1;30mLevel 1[0m _identify(log) by extensions ['ignore', 'ignore_ament_install']
[0.419s] [34mcolcon.colcon_core.package_identification[0m [1;30mLevel 1[0m _identify(log) by extension 'ignore'
[0.419s] [34mcolcon.colcon_core.package_identification[0m [1;30mLevel 1[0m _identify(log) ignored
[0.419s] [34mcolcon.colcon_core.package_identification[0m [1;30mLevel 1[0m _identify(logs) by extensions ['ignore', 'ignore_ament_install']
[0.419s] [34mcolcon.colcon_core.package_identification[0m [1;30mLevel 1[0m _identify(logs) by extension 'ignore'
[0.419s] [34mcolcon.colcon_core.package_identification[0m [1;30mLevel 1[0m _identify(logs) by extension 'ignore_ament_install'
[0.419s] [34mcolcon.colcon_core.package_identification[0m [1;30mLevel 1[0m _identify(logs) by extensions ['colcon_pkg']
[0.419s] [34mcolcon.colcon_core.package_identification[0m [1;30mLevel 1[0m _identify(logs) by extension 'colcon_pkg'
[0.419s] [34mcolcon.colcon_core.package_identification[0m [1;30mLevel 1[0m _identify(logs) by extensions ['colcon_meta']
[0.419s] [34mcolcon.colcon_core.package_identification[0m [1;30mLevel 1[0m _identify(logs) by extension 'colcon_meta'
[0.419s] [34mcolcon.colcon_core.package_identification[0m [1;30mLevel 1[0m _identify(logs) by extensions ['ros']
[0.419s] [34mcolcon.colcon_core.package_identification[0m [1;30mLevel 1[0m _identify(logs) by extension 'ros'
[0.419s] [34mcolcon.colcon_core.package_identification[0m [1;30mLevel 1[0m _identify(logs) by extensions ['cmake', 'python']
[0.419s] [34mcolcon.colcon_core.package_identification[0m [1;30mLevel 1[0m _identify(logs) by extension 'cmake'
[0.419s] [34mcolcon.colcon_core.package_identification[0m [1;30mLevel 1[0m _identify(logs) by extension 'python'
[0.419s] [34mcolcon.colcon_core.package_identification[0m [1;30mLevel 1[0m _identify(logs) by extensions ['python_setup_py']
[0.419s] [34mcolcon.colcon_core.package_identification[0m [1;30mLevel 1[0m _identify(logs) by extension 'python_setup_py'
[0.419s] [34mcolcon.colcon_core.package_identification[0m [1;30mLevel 1[0m _identify(logs/full_training_1754642916) by extensions ['ignore', 'ignore_ament_install']
[0.420s] [34mcolcon.colcon_core.package_identification[0m [1;30mLevel 1[0m _identify(logs/full_training_1754642916) by extension 'ignore'
[0.420s] [34mcolcon.colcon_core.package_identification[0m [1;30mLevel 1[0m _identify(logs/full_training_1754642916) by extension 'ignore_ament_install'
[0.420s] [34mcolcon.colcon_core.package_identification[0m [1;30mLevel 1[0m _identify(logs/full_training_1754642916) by extensions ['colcon_pkg']
[0.420s] [34mcolcon.colcon_core.package_identification[0m [1;30mLevel 1[0m _identify(logs/full_training_1754642916) by extension 'colcon_pkg'
[0.420s] [34mcolcon.colcon_core.package_identification[0m [1;30mLevel 1[0m _identify(logs/full_training_1754642916) by extensions ['colcon_meta']
[0.420s] [34mcolcon.colcon_core.package_identification[0m [1;30mLevel 1[0m _identify(logs/full_training_1754642916) by extension 'colcon_meta'
[0.420s] [34mcolcon.colcon_core.package_identification[0m [1;30mLevel 1[0m _identify(logs/full_training_1754642916) by extensions ['ros']
[0.420s] [34mcolcon.colcon_core.package_identification[0m [1;30mLevel 1[0m _identify(logs/full_training_1754642916) by extension 'ros'
[0.420s] [34mcolcon.colcon_core.package_identification[0m [1;30mLevel 1[0m _identify(logs/full_training_1754642916) by extensions ['cmake', 'python']
[0.420s] [34mcolcon.colcon_core.package_identification[0m [1;30mLevel 1[0m _identify(logs/full_training_1754642916) by extension 'cmake'
[0.420s] [34mcolcon.colcon_core.package_identification[0m [1;30mLevel 1[0m _identify(logs/full_training_1754642916) by extension 'python'
[0.420s] [34mcolcon.colcon_core.package_identification[0m [1;30mLevel 1[0m _identify(logs/full_training_1754642916) by extensions ['python_setup_py']
[0.420s] [34mcolcon.colcon_core.package_identification[0m [1;30mLevel 1[0m _identify(logs/full_training_1754642916) by extension 'python_setup_py'
[0.420s] [34mcolcon.colcon_core.package_identification[0m [1;30mLevel 1[0m _identify(logs/full_training_1754642916/eval_logs) by extensions ['ignore', 'ignore_ament_install']
[0.420s] [34mcolcon.colcon_core.package_identification[0m [1;30mLevel 1[0m _identify(logs/full_training_1754642916/eval_logs) by extension 'ignore'
[0.420s] [34mcolcon.colcon_core.package_identification[0m [1;30mLevel 1[0m _identify(logs/full_training_1754642916/eval_logs) by extension 'ignore_ament_install'
[0.420s] [34mcolcon.colcon_core.package_identification[0m [1;30mLevel 1[0m _identify(logs/full_training_1754642916/eval_logs) by extensions ['colcon_pkg']
[0.420s] [34mcolcon.colcon_core.package_identification[0m [1;30mLevel 1[0m _identify(logs/full_training_1754642916/eval_logs) by extension 'colcon_pkg'
[0.420s] [34mcolcon.colcon_core.package_identification[0m [1;30mLevel 1[0m _identify(logs/full_training_1754642916/eval_logs) by extensions ['colcon_meta']
[0.420s] [34mcolcon.colcon_core.package_identification[0m [1;30mLevel 1[0m _identify(logs/full_training_1754642916/eval_logs) by extension 'colcon_meta'
[0.420s] [34mcolcon.colcon_core.package_identification[0m [1;30mLevel 1[0m _identify(logs/full_training_1754642916/eval_logs) by extensions ['ros']
[0.420s] [34mcolcon.colcon_core.package_identification[0m [1;30mLevel 1[0m _identify(logs/full_training_1754642916/eval_logs) by extension 'ros'
[0.420s] [34mcolcon.colcon_core.package_identification[0m [1;30mLevel 1[0m _identify(logs/full_training_1754642916/eval_logs) by extensions ['cmake', 'python']
[0.420s] [34mcolcon.colcon_core.package_identification[0m [1;30mLevel 1[0m _identify(logs/full_training_1754642916/eval_logs) by extension 'cmake'
[0.420s] [34mcolcon.colcon_core.package_identification[0m [1;30mLevel 1[0m _identify(logs/full_training_1754642916/eval_logs) by extension 'python'
[0.420s] [34mcolcon.colcon_core.package_identification[0m [1;30mLevel 1[0m _identify(logs/full_training_1754642916/eval_logs) by extensions ['python_setup_py']
[0.421s] [34mcolcon.colcon_core.package_identification[0m [1;30mLevel 1[0m _identify(logs/full_training_1754642916/eval_logs) by extension 'python_setup_py'
[0.421s] [34mcolcon.colcon_core.package_identification[0m [1;30mLevel 1[0m _identify(logs/m0609_training_20250809_152628) by extensions ['ignore', 'ignore_ament_install']
[0.421s] [34mcolcon.colcon_core.package_identification[0m [1;30mLevel 1[0m _identify(logs/m0609_training_20250809_152628) by extension 'ignore'
[0.421s] [34mcolcon.colcon_core.package_identification[0m [1;30mLevel 1[0m _identify(logs/m0609_training_20250809_152628) by extension 'ignore_ament_install'
[0.421s] [34mcolcon.colcon_core.package_identification[0m [1;30mLevel 1[0m _identify(logs/m0609_training_20250809_152628) by extensions ['colcon_pkg']
[0.421s] [34mcolcon.colcon_core.package_identification[0m [1;30mLevel 1[0m _identify(logs/m0609_training_20250809_152628) by extension 'colcon_pkg'
[0.421s] [34mcolcon.colcon_core.package_identification[0m [1;30mLevel 1[0m _identify(logs/m0609_training_20250809_152628) by extensions ['colcon_meta']
[0.421s] [34mcolcon.colcon_core.package_identification[0m [1;30mLevel 1[0m _identify(logs/m0609_training_20250809_152628) by extension 'colcon_meta'
[0.421s] [34mcolcon.colcon_core.package_identification[0m [1;30mLevel 1[0m _identify(logs/m0609_training_20250809_152628) by extensions ['ros']
[0.421s] [34mcolcon.colcon_core.package_identification[0m [1;30mLevel 1[0m _identify(logs/m0609_training_20250809_152628) by extension 'ros'
[0.421s] [34mcolcon.colcon_core.package_identification[0m [1;30mLevel 1[0m _identify(logs/m0609_training_20250809_152628) by extensions ['cmake', 'python']
[0.421s] [34mcolcon.colcon_core.package_identification[0m [1;30mLevel 1[0m _identify(logs/m0609_training_20250809_152628) by extension 'cmake'
[0.421s] [34mcolcon.colcon_core.package_identification[0m [1;30mLevel 1[0m _identify(logs/m0609_training_20250809_152628) by extension 'python'
[0.421s] [34mcolcon.colcon_core.package_identification[0m [1;30mLevel 1[0m _identify(logs/m0609_training_20250809_152628) by extensions ['python_setup_py']
[0.421s] [34mcolcon.colcon_core.package_identification[0m [1;30mLevel 1[0m _identify(logs/m0609_training_20250809_152628) by extension 'python_setup_py'
[0.421s] [34mcolcon.colcon_core.package_identification[0m [1;30mLevel 1[0m _identify(logs/production_1754644720) by extensions ['ignore', 'ignore_ament_install']
[0.421s] [34mcolcon.colcon_core.package_identification[0m [1;30mLevel 1[0m _identify(logs/production_1754644720) by extension 'ignore'
[0.421s] [34mcolcon.colcon_core.package_identification[0m [1;30mLevel 1[0m _identify(logs/production_1754644720) by extension 'ignore_ament_install'
[0.421s] [34mcolcon.colcon_core.package_identification[0m [1;30mLevel 1[0m _identify(logs/production_1754644720) by extensions ['colcon_pkg']
[0.421s] [34mcolcon.colcon_core.package_identification[0m [1;30mLevel 1[0m _identify(logs/production_1754644720) by extension 'colcon_pkg'
[0.421s] [34mcolcon.colcon_core.package_identification[0m [1;30mLevel 1[0m _identify(logs/production_1754644720) by extensions ['colcon_meta']
[0.421s] [34mcolcon.colcon_core.package_identification[0m [1;30mLevel 1[0m _identify(logs/production_1754644720) by extension 'colcon_meta'
[0.421s] [34mcolcon.colcon_core.package_identification[0m [1;30mLevel 1[0m _identify(logs/production_1754644720) by extensions ['ros']
[0.421s] [34mcolcon.colcon_core.package_identification[0m [1;30mLevel 1[0m _identify(logs/production_1754644720) by extension 'ros'
[0.422s] [34mcolcon.colcon_core.package_identification[0m [1;30mLevel 1[0m _identify(logs/production_1754644720) by extensions ['cmake', 'python']
[0.422s] [34mcolcon.colcon_core.package_identification[0m [1;30mLevel 1[0m _identify(logs/production_1754644720) by extension 'cmake'
[0.422s] [34mcolcon.colcon_core.package_identification[0m [1;30mLevel 1[0m _identify(logs/production_1754644720) by extension 'python'
[0.422s] [34mcolcon.colcon_core.package_identification[0m [1;30mLevel 1[0m _identify(logs/production_1754644720) by extensions ['python_setup_py']
[0.422s] [34mcolcon.colcon_core.package_identification[0m [1;30mLevel 1[0m _identify(logs/production_1754644720) by extension 'python_setup_py'
[0.422s] [34mcolcon.colcon_core.package_identification[0m [1;30mLevel 1[0m _identify(logs/production_simple_1754644791) by extensions ['ignore', 'ignore_ament_install']
[0.422s] [34mcolcon.colcon_core.package_identification[0m [1;30mLevel 1[0m _identify(logs/production_simple_1754644791) by extension 'ignore'
[0.422s] [34mcolcon.colcon_core.package_identification[0m [1;30mLevel 1[0m _identify(logs/production_simple_1754644791) by extension 'ignore_ament_install'
[0.422s] [34mcolcon.colcon_core.package_identification[0m [1;30mLevel 1[0m _identify(logs/production_simple_1754644791) by extensions ['colcon_pkg']
[0.422s] [34mcolcon.colcon_core.package_identification[0m [1;30mLevel 1[0m _identify(logs/production_simple_1754644791) by extension 'colcon_pkg'
[0.422s] [34mcolcon.colcon_core.package_identification[0m [1;30mLevel 1[0m _identify(logs/production_simple_1754644791) by extensions ['colcon_meta']
[0.422s] [34mcolcon.colcon_core.package_identification[0m [1;30mLevel 1[0m _identify(logs/production_simple_1754644791) by extension 'colcon_meta'
[0.422s] [34mcolcon.colcon_core.package_identification[0m [1;30mLevel 1[0m _identify(logs/production_simple_1754644791) by extensions ['ros']
[0.422s] [34mcolcon.colcon_core.package_identification[0m [1;30mLevel 1[0m _identify(logs/production_simple_1754644791) by extension 'ros'
[0.422s] [34mcolcon.colcon_core.package_identification[0m [1;30mLevel 1[0m _identify(logs/production_simple_1754644791) by extensions ['cmake', 'python']
[0.422s] [34mcolcon.colcon_core.package_identification[0m [1;30mLevel 1[0m _identify(logs/production_simple_1754644791) by extension 'cmake'
[0.422s] [34mcolcon.colcon_core.package_identification[0m [1;30mLevel 1[0m _identify(logs/production_simple_1754644791) by extension 'python'
[0.422s] [34mcolcon.colcon_core.package_identification[0m [1;30mLevel 1[0m _identify(logs/production_simple_1754644791) by extensions ['python_setup_py']
[0.422s] [34mcolcon.colcon_core.package_identification[0m [1;30mLevel 1[0m _identify(logs/production_simple_1754644791) by extension 'python_setup_py'
[0.422s] [34mcolcon.colcon_core.package_identification[0m [1;30mLevel 1[0m _identify(logs/production_simple_1754644791/eval_logs) by extensions ['ignore', 'ignore_ament_install']
[0.422s] [34mcolcon.colcon_core.package_identification[0m [1;30mLevel 1[0m _identify(logs/production_simple_1754644791/eval_logs) by extension 'ignore'
[0.422s] [34mcolcon.colcon_core.package_identification[0m [1;30mLevel 1[0m _identify(logs/production_simple_1754644791/eval_logs) by extension 'ignore_ament_install'
[0.422s] [34mcolcon.colcon_core.package_identification[0m [1;30mLevel 1[0m _identify(logs/production_simple_1754644791/eval_logs) by extensions ['colcon_pkg']
[0.423s] [34mcolcon.colcon_core.package_identification[0m [1;30mLevel 1[0m _identify(logs/production_simple_1754644791/eval_logs) by extension 'colcon_pkg'
[0.423s] [34mcolcon.colcon_core.package_identification[0m [1;30mLevel 1[0m _identify(logs/production_simple_1754644791/eval_logs) by extensions ['colcon_meta']
[0.423s] [34mcolcon.colcon_core.package_identification[0m [1;30mLevel 1[0m _identify(logs/production_simple_1754644791/eval_logs) by extension 'colcon_meta'
[0.423s] [34mcolcon.colcon_core.package_identification[0m [1;30mLevel 1[0m _identify(logs/production_simple_1754644791/eval_logs) by extensions ['ros']
[0.423s] [34mcolcon.colcon_core.package_identification[0m [1;30mLevel 1[0m _identify(logs/production_simple_1754644791/eval_logs) by extension 'ros'
[0.423s] [34mcolcon.colcon_core.package_identification[0m [1;30mLevel 1[0m _identify(logs/production_simple_1754644791/eval_logs) by extensions ['cmake', 'python']
[0.423s] [34mcolcon.colcon_core.package_identification[0m [1;30mLevel 1[0m _identify(logs/production_simple_1754644791/eval_logs) by extension 'cmake'
[0.423s] [34mcolcon.colcon_core.package_identification[0m [1;30mLevel 1[0m _identify(logs/production_simple_1754644791/eval_logs) by extension 'python'
[0.423s] [34mcolcon.colcon_core.package_identification[0m [1;30mLevel 1[0m _identify(logs/production_simple_1754644791/eval_logs) by extensions ['python_setup_py']
[0.423s] [34mcolcon.colcon_core.package_identification[0m [1;30mLevel 1[0m _identify(logs/production_simple_1754644791/eval_logs) by extension 'python_setup_py'
[0.423s] [34mcolcon.colcon_core.package_identification[0m [1;30mLevel 1[0m _identify(logs/production_test_1754644781) by extensions ['ignore', 'ignore_ament_install']
[0.423s] [34mcolcon.colcon_core.package_identification[0m [1;30mLevel 1[0m _identify(logs/production_test_1754644781) by extension 'ignore'
[0.423s] [34mcolcon.colcon_core.package_identification[0m [1;30mLevel 1[0m _identify(logs/production_test_1754644781) by extension 'ignore_ament_install'
[0.423s] [34mcolcon.colcon_core.package_identification[0m [1;30mLevel 1[0m _identify(logs/production_test_1754644781) by extensions ['colcon_pkg']
[0.423s] [34mcolcon.colcon_core.package_identification[0m [1;30mLevel 1[0m _identify(logs/production_test_1754644781) by extension 'colcon_pkg'
[0.423s] [34mcolcon.colcon_core.package_identification[0m [1;30mLevel 1[0m _identify(logs/production_test_1754644781) by extensions ['colcon_meta']
[0.423s] [34mcolcon.colcon_core.package_identification[0m [1;30mLevel 1[0m _identify(logs/production_test_1754644781) by extension 'colcon_meta'
[0.423s] [34mcolcon.colcon_core.package_identification[0m [1;30mLevel 1[0m _identify(logs/production_test_1754644781) by extensions ['ros']
[0.423s] [34mcolcon.colcon_core.package_identification[0m [1;30mLevel 1[0m _identify(logs/production_test_1754644781) by extension 'ros'
[0.423s] [34mcolcon.colcon_core.package_identification[0m [1;30mLevel 1[0m _identify(logs/production_test_1754644781) by extensions ['cmake', 'python']
[0.423s] [34mcolcon.colcon_core.package_identification[0m [1;30mLevel 1[0m _identify(logs/production_test_1754644781) by extension 'cmake'
[0.423s] [34mcolcon.colcon_core.package_identification[0m [1;30mLevel 1[0m _identify(logs/production_test_1754644781) by extension 'python'
[0.423s] [34mcolcon.colcon_core.package_identification[0m [1;30mLevel 1[0m _identify(logs/production_test_1754644781) by extensions ['python_setup_py']
[0.423s] [34mcolcon.colcon_core.package_identification[0m [1;30mLevel 1[0m _identify(logs/production_test_1754644781) by extension 'python_setup_py'
[0.423s] [34mcolcon.colcon_core.package_identification[0m [1;30mLevel 1[0m _identify(logs/production_test_1754644781/eval_logs) by extensions ['ignore', 'ignore_ament_install']
[0.424s] [34mcolcon.colcon_core.package_identification[0m [1;30mLevel 1[0m _identify(logs/production_test_1754644781/eval_logs) by extension 'ignore'
[0.424s] [34mcolcon.colcon_core.package_identification[0m [1;30mLevel 1[0m _identify(logs/production_test_1754644781/eval_logs) by extension 'ignore_ament_install'
[0.424s] [34mcolcon.colcon_core.package_identification[0m [1;30mLevel 1[0m _identify(logs/production_test_1754644781/eval_logs) by extensions ['colcon_pkg']
[0.424s] [34mcolcon.colcon_core.package_identification[0m [1;30mLevel 1[0m _identify(logs/production_test_1754644781/eval_logs) by extension 'colcon_pkg'
[0.424s] [34mcolcon.colcon_core.package_identification[0m [1;30mLevel 1[0m _identify(logs/production_test_1754644781/eval_logs) by extensions ['colcon_meta']
[0.424s] [34mcolcon.colcon_core.package_identification[0m [1;30mLevel 1[0m _identify(logs/production_test_1754644781/eval_logs) by extension 'colcon_meta'
[0.424s] [34mcolcon.colcon_core.package_identification[0m [1;30mLevel 1[0m _identify(logs/production_test_1754644781/eval_logs) by extensions ['ros']
[0.424s] [34mcolcon.colcon_core.package_identification[0m [1;30mLevel 1[0m _identify(logs/production_test_1754644781/eval_logs) by extension 'ros'
[0.424s] [34mcolcon.colcon_core.package_identification[0m [1;30mLevel 1[0m _identify(logs/production_test_1754644781/eval_logs) by extensions ['cmake', 'python']
[0.424s] [34mcolcon.colcon_core.package_identification[0m [1;30mLevel 1[0m _identify(logs/production_test_1754644781/eval_logs) by extension 'cmake'
[0.424s] [34mcolcon.colcon_core.package_identification[0m [1;30mLevel 1[0m _identify(logs/production_test_1754644781/eval_logs) by extension 'python'
[0.424s] [34mcolcon.colcon_core.package_identification[0m [1;30mLevel 1[0m _identify(logs/production_test_1754644781/eval_logs) by extensions ['python_setup_py']
[0.424s] [34mcolcon.colcon_core.package_identification[0m [1;30mLevel 1[0m _identify(logs/production_test_1754644781/eval_logs) by extension 'python_setup_py'
[0.424s] [34mcolcon.colcon_core.package_identification[0m [1;30mLevel 1[0m _identify(logs/soma_cube_training_20250808_233651) by extensions ['ignore', 'ignore_ament_install']
[0.424s] [34mcolcon.colcon_core.package_identification[0m [1;30mLevel 1[0m _identify(logs/soma_cube_training_20250808_233651) by extension 'ignore'
[0.424s] [34mcolcon.colcon_core.package_identification[0m [1;30mLevel 1[0m _identify(logs/soma_cube_training_20250808_233651) by extension 'ignore_ament_install'
[0.424s] [34mcolcon.colcon_core.package_identification[0m [1;30mLevel 1[0m _identify(logs/soma_cube_training_20250808_233651) by extensions ['colcon_pkg']
[0.424s] [34mcolcon.colcon_core.package_identification[0m [1;30mLevel 1[0m _identify(logs/soma_cube_training_20250808_233651) by extension 'colcon_pkg'
[0.424s] [34mcolcon.colcon_core.package_identification[0m [1;30mLevel 1[0m _identify(logs/soma_cube_training_20250808_233651) by extensions ['colcon_meta']
[0.424s] [34mcolcon.colcon_core.package_identification[0m [1;30mLevel 1[0m _identify(logs/soma_cube_training_20250808_233651) by extension 'colcon_meta'
[0.424s] [34mcolcon.colcon_core.package_identification[0m [1;30mLevel 1[0m _identify(logs/soma_cube_training_20250808_233651) by extensions ['ros']
[0.424s] [34mcolcon.colcon_core.package_identification[0m [1;30mLevel 1[0m _identify(logs/soma_cube_training_20250808_233651) by extension 'ros'
[0.424s] [34mcolcon.colcon_core.package_identification[0m [1;30mLevel 1[0m _identify(logs/soma_cube_training_20250808_233651) by extensions ['cmake', 'python']
[0.424s] [34mcolcon.colcon_core.package_identification[0m [1;30mLevel 1[0m _identify(logs/soma_cube_training_20250808_233651) by extension 'cmake'
[0.424s] [34mcolcon.colcon_core.package_identification[0m [1;30mLevel 1[0m _identify(logs/soma_cube_training_20250808_233651) by extension 'python'
[0.424s] [34mcolcon.colcon_core.package_identification[0m [1;30mLevel 1[0m _identify(logs/soma_cube_training_20250808_233651) by extensions ['python_setup_py']
[0.424s] [34mcolcon.colcon_core.package_identification[0m [1;30mLevel 1[0m _identify(logs/soma_cube_training_20250808_233651) by extension 'python_setup_py'
[0.425s] [34mcolcon.colcon_core.package_identification[0m [1;30mLevel 1[0m _identify(logs/soma_cube_training_20250808_233651/tensorboard) by extensions ['ignore', 'ignore_ament_install']
[0.425s] [34mcolcon.colcon_core.package_identification[0m [1;30mLevel 1[0m _identify(logs/soma_cube_training_20250808_233651/tensorboard) by extension 'ignore'
[0.425s] [34mcolcon.colcon_core.package_identification[0m [1;30mLevel 1[0m _identify(logs/soma_cube_training_20250808_233651/tensorboard) by extension 'ignore_ament_install'
[0.425s] [34mcolcon.colcon_core.package_identification[0m [1;30mLevel 1[0m _identify(logs/soma_cube_training_20250808_233651/tensorboard) by extensions ['colcon_pkg']
[0.425s] [34mcolcon.colcon_core.package_identification[0m [1;30mLevel 1[0m _identify(logs/soma_cube_training_20250808_233651/tensorboard) by extension 'colcon_pkg'
[0.425s] [34mcolcon.colcon_core.package_identification[0m [1;30mLevel 1[0m _identify(logs/soma_cube_training_20250808_233651/tensorboard) by extensions ['colcon_meta']
[0.425s] [34mcolcon.colcon_core.package_identification[0m [1;30mLevel 1[0m _identify(logs/soma_cube_training_20250808_233651/tensorboard) by extension 'colcon_meta'
[0.425s] [34mcolcon.colcon_core.package_identification[0m [1;30mLevel 1[0m _identify(logs/soma_cube_training_20250808_233651/tensorboard) by extensions ['ros']
[0.425s] [34mcolcon.colcon_core.package_identification[0m [1;30mLevel 1[0m _identify(logs/soma_cube_training_20250808_233651/tensorboard) by extension 'ros'
[0.425s] [34mcolcon.colcon_core.package_identification[0m [1;30mLevel 1[0m _identify(logs/soma_cube_training_20250808_233651/tensorboard) by extensions ['cmake', 'python']
[0.425s] [34mcolcon.colcon_core.package_identification[0m [1;30mLevel 1[0m _identify(logs/soma_cube_training_20250808_233651/tensorboard) by extension 'cmake'
[0.425s] [34mcolcon.colcon_core.package_identification[0m [1;30mLevel 1[0m _identify(logs/soma_cube_training_20250808_233651/tensorboard) by extension 'python'
[0.425s] [34mcolcon.colcon_core.package_identification[0m [1;30mLevel 1[0m _identify(logs/soma_cube_training_20250808_233651/tensorboard) by extensions ['python_setup_py']
[0.425s] [34mcolcon.colcon_core.package_identification[0m [1;30mLevel 1[0m _identify(logs/soma_cube_training_20250808_233651/tensorboard) by extension 'python_setup_py'
[0.425s] [34mcolcon.colcon_core.package_identification[0m [1;30mLevel 1[0m _identify(logs/soma_cube_training_20250808_233744) by extensions ['ignore', 'ignore_ament_install']
[0.425s] [34mcolcon.colcon_core.package_identification[0m [1;30mLevel 1[0m _identify(logs/soma_cube_training_20250808_233744) by extension 'ignore'
[0.425s] [34mcolcon.colcon_core.package_identification[0m [1;30mLevel 1[0m _identify(logs/soma_cube_training_20250808_233744) by extension 'ignore_ament_install'
[0.425s] [34mcolcon.colcon_core.package_identification[0m [1;30mLevel 1[0m _identify(logs/soma_cube_training_20250808_233744) by extensions ['colcon_pkg']
[0.425s] [34mcolcon.colcon_core.package_identification[0m [1;30mLevel 1[0m _identify(logs/soma_cube_training_20250808_233744) by extension 'colcon_pkg'
[0.425s] [34mcolcon.colcon_core.package_identification[0m [1;30mLevel 1[0m _identify(logs/soma_cube_training_20250808_233744) by extensions ['colcon_meta']
[0.425s] [34mcolcon.colcon_core.package_identification[0m [1;30mLevel 1[0m _identify(logs/soma_cube_training_20250808_233744) by extension 'colcon_meta'
[0.425s] [34mcolcon.colcon_core.package_identification[0m [1;30mLevel 1[0m _identify(logs/soma_cube_training_20250808_233744) by extensions ['ros']
[0.425s] [34mcolcon.colcon_core.package_identification[0m [1;30mLevel 1[0m _identify(logs/soma_cube_training_20250808_233744) by extension 'ros'
[0.425s] [34mcolcon.colcon_core.package_identification[0m [1;30mLevel 1[0m _identify(logs/soma_cube_training_20250808_233744) by extensions ['cmake', 'python']
[0.425s] [34mcolcon.colcon_core.package_identification[0m [1;30mLevel 1[0m _identify(logs/soma_cube_training_20250808_233744) by extension 'cmake'
[0.425s] [34mcolcon.colcon_core.package_identification[0m [1;30mLevel 1[0m _identify(logs/soma_cube_training_20250808_233744) by extension 'python'
[0.426s] [34mcolcon.colcon_core.package_identification[0m [1;30mLevel 1[0m _identify(logs/soma_cube_training_20250808_233744) by extensions ['python_setup_py']
[0.426s] [34mcolcon.colcon_core.package_identification[0m [1;30mLevel 1[0m _identify(logs/soma_cube_training_20250808_233744) by extension 'python_setup_py'
[0.426s] [34mcolcon.colcon_core.package_identification[0m [1;30mLevel 1[0m _identify(logs/soma_cube_training_20250808_233744/tensorboard) by extensions ['ignore', 'ignore_ament_install']
[0.426s] [34mcolcon.colcon_core.package_identification[0m [1;30mLevel 1[0m _identify(logs/soma_cube_training_20250808_233744/tensorboard) by extension 'ignore'
[0.426s] [34mcolcon.colcon_core.package_identification[0m [1;30mLevel 1[0m _identify(logs/soma_cube_training_20250808_233744/tensorboard) by extension 'ignore_ament_install'
[0.426s] [34mcolcon.colcon_core.package_identification[0m [1;30mLevel 1[0m _identify(logs/soma_cube_training_20250808_233744/tensorboard) by extensions ['colcon_pkg']
[0.426s] [34mcolcon.colcon_core.package_identification[0m [1;30mLevel 1[0m _identify(logs/soma_cube_training_20250808_233744/tensorboard) by extension 'colcon_pkg'
[0.426s] [34mcolcon.colcon_core.package_identification[0m [1;30mLevel 1[0m _identify(logs/soma_cube_training_20250808_233744/tensorboard) by extensions ['colcon_meta']
[0.426s] [34mcolcon.colcon_core.package_identification[0m [1;30mLevel 1[0m _identify(logs/soma_cube_training_20250808_233744/tensorboard) by extension 'colcon_meta'
[0.426s] [34mcolcon.colcon_core.package_identification[0m [1;30mLevel 1[0m _identify(logs/soma_cube_training_20250808_233744/tensorboard) by extensions ['ros']
[0.426s] [34mcolcon.colcon_core.package_identification[0m [1;30mLevel 1[0m _identify(logs/soma_cube_training_20250808_233744/tensorboard) by extension 'ros'
[0.426s] [34mcolcon.colcon_core.package_identification[0m [1;30mLevel 1[0m _identify(logs/soma_cube_training_20250808_233744/tensorboard) by extensions ['cmake', 'python']
[0.426s] [34mcolcon.colcon_core.package_identification[0m [1;30mLevel 1[0m _identify(logs/soma_cube_training_20250808_233744/tensorboard) by extension 'cmake'
[0.426s] [34mcolcon.colcon_core.package_identification[0m [1;30mLevel 1[0m _identify(logs/soma_cube_training_20250808_233744/tensorboard) by extension 'python'
[0.426s] [34mcolcon.colcon_core.package_identification[0m [1;30mLevel 1[0m _identify(logs/soma_cube_training_20250808_233744/tensorboard) by extensions ['python_setup_py']
[0.426s] [34mcolcon.colcon_core.package_identification[0m [1;30mLevel 1[0m _identify(logs/soma_cube_training_20250808_233744/tensorboard) by extension 'python_setup_py'
[0.426s] [34mcolcon.colcon_core.package_identification[0m [1;30mLevel 1[0m _identify(logs/soma_cube_training_20250808_233807) by extensions ['ignore', 'ignore_ament_install']
[0.426s] [34mcolcon.colcon_core.package_identification[0m [1;30mLevel 1[0m _identify(logs/soma_cube_training_20250808_233807) by extension 'ignore'
[0.426s] [34mcolcon.colcon_core.package_identification[0m [1;30mLevel 1[0m _identify(logs/soma_cube_training_20250808_233807) by extension 'ignore_ament_install'
[0.426s] [34mcolcon.colcon_core.package_identification[0m [1;30mLevel 1[0m _identify(logs/soma_cube_training_20250808_233807) by extensions ['colcon_pkg']
[0.426s] [34mcolcon.colcon_core.package_identification[0m [1;30mLevel 1[0m _identify(logs/soma_cube_training_20250808_233807) by extension 'colcon_pkg'
[0.426s] [34mcolcon.colcon_core.package_identification[0m [1;30mLevel 1[0m _identify(logs/soma_cube_training_20250808_233807) by extensions ['colcon_meta']
[0.426s] [34mcolcon.colcon_core.package_identification[0m [1;30mLevel 1[0m _identify(logs/soma_cube_training_20250808_233807) by extension 'colcon_meta'
[0.426s] [34mcolcon.colcon_core.package_identification[0m [1;30mLevel 1[0m _identify(logs/soma_cube_training_20250808_233807) by extensions ['ros']
[0.426s] [34mcolcon.colcon_core.package_identification[0m [1;30mLevel 1[0m _identify(logs/soma_cube_training_20250808_233807) by extension 'ros'
[0.427s] [34mcolcon.colcon_core.package_identification[0m [1;30mLevel 1[0m _identify(logs/soma_cube_training_20250808_233807) by extensions ['cmake', 'python']
[0.427s] [34mcolcon.colcon_core.package_identification[0m [1;30mLevel 1[0m _identify(logs/soma_cube_training_20250808_233807) by extension 'cmake'
[0.427s] [34mcolcon.colcon_core.package_identification[0m [1;30mLevel 1[0m _identify(logs/soma_cube_training_20250808_233807) by extension 'python'
[0.427s] [34mcolcon.colcon_core.package_identification[0m [1;30mLevel 1[0m _identify(logs/soma_cube_training_20250808_233807) by extensions ['python_setup_py']
[0.427s] [34mcolcon.colcon_core.package_identification[0m [1;30mLevel 1[0m _identify(logs/soma_cube_training_20250808_233807) by extension 'python_setup_py'
[0.427s] [34mcolcon.colcon_core.package_identification[0m [1;30mLevel 1[0m _identify(logs/soma_cube_training_20250808_233807/tensorboard) by extensions ['ignore', 'ignore_ament_install']
[0.427s] [34mcolcon.colcon_core.package_identification[0m [1;30mLevel 1[0m _identify(logs/soma_cube_training_20250808_233807/tensorboard) by extension 'ignore'
[0.427s] [34mcolcon.colcon_core.package_identification[0m [1;30mLevel 1[0m _identify(logs/soma_cube_training_20250808_233807/tensorboard) by extension 'ignore_ament_install'
[0.427s] [34mcolcon.colcon_core.package_identification[0m [1;30mLevel 1[0m _identify(logs/soma_cube_training_20250808_233807/tensorboard) by extensions ['colcon_pkg']
[0.427s] [34mcolcon.colcon_core.package_identification[0m [1;30mLevel 1[0m _identify(logs/soma_cube_training_20250808_233807/tensorboard) by extension 'colcon_pkg'
[0.427s] [34mcolcon.colcon_core.package_identification[0m [1;30mLevel 1[0m _identify(logs/soma_cube_training_20250808_233807/tensorboard) by extensions ['colcon_meta']
[0.427s] [34mcolcon.colcon_core.package_identification[0m [1;30mLevel 1[0m _identify(logs/soma_cube_training_20250808_233807/tensorboard) by extension 'colcon_meta'
[0.427s] [34mcolcon.colcon_core.package_identification[0m [1;30mLevel 1[0m _identify(logs/soma_cube_training_20250808_233807/tensorboard) by extensions ['ros']
[0.427s] [34mcolcon.colcon_core.package_identification[0m [1;30mLevel 1[0m _identify(logs/soma_cube_training_20250808_233807/tensorboard) by extension 'ros'
[0.427s] [34mcolcon.colcon_core.package_identification[0m [1;30mLevel 1[0m _identify(logs/soma_cube_training_20250808_233807/tensorboard) by extensions ['cmake', 'python']
[0.427s] [34mcolcon.colcon_core.package_identification[0m [1;30mLevel 1[0m _identify(logs/soma_cube_training_20250808_233807/tensorboard) by extension 'cmake'
[0.427s] [34mcolcon.colcon_core.package_identification[0m [1;30mLevel 1[0m _identify(logs/soma_cube_training_20250808_233807/tensorboard) by extension 'python'
[0.427s] [34mcolcon.colcon_core.package_identification[0m [1;30mLevel 1[0m _identify(logs/soma_cube_training_20250808_233807/tensorboard) by extensions ['python_setup_py']
[0.427s] [34mcolcon.colcon_core.package_identification[0m [1;30mLevel 1[0m _identify(logs/soma_cube_training_20250808_233807/tensorboard) by extension 'python_setup_py'
[0.427s] [34mcolcon.colcon_core.package_identification[0m [1;30mLevel 1[0m _identify(logs/soma_cube_training_20250808_233828) by extensions ['ignore', 'ignore_ament_install']
[0.427s] [34mcolcon.colcon_core.package_identification[0m [1;30mLevel 1[0m _identify(logs/soma_cube_training_20250808_233828) by extension 'ignore'
[0.427s] [34mcolcon.colcon_core.package_identification[0m [1;30mLevel 1[0m _identify(logs/soma_cube_training_20250808_233828) by extension 'ignore_ament_install'
[0.427s] [34mcolcon.colcon_core.package_identification[0m [1;30mLevel 1[0m _identify(logs/soma_cube_training_20250808_233828) by extensions ['colcon_pkg']
[0.427s] [34mcolcon.colcon_core.package_identification[0m [1;30mLevel 1[0m _identify(logs/soma_cube_training_20250808_233828) by extension 'colcon_pkg'
[0.428s] [34mcolcon.colcon_core.package_identification[0m [1;30mLevel 1[0m _identify(logs/soma_cube_training_20250808_233828) by extensions ['colcon_meta']
[0.428s] [34mcolcon.colcon_core.package_identification[0m [1;30mLevel 1[0m _identify(logs/soma_cube_training_20250808_233828) by extension 'colcon_meta'
[0.428s] [34mcolcon.colcon_core.package_identification[0m [1;30mLevel 1[0m _identify(logs/soma_cube_training_20250808_233828) by extensions ['ros']
[0.428s] [34mcolcon.colcon_core.package_identification[0m [1;30mLevel 1[0m _identify(logs/soma_cube_training_20250808_233828) by extension 'ros'
[0.428s] [34mcolcon.colcon_core.package_identification[0m [1;30mLevel 1[0m _identify(logs/soma_cube_training_20250808_233828) by extensions ['cmake', 'python']
[0.428s] [34mcolcon.colcon_core.package_identification[0m [1;30mLevel 1[0m _identify(logs/soma_cube_training_20250808_233828) by extension 'cmake'
[0.428s] [34mcolcon.colcon_core.package_identification[0m [1;30mLevel 1[0m _identify(logs/soma_cube_training_20250808_233828) by extension 'python'
[0.428s] [34mcolcon.colcon_core.package_identification[0m [1;30mLevel 1[0m _identify(logs/soma_cube_training_20250808_233828) by extensions ['python_setup_py']
[0.428s] [34mcolcon.colcon_core.package_identification[0m [1;30mLevel 1[0m _identify(logs/soma_cube_training_20250808_233828) by extension 'python_setup_py'
[0.428s] [34mcolcon.colcon_core.package_identification[0m [1;30mLevel 1[0m _identify(logs/soma_cube_training_20250808_233828/tensorboard) by extensions ['ignore', 'ignore_ament_install']
[0.428s] [34mcolcon.colcon_core.package_identification[0m [1;30mLevel 1[0m _identify(logs/soma_cube_training_20250808_233828/tensorboard) by extension 'ignore'
[0.428s] [34mcolcon.colcon_core.package_identification[0m [1;30mLevel 1[0m _identify(logs/soma_cube_training_20250808_233828/tensorboard) by extension 'ignore_ament_install'
[0.428s] [34mcolcon.colcon_core.package_identification[0m [1;30mLevel 1[0m _identify(logs/soma_cube_training_20250808_233828/tensorboard) by extensions ['colcon_pkg']
[0.428s] [34mcolcon.colcon_core.package_identification[0m [1;30mLevel 1[0m _identify(logs/soma_cube_training_20250808_233828/tensorboard) by extension 'colcon_pkg'
[0.428s] [34mcolcon.colcon_core.package_identification[0m [1;30mLevel 1[0m _identify(logs/soma_cube_training_20250808_233828/tensorboard) by extensions ['colcon_meta']
[0.428s] [34mcolcon.colcon_core.package_identification[0m [1;30mLevel 1[0m _identify(logs/soma_cube_training_20250808_233828/tensorboard) by extension 'colcon_meta'
[0.428s] [34mcolcon.colcon_core.package_identification[0m [1;30mLevel 1[0m _identify(logs/soma_cube_training_20250808_233828/tensorboard) by extensions ['ros']
[0.428s] [34mcolcon.colcon_core.package_identification[0m [1;30mLevel 1[0m _identify(logs/soma_cube_training_20250808_233828/tensorboard) by extension 'ros'
[0.428s] [34mcolcon.colcon_core.package_identification[0m [1;30mLevel 1[0m _identify(logs/soma_cube_training_20250808_233828/tensorboard) by extensions ['cmake', 'python']
[0.428s] [34mcolcon.colcon_core.package_identification[0m [1;30mLevel 1[0m _identify(logs/soma_cube_training_20250808_233828/tensorboard) by extension 'cmake'
[0.428s] [34mcolcon.colcon_core.package_identification[0m [1;30mLevel 1[0m _identify(logs/soma_cube_training_20250808_233828/tensorboard) by extension 'python'
[0.428s] [34mcolcon.colcon_core.package_identification[0m [1;30mLevel 1[0m _identify(logs/soma_cube_training_20250808_233828/tensorboard) by extensions ['python_setup_py']
[0.428s] [34mcolcon.colcon_core.package_identification[0m [1;30mLevel 1[0m _identify(logs/soma_cube_training_20250808_233828/tensorboard) by extension 'python_setup_py'
[0.428s] [34mcolcon.colcon_core.package_identification[0m [1;30mLevel 1[0m _identify(logs/soma_cube_training_20250808_233843) by extensions ['ignore', 'ignore_ament_install']
[0.428s] [34mcolcon.colcon_core.package_identification[0m [1;30mLevel 1[0m _identify(logs/soma_cube_training_20250808_233843) by extension 'ignore'
[0.429s] [34mcolcon.colcon_core.package_identification[0m [1;30mLevel 1[0m _identify(logs/soma_cube_training_20250808_233843) by extension 'ignore_ament_install'
[0.429s] [34mcolcon.colcon_core.package_identification[0m [1;30mLevel 1[0m _identify(logs/soma_cube_training_20250808_233843) by extensions ['colcon_pkg']
[0.429s] [34mcolcon.colcon_core.package_identification[0m [1;30mLevel 1[0m _identify(logs/soma_cube_training_20250808_233843) by extension 'colcon_pkg'
[0.429s] [34mcolcon.colcon_core.package_identification[0m [1;30mLevel 1[0m _identify(logs/soma_cube_training_20250808_233843) by extensions ['colcon_meta']
[0.429s] [34mcolcon.colcon_core.package_identification[0m [1;30mLevel 1[0m _identify(logs/soma_cube_training_20250808_233843) by extension 'colcon_meta'
[0.429s] [34mcolcon.colcon_core.package_identification[0m [1;30mLevel 1[0m _identify(logs/soma_cube_training_20250808_233843) by extensions ['ros']
[0.429s] [34mcolcon.colcon_core.package_identification[0m [1;30mLevel 1[0m _identify(logs/soma_cube_training_20250808_233843) by extension 'ros'
[0.429s] [34mcolcon.colcon_core.package_identification[0m [1;30mLevel 1[0m _identify(logs/soma_cube_training_20250808_233843) by extensions ['cmake', 'python']
[0.429s] [34mcolcon.colcon_core.package_identification[0m [1;30mLevel 1[0m _identify(logs/soma_cube_training_20250808_233843) by extension 'cmake'
[0.429s] [34mcolcon.colcon_core.package_identification[0m [1;30mLevel 1[0m _identify(logs/soma_cube_training_20250808_233843) by extension 'python'
[0.429s] [34mcolcon.colcon_core.package_identification[0m [1;30mLevel 1[0m _identify(logs/soma_cube_training_20250808_233843) by extensions ['python_setup_py']
[0.429s] [34mcolcon.colcon_core.package_identification[0m [1;30mLevel 1[0m _identify(logs/soma_cube_training_20250808_233843) by extension 'python_setup_py'
[0.429s] [34mcolcon.colcon_core.package_identification[0m [1;30mLevel 1[0m _identify(logs/soma_cube_training_20250808_233843/tensorboard) by extensions ['ignore', 'ignore_ament_install']
[0.429s] [34mcolcon.colcon_core.package_identification[0m [1;30mLevel 1[0m _identify(logs/soma_cube_training_20250808_233843/tensorboard) by extension 'ignore'
[0.429s] [34mcolcon.colcon_core.package_identification[0m [1;30mLevel 1[0m _identify(logs/soma_cube_training_20250808_233843/tensorboard) by extension 'ignore_ament_install'
[0.429s] [34mcolcon.colcon_core.package_identification[0m [1;30mLevel 1[0m _identify(logs/soma_cube_training_20250808_233843/tensorboard) by extensions ['colcon_pkg']
[0.429s] [34mcolcon.colcon_core.package_identification[0m [1;30mLevel 1[0m _identify(logs/soma_cube_training_20250808_233843/tensorboard) by extension 'colcon_pkg'
[0.429s] [34mcolcon.colcon_core.package_identification[0m [1;30mLevel 1[0m _identify(logs/soma_cube_training_20250808_233843/tensorboard) by extensions ['colcon_meta']
[0.429s] [34mcolcon.colcon_core.package_identification[0m [1;30mLevel 1[0m _identify(logs/soma_cube_training_20250808_233843/tensorboard) by extension 'colcon_meta'
[0.429s] [34mcolcon.colcon_core.package_identification[0m [1;30mLevel 1[0m _identify(logs/soma_cube_training_20250808_233843/tensorboard) by extensions ['ros']
[0.429s] [34mcolcon.colcon_core.package_identification[0m [1;30mLevel 1[0m _identify(logs/soma_cube_training_20250808_233843/tensorboard) by extension 'ros'
[0.429s] [34mcolcon.colcon_core.package_identification[0m [1;30mLevel 1[0m _identify(logs/soma_cube_training_20250808_233843/tensorboard) by extensions ['cmake', 'python']
[0.429s] [34mcolcon.colcon_core.package_identification[0m [1;30mLevel 1[0m _identify(logs/soma_cube_training_20250808_233843/tensorboard) by extension 'cmake'
[0.429s] [34mcolcon.colcon_core.package_identification[0m [1;30mLevel 1[0m _identify(logs/soma_cube_training_20250808_233843/tensorboard) by extension 'python'
[0.429s] [34mcolcon.colcon_core.package_identification[0m [1;30mLevel 1[0m _identify(logs/soma_cube_training_20250808_233843/tensorboard) by extensions ['python_setup_py']
[0.429s] [34mcolcon.colcon_core.package_identification[0m [1;30mLevel 1[0m _identify(logs/soma_cube_training_20250808_233843/tensorboard) by extension 'python_setup_py'
[0.429s] [34mcolcon.colcon_core.package_identification[0m [1;30mLevel 1[0m _identify(logs/soma_cube_training_20250808_234153) by extensions ['ignore', 'ignore_ament_install']
[0.430s] [34mcolcon.colcon_core.package_identification[0m [1;30mLevel 1[0m _identify(logs/soma_cube_training_20250808_234153) by extension 'ignore'
[0.430s] [34mcolcon.colcon_core.package_identification[0m [1;30mLevel 1[0m _identify(logs/soma_cube_training_20250808_234153) by extension 'ignore_ament_install'
[0.430s] [34mcolcon.colcon_core.package_identification[0m [1;30mLevel 1[0m _identify(logs/soma_cube_training_20250808_234153) by extensions ['colcon_pkg']
[0.430s] [34mcolcon.colcon_core.package_identification[0m [1;30mLevel 1[0m _identify(logs/soma_cube_training_20250808_234153) by extension 'colcon_pkg'
[0.430s] [34mcolcon.colcon_core.package_identification[0m [1;30mLevel 1[0m _identify(logs/soma_cube_training_20250808_234153) by extensions ['colcon_meta']
[0.430s] [34mcolcon.colcon_core.package_identification[0m [1;30mLevel 1[0m _identify(logs/soma_cube_training_20250808_234153) by extension 'colcon_meta'
[0.430s] [34mcolcon.colcon_core.package_identification[0m [1;30mLevel 1[0m _identify(logs/soma_cube_training_20250808_234153) by extensions ['ros']
[0.430s] [34mcolcon.colcon_core.package_identification[0m [1;30mLevel 1[0m _identify(logs/soma_cube_training_20250808_234153) by extension 'ros'
[0.430s] [34mcolcon.colcon_core.package_identification[0m [1;30mLevel 1[0m _identify(logs/soma_cube_training_20250808_234153) by extensions ['cmake', 'python']
[0.430s] [34mcolcon.colcon_core.package_identification[0m [1;30mLevel 1[0m _identify(logs/soma_cube_training_20250808_234153) by extension 'cmake'
[0.430s] [34mcolcon.colcon_core.package_identification[0m [1;30mLevel 1[0m _identify(logs/soma_cube_training_20250808_234153) by extension 'python'
[0.430s] [34mcolcon.colcon_core.package_identification[0m [1;30mLevel 1[0m _identify(logs/soma_cube_training_20250808_234153) by extensions ['python_setup_py']
[0.430s] [34mcolcon.colcon_core.package_identification[0m [1;30mLevel 1[0m _identify(logs/soma_cube_training_20250808_234153) by extension 'python_setup_py'
[0.430s] [34mcolcon.colcon_core.package_identification[0m [1;30mLevel 1[0m _identify(logs/soma_cube_training_20250808_234153/tensorboard) by extensions ['ignore', 'ignore_ament_install']
[0.430s] [34mcolcon.colcon_core.package_identification[0m [1;30mLevel 1[0m _identify(logs/soma_cube_training_20250808_234153/tensorboard) by extension 'ignore'
[0.430s] [34mcolcon.colcon_core.package_identification[0m [1;30mLevel 1[0m _identify(logs/soma_cube_training_20250808_234153/tensorboard) by extension 'ignore_ament_install'
[0.430s] [34mcolcon.colcon_core.package_identification[0m [1;30mLevel 1[0m _identify(logs/soma_cube_training_20250808_234153/tensorboard) by extensions ['colcon_pkg']
[0.430s] [34mcolcon.colcon_core.package_identification[0m [1;30mLevel 1[0m _identify(logs/soma_cube_training_20250808_234153/tensorboard) by extension 'colcon_pkg'
[0.430s] [34mcolcon.colcon_core.package_identification[0m [1;30mLevel 1[0m _identify(logs/soma_cube_training_20250808_234153/tensorboard) by extensions ['colcon_meta']
[0.430s] [34mcolcon.colcon_core.package_identification[0m [1;30mLevel 1[0m _identify(logs/soma_cube_training_20250808_234153/tensorboard) by extension 'colcon_meta'
[0.430s] [34mcolcon.colcon_core.package_identification[0m [1;30mLevel 1[0m _identify(logs/soma_cube_training_20250808_234153/tensorboard) by extensions ['ros']
[0.430s] [34mcolcon.colcon_core.package_identification[0m [1;30mLevel 1[0m _identify(logs/soma_cube_training_20250808_234153/tensorboard) by extension 'ros'
[0.430s] [34mcolcon.colcon_core.package_identification[0m [1;30mLevel 1[0m _identify(logs/soma_cube_training_20250808_234153/tensorboard) by extensions ['cmake', 'python']
[0.430s] [34mcolcon.colcon_core.package_identification[0m [1;30mLevel 1[0m _identify(logs/soma_cube_training_20250808_234153/tensorboard) by extension 'cmake'
[0.430s] [34mcolcon.colcon_core.package_identification[0m [1;30mLevel 1[0m _identify(logs/soma_cube_training_20250808_234153/tensorboard) by extension 'python'
[0.430s] [34mcolcon.colcon_core.package_identification[0m [1;30mLevel 1[0m _identify(logs/soma_cube_training_20250808_234153/tensorboard) by extensions ['python_setup_py']
[0.431s] [34mcolcon.colcon_core.package_identification[0m [1;30mLevel 1[0m _identify(logs/soma_cube_training_20250808_234153/tensorboard) by extension 'python_setup_py'
[0.431s] [34mcolcon.colcon_core.package_identification[0m [1;30mLevel 1[0m _identify(logs/soma_cube_training_20250809_001742) by extensions ['ignore', 'ignore_ament_install']
[0.431s] [34mcolcon.colcon_core.package_identification[0m [1;30mLevel 1[0m _identify(logs/soma_cube_training_20250809_001742) by extension 'ignore'
[0.431s] [34mcolcon.colcon_core.package_identification[0m [1;30mLevel 1[0m _identify(logs/soma_cube_training_20250809_001742) by extension 'ignore_ament_install'
[0.431s] [34mcolcon.colcon_core.package_identification[0m [1;30mLevel 1[0m _identify(logs/soma_cube_training_20250809_001742) by extensions ['colcon_pkg']
[0.431s] [34mcolcon.colcon_core.package_identification[0m [1;30mLevel 1[0m _identify(logs/soma_cube_training_20250809_001742) by extension 'colcon_pkg'
[0.431s] [34mcolcon.colcon_core.package_identification[0m [1;30mLevel 1[0m _identify(logs/soma_cube_training_20250809_001742) by extensions ['colcon_meta']
[0.431s] [34mcolcon.colcon_core.package_identification[0m [1;30mLevel 1[0m _identify(logs/soma_cube_training_20250809_001742) by extension 'colcon_meta'
[0.431s] [34mcolcon.colcon_core.package_identification[0m [1;30mLevel 1[0m _identify(logs/soma_cube_training_20250809_001742) by extensions ['ros']
[0.431s] [34mcolcon.colcon_core.package_identification[0m [1;30mLevel 1[0m _identify(logs/soma_cube_training_20250809_001742) by extension 'ros'
[0.431s] [34mcolcon.colcon_core.package_identification[0m [1;30mLevel 1[0m _identify(logs/soma_cube_training_20250809_001742) by extensions ['cmake', 'python']
[0.431s] [34mcolcon.colcon_core.package_identification[0m [1;30mLevel 1[0m _identify(logs/soma_cube_training_20250809_001742) by extension 'cmake'
[0.431s] [34mcolcon.colcon_core.package_identification[0m [1;30mLevel 1[0m _identify(logs/soma_cube_training_20250809_001742) by extension 'python'
[0.431s] [34mcolcon.colcon_core.package_identification[0m [1;30mLevel 1[0m _identify(logs/soma_cube_training_20250809_001742) by extensions ['python_setup_py']
[0.431s] [34mcolcon.colcon_core.package_identification[0m [1;30mLevel 1[0m _identify(logs/soma_cube_training_20250809_001742) by extension 'python_setup_py'
[0.431s] [34mcolcon.colcon_core.package_identification[0m [1;30mLevel 1[0m _identify(logs/soma_cube_training_20250809_001742/tensorboard) by extensions ['ignore', 'ignore_ament_install']
[0.431s] [34mcolcon.colcon_core.package_identification[0m [1;30mLevel 1[0m _identify(logs/soma_cube_training_20250809_001742/tensorboard) by extension 'ignore'
[0.431s] [34mcolcon.colcon_core.package_identification[0m [1;30mLevel 1[0m _identify(logs/soma_cube_training_20250809_001742/tensorboard) by extension 'ignore_ament_install'
[0.431s] [34mcolcon.colcon_core.package_identification[0m [1;30mLevel 1[0m _identify(logs/soma_cube_training_20250809_001742/tensorboard) by extensions ['colcon_pkg']
[0.431s] [34mcolcon.colcon_core.package_identification[0m [1;30mLevel 1[0m _identify(logs/soma_cube_training_20250809_001742/tensorboard) by extension 'colcon_pkg'
[0.431s] [34mcolcon.colcon_core.package_identification[0m [1;30mLevel 1[0m _identify(logs/soma_cube_training_20250809_001742/tensorboard) by extensions ['colcon_meta']
[0.431s] [34mcolcon.colcon_core.package_identification[0m [1;30mLevel 1[0m _identify(logs/soma_cube_training_20250809_001742/tensorboard) by extension 'colcon_meta'
[0.431s] [34mcolcon.colcon_core.package_identification[0m [1;30mLevel 1[0m _identify(logs/soma_cube_training_20250809_001742/tensorboard) by extensions ['ros']
[0.431s] [34mcolcon.colcon_core.package_identification[0m [1;30mLevel 1[0m _identify(logs/soma_cube_training_20250809_001742/tensorboard) by extension 'ros'
[0.431s] [34mcolcon.colcon_core.package_identification[0m [1;30mLevel 1[0m _identify(logs/soma_cube_training_20250809_001742/tensorboard) by extensions ['cmake', 'python']
[0.431s] [34mcolcon.colcon_core.package_identification[0m [1;30mLevel 1[0m _identify(logs/soma_cube_training_20250809_001742/tensorboard) by extension 'cmake'
[0.432s] [34mcolcon.colcon_core.package_identification[0m [1;30mLevel 1[0m _identify(logs/soma_cube_training_20250809_001742/tensorboard) by extension 'python'
[0.432s] [34mcolcon.colcon_core.package_identification[0m [1;30mLevel 1[0m _identify(logs/soma_cube_training_20250809_001742/tensorboard) by extensions ['python_setup_py']
[0.432s] [34mcolcon.colcon_core.package_identification[0m [1;30mLevel 1[0m _identify(logs/soma_cube_training_20250809_001742/tensorboard) by extension 'python_setup_py'
[0.432s] [34mcolcon.colcon_core.package_identification[0m [1;30mLevel 1[0m _identify(logs/soma_cube_training_20250809_003052) by extensions ['ignore', 'ignore_ament_install']
[0.432s] [34mcolcon.colcon_core.package_identification[0m [1;30mLevel 1[0m _identify(logs/soma_cube_training_20250809_003052) by extension 'ignore'
[0.432s] [34mcolcon.colcon_core.package_identification[0m [1;30mLevel 1[0m _identify(logs/soma_cube_training_20250809_003052) by extension 'ignore_ament_install'
[0.432s] [34mcolcon.colcon_core.package_identification[0m [1;30mLevel 1[0m _identify(logs/soma_cube_training_20250809_003052) by extensions ['colcon_pkg']
[0.432s] [34mcolcon.colcon_core.package_identification[0m [1;30mLevel 1[0m _identify(logs/soma_cube_training_20250809_003052) by extension 'colcon_pkg'
[0.432s] [34mcolcon.colcon_core.package_identification[0m [1;30mLevel 1[0m _identify(logs/soma_cube_training_20250809_003052) by extensions ['colcon_meta']
[0.432s] [34mcolcon.colcon_core.package_identification[0m [1;30mLevel 1[0m _identify(logs/soma_cube_training_20250809_003052) by extension 'colcon_meta'
[0.432s] [34mcolcon.colcon_core.package_identification[0m [1;30mLevel 1[0m _identify(logs/soma_cube_training_20250809_003052) by extensions ['ros']
[0.432s] [34mcolcon.colcon_core.package_identification[0m [1;30mLevel 1[0m _identify(logs/soma_cube_training_20250809_003052) by extension 'ros'
[0.432s] [34mcolcon.colcon_core.package_identification[0m [1;30mLevel 1[0m _identify(logs/soma_cube_training_20250809_003052) by extensions ['cmake', 'python']
[0.432s] [34mcolcon.colcon_core.package_identification[0m [1;30mLevel 1[0m _identify(logs/soma_cube_training_20250809_003052) by extension 'cmake'
[0.432s] [34mcolcon.colcon_core.package_identification[0m [1;30mLevel 1[0m _identify(logs/soma_cube_training_20250809_003052) by extension 'python'
[0.432s] [34mcolcon.colcon_core.package_identification[0m [1;30mLevel 1[0m _identify(logs/soma_cube_training_20250809_003052) by extensions ['python_setup_py']
[0.432s] [34mcolcon.colcon_core.package_identification[0m [1;30mLevel 1[0m _identify(logs/soma_cube_training_20250809_003052) by extension 'python_setup_py'
[0.432s] [34mcolcon.colcon_core.package_identification[0m [1;30mLevel 1[0m _identify(logs/soma_cube_training_20250809_003052/tensorboard) by extensions ['ignore', 'ignore_ament_install']
[0.432s] [34mcolcon.colcon_core.package_identification[0m [1;30mLevel 1[0m _identify(logs/soma_cube_training_20250809_003052/tensorboard) by extension 'ignore'
[0.432s] [34mcolcon.colcon_core.package_identification[0m [1;30mLevel 1[0m _identify(logs/soma_cube_training_20250809_003052/tensorboard) by extension 'ignore_ament_install'
[0.432s] [34mcolcon.colcon_core.package_identification[0m [1;30mLevel 1[0m _identify(logs/soma_cube_training_20250809_003052/tensorboard) by extensions ['colcon_pkg']
[0.432s] [34mcolcon.colcon_core.package_identification[0m [1;30mLevel 1[0m _identify(logs/soma_cube_training_20250809_003052/tensorboard) by extension 'colcon_pkg'
[0.432s] [34mcolcon.colcon_core.package_identification[0m [1;30mLevel 1[0m _identify(logs/soma_cube_training_20250809_003052/tensorboard) by extensions ['colcon_meta']
[0.432s] [34mcolcon.colcon_core.package_identification[0m [1;30mLevel 1[0m _identify(logs/soma_cube_training_20250809_003052/tensorboard) by extension 'colcon_meta'
[0.432s] [34mcolcon.colcon_core.package_identification[0m [1;30mLevel 1[0m _identify(logs/soma_cube_training_20250809_003052/tensorboard) by extensions ['ros']
[0.432s] [34mcolcon.colcon_core.package_identification[0m [1;30mLevel 1[0m _identify(logs/soma_cube_training_20250809_003052/tensorboard) by extension 'ros'
[0.433s] [34mcolcon.colcon_core.package_identification[0m [1;30mLevel 1[0m _identify(logs/soma_cube_training_20250809_003052/tensorboard) by extensions ['cmake', 'python']
[0.433s] [34mcolcon.colcon_core.package_identification[0m [1;30mLevel 1[0m _identify(logs/soma_cube_training_20250809_003052/tensorboard) by extension 'cmake'
[0.433s] [34mcolcon.colcon_core.package_identification[0m [1;30mLevel 1[0m _identify(logs/soma_cube_training_20250809_003052/tensorboard) by extension 'python'
[0.433s] [34mcolcon.colcon_core.package_identification[0m [1;30mLevel 1[0m _identify(logs/soma_cube_training_20250809_003052/tensorboard) by extensions ['python_setup_py']
[0.433s] [34mcolcon.colcon_core.package_identification[0m [1;30mLevel 1[0m _identify(logs/soma_cube_training_20250809_003052/tensorboard) by extension 'python_setup_py'
[0.433s] [34mcolcon.colcon_core.package_identification[0m [1;30mLevel 1[0m _identify(logs/soma_v1_1754642331) by extensions ['ignore', 'ignore_ament_install']
[0.433s] [34mcolcon.colcon_core.package_identification[0m [1;30mLevel 1[0m _identify(logs/soma_v1_1754642331) by extension 'ignore'
[0.433s] [34mcolcon.colcon_core.package_identification[0m [1;30mLevel 1[0m _identify(logs/soma_v1_1754642331) by extension 'ignore_ament_install'
[0.433s] [34mcolcon.colcon_core.package_identification[0m [1;30mLevel 1[0m _identify(logs/soma_v1_1754642331) by extensions ['colcon_pkg']
[0.433s] [34mcolcon.colcon_core.package_identification[0m [1;30mLevel 1[0m _identify(logs/soma_v1_1754642331) by extension 'colcon_pkg'
[0.433s] [34mcolcon.colcon_core.package_identification[0m [1;30mLevel 1[0m _identify(logs/soma_v1_1754642331) by extensions ['colcon_meta']
[0.433s] [34mcolcon.colcon_core.package_identification[0m [1;30mLevel 1[0m _identify(logs/soma_v1_1754642331) by extension 'colcon_meta'
[0.433s] [34mcolcon.colcon_core.package_identification[0m [1;30mLevel 1[0m _identify(logs/soma_v1_1754642331) by extensions ['ros']
[0.433s] [34mcolcon.colcon_core.package_identification[0m [1;30mLevel 1[0m _identify(logs/soma_v1_1754642331) by extension 'ros'
[0.433s] [34mcolcon.colcon_core.package_identification[0m [1;30mLevel 1[0m _identify(logs/soma_v1_1754642331) by extensions ['cmake', 'python']
[0.433s] [34mcolcon.colcon_core.package_identification[0m [1;30mLevel 1[0m _identify(logs/soma_v1_1754642331) by extension 'cmake'
[0.433s] [34mcolcon.colcon_core.package_identification[0m [1;30mLevel 1[0m _identify(logs/soma_v1_1754642331) by extension 'python'
[0.433s] [34mcolcon.colcon_core.package_identification[0m [1;30mLevel 1[0m _identify(logs/soma_v1_1754642331) by extensions ['python_setup_py']
[0.433s] [34mcolcon.colcon_core.package_identification[0m [1;30mLevel 1[0m _identify(logs/soma_v1_1754642331) by extension 'python_setup_py'
[0.433s] [34mcolcon.colcon_core.package_identification[0m [1;30mLevel 1[0m _identify(logs/test_training_1754642529) by extensions ['ignore', 'ignore_ament_install']
[0.433s] [34mcolcon.colcon_core.package_identification[0m [1;30mLevel 1[0m _identify(logs/test_training_1754642529) by extension 'ignore'
[0.433s] [34mcolcon.colcon_core.package_identification[0m [1;30mLevel 1[0m _identify(logs/test_training_1754642529) by extension 'ignore_ament_install'
[0.433s] [34mcolcon.colcon_core.package_identification[0m [1;30mLevel 1[0m _identify(logs/test_training_1754642529) by extensions ['colcon_pkg']
[0.433s] [34mcolcon.colcon_core.package_identification[0m [1;30mLevel 1[0m _identify(logs/test_training_1754642529) by extension 'colcon_pkg'
[0.433s] [34mcolcon.colcon_core.package_identification[0m [1;30mLevel 1[0m _identify(logs/test_training_1754642529) by extensions ['colcon_meta']
[0.433s] [34mcolcon.colcon_core.package_identification[0m [1;30mLevel 1[0m _identify(logs/test_training_1754642529) by extension 'colcon_meta'
[0.434s] [34mcolcon.colcon_core.package_identification[0m [1;30mLevel 1[0m _identify(logs/test_training_1754642529) by extensions ['ros']
[0.434s] [34mcolcon.colcon_core.package_identification[0m [1;30mLevel 1[0m _identify(logs/test_training_1754642529) by extension 'ros'
[0.434s] [34mcolcon.colcon_core.package_identification[0m [1;30mLevel 1[0m _identify(logs/test_training_1754642529) by extensions ['cmake', 'python']
[0.434s] [34mcolcon.colcon_core.package_identification[0m [1;30mLevel 1[0m _identify(logs/test_training_1754642529) by extension 'cmake'
[0.434s] [34mcolcon.colcon_core.package_identification[0m [1;30mLevel 1[0m _identify(logs/test_training_1754642529) by extension 'python'
[0.434s] [34mcolcon.colcon_core.package_identification[0m [1;30mLevel 1[0m _identify(logs/test_training_1754642529) by extensions ['python_setup_py']
[0.434s] [34mcolcon.colcon_core.package_identification[0m [1;30mLevel 1[0m _identify(logs/test_training_1754642529) by extension 'python_setup_py'
[0.434s] [34mcolcon.colcon_core.package_identification[0m [1;30mLevel 1[0m _identify(logs/test_training_small_1754642539) by extensions ['ignore', 'ignore_ament_install']
[0.434s] [34mcolcon.colcon_core.package_identification[0m [1;30mLevel 1[0m _identify(logs/test_training_small_1754642539) by extension 'ignore'
[0.434s] [34mcolcon.colcon_core.package_identification[0m [1;30mLevel 1[0m _identify(logs/test_training_small_1754642539) by extension 'ignore_ament_install'
[0.434s] [34mcolcon.colcon_core.package_identification[0m [1;30mLevel 1[0m _identify(logs/test_training_small_1754642539) by extensions ['colcon_pkg']
[0.434s] [34mcolcon.colcon_core.package_identification[0m [1;30mLevel 1[0m _identify(logs/test_training_small_1754642539) by extension 'colcon_pkg'
[0.434s] [34mcolcon.colcon_core.package_identification[0m [1;30mLevel 1[0m _identify(logs/test_training_small_1754642539) by extensions ['colcon_meta']
[0.434s] [34mcolcon.colcon_core.package_identification[0m [1;30mLevel 1[0m _identify(logs/test_training_small_1754642539) by extension 'colcon_meta'
[0.434s] [34mcolcon.colcon_core.package_identification[0m [1;30mLevel 1[0m _identify(logs/test_training_small_1754642539) by extensions ['ros']
[0.434s] [34mcolcon.colcon_core.package_identification[0m [1;30mLevel 1[0m _identify(logs/test_training_small_1754642539) by extension 'ros'
[0.434s] [34mcolcon.colcon_core.package_identification[0m [1;30mLevel 1[0m _identify(logs/test_training_small_1754642539) by extensions ['cmake', 'python']
[0.434s] [34mcolcon.colcon_core.package_identification[0m [1;30mLevel 1[0m _identify(logs/test_training_small_1754642539) by extension 'cmake'
[0.434s] [34mcolcon.colcon_core.package_identification[0m [1;30mLevel 1[0m _identify(logs/test_training_small_1754642539) by extension 'python'
[0.434s] [34mcolcon.colcon_core.package_identification[0m [1;30mLevel 1[0m _identify(logs/test_training_small_1754642539) by extensions ['python_setup_py']
[0.434s] [34mcolcon.colcon_core.package_identification[0m [1;30mLevel 1[0m _identify(logs/test_training_small_1754642539) by extension 'python_setup_py'
[0.434s] [34mcolcon.colcon_core.package_identification[0m [1;30mLevel 1[0m _identify(logs/test_training_small_1754642539/eval_logs) by extensions ['ignore', 'ignore_ament_install']
[0.434s] [34mcolcon.colcon_core.package_identification[0m [1;30mLevel 1[0m _identify(logs/test_training_small_1754642539/eval_logs) by extension 'ignore'
[0.434s] [34mcolcon.colcon_core.package_identification[0m [1;30mLevel 1[0m _identify(logs/test_training_small_1754642539/eval_logs) by extension 'ignore_ament_install'
[0.434s] [34mcolcon.colcon_core.package_identification[0m [1;30mLevel 1[0m _identify(logs/test_training_small_1754642539/eval_logs) by extensions ['colcon_pkg']
[0.435s] [34mcolcon.colcon_core.package_identification[0m [1;30mLevel 1[0m _identify(logs/test_training_small_1754642539/eval_logs) by extension 'colcon_pkg'
[0.435s] [34mcolcon.colcon_core.package_identification[0m [1;30mLevel 1[0m _identify(logs/test_training_small_1754642539/eval_logs) by extensions ['colcon_meta']
[0.435s] [34mcolcon.colcon_core.package_identification[0m [1;30mLevel 1[0m _identify(logs/test_training_small_1754642539/eval_logs) by extension 'colcon_meta'
[0.435s] [34mcolcon.colcon_core.package_identification[0m [1;30mLevel 1[0m _identify(logs/test_training_small_1754642539/eval_logs) by extensions ['ros']
[0.435s] [34mcolcon.colcon_core.package_identification[0m [1;30mLevel 1[0m _identify(logs/test_training_small_1754642539/eval_logs) by extension 'ros'
[0.435s] [34mcolcon.colcon_core.package_identification[0m [1;30mLevel 1[0m _identify(logs/test_training_small_1754642539/eval_logs) by extensions ['cmake', 'python']
[0.435s] [34mcolcon.colcon_core.package_identification[0m [1;30mLevel 1[0m _identify(logs/test_training_small_1754642539/eval_logs) by extension 'cmake'
[0.435s] [34mcolcon.colcon_core.package_identification[0m [1;30mLevel 1[0m _identify(logs/test_training_small_1754642539/eval_logs) by extension 'python'
[0.435s] [34mcolcon.colcon_core.package_identification[0m [1;30mLevel 1[0m _identify(logs/test_training_small_1754642539/eval_logs) by extensions ['python_setup_py']
[0.435s] [34mcolcon.colcon_core.package_identification[0m [1;30mLevel 1[0m _identify(logs/test_training_small_1754642539/eval_logs) by extension 'python_setup_py'
[0.435s] [34mcolcon.colcon_core.package_identification[0m [1;30mLevel 1[0m _identify(logs/training_integration_test_20250809_115412) by extensions ['ignore', 'ignore_ament_install']
[0.435s] [34mcolcon.colcon_core.package_identification[0m [1;30mLevel 1[0m _identify(logs/training_integration_test_20250809_115412) by extension 'ignore'
[0.435s] [34mcolcon.colcon_core.package_identification[0m [1;30mLevel 1[0m _identify(logs/training_integration_test_20250809_115412) by extension 'ignore_ament_install'
[0.435s] [34mcolcon.colcon_core.package_identification[0m [1;30mLevel 1[0m _identify(logs/training_integration_test_20250809_115412) by extensions ['colcon_pkg']
[0.435s] [34mcolcon.colcon_core.package_identification[0m [1;30mLevel 1[0m _identify(logs/training_integration_test_20250809_115412) by extension 'colcon_pkg'
[0.435s] [34mcolcon.colcon_core.package_identification[0m [1;30mLevel 1[0m _identify(logs/training_integration_test_20250809_115412) by extensions ['colcon_meta']
[0.435s] [34mcolcon.colcon_core.package_identification[0m [1;30mLevel 1[0m _identify(logs/training_integration_test_20250809_115412) by extension 'colcon_meta'
[0.435s] [34mcolcon.colcon_core.package_identification[0m [1;30mLevel 1[0m _identify(logs/training_integration_test_20250809_115412) by extensions ['ros']
[0.435s] [34mcolcon.colcon_core.package_identification[0m [1;30mLevel 1[0m _identify(logs/training_integration_test_20250809_115412) by extension 'ros'
[0.435s] [34mcolcon.colcon_core.package_identification[0m [1;30mLevel 1[0m _identify(logs/training_integration_test_20250809_115412) by extensions ['cmake', 'python']
[0.435s] [34mcolcon.colcon_core.package_identification[0m [1;30mLevel 1[0m _identify(logs/training_integration_test_20250809_115412) by extension 'cmake'
[0.435s] [34mcolcon.colcon_core.package_identification[0m [1;30mLevel 1[0m _identify(logs/training_integration_test_20250809_115412) by extension 'python'
[0.435s] [34mcolcon.colcon_core.package_identification[0m [1;30mLevel 1[0m _identify(logs/training_integration_test_20250809_115412) by extensions ['python_setup_py']
[0.435s] [34mcolcon.colcon_core.package_identification[0m [1;30mLevel 1[0m _identify(logs/training_integration_test_20250809_115412) by extension 'python_setup_py'
[0.435s] [34mcolcon.colcon_core.package_identification[0m [1;30mLevel 1[0m _identify(logs/training_integration_test_20250809_115412/tensorboard) by extensions ['ignore', 'ignore_ament_install']
[0.435s] [34mcolcon.colcon_core.package_identification[0m [1;30mLevel 1[0m _identify(logs/training_integration_test_20250809_115412/tensorboard) by extension 'ignore'
[0.436s] [34mcolcon.colcon_core.package_identification[0m [1;30mLevel 1[0m _identify(logs/training_integration_test_20250809_115412/tensorboard) by extension 'ignore_ament_install'
[0.436s] [34mcolcon.colcon_core.package_identification[0m [1;30mLevel 1[0m _identify(logs/training_integration_test_20250809_115412/tensorboard) by extensions ['colcon_pkg']
[0.436s] [34mcolcon.colcon_core.package_identification[0m [1;30mLevel 1[0m _identify(logs/training_integration_test_20250809_115412/tensorboard) by extension 'colcon_pkg'
[0.436s] [34mcolcon.colcon_core.package_identification[0m [1;30mLevel 1[0m _identify(logs/training_integration_test_20250809_115412/tensorboard) by extensions ['colcon_meta']
[0.436s] [34mcolcon.colcon_core.package_identification[0m [1;30mLevel 1[0m _identify(logs/training_integration_test_20250809_115412/tensorboard) by extension 'colcon_meta'
[0.436s] [34mcolcon.colcon_core.package_identification[0m [1;30mLevel 1[0m _identify(logs/training_integration_test_20250809_115412/tensorboard) by extensions ['ros']
[0.436s] [34mcolcon.colcon_core.package_identification[0m [1;30mLevel 1[0m _identify(logs/training_integration_test_20250809_115412/tensorboard) by extension 'ros'
[0.436s] [34mcolcon.colcon_core.package_identification[0m [1;30mLevel 1[0m _identify(logs/training_integration_test_20250809_115412/tensorboard) by extensions ['cmake', 'python']
[0.436s] [34mcolcon.colcon_core.package_identification[0m [1;30mLevel 1[0m _identify(logs/training_integration_test_20250809_115412/tensorboard) by extension 'cmake'
[0.436s] [34mcolcon.colcon_core.package_identification[0m [1;30mLevel 1[0m _identify(logs/training_integration_test_20250809_115412/tensorboard) by extension 'python'
[0.436s] [34mcolcon.colcon_core.package_identification[0m [1;30mLevel 1[0m _identify(logs/training_integration_test_20250809_115412/tensorboard) by extensions ['python_setup_py']
[0.436s] [34mcolcon.colcon_core.package_identification[0m [1;30mLevel 1[0m _identify(logs/training_integration_test_20250809_115412/tensorboard) by extension 'python_setup_py'
[0.436s] [34mcolcon.colcon_core.package_identification[0m [1;30mLevel 1[0m _identify(models) by extensions ['ignore', 'ignore_ament_install']
[0.436s] [34mcolcon.colcon_core.package_identification[0m [1;30mLevel 1[0m _identify(models) by extension 'ignore'
[0.436s] [34mcolcon.colcon_core.package_identification[0m [1;30mLevel 1[0m _identify(models) by extension 'ignore_ament_install'
[0.436s] [34mcolcon.colcon_core.package_identification[0m [1;30mLevel 1[0m _identify(models) by extensions ['colcon_pkg']
[0.436s] [34mcolcon.colcon_core.package_identification[0m [1;30mLevel 1[0m _identify(models) by extension 'colcon_pkg'
[0.436s] [34mcolcon.colcon_core.package_identification[0m [1;30mLevel 1[0m _identify(models) by extensions ['colcon_meta']
[0.436s] [34mcolcon.colcon_core.package_identification[0m [1;30mLevel 1[0m _identify(models) by extension 'colcon_meta'
[0.436s] [34mcolcon.colcon_core.package_identification[0m [1;30mLevel 1[0m _identify(models) by extensions ['ros']
[0.436s] [34mcolcon.colcon_core.package_identification[0m [1;30mLevel 1[0m _identify(models) by extension 'ros'
[0.436s] [34mcolcon.colcon_core.package_identification[0m [1;30mLevel 1[0m _identify(models) by extensions ['cmake', 'python']
[0.436s] [34mcolcon.colcon_core.package_identification[0m [1;30mLevel 1[0m _identify(models) by extension 'cmake'
[0.436s] [34mcolcon.colcon_core.package_identification[0m [1;30mLevel 1[0m _identify(models) by extension 'python'
[0.436s] [34mcolcon.colcon_core.package_identification[0m [1;30mLevel 1[0m _identify(models) by extensions ['python_setup_py']
[0.436s] [34mcolcon.colcon_core.package_identification[0m [1;30mLevel 1[0m _identify(models) by extension 'python_setup_py'
[0.437s] [34mcolcon.colcon_core.package_identification[0m [1;30mLevel 1[0m _identify(models/best) by extensions ['ignore', 'ignore_ament_install']
[0.437s] [34mcolcon.colcon_core.package_identification[0m [1;30mLevel 1[0m _identify(models/best) by extension 'ignore'
[0.437s] [34mcolcon.colcon_core.package_identification[0m [1;30mLevel 1[0m _identify(models/best) by extension 'ignore_ament_install'
[0.437s] [34mcolcon.colcon_core.package_identification[0m [1;30mLevel 1[0m _identify(models/best) by extensions ['colcon_pkg']
[0.437s] [34mcolcon.colcon_core.package_identification[0m [1;30mLevel 1[0m _identify(models/best) by extension 'colcon_pkg'
[0.437s] [34mcolcon.colcon_core.package_identification[0m [1;30mLevel 1[0m _identify(models/best) by extensions ['colcon_meta']
[0.437s] [34mcolcon.colcon_core.package_identification[0m [1;30mLevel 1[0m _identify(models/best) by extension 'colcon_meta'
[0.437s] [34mcolcon.colcon_core.package_identification[0m [1;30mLevel 1[0m _identify(models/best) by extensions ['ros']
[0.437s] [34mcolcon.colcon_core.package_identification[0m [1;30mLevel 1[0m _identify(models/best) by extension 'ros'
[0.437s] [34mcolcon.colcon_core.package_identification[0m [1;30mLevel 1[0m _identify(models/best) by extensions ['cmake', 'python']
[0.437s] [34mcolcon.colcon_core.package_identification[0m [1;30mLevel 1[0m _identify(models/best) by extension 'cmake'
[0.437s] [34mcolcon.colcon_core.package_identification[0m [1;30mLevel 1[0m _identify(models/best) by extension 'python'
[0.437s] [34mcolcon.colcon_core.package_identification[0m [1;30mLevel 1[0m _identify(models/best) by extensions ['python_setup_py']
[0.437s] [34mcolcon.colcon_core.package_identification[0m [1;30mLevel 1[0m _identify(models/best) by extension 'python_setup_py'
[0.437s] [34mcolcon.colcon_core.package_identification[0m [1;30mLevel 1[0m _identify(models/full_training) by extensions ['ignore', 'ignore_ament_install']
[0.437s] [34mcolcon.colcon_core.package_identification[0m [1;30mLevel 1[0m _identify(models/full_training) by extension 'ignore'
[0.437s] [34mcolcon.colcon_core.package_identification[0m [1;30mLevel 1[0m _identify(models/full_training) by extension 'ignore_ament_install'
[0.437s] [34mcolcon.colcon_core.package_identification[0m [1;30mLevel 1[0m _identify(models/full_training) by extensions ['colcon_pkg']
[0.437s] [34mcolcon.colcon_core.package_identification[0m [1;30mLevel 1[0m _identify(models/full_training) by extension 'colcon_pkg'
[0.437s] [34mcolcon.colcon_core.package_identification[0m [1;30mLevel 1[0m _identify(models/full_training) by extensions ['colcon_meta']
[0.437s] [34mcolcon.colcon_core.package_identification[0m [1;30mLevel 1[0m _identify(models/full_training) by extension 'colcon_meta'
[0.437s] [34mcolcon.colcon_core.package_identification[0m [1;30mLevel 1[0m _identify(models/full_training) by extensions ['ros']
[0.437s] [34mcolcon.colcon_core.package_identification[0m [1;30mLevel 1[0m _identify(models/full_training) by extension 'ros'
[0.437s] [34mcolcon.colcon_core.package_identification[0m [1;30mLevel 1[0m _identify(models/full_training) by extensions ['cmake', 'python']
[0.437s] [34mcolcon.colcon_core.package_identification[0m [1;30mLevel 1[0m _identify(models/full_training) by extension 'cmake'
[0.437s] [34mcolcon.colcon_core.package_identification[0m [1;30mLevel 1[0m _identify(models/full_training) by extension 'python'
[0.437s] [34mcolcon.colcon_core.package_identification[0m [1;30mLevel 1[0m _identify(models/full_training) by extensions ['python_setup_py']
[0.438s] [34mcolcon.colcon_core.package_identification[0m [1;30mLevel 1[0m _identify(models/full_training) by extension 'python_setup_py'
[0.438s] [34mcolcon.colcon_core.package_identification[0m [1;30mLevel 1[0m _identify(models/full_training/best_model) by extensions ['ignore', 'ignore_ament_install']
[0.438s] [34mcolcon.colcon_core.package_identification[0m [1;30mLevel 1[0m _identify(models/full_training/best_model) by extension 'ignore'
[0.438s] [34mcolcon.colcon_core.package_identification[0m [1;30mLevel 1[0m _identify(models/full_training/best_model) by extension 'ignore_ament_install'
[0.438s] [34mcolcon.colcon_core.package_identification[0m [1;30mLevel 1[0m _identify(models/full_training/best_model) by extensions ['colcon_pkg']
[0.438s] [34mcolcon.colcon_core.package_identification[0m [1;30mLevel 1[0m _identify(models/full_training/best_model) by extension 'colcon_pkg'
[0.438s] [34mcolcon.colcon_core.package_identification[0m [1;30mLevel 1[0m _identify(models/full_training/best_model) by extensions ['colcon_meta']
[0.438s] [34mcolcon.colcon_core.package_identification[0m [1;30mLevel 1[0m _identify(models/full_training/best_model) by extension 'colcon_meta'
[0.438s] [34mcolcon.colcon_core.package_identification[0m [1;30mLevel 1[0m _identify(models/full_training/best_model) by extensions ['ros']
[0.438s] [34mcolcon.colcon_core.package_identification[0m [1;30mLevel 1[0m _identify(models/full_training/best_model) by extension 'ros'
[0.438s] [34mcolcon.colcon_core.package_identification[0m [1;30mLevel 1[0m _identify(models/full_training/best_model) by extensions ['cmake', 'python']
[0.438s] [34mcolcon.colcon_core.package_identification[0m [1;30mLevel 1[0m _identify(models/full_training/best_model) by extension 'cmake'
[0.438s] [34mcolcon.colcon_core.package_identification[0m [1;30mLevel 1[0m _identify(models/full_training/best_model) by extension 'python'
[0.438s] [34mcolcon.colcon_core.package_identification[0m [1;30mLevel 1[0m _identify(models/full_training/best_model) by extensions ['python_setup_py']
[0.438s] [34mcolcon.colcon_core.package_identification[0m [1;30mLevel 1[0m _identify(models/full_training/best_model) by extension 'python_setup_py'
[0.438s] [34mcolcon.colcon_core.package_identification[0m [1;30mLevel 1[0m _identify(models/full_training/checkpoints) by extensions ['ignore', 'ignore_ament_install']
[0.438s] [34mcolcon.colcon_core.package_identification[0m [1;30mLevel 1[0m _identify(models/full_training/checkpoints) by extension 'ignore'
[0.438s] [34mcolcon.colcon_core.package_identification[0m [1;30mLevel 1[0m _identify(models/full_training/checkpoints) by extension 'ignore_ament_install'
[0.438s] [34mcolcon.colcon_core.package_identification[0m [1;30mLevel 1[0m _identify(models/full_training/checkpoints) by extensions ['colcon_pkg']
[0.438s] [34mcolcon.colcon_core.package_identification[0m [1;30mLevel 1[0m _identify(models/full_training/checkpoints) by extension 'colcon_pkg'
[0.438s] [34mcolcon.colcon_core.package_identification[0m [1;30mLevel 1[0m _identify(models/full_training/checkpoints) by extensions ['colcon_meta']
[0.438s] [34mcolcon.colcon_core.package_identification[0m [1;30mLevel 1[0m _identify(models/full_training/checkpoints) by extension 'colcon_meta'
[0.438s] [34mcolcon.colcon_core.package_identification[0m [1;30mLevel 1[0m _identify(models/full_training/checkpoints) by extensions ['ros']
[0.438s] [34mcolcon.colcon_core.package_identification[0m [1;30mLevel 1[0m _identify(models/full_training/checkpoints) by extension 'ros'
[0.439s] [34mcolcon.colcon_core.package_identification[0m [1;30mLevel 1[0m _identify(models/full_training/checkpoints) by extensions ['cmake', 'python']
[0.439s] [34mcolcon.colcon_core.package_identification[0m [1;30mLevel 1[0m _identify(models/full_training/checkpoints) by extension 'cmake'
[0.439s] [34mcolcon.colcon_core.package_identification[0m [1;30mLevel 1[0m _identify(models/full_training/checkpoints) by extension 'python'
[0.439s] [34mcolcon.colcon_core.package_identification[0m [1;30mLevel 1[0m _identify(models/full_training/checkpoints) by extensions ['python_setup_py']
[0.439s] [34mcolcon.colcon_core.package_identification[0m [1;30mLevel 1[0m _identify(models/full_training/checkpoints) by extension 'python_setup_py'
[0.439s] [34mcolcon.colcon_core.package_identification[0m [1;30mLevel 1[0m _identify(models/m0609_ppo_20250809_152628) by extensions ['ignore', 'ignore_ament_install']
[0.439s] [34mcolcon.colcon_core.package_identification[0m [1;30mLevel 1[0m _identify(models/m0609_ppo_20250809_152628) by extension 'ignore'
[0.439s] [34mcolcon.colcon_core.package_identification[0m [1;30mLevel 1[0m _identify(models/m0609_ppo_20250809_152628) by extension 'ignore_ament_install'
[0.439s] [34mcolcon.colcon_core.package_identification[0m [1;30mLevel 1[0m _identify(models/m0609_ppo_20250809_152628) by extensions ['colcon_pkg']
[0.439s] [34mcolcon.colcon_core.package_identification[0m [1;30mLevel 1[0m _identify(models/m0609_ppo_20250809_152628) by extension 'colcon_pkg'
[0.439s] [34mcolcon.colcon_core.package_identification[0m [1;30mLevel 1[0m _identify(models/m0609_ppo_20250809_152628) by extensions ['colcon_meta']
[0.439s] [34mcolcon.colcon_core.package_identification[0m [1;30mLevel 1[0m _identify(models/m0609_ppo_20250809_152628) by extension 'colcon_meta'
[0.439s] [34mcolcon.colcon_core.package_identification[0m [1;30mLevel 1[0m _identify(models/m0609_ppo_20250809_152628) by extensions ['ros']
[0.439s] [34mcolcon.colcon_core.package_identification[0m [1;30mLevel 1[0m _identify(models/m0609_ppo_20250809_152628) by extension 'ros'
[0.439s] [34mcolcon.colcon_core.package_identification[0m [1;30mLevel 1[0m _identify(models/m0609_ppo_20250809_152628) by extensions ['cmake', 'python']
[0.439s] [34mcolcon.colcon_core.package_identification[0m [1;30mLevel 1[0m _identify(models/m0609_ppo_20250809_152628) by extension 'cmake'
[0.439s] [34mcolcon.colcon_core.package_identification[0m [1;30mLevel 1[0m _identify(models/m0609_ppo_20250809_152628) by extension 'python'
[0.439s] [34mcolcon.colcon_core.package_identification[0m [1;30mLevel 1[0m _identify(models/m0609_ppo_20250809_152628) by extensions ['python_setup_py']
[0.439s] [34mcolcon.colcon_core.package_identification[0m [1;30mLevel 1[0m _identify(models/m0609_ppo_20250809_152628) by extension 'python_setup_py'
[0.439s] [34mcolcon.colcon_core.package_identification[0m [1;30mLevel 1[0m _identify(models/new_training) by extensions ['ignore', 'ignore_ament_install']
[0.439s] [34mcolcon.colcon_core.package_identification[0m [1;30mLevel 1[0m _identify(models/new_training) by extension 'ignore'
[0.439s] [34mcolcon.colcon_core.package_identification[0m [1;30mLevel 1[0m _identify(models/new_training) by extension 'ignore_ament_install'
[0.439s] [34mcolcon.colcon_core.package_identification[0m [1;30mLevel 1[0m _identify(models/new_training) by extensions ['colcon_pkg']
[0.439s] [34mcolcon.colcon_core.package_identification[0m [1;30mLevel 1[0m _identify(models/new_training) by extension 'colcon_pkg'
[0.439s] [34mcolcon.colcon_core.package_identification[0m [1;30mLevel 1[0m _identify(models/new_training) by extensions ['colcon_meta']
[0.440s] [34mcolcon.colcon_core.package_identification[0m [1;30mLevel 1[0m _identify(models/new_training) by extension 'colcon_meta'
[0.440s] [34mcolcon.colcon_core.package_identification[0m [1;30mLevel 1[0m _identify(models/new_training) by extensions ['ros']
[0.440s] [34mcolcon.colcon_core.package_identification[0m [1;30mLevel 1[0m _identify(models/new_training) by extension 'ros'
[0.440s] [34mcolcon.colcon_core.package_identification[0m [1;30mLevel 1[0m _identify(models/new_training) by extensions ['cmake', 'python']
[0.440s] [34mcolcon.colcon_core.package_identification[0m [1;30mLevel 1[0m _identify(models/new_training) by extension 'cmake'
[0.440s] [34mcolcon.colcon_core.package_identification[0m [1;30mLevel 1[0m _identify(models/new_training) by extension 'python'
[0.440s] [34mcolcon.colcon_core.package_identification[0m [1;30mLevel 1[0m _identify(models/new_training) by extensions ['python_setup_py']
[0.440s] [34mcolcon.colcon_core.package_identification[0m [1;30mLevel 1[0m _identify(models/new_training) by extension 'python_setup_py'
[0.440s] [34mcolcon.colcon_core.package_identification[0m [1;30mLevel 1[0m _identify(models/new_training/tensorboard_logs) by extensions ['ignore', 'ignore_ament_install']
[0.440s] [34mcolcon.colcon_core.package_identification[0m [1;30mLevel 1[0m _identify(models/new_training/tensorboard_logs) by extension 'ignore'
[0.440s] [34mcolcon.colcon_core.package_identification[0m [1;30mLevel 1[0m _identify(models/new_training/tensorboard_logs) by extension 'ignore_ament_install'
[0.440s] [34mcolcon.colcon_core.package_identification[0m [1;30mLevel 1[0m _identify(models/new_training/tensorboard_logs) by extensions ['colcon_pkg']
[0.440s] [34mcolcon.colcon_core.package_identification[0m [1;30mLevel 1[0m _identify(models/new_training/tensorboard_logs) by extension 'colcon_pkg'
[0.440s] [34mcolcon.colcon_core.package_identification[0m [1;30mLevel 1[0m _identify(models/new_training/tensorboard_logs) by extensions ['colcon_meta']
[0.440s] [34mcolcon.colcon_core.package_identification[0m [1;30mLevel 1[0m _identify(models/new_training/tensorboard_logs) by extension 'colcon_meta'
[0.440s] [34mcolcon.colcon_core.package_identification[0m [1;30mLevel 1[0m _identify(models/new_training/tensorboard_logs) by extensions ['ros']
[0.440s] [34mcolcon.colcon_core.package_identification[0m [1;30mLevel 1[0m _identify(models/new_training/tensorboard_logs) by extension 'ros'
[0.440s] [34mcolcon.colcon_core.package_identification[0m [1;30mLevel 1[0m _identify(models/new_training/tensorboard_logs) by extensions ['cmake', 'python']
[0.440s] [34mcolcon.colcon_core.package_identification[0m [1;30mLevel 1[0m _identify(models/new_training/tensorboard_logs) by extension 'cmake'
[0.440s] [34mcolcon.colcon_core.package_identification[0m [1;30mLevel 1[0m _identify(models/new_training/tensorboard_logs) by extension 'python'
[0.440s] [34mcolcon.colcon_core.package_identification[0m [1;30mLevel 1[0m _identify(models/new_training/tensorboard_logs) by extensions ['python_setup_py']
[0.440s] [34mcolcon.colcon_core.package_identification[0m [1;30mLevel 1[0m _identify(models/new_training/tensorboard_logs) by extension 'python_setup_py'
[0.440s] [34mcolcon.colcon_core.package_identification[0m [1;30mLevel 1[0m _identify(models/new_training/tensorboard_logs/PPO_1) by extensions ['ignore', 'ignore_ament_install']
[0.440s] [34mcolcon.colcon_core.package_identification[0m [1;30mLevel 1[0m _identify(models/new_training/tensorboard_logs/PPO_1) by extension 'ignore'
[0.441s] [34mcolcon.colcon_core.package_identification[0m [1;30mLevel 1[0m _identify(models/new_training/tensorboard_logs/PPO_1) by extension 'ignore_ament_install'
[0.441s] [34mcolcon.colcon_core.package_identification[0m [1;30mLevel 1[0m _identify(models/new_training/tensorboard_logs/PPO_1) by extensions ['colcon_pkg']
[0.441s] [34mcolcon.colcon_core.package_identification[0m [1;30mLevel 1[0m _identify(models/new_training/tensorboard_logs/PPO_1) by extension 'colcon_pkg'
[0.441s] [34mcolcon.colcon_core.package_identification[0m [1;30mLevel 1[0m _identify(models/new_training/tensorboard_logs/PPO_1) by extensions ['colcon_meta']
[0.441s] [34mcolcon.colcon_core.package_identification[0m [1;30mLevel 1[0m _identify(models/new_training/tensorboard_logs/PPO_1) by extension 'colcon_meta'
[0.441s] [34mcolcon.colcon_core.package_identification[0m [1;30mLevel 1[0m _identify(models/new_training/tensorboard_logs/PPO_1) by extensions ['ros']
[0.441s] [34mcolcon.colcon_core.package_identification[0m [1;30mLevel 1[0m _identify(models/new_training/tensorboard_logs/PPO_1) by extension 'ros'
[0.441s] [34mcolcon.colcon_core.package_identification[0m [1;30mLevel 1[0m _identify(models/new_training/tensorboard_logs/PPO_1) by extensions ['cmake', 'python']
[0.441s] [34mcolcon.colcon_core.package_identification[0m [1;30mLevel 1[0m _identify(models/new_training/tensorboard_logs/PPO_1) by extension 'cmake'
[0.441s] [34mcolcon.colcon_core.package_identification[0m [1;30mLevel 1[0m _identify(models/new_training/tensorboard_logs/PPO_1) by extension 'python'
[0.441s] [34mcolcon.colcon_core.package_identification[0m [1;30mLevel 1[0m _identify(models/new_training/tensorboard_logs/PPO_1) by extensions ['python_setup_py']
[0.441s] [34mcolcon.colcon_core.package_identification[0m [1;30mLevel 1[0m _identify(models/new_training/tensorboard_logs/PPO_1) by extension 'python_setup_py'
[0.441s] [34mcolcon.colcon_core.package_identification[0m [1;30mLevel 1[0m _identify(models/new_training/tensorboard_logs/PPO_2) by extensions ['ignore', 'ignore_ament_install']
[0.441s] [34mcolcon.colcon_core.package_identification[0m [1;30mLevel 1[0m _identify(models/new_training/tensorboard_logs/PPO_2) by extension 'ignore'
[0.441s] [34mcolcon.colcon_core.package_identification[0m [1;30mLevel 1[0m _identify(models/new_training/tensorboard_logs/PPO_2) by extension 'ignore_ament_install'
[0.441s] [34mcolcon.colcon_core.package_identification[0m [1;30mLevel 1[0m _identify(models/new_training/tensorboard_logs/PPO_2) by extensions ['colcon_pkg']
[0.441s] [34mcolcon.colcon_core.package_identification[0m [1;30mLevel 1[0m _identify(models/new_training/tensorboard_logs/PPO_2) by extension 'colcon_pkg'
[0.441s] [34mcolcon.colcon_core.package_identification[0m [1;30mLevel 1[0m _identify(models/new_training/tensorboard_logs/PPO_2) by extensions ['colcon_meta']
[0.441s] [34mcolcon.colcon_core.package_identification[0m [1;30mLevel 1[0m _identify(models/new_training/tensorboard_logs/PPO_2) by extension 'colcon_meta'
[0.441s] [34mcolcon.colcon_core.package_identification[0m [1;30mLevel 1[0m _identify(models/new_training/tensorboard_logs/PPO_2) by extensions ['ros']
[0.441s] [34mcolcon.colcon_core.package_identification[0m [1;30mLevel 1[0m _identify(models/new_training/tensorboard_logs/PPO_2) by extension 'ros'
[0.441s] [34mcolcon.colcon_core.package_identification[0m [1;30mLevel 1[0m _identify(models/new_training/tensorboard_logs/PPO_2) by extensions ['cmake', 'python']
[0.441s] [34mcolcon.colcon_core.package_identification[0m [1;30mLevel 1[0m _identify(models/new_training/tensorboard_logs/PPO_2) by extension 'cmake'
[0.441s] [34mcolcon.colcon_core.package_identification[0m [1;30mLevel 1[0m _identify(models/new_training/tensorboard_logs/PPO_2) by extension 'python'
[0.441s] [34mcolcon.colcon_core.package_identification[0m [1;30mLevel 1[0m _identify(models/new_training/tensorboard_logs/PPO_2) by extensions ['python_setup_py']
[0.441s] [34mcolcon.colcon_core.package_identification[0m [1;30mLevel 1[0m _identify(models/new_training/tensorboard_logs/PPO_2) by extension 'python_setup_py'
[0.442s] [34mcolcon.colcon_core.package_identification[0m [1;30mLevel 1[0m _identify(models/new_training/tensorboard_logs/PPO_3) by extensions ['ignore', 'ignore_ament_install']
[0.442s] [34mcolcon.colcon_core.package_identification[0m [1;30mLevel 1[0m _identify(models/new_training/tensorboard_logs/PPO_3) by extension 'ignore'
[0.442s] [34mcolcon.colcon_core.package_identification[0m [1;30mLevel 1[0m _identify(models/new_training/tensorboard_logs/PPO_3) by extension 'ignore_ament_install'
[0.442s] [34mcolcon.colcon_core.package_identification[0m [1;30mLevel 1[0m _identify(models/new_training/tensorboard_logs/PPO_3) by extensions ['colcon_pkg']
[0.442s] [34mcolcon.colcon_core.package_identification[0m [1;30mLevel 1[0m _identify(models/new_training/tensorboard_logs/PPO_3) by extension 'colcon_pkg'
[0.442s] [34mcolcon.colcon_core.package_identification[0m [1;30mLevel 1[0m _identify(models/new_training/tensorboard_logs/PPO_3) by extensions ['colcon_meta']
[0.442s] [34mcolcon.colcon_core.package_identification[0m [1;30mLevel 1[0m _identify(models/new_training/tensorboard_logs/PPO_3) by extension 'colcon_meta'
[0.442s] [34mcolcon.colcon_core.package_identification[0m [1;30mLevel 1[0m _identify(models/new_training/tensorboard_logs/PPO_3) by extensions ['ros']
[0.442s] [34mcolcon.colcon_core.package_identification[0m [1;30mLevel 1[0m _identify(models/new_training/tensorboard_logs/PPO_3) by extension 'ros'
[0.442s] [34mcolcon.colcon_core.package_identification[0m [1;30mLevel 1[0m _identify(models/new_training/tensorboard_logs/PPO_3) by extensions ['cmake', 'python']
[0.442s] [34mcolcon.colcon_core.package_identification[0m [1;30mLevel 1[0m _identify(models/new_training/tensorboard_logs/PPO_3) by extension 'cmake'
[0.442s] [34mcolcon.colcon_core.package_identification[0m [1;30mLevel 1[0m _identify(models/new_training/tensorboard_logs/PPO_3) by extension 'python'
[0.442s] [34mcolcon.colcon_core.package_identification[0m [1;30mLevel 1[0m _identify(models/new_training/tensorboard_logs/PPO_3) by extensions ['python_setup_py']
[0.442s] [34mcolcon.colcon_core.package_identification[0m [1;30mLevel 1[0m _identify(models/new_training/tensorboard_logs/PPO_3) by extension 'python_setup_py'
[0.442s] [34mcolcon.colcon_core.package_identification[0m [1;30mLevel 1[0m _identify(models/production) by extensions ['ignore', 'ignore_ament_install']
[0.442s] [34mcolcon.colcon_core.package_identification[0m [1;30mLevel 1[0m _identify(models/production) by extension 'ignore'
[0.442s] [34mcolcon.colcon_core.package_identification[0m [1;30mLevel 1[0m _identify(models/production) by extension 'ignore_ament_install'
[0.442s] [34mcolcon.colcon_core.package_identification[0m [1;30mLevel 1[0m _identify(models/production) by extensions ['colcon_pkg']
[0.442s] [34mcolcon.colcon_core.package_identification[0m [1;30mLevel 1[0m _identify(models/production) by extension 'colcon_pkg'
[0.442s] [34mcolcon.colcon_core.package_identification[0m [1;30mLevel 1[0m _identify(models/production) by extensions ['colcon_meta']
[0.442s] [34mcolcon.colcon_core.package_identification[0m [1;30mLevel 1[0m _identify(models/production) by extension 'colcon_meta'
[0.442s] [34mcolcon.colcon_core.package_identification[0m [1;30mLevel 1[0m _identify(models/production) by extensions ['ros']
[0.442s] [34mcolcon.colcon_core.package_identification[0m [1;30mLevel 1[0m _identify(models/production) by extension 'ros'
[0.442s] [34mcolcon.colcon_core.package_identification[0m [1;30mLevel 1[0m _identify(models/production) by extensions ['cmake', 'python']
[0.443s] [34mcolcon.colcon_core.package_identification[0m [1;30mLevel 1[0m _identify(models/production) by extension 'cmake'
[0.443s] [34mcolcon.colcon_core.package_identification[0m [1;30mLevel 1[0m _identify(models/production) by extension 'python'
[0.443s] [34mcolcon.colcon_core.package_identification[0m [1;30mLevel 1[0m _identify(models/production) by extensions ['python_setup_py']
[0.443s] [34mcolcon.colcon_core.package_identification[0m [1;30mLevel 1[0m _identify(models/production) by extension 'python_setup_py'
[0.443s] [34mcolcon.colcon_core.package_identification[0m [1;30mLevel 1[0m _identify(models/production_simple) by extensions ['ignore', 'ignore_ament_install']
[0.443s] [34mcolcon.colcon_core.package_identification[0m [1;30mLevel 1[0m _identify(models/production_simple) by extension 'ignore'
[0.443s] [34mcolcon.colcon_core.package_identification[0m [1;30mLevel 1[0m _identify(models/production_simple) by extension 'ignore_ament_install'
[0.443s] [34mcolcon.colcon_core.package_identification[0m [1;30mLevel 1[0m _identify(models/production_simple) by extensions ['colcon_pkg']
[0.443s] [34mcolcon.colcon_core.package_identification[0m [1;30mLevel 1[0m _identify(models/production_simple) by extension 'colcon_pkg'
[0.443s] [34mcolcon.colcon_core.package_identification[0m [1;30mLevel 1[0m _identify(models/production_simple) by extensions ['colcon_meta']
[0.443s] [34mcolcon.colcon_core.package_identification[0m [1;30mLevel 1[0m _identify(models/production_simple) by extension 'colcon_meta'
[0.443s] [34mcolcon.colcon_core.package_identification[0m [1;30mLevel 1[0m _identify(models/production_simple) by extensions ['ros']
[0.443s] [34mcolcon.colcon_core.package_identification[0m [1;30mLevel 1[0m _identify(models/production_simple) by extension 'ros'
[0.443s] [34mcolcon.colcon_core.package_identification[0m [1;30mLevel 1[0m _identify(models/production_simple) by extensions ['cmake', 'python']
[0.443s] [34mcolcon.colcon_core.package_identification[0m [1;30mLevel 1[0m _identify(models/production_simple) by extension 'cmake'
[0.443s] [34mcolcon.colcon_core.package_identification[0m [1;30mLevel 1[0m _identify(models/production_simple) by extension 'python'
[0.443s] [34mcolcon.colcon_core.package_identification[0m [1;30mLevel 1[0m _identify(models/production_simple) by extensions ['python_setup_py']
[0.443s] [34mcolcon.colcon_core.package_identification[0m [1;30mLevel 1[0m _identify(models/production_simple) by extension 'python_setup_py'
[0.443s] [34mcolcon.colcon_core.package_identification[0m [1;30mLevel 1[0m _identify(models/production_simple/best_model) by extensions ['ignore', 'ignore_ament_install']
[0.443s] [34mcolcon.colcon_core.package_identification[0m [1;30mLevel 1[0m _identify(models/production_simple/best_model) by extension 'ignore'
[0.443s] [34mcolcon.colcon_core.package_identification[0m [1;30mLevel 1[0m _identify(models/production_simple/best_model) by extension 'ignore_ament_install'
[0.443s] [34mcolcon.colcon_core.package_identification[0m [1;30mLevel 1[0m _identify(models/production_simple/best_model) by extensions ['colcon_pkg']
[0.443s] [34mcolcon.colcon_core.package_identification[0m [1;30mLevel 1[0m _identify(models/production_simple/best_model) by extension 'colcon_pkg'
[0.443s] [34mcolcon.colcon_core.package_identification[0m [1;30mLevel 1[0m _identify(models/production_simple/best_model) by extensions ['colcon_meta']
[0.443s] [34mcolcon.colcon_core.package_identification[0m [1;30mLevel 1[0m _identify(models/production_simple/best_model) by extension 'colcon_meta'
[0.444s] [34mcolcon.colcon_core.package_identification[0m [1;30mLevel 1[0m _identify(models/production_simple/best_model) by extensions ['ros']
[0.444s] [34mcolcon.colcon_core.package_identification[0m [1;30mLevel 1[0m _identify(models/production_simple/best_model) by extension 'ros'
[0.444s] [34mcolcon.colcon_core.package_identification[0m [1;30mLevel 1[0m _identify(models/production_simple/best_model) by extensions ['cmake', 'python']
[0.444s] [34mcolcon.colcon_core.package_identification[0m [1;30mLevel 1[0m _identify(models/production_simple/best_model) by extension 'cmake'
[0.444s] [34mcolcon.colcon_core.package_identification[0m [1;30mLevel 1[0m _identify(models/production_simple/best_model) by extension 'python'
[0.444s] [34mcolcon.colcon_core.package_identification[0m [1;30mLevel 1[0m _identify(models/production_simple/best_model) by extensions ['python_setup_py']
[0.444s] [34mcolcon.colcon_core.package_identification[0m [1;30mLevel 1[0m _identify(models/production_simple/best_model) by extension 'python_setup_py'
[0.444s] [34mcolcon.colcon_core.package_identification[0m [1;30mLevel 1[0m _identify(models/production_simple/checkpoints) by extensions ['ignore', 'ignore_ament_install']
[0.444s] [34mcolcon.colcon_core.package_identification[0m [1;30mLevel 1[0m _identify(models/production_simple/checkpoints) by extension 'ignore'
[0.444s] [34mcolcon.colcon_core.package_identification[0m [1;30mLevel 1[0m _identify(models/production_simple/checkpoints) by extension 'ignore_ament_install'
[0.444s] [34mcolcon.colcon_core.package_identification[0m [1;30mLevel 1[0m _identify(models/production_simple/checkpoints) by extensions ['colcon_pkg']
[0.444s] [34mcolcon.colcon_core.package_identification[0m [1;30mLevel 1[0m _identify(models/production_simple/checkpoints) by extension 'colcon_pkg'
[0.444s] [34mcolcon.colcon_core.package_identification[0m [1;30mLevel 1[0m _identify(models/production_simple/checkpoints) by extensions ['colcon_meta']
[0.444s] [34mcolcon.colcon_core.package_identification[0m [1;30mLevel 1[0m _identify(models/production_simple/checkpoints) by extension 'colcon_meta'
[0.444s] [34mcolcon.colcon_core.package_identification[0m [1;30mLevel 1[0m _identify(models/production_simple/checkpoints) by extensions ['ros']
[0.444s] [34mcolcon.colcon_core.package_identification[0m [1;30mLevel 1[0m _identify(models/production_simple/checkpoints) by extension 'ros'
[0.444s] [34mcolcon.colcon_core.package_identification[0m [1;30mLevel 1[0m _identify(models/production_simple/checkpoints) by extensions ['cmake', 'python']
[0.444s] [34mcolcon.colcon_core.package_identification[0m [1;30mLevel 1[0m _identify(models/production_simple/checkpoints) by extension 'cmake'
[0.444s] [34mcolcon.colcon_core.package_identification[0m [1;30mLevel 1[0m _identify(models/production_simple/checkpoints) by extension 'python'
[0.444s] [34mcolcon.colcon_core.package_identification[0m [1;30mLevel 1[0m _identify(models/production_simple/checkpoints) by extensions ['python_setup_py']
[0.444s] [34mcolcon.colcon_core.package_identification[0m [1;30mLevel 1[0m _identify(models/production_simple/checkpoints) by extension 'python_setup_py'
[0.444s] [34mcolcon.colcon_core.package_identification[0m [1;30mLevel 1[0m _identify(models/production_test) by extensions ['ignore', 'ignore_ament_install']
[0.444s] [34mcolcon.colcon_core.package_identification[0m [1;30mLevel 1[0m _identify(models/production_test) by extension 'ignore'
[0.444s] [34mcolcon.colcon_core.package_identification[0m [1;30mLevel 1[0m _identify(models/production_test) by extension 'ignore_ament_install'
[0.444s] [34mcolcon.colcon_core.package_identification[0m [1;30mLevel 1[0m _identify(models/production_test) by extensions ['colcon_pkg']
[0.445s] [34mcolcon.colcon_core.package_identification[0m [1;30mLevel 1[0m _identify(models/production_test) by extension 'colcon_pkg'
[0.445s] [34mcolcon.colcon_core.package_identification[0m [1;30mLevel 1[0m _identify(models/production_test) by extensions ['colcon_meta']
[0.445s] [34mcolcon.colcon_core.package_identification[0m [1;30mLevel 1[0m _identify(models/production_test) by extension 'colcon_meta'
[0.445s] [34mcolcon.colcon_core.package_identification[0m [1;30mLevel 1[0m _identify(models/production_test) by extensions ['ros']
[0.445s] [34mcolcon.colcon_core.package_identification[0m [1;30mLevel 1[0m _identify(models/production_test) by extension 'ros'
[0.445s] [34mcolcon.colcon_core.package_identification[0m [1;30mLevel 1[0m _identify(models/production_test) by extensions ['cmake', 'python']
[0.445s] [34mcolcon.colcon_core.package_identification[0m [1;30mLevel 1[0m _identify(models/production_test) by extension 'cmake'
[0.445s] [34mcolcon.colcon_core.package_identification[0m [1;30mLevel 1[0m _identify(models/production_test) by extension 'python'
[0.445s] [34mcolcon.colcon_core.package_identification[0m [1;30mLevel 1[0m _identify(models/production_test) by extensions ['python_setup_py']
[0.445s] [34mcolcon.colcon_core.package_identification[0m [1;30mLevel 1[0m _identify(models/production_test) by extension 'python_setup_py'
[0.445s] [34mcolcon.colcon_core.package_identification[0m [1;30mLevel 1[0m _identify(models/production_test/best_model) by extensions ['ignore', 'ignore_ament_install']
[0.445s] [34mcolcon.colcon_core.package_identification[0m [1;30mLevel 1[0m _identify(models/production_test/best_model) by extension 'ignore'
[0.445s] [34mcolcon.colcon_core.package_identification[0m [1;30mLevel 1[0m _identify(models/production_test/best_model) by extension 'ignore_ament_install'
[0.445s] [34mcolcon.colcon_core.package_identification[0m [1;30mLevel 1[0m _identify(models/production_test/best_model) by extensions ['colcon_pkg']
[0.445s] [34mcolcon.colcon_core.package_identification[0m [1;30mLevel 1[0m _identify(models/production_test/best_model) by extension 'colcon_pkg'
[0.445s] [34mcolcon.colcon_core.package_identification[0m [1;30mLevel 1[0m _identify(models/production_test/best_model) by extensions ['colcon_meta']
[0.445s] [34mcolcon.colcon_core.package_identification[0m [1;30mLevel 1[0m _identify(models/production_test/best_model) by extension 'colcon_meta'
[0.445s] [34mcolcon.colcon_core.package_identification[0m [1;30mLevel 1[0m _identify(models/production_test/best_model) by extensions ['ros']
[0.445s] [34mcolcon.colcon_core.package_identification[0m [1;30mLevel 1[0m _identify(models/production_test/best_model) by extension 'ros'
[0.445s] [34mcolcon.colcon_core.package_identification[0m [1;30mLevel 1[0m _identify(models/production_test/best_model) by extensions ['cmake', 'python']
[0.445s] [34mcolcon.colcon_core.package_identification[0m [1;30mLevel 1[0m _identify(models/production_test/best_model) by extension 'cmake'
[0.445s] [34mcolcon.colcon_core.package_identification[0m [1;30mLevel 1[0m _identify(models/production_test/best_model) by extension 'python'
[0.445s] [34mcolcon.colcon_core.package_identification[0m [1;30mLevel 1[0m _identify(models/production_test/best_model) by extensions ['python_setup_py']
[0.445s] [34mcolcon.colcon_core.package_identification[0m [1;30mLevel 1[0m _identify(models/production_test/best_model) by extension 'python_setup_py'
[0.445s] [34mcolcon.colcon_core.package_identification[0m [1;30mLevel 1[0m _identify(models/production_test/checkpoints) by extensions ['ignore', 'ignore_ament_install']
[0.446s] [34mcolcon.colcon_core.package_identification[0m [1;30mLevel 1[0m _identify(models/production_test/checkpoints) by extension 'ignore'
[0.446s] [34mcolcon.colcon_core.package_identification[0m [1;30mLevel 1[0m _identify(models/production_test/checkpoints) by extension 'ignore_ament_install'
[0.446s] [34mcolcon.colcon_core.package_identification[0m [1;30mLevel 1[0m _identify(models/production_test/checkpoints) by extensions ['colcon_pkg']
[0.446s] [34mcolcon.colcon_core.package_identification[0m [1;30mLevel 1[0m _identify(models/production_test/checkpoints) by extension 'colcon_pkg'
[0.446s] [34mcolcon.colcon_core.package_identification[0m [1;30mLevel 1[0m _identify(models/production_test/checkpoints) by extensions ['colcon_meta']
[0.446s] [34mcolcon.colcon_core.package_identification[0m [1;30mLevel 1[0m _identify(models/production_test/checkpoints) by extension 'colcon_meta'
[0.446s] [34mcolcon.colcon_core.package_identification[0m [1;30mLevel 1[0m _identify(models/production_test/checkpoints) by extensions ['ros']
[0.446s] [34mcolcon.colcon_core.package_identification[0m [1;30mLevel 1[0m _identify(models/production_test/checkpoints) by extension 'ros'
[0.446s] [34mcolcon.colcon_core.package_identification[0m [1;30mLevel 1[0m _identify(models/production_test/checkpoints) by extensions ['cmake', 'python']
[0.446s] [34mcolcon.colcon_core.package_identification[0m [1;30mLevel 1[0m _identify(models/production_test/checkpoints) by extension 'cmake'
[0.446s] [34mcolcon.colcon_core.package_identification[0m [1;30mLevel 1[0m _identify(models/production_test/checkpoints) by extension 'python'
[0.446s] [34mcolcon.colcon_core.package_identification[0m [1;30mLevel 1[0m _identify(models/production_test/checkpoints) by extensions ['python_setup_py']
[0.446s] [34mcolcon.colcon_core.package_identification[0m [1;30mLevel 1[0m _identify(models/production_test/checkpoints) by extension 'python_setup_py'
[0.446s] [34mcolcon.colcon_core.package_identification[0m [1;30mLevel 1[0m _identify(models/soma_v1) by extensions ['ignore', 'ignore_ament_install']
[0.446s] [34mcolcon.colcon_core.package_identification[0m [1;30mLevel 1[0m _identify(models/soma_v1) by extension 'ignore'
[0.446s] [34mcolcon.colcon_core.package_identification[0m [1;30mLevel 1[0m _identify(models/soma_v1) by extension 'ignore_ament_install'
[0.446s] [34mcolcon.colcon_core.package_identification[0m [1;30mLevel 1[0m _identify(models/soma_v1) by extensions ['colcon_pkg']
[0.446s] [34mcolcon.colcon_core.package_identification[0m [1;30mLevel 1[0m _identify(models/soma_v1) by extension 'colcon_pkg'
[0.446s] [34mcolcon.colcon_core.package_identification[0m [1;30mLevel 1[0m _identify(models/soma_v1) by extensions ['colcon_meta']
[0.446s] [34mcolcon.colcon_core.package_identification[0m [1;30mLevel 1[0m _identify(models/soma_v1) by extension 'colcon_meta'
[0.446s] [34mcolcon.colcon_core.package_identification[0m [1;30mLevel 1[0m _identify(models/soma_v1) by extensions ['ros']
[0.446s] [34mcolcon.colcon_core.package_identification[0m [1;30mLevel 1[0m _identify(models/soma_v1) by extension 'ros'
[0.446s] [34mcolcon.colcon_core.package_identification[0m [1;30mLevel 1[0m _identify(models/soma_v1) by extensions ['cmake', 'python']
[0.446s] [34mcolcon.colcon_core.package_identification[0m [1;30mLevel 1[0m _identify(models/soma_v1) by extension 'cmake'
[0.446s] [34mcolcon.colcon_core.package_identification[0m [1;30mLevel 1[0m _identify(models/soma_v1) by extension 'python'
[0.446s] [34mcolcon.colcon_core.package_identification[0m [1;30mLevel 1[0m _identify(models/soma_v1) by extensions ['python_setup_py']
[0.446s] [34mcolcon.colcon_core.package_identification[0m [1;30mLevel 1[0m _identify(models/soma_v1) by extension 'python_setup_py'
[0.447s] [34mcolcon.colcon_core.package_identification[0m [1;30mLevel 1[0m _identify(models/test_training) by extensions ['ignore', 'ignore_ament_install']
[0.447s] [34mcolcon.colcon_core.package_identification[0m [1;30mLevel 1[0m _identify(models/test_training) by extension 'ignore'
[0.447s] [34mcolcon.colcon_core.package_identification[0m [1;30mLevel 1[0m _identify(models/test_training) by extension 'ignore_ament_install'
[0.447s] [34mcolcon.colcon_core.package_identification[0m [1;30mLevel 1[0m _identify(models/test_training) by extensions ['colcon_pkg']
[0.447s] [34mcolcon.colcon_core.package_identification[0m [1;30mLevel 1[0m _identify(models/test_training) by extension 'colcon_pkg'
[0.447s] [34mcolcon.colcon_core.package_identification[0m [1;30mLevel 1[0m _identify(models/test_training) by extensions ['colcon_meta']
[0.447s] [34mcolcon.colcon_core.package_identification[0m [1;30mLevel 1[0m _identify(models/test_training) by extension 'colcon_meta'
[0.447s] [34mcolcon.colcon_core.package_identification[0m [1;30mLevel 1[0m _identify(models/test_training) by extensions ['ros']
[0.447s] [34mcolcon.colcon_core.package_identification[0m [1;30mLevel 1[0m _identify(models/test_training) by extension 'ros'
[0.447s] [34mcolcon.colcon_core.package_identification[0m [1;30mLevel 1[0m _identify(models/test_training) by extensions ['cmake', 'python']
[0.447s] [34mcolcon.colcon_core.package_identification[0m [1;30mLevel 1[0m _identify(models/test_training) by extension 'cmake'
[0.447s] [34mcolcon.colcon_core.package_identification[0m [1;30mLevel 1[0m _identify(models/test_training) by extension 'python'
[0.447s] [34mcolcon.colcon_core.package_identification[0m [1;30mLevel 1[0m _identify(models/test_training) by extensions ['python_setup_py']
[0.447s] [34mcolcon.colcon_core.package_identification[0m [1;30mLevel 1[0m _identify(models/test_training) by extension 'python_setup_py'
[0.447s] [34mcolcon.colcon_core.package_identification[0m [1;30mLevel 1[0m _identify(models/test_training_small) by extensions ['ignore', 'ignore_ament_install']
[0.447s] [34mcolcon.colcon_core.package_identification[0m [1;30mLevel 1[0m _identify(models/test_training_small) by extension 'ignore'
[0.447s] [34mcolcon.colcon_core.package_identification[0m [1;30mLevel 1[0m _identify(models/test_training_small) by extension 'ignore_ament_install'
[0.447s] [34mcolcon.colcon_core.package_identification[0m [1;30mLevel 1[0m _identify(models/test_training_small) by extensions ['colcon_pkg']
[0.447s] [34mcolcon.colcon_core.package_identification[0m [1;30mLevel 1[0m _identify(models/test_training_small) by extension 'colcon_pkg'
[0.447s] [34mcolcon.colcon_core.package_identification[0m [1;30mLevel 1[0m _identify(models/test_training_small) by extensions ['colcon_meta']
[0.447s] [34mcolcon.colcon_core.package_identification[0m [1;30mLevel 1[0m _identify(models/test_training_small) by extension 'colcon_meta'
[0.447s] [34mcolcon.colcon_core.package_identification[0m [1;30mLevel 1[0m _identify(models/test_training_small) by extensions ['ros']
[0.447s] [34mcolcon.colcon_core.package_identification[0m [1;30mLevel 1[0m _identify(models/test_training_small) by extension 'ros'
[0.447s] [34mcolcon.colcon_core.package_identification[0m [1;30mLevel 1[0m _identify(models/test_training_small) by extensions ['cmake', 'python']
[0.447s] [34mcolcon.colcon_core.package_identification[0m [1;30mLevel 1[0m _identify(models/test_training_small) by extension 'cmake'
[0.447s] [34mcolcon.colcon_core.package_identification[0m [1;30mLevel 1[0m _identify(models/test_training_small) by extension 'python'
[0.448s] [34mcolcon.colcon_core.package_identification[0m [1;30mLevel 1[0m _identify(models/test_training_small) by extensions ['python_setup_py']
[0.448s] [34mcolcon.colcon_core.package_identification[0m [1;30mLevel 1[0m _identify(models/test_training_small) by extension 'python_setup_py'
[0.448s] [34mcolcon.colcon_core.package_identification[0m [1;30mLevel 1[0m _identify(models/test_training_small/best_model) by extensions ['ignore', 'ignore_ament_install']
[0.448s] [34mcolcon.colcon_core.package_identification[0m [1;30mLevel 1[0m _identify(models/test_training_small/best_model) by extension 'ignore'
[0.448s] [34mcolcon.colcon_core.package_identification[0m [1;30mLevel 1[0m _identify(models/test_training_small/best_model) by extension 'ignore_ament_install'
[0.448s] [34mcolcon.colcon_core.package_identification[0m [1;30mLevel 1[0m _identify(models/test_training_small/best_model) by extensions ['colcon_pkg']
[0.448s] [34mcolcon.colcon_core.package_identification[0m [1;30mLevel 1[0m _identify(models/test_training_small/best_model) by extension 'colcon_pkg'
[0.448s] [34mcolcon.colcon_core.package_identification[0m [1;30mLevel 1[0m _identify(models/test_training_small/best_model) by extensions ['colcon_meta']
[0.448s] [34mcolcon.colcon_core.package_identification[0m [1;30mLevel 1[0m _identify(models/test_training_small/best_model) by extension 'colcon_meta'
[0.448s] [34mcolcon.colcon_core.package_identification[0m [1;30mLevel 1[0m _identify(models/test_training_small/best_model) by extensions ['ros']
[0.448s] [34mcolcon.colcon_core.package_identification[0m [1;30mLevel 1[0m _identify(models/test_training_small/best_model) by extension 'ros'
[0.448s] [34mcolcon.colcon_core.package_identification[0m [1;30mLevel 1[0m _identify(models/test_training_small/best_model) by extensions ['cmake', 'python']
[0.448s] [34mcolcon.colcon_core.package_identification[0m [1;30mLevel 1[0m _identify(models/test_training_small/best_model) by extension 'cmake'
[0.448s] [34mcolcon.colcon_core.package_identification[0m [1;30mLevel 1[0m _identify(models/test_training_small/best_model) by extension 'python'
[0.448s] [34mcolcon.colcon_core.package_identification[0m [1;30mLevel 1[0m _identify(models/test_training_small/best_model) by extensions ['python_setup_py']
[0.448s] [34mcolcon.colcon_core.package_identification[0m [1;30mLevel 1[0m _identify(models/test_training_small/best_model) by extension 'python_setup_py'
[0.448s] [34mcolcon.colcon_core.package_identification[0m [1;30mLevel 1[0m _identify(models/test_training_small/checkpoints) by extensions ['ignore', 'ignore_ament_install']
[0.448s] [34mcolcon.colcon_core.package_identification[0m [1;30mLevel 1[0m _identify(models/test_training_small/checkpoints) by extension 'ignore'
[0.448s] [34mcolcon.colcon_core.package_identification[0m [1;30mLevel 1[0m _identify(models/test_training_small/checkpoints) by extension 'ignore_ament_install'
[0.448s] [34mcolcon.colcon_core.package_identification[0m [1;30mLevel 1[0m _identify(models/test_training_small/checkpoints) by extensions ['colcon_pkg']
[0.448s] [34mcolcon.colcon_core.package_identification[0m [1;30mLevel 1[0m _identify(models/test_training_small/checkpoints) by extension 'colcon_pkg'
[0.448s] [34mcolcon.colcon_core.package_identification[0m [1;30mLevel 1[0m _identify(models/test_training_small/checkpoints) by extensions ['colcon_meta']
[0.448s] [34mcolcon.colcon_core.package_identification[0m [1;30mLevel 1[0m _identify(models/test_training_small/checkpoints) by extension 'colcon_meta'
[0.448s] [34mcolcon.colcon_core.package_identification[0m [1;30mLevel 1[0m _identify(models/test_training_small/checkpoints) by extensions ['ros']
[0.448s] [34mcolcon.colcon_core.package_identification[0m [1;30mLevel 1[0m _identify(models/test_training_small/checkpoints) by extension 'ros'
[0.448s] [34mcolcon.colcon_core.package_identification[0m [1;30mLevel 1[0m _identify(models/test_training_small/checkpoints) by extensions ['cmake', 'python']
[0.449s] [34mcolcon.colcon_core.package_identification[0m [1;30mLevel 1[0m _identify(models/test_training_small/checkpoints) by extension 'cmake'
[0.449s] [34mcolcon.colcon_core.package_identification[0m [1;30mLevel 1[0m _identify(models/test_training_small/checkpoints) by extension 'python'
[0.449s] [34mcolcon.colcon_core.package_identification[0m [1;30mLevel 1[0m _identify(models/test_training_small/checkpoints) by extensions ['python_setup_py']
[0.449s] [34mcolcon.colcon_core.package_identification[0m [1;30mLevel 1[0m _identify(models/test_training_small/checkpoints) by extension 'python_setup_py'
[0.449s] [34mcolcon.colcon_core.package_identification[0m [1;30mLevel 1[0m _identify(paper) by extensions ['ignore', 'ignore_ament_install']
[0.449s] [34mcolcon.colcon_core.package_identification[0m [1;30mLevel 1[0m _identify(paper) by extension 'ignore'
[0.449s] [34mcolcon.colcon_core.package_identification[0m [1;30mLevel 1[0m _identify(paper) by extension 'ignore_ament_install'
[0.449s] [34mcolcon.colcon_core.package_identification[0m [1;30mLevel 1[0m _identify(paper) by extensions ['colcon_pkg']
[0.449s] [34mcolcon.colcon_core.package_identification[0m [1;30mLevel 1[0m _identify(paper) by extension 'colcon_pkg'
[0.449s] [34mcolcon.colcon_core.package_identification[0m [1;30mLevel 1[0m _identify(paper) by extensions ['colcon_meta']
[0.449s] [34mcolcon.colcon_core.package_identification[0m [1;30mLevel 1[0m _identify(paper) by extension 'colcon_meta'
[0.449s] [34mcolcon.colcon_core.package_identification[0m [1;30mLevel 1[0m _identify(paper) by extensions ['ros']
[0.449s] [34mcolcon.colcon_core.package_identification[0m [1;30mLevel 1[0m _identify(paper) by extension 'ros'
[0.449s] [34mcolcon.colcon_core.package_identification[0m [1;30mLevel 1[0m _identify(paper) by extensions ['cmake', 'python']
[0.449s] [34mcolcon.colcon_core.package_identification[0m [1;30mLevel 1[0m _identify(paper) by extension 'cmake'
[0.449s] [34mcolcon.colcon_core.package_identification[0m [1;30mLevel 1[0m _identify(paper) by extension 'python'
[0.449s] [34mcolcon.colcon_core.package_identification[0m [1;30mLevel 1[0m _identify(paper) by extensions ['python_setup_py']
[0.449s] [34mcolcon.colcon_core.package_identification[0m [1;30mLevel 1[0m _identify(paper) by extension 'python_setup_py'
[0.449s] [34mcolcon.colcon_core.package_identification[0m [1;30mLevel 1[0m _identify(src) by extensions ['ignore', 'ignore_ament_install']
[0.449s] [34mcolcon.colcon_core.package_identification[0m [1;30mLevel 1[0m _identify(src) by extension 'ignore'
[0.449s] [34mcolcon.colcon_core.package_identification[0m [1;30mLevel 1[0m _identify(src) by extension 'ignore_ament_install'
[0.449s] [34mcolcon.colcon_core.package_identification[0m [1;30mLevel 1[0m _identify(src) by extensions ['colcon_pkg']
[0.449s] [34mcolcon.colcon_core.package_identification[0m [1;30mLevel 1[0m _identify(src) by extension 'colcon_pkg'
[0.449s] [34mcolcon.colcon_core.package_identification[0m [1;30mLevel 1[0m _identify(src) by extensions ['colcon_meta']
[0.449s] [34mcolcon.colcon_core.package_identification[0m [1;30mLevel 1[0m _identify(src) by extension 'colcon_meta'
[0.449s] [34mcolcon.colcon_core.package_identification[0m [1;30mLevel 1[0m _identify(src) by extensions ['ros']
[0.450s] [34mcolcon.colcon_core.package_identification[0m [1;30mLevel 1[0m _identify(src) by extension 'ros'
[0.450s] [34mcolcon.colcon_core.package_identification[0m [1;30mLevel 1[0m _identify(src) by extensions ['cmake', 'python']
[0.450s] [34mcolcon.colcon_core.package_identification[0m [1;30mLevel 1[0m _identify(src) by extension 'cmake'
[0.450s] [34mcolcon.colcon_core.package_identification[0m [1;30mLevel 1[0m _identify(src) by extension 'python'
[0.450s] [34mcolcon.colcon_core.package_identification[0m [1;30mLevel 1[0m _identify(src) by extensions ['python_setup_py']
[0.450s] [34mcolcon.colcon_core.package_identification[0m [1;30mLevel 1[0m _identify(src) by extension 'python_setup_py'
[0.450s] [34mcolcon.colcon_core.package_identification[0m [1;30mLevel 1[0m _identify(src/DoosanBootcamp3rd) by extensions ['ignore', 'ignore_ament_install']
[0.450s] [34mcolcon.colcon_core.package_identification[0m [1;30mLevel 1[0m _identify(src/DoosanBootcamp3rd) by extension 'ignore'
[0.450s] [34mcolcon.colcon_core.package_identification[0m [1;30mLevel 1[0m _identify(src/DoosanBootcamp3rd) by extension 'ignore_ament_install'
[0.450s] [34mcolcon.colcon_core.package_identification[0m [1;30mLevel 1[0m _identify(src/DoosanBootcamp3rd) by extensions ['colcon_pkg']
[0.450s] [34mcolcon.colcon_core.package_identification[0m [1;30mLevel 1[0m _identify(src/DoosanBootcamp3rd) by extension 'colcon_pkg'
[0.450s] [34mcolcon.colcon_core.package_identification[0m [1;30mLevel 1[0m _identify(src/DoosanBootcamp3rd) by extensions ['colcon_meta']
[0.450s] [34mcolcon.colcon_core.package_identification[0m [1;30mLevel 1[0m _identify(src/DoosanBootcamp3rd) by extension 'colcon_meta'
[0.450s] [34mcolcon.colcon_core.package_identification[0m [1;30mLevel 1[0m _identify(src/DoosanBootcamp3rd) by extensions ['ros']
[0.450s] [34mcolcon.colcon_core.package_identification[0m [1;30mLevel 1[0m _identify(src/DoosanBootcamp3rd) by extension 'ros'
[0.450s] [34mcolcon.colcon_core.package_identification[0m [1;30mLevel 1[0m _identify(src/DoosanBootcamp3rd) by extensions ['cmake', 'python']
[0.450s] [34mcolcon.colcon_core.package_identification[0m [1;30mLevel 1[0m _identify(src/DoosanBootcamp3rd) by extension 'cmake'
[0.450s] [34mcolcon.colcon_core.package_identification[0m [1;30mLevel 1[0m _identify(src/DoosanBootcamp3rd) by extension 'python'
[0.450s] [34mcolcon.colcon_core.package_identification[0m [1;30mLevel 1[0m _identify(src/DoosanBootcamp3rd) by extensions ['python_setup_py']
[0.450s] [34mcolcon.colcon_core.package_identification[0m [1;30mLevel 1[0m _identify(src/DoosanBootcamp3rd) by extension 'python_setup_py'
[0.451s] [34mcolcon.colcon_core.package_identification[0m [1;30mLevel 1[0m _identify(src/DoosanBootcamp3rd/calibration) by extensions ['ignore', 'ignore_ament_install']
[0.451s] [34mcolcon.colcon_core.package_identification[0m [1;30mLevel 1[0m _identify(src/DoosanBootcamp3rd/calibration) by extension 'ignore'
[0.451s] [34mcolcon.colcon_core.package_identification[0m [1;30mLevel 1[0m _identify(src/DoosanBootcamp3rd/calibration) ignored
[0.451s] [34mcolcon.colcon_core.package_identification[0m [1;30mLevel 1[0m _identify(src/DoosanBootcamp3rd/dsr_bringup2) by extensions ['ignore', 'ignore_ament_install']
[0.451s] [34mcolcon.colcon_core.package_identification[0m [1;30mLevel 1[0m _identify(src/DoosanBootcamp3rd/dsr_bringup2) by extension 'ignore'
[0.451s] [34mcolcon.colcon_core.package_identification[0m [1;30mLevel 1[0m _identify(src/DoosanBootcamp3rd/dsr_bringup2) by extension 'ignore_ament_install'
[0.451s] [34mcolcon.colcon_core.package_identification[0m [1;30mLevel 1[0m _identify(src/DoosanBootcamp3rd/dsr_bringup2) by extensions ['colcon_pkg']
[0.451s] [34mcolcon.colcon_core.package_identification[0m [1;30mLevel 1[0m _identify(src/DoosanBootcamp3rd/dsr_bringup2) by extension 'colcon_pkg'
[0.451s] [34mcolcon.colcon_core.package_identification[0m [1;30mLevel 1[0m _identify(src/DoosanBootcamp3rd/dsr_bringup2) by extensions ['colcon_meta']
[0.451s] [34mcolcon.colcon_core.package_identification[0m [1;30mLevel 1[0m _identify(src/DoosanBootcamp3rd/dsr_bringup2) by extension 'colcon_meta'
[0.451s] [34mcolcon.colcon_core.package_identification[0m [1;30mLevel 1[0m _identify(src/DoosanBootcamp3rd/dsr_bringup2) by extensions ['ros']
[0.451s] [34mcolcon.colcon_core.package_identification[0m [1;30mLevel 1[0m _identify(src/DoosanBootcamp3rd/dsr_bringup2) by extension 'ros'
[0.455s] [34mcolcon.colcon_core.package_identification[0m [1;30mDEBUG[0m [32mPackage 'src/DoosanBootcamp3rd/dsr_bringup2' with type 'ros.ament_python' and name 'dsr_bringup2'[0m
[0.455s] [34mcolcon.colcon_core.package_identification[0m [1;30mLevel 1[0m _identify(src/DoosanBootcamp3rd/dsr_common2) by extensions ['ignore', 'ignore_ament_install']
[0.455s] [34mcolcon.colcon_core.package_identification[0m [1;30mLevel 1[0m _identify(src/DoosanBootcamp3rd/dsr_common2) by extension 'ignore'
[0.455s] [34mcolcon.colcon_core.package_identification[0m [1;30mLevel 1[0m _identify(src/DoosanBootcamp3rd/dsr_common2) by extension 'ignore_ament_install'
[0.455s] [34mcolcon.colcon_core.package_identification[0m [1;30mLevel 1[0m _identify(src/DoosanBootcamp3rd/dsr_common2) by extensions ['colcon_pkg']
[0.455s] [34mcolcon.colcon_core.package_identification[0m [1;30mLevel 1[0m _identify(src/DoosanBootcamp3rd/dsr_common2) by extension 'colcon_pkg'
[0.455s] [34mcolcon.colcon_core.package_identification[0m [1;30mLevel 1[0m _identify(src/DoosanBootcamp3rd/dsr_common2) by extensions ['colcon_meta']
[0.455s] [34mcolcon.colcon_core.package_identification[0m [1;30mLevel 1[0m _identify(src/DoosanBootcamp3rd/dsr_common2) by extension 'colcon_meta'
[0.455s] [34mcolcon.colcon_core.package_identification[0m [1;30mLevel 1[0m _identify(src/DoosanBootcamp3rd/dsr_common2) by extensions ['ros']
[0.455s] [34mcolcon.colcon_core.package_identification[0m [1;30mLevel 1[0m _identify(src/DoosanBootcamp3rd/dsr_common2) by extension 'ros'
[0.456s] [34mcolcon.colcon_core.package_identification[0m [1;30mDEBUG[0m [32mPackage 'src/DoosanBootcamp3rd/dsr_common2' with type 'ros.ament_cmake' and name 'dsr_common2'[0m
[0.456s] [34mcolcon.colcon_core.package_identification[0m [1;30mLevel 1[0m _identify(src/DoosanBootcamp3rd/dsr_controller2) by extensions ['ignore', 'ignore_ament_install']
[0.456s] [34mcolcon.colcon_core.package_identification[0m [1;30mLevel 1[0m _identify(src/DoosanBootcamp3rd/dsr_controller2) by extension 'ignore'
[0.456s] [34mcolcon.colcon_core.package_identification[0m [1;30mLevel 1[0m _identify(src/DoosanBootcamp3rd/dsr_controller2) by extension 'ignore_ament_install'
[0.456s] [34mcolcon.colcon_core.package_identification[0m [1;30mLevel 1[0m _identify(src/DoosanBootcamp3rd/dsr_controller2) by extensions ['colcon_pkg']
[0.456s] [34mcolcon.colcon_core.package_identification[0m [1;30mLevel 1[0m _identify(src/DoosanBootcamp3rd/dsr_controller2) by extension 'colcon_pkg'
[0.456s] [34mcolcon.colcon_core.package_identification[0m [1;30mLevel 1[0m _identify(src/DoosanBootcamp3rd/dsr_controller2) by extensions ['colcon_meta']
[0.457s] [34mcolcon.colcon_core.package_identification[0m [1;30mLevel 1[0m _identify(src/DoosanBootcamp3rd/dsr_controller2) by extension 'colcon_meta'
[0.457s] [34mcolcon.colcon_core.package_identification[0m [1;30mLevel 1[0m _identify(src/DoosanBootcamp3rd/dsr_controller2) by extensions ['ros']
[0.457s] [34mcolcon.colcon_core.package_identification[0m [1;30mLevel 1[0m _identify(src/DoosanBootcamp3rd/dsr_controller2) by extension 'ros'
[0.459s] [34mcolcon.colcon_core.package_identification[0m [1;30mDEBUG[0m [32mPackage 'src/DoosanBootcamp3rd/dsr_controller2' with type 'ros.ament_cmake' and name 'dsr_controller2'[0m
[0.459s] [34mcolcon.colcon_core.package_identification[0m [1;30mLevel 1[0m _identify(src/DoosanBootcamp3rd/dsr_description2) by extensions ['ignore', 'ignore_ament_install']
[0.459s] [34mcolcon.colcon_core.package_identification[0m [1;30mLevel 1[0m _identify(src/DoosanBootcamp3rd/dsr_description2) by extension 'ignore'
[0.459s] [34mcolcon.colcon_core.package_identification[0m [1;30mLevel 1[0m _identify(src/DoosanBootcamp3rd/dsr_description2) by extension 'ignore_ament_install'
[0.459s] [34mcolcon.colcon_core.package_identification[0m [1;30mLevel 1[0m _identify(src/DoosanBootcamp3rd/dsr_description2) by extensions ['colcon_pkg']
[0.459s] [34mcolcon.colcon_core.package_identification[0m [1;30mLevel 1[0m _identify(src/DoosanBootcamp3rd/dsr_description2) by extension 'colcon_pkg'
[0.459s] [34mcolcon.colcon_core.package_identification[0m [1;30mLevel 1[0m _identify(src/DoosanBootcamp3rd/dsr_description2) by extensions ['colcon_meta']
[0.459s] [34mcolcon.colcon_core.package_identification[0m [1;30mLevel 1[0m _identify(src/DoosanBootcamp3rd/dsr_description2) by extension 'colcon_meta'
[0.459s] [34mcolcon.colcon_core.package_identification[0m [1;30mLevel 1[0m _identify(src/DoosanBootcamp3rd/dsr_description2) by extensions ['ros']
[0.459s] [34mcolcon.colcon_core.package_identification[0m [1;30mLevel 1[0m _identify(src/DoosanBootcamp3rd/dsr_description2) by extension 'ros'
[0.460s] [34mcolcon.colcon_core.package_identification[0m [1;30mDEBUG[0m [32mPackage 'src/DoosanBootcamp3rd/dsr_description2' with type 'ros.ament_cmake' and name 'dsr_description2'[0m
[0.460s] [34mcolcon.colcon_core.package_identification[0m [1;30mLevel 1[0m _identify(src/DoosanBootcamp3rd/dsr_example2) by extensions ['ignore', 'ignore_ament_install']
[0.460s] [34mcolcon.colcon_core.package_identification[0m [1;30mLevel 1[0m _identify(src/DoosanBootcamp3rd/dsr_example2) by extension 'ignore'
[0.460s] [34mcolcon.colcon_core.package_identification[0m [1;30mLevel 1[0m _identify(src/DoosanBootcamp3rd/dsr_example2) by extension 'ignore_ament_install'
[0.460s] [34mcolcon.colcon_core.package_identification[0m [1;30mLevel 1[0m _identify(src/DoosanBootcamp3rd/dsr_example2) by extensions ['colcon_pkg']
[0.460s] [34mcolcon.colcon_core.package_identification[0m [1;30mLevel 1[0m _identify(src/DoosanBootcamp3rd/dsr_example2) by extension 'colcon_pkg'
[0.460s] [34mcolcon.colcon_core.package_identification[0m [1;30mLevel 1[0m _identify(src/DoosanBootcamp3rd/dsr_example2) by extensions ['colcon_meta']
[0.460s] [34mcolcon.colcon_core.package_identification[0m [1;30mLevel 1[0m _identify(src/DoosanBootcamp3rd/dsr_example2) by extension 'colcon_meta'
[0.460s] [34mcolcon.colcon_core.package_identification[0m [1;30mLevel 1[0m _identify(src/DoosanBootcamp3rd/dsr_example2) by extensions ['ros']
[0.460s] [34mcolcon.colcon_core.package_identification[0m [1;30mLevel 1[0m _identify(src/DoosanBootcamp3rd/dsr_example2) by extension 'ros'
[0.460s] [34mcolcon.colcon_core.package_identification[0m [1;30mLevel 1[0m _identify(src/DoosanBootcamp3rd/dsr_example2) by extensions ['cmake', 'python']
[0.460s] [34mcolcon.colcon_core.package_identification[0m [1;30mLevel 1[0m _identify(src/DoosanBootcamp3rd/dsr_example2) by extension 'cmake'
[0.460s] [34mcolcon.colcon_core.package_identification[0m [1;30mLevel 1[0m _identify(src/DoosanBootcamp3rd/dsr_example2) by extension 'python'
[0.460s] [34mcolcon.colcon_core.package_identification[0m [1;30mLevel 1[0m _identify(src/DoosanBootcamp3rd/dsr_example2) by extensions ['python_setup_py']
[0.460s] [34mcolcon.colcon_core.package_identification[0m [1;30mLevel 1[0m _identify(src/DoosanBootcamp3rd/dsr_example2) by extension 'python_setup_py'
[0.461s] [34mcolcon.colcon_core.package_identification[0m [1;30mLevel 1[0m _identify(src/DoosanBootcamp3rd/dsr_example2/dsr_example) by extensions ['ignore', 'ignore_ament_install']
[0.461s] [34mcolcon.colcon_core.package_identification[0m [1;30mLevel 1[0m _identify(src/DoosanBootcamp3rd/dsr_example2/dsr_example) by extension 'ignore'
[0.461s] [34mcolcon.colcon_core.package_identification[0m [1;30mLevel 1[0m _identify(src/DoosanBootcamp3rd/dsr_example2/dsr_example) by extension 'ignore_ament_install'
[0.461s] [34mcolcon.colcon_core.package_identification[0m [1;30mLevel 1[0m _identify(src/DoosanBootcamp3rd/dsr_example2/dsr_example) by extensions ['colcon_pkg']
[0.461s] [34mcolcon.colcon_core.package_identification[0m [1;30mLevel 1[0m _identify(src/DoosanBootcamp3rd/dsr_example2/dsr_example) by extension 'colcon_pkg'
[0.461s] [34mcolcon.colcon_core.package_identification[0m [1;30mLevel 1[0m _identify(src/DoosanBootcamp3rd/dsr_example2/dsr_example) by extensions ['colcon_meta']
[0.461s] [34mcolcon.colcon_core.package_identification[0m [1;30mLevel 1[0m _identify(src/DoosanBootcamp3rd/dsr_example2/dsr_example) by extension 'colcon_meta'
[0.461s] [34mcolcon.colcon_core.package_identification[0m [1;30mLevel 1[0m _identify(src/DoosanBootcamp3rd/dsr_example2/dsr_example) by extensions ['ros']
[0.461s] [34mcolcon.colcon_core.package_identification[0m [1;30mLevel 1[0m _identify(src/DoosanBootcamp3rd/dsr_example2/dsr_example) by extension 'ros'
[0.462s] [34mcolcon.colcon_core.package_identification[0m [1;30mDEBUG[0m [32mPackage 'src/DoosanBootcamp3rd/dsr_example2/dsr_example' with type 'ros.ament_python' and name 'dsr_example'[0m
[0.462s] [34mcolcon.colcon_core.package_identification[0m [1;30mLevel 1[0m _identify(src/DoosanBootcamp3rd/dsr_example2/dsr_realtime_control) by extensions ['ignore', 'ignore_ament_install']
[0.462s] [34mcolcon.colcon_core.package_identification[0m [1;30mLevel 1[0m _identify(src/DoosanBootcamp3rd/dsr_example2/dsr_realtime_control) by extension 'ignore'
[0.462s] [34mcolcon.colcon_core.package_identification[0m [1;30mLevel 1[0m _identify(src/DoosanBootcamp3rd/dsr_example2/dsr_realtime_control) by extension 'ignore_ament_install'
[0.462s] [34mcolcon.colcon_core.package_identification[0m [1;30mLevel 1[0m _identify(src/DoosanBootcamp3rd/dsr_example2/dsr_realtime_control) by extensions ['colcon_pkg']
[0.462s] [34mcolcon.colcon_core.package_identification[0m [1;30mLevel 1[0m _identify(src/DoosanBootcamp3rd/dsr_example2/dsr_realtime_control) by extension 'colcon_pkg'
[0.462s] [34mcolcon.colcon_core.package_identification[0m [1;30mLevel 1[0m _identify(src/DoosanBootcamp3rd/dsr_example2/dsr_realtime_control) by extensions ['colcon_meta']
[0.462s] [34mcolcon.colcon_core.package_identification[0m [1;30mLevel 1[0m _identify(src/DoosanBootcamp3rd/dsr_example2/dsr_realtime_control) by extension 'colcon_meta'
[0.462s] [34mcolcon.colcon_core.package_identification[0m [1;30mLevel 1[0m _identify(src/DoosanBootcamp3rd/dsr_example2/dsr_realtime_control) by extensions ['ros']
[0.462s] [34mcolcon.colcon_core.package_identification[0m [1;30mLevel 1[0m _identify(src/DoosanBootcamp3rd/dsr_example2/dsr_realtime_control) by extension 'ros'
[0.463s] [34mcolcon.colcon_core.package_identification[0m [1;30mDEBUG[0m [32mPackage 'src/DoosanBootcamp3rd/dsr_example2/dsr_realtime_control' with type 'ros.ament_cmake' and name 'dsr_realtime_control'[0m
[0.463s] [34mcolcon.colcon_core.package_identification[0m [1;30mLevel 1[0m _identify(src/DoosanBootcamp3rd/dsr_example2/dsr_visualservoing) by extensions ['ignore', 'ignore_ament_install']
[0.463s] [34mcolcon.colcon_core.package_identification[0m [1;30mLevel 1[0m _identify(src/DoosanBootcamp3rd/dsr_example2/dsr_visualservoing) by extension 'ignore'
[0.463s] [34mcolcon.colcon_core.package_identification[0m [1;30mLevel 1[0m _identify(src/DoosanBootcamp3rd/dsr_example2/dsr_visualservoing) by extension 'ignore_ament_install'
[0.464s] [34mcolcon.colcon_core.package_identification[0m [1;30mLevel 1[0m _identify(src/DoosanBootcamp3rd/dsr_example2/dsr_visualservoing) by extensions ['colcon_pkg']
[0.464s] [34mcolcon.colcon_core.package_identification[0m [1;30mLevel 1[0m _identify(src/DoosanBootcamp3rd/dsr_example2/dsr_visualservoing) by extension 'colcon_pkg'
[0.464s] [34mcolcon.colcon_core.package_identification[0m [1;30mLevel 1[0m _identify(src/DoosanBootcamp3rd/dsr_example2/dsr_visualservoing) by extensions ['colcon_meta']
[0.464s] [34mcolcon.colcon_core.package_identification[0m [1;30mLevel 1[0m _identify(src/DoosanBootcamp3rd/dsr_example2/dsr_visualservoing) by extension 'colcon_meta'
[0.464s] [34mcolcon.colcon_core.package_identification[0m [1;30mLevel 1[0m _identify(src/DoosanBootcamp3rd/dsr_example2/dsr_visualservoing) by extensions ['ros']
[0.464s] [34mcolcon.colcon_core.package_identification[0m [1;30mLevel 1[0m _identify(src/DoosanBootcamp3rd/dsr_example2/dsr_visualservoing) by extension 'ros'
[0.464s] [34mcolcon.colcon_core.package_identification[0m [1;30mDEBUG[0m [32mPackage 'src/DoosanBootcamp3rd/dsr_example2/dsr_visualservoing' with type 'ros.ament_python' and name 'dsr_visualservoing'[0m
[0.465s] [34mcolcon.colcon_core.package_identification[0m [1;30mLevel 1[0m _identify(src/DoosanBootcamp3rd/dsr_gazebo2) by extensions ['ignore', 'ignore_ament_install']
[0.465s] [34mcolcon.colcon_core.package_identification[0m [1;30mLevel 1[0m _identify(src/DoosanBootcamp3rd/dsr_gazebo2) by extension 'ignore'
[0.465s] [34mcolcon.colcon_core.package_identification[0m [1;30mLevel 1[0m _identify(src/DoosanBootcamp3rd/dsr_gazebo2) by extension 'ignore_ament_install'
[0.465s] [34mcolcon.colcon_core.package_identification[0m [1;30mLevel 1[0m _identify(src/DoosanBootcamp3rd/dsr_gazebo2) by extensions ['colcon_pkg']
[0.465s] [34mcolcon.colcon_core.package_identification[0m [1;30mLevel 1[0m _identify(src/DoosanBootcamp3rd/dsr_gazebo2) by extension 'colcon_pkg'
[0.465s] [34mcolcon.colcon_core.package_identification[0m [1;30mLevel 1[0m _identify(src/DoosanBootcamp3rd/dsr_gazebo2) by extensions ['colcon_meta']
[0.465s] [34mcolcon.colcon_core.package_identification[0m [1;30mLevel 1[0m _identify(src/DoosanBootcamp3rd/dsr_gazebo2) by extension 'colcon_meta'
[0.465s] [34mcolcon.colcon_core.package_identification[0m [1;30mLevel 1[0m _identify(src/DoosanBootcamp3rd/dsr_gazebo2) by extensions ['ros']
[0.465s] [34mcolcon.colcon_core.package_identification[0m [1;30mLevel 1[0m _identify(src/DoosanBootcamp3rd/dsr_gazebo2) by extension 'ros'
[0.466s] [34mcolcon.colcon_core.package_identification[0m [1;30mDEBUG[0m [32mPackage 'src/DoosanBootcamp3rd/dsr_gazebo2' with type 'ros.ament_cmake' and name 'dsr_gazebo2'[0m
[0.466s] [34mcolcon.colcon_core.package_identification[0m [1;30mLevel 1[0m _identify(src/DoosanBootcamp3rd/dsr_hardware2) by extensions ['ignore', 'ignore_ament_install']
[0.466s] [34mcolcon.colcon_core.package_identification[0m [1;30mLevel 1[0m _identify(src/DoosanBootcamp3rd/dsr_hardware2) by extension 'ignore'
[0.466s] [34mcolcon.colcon_core.package_identification[0m [1;30mLevel 1[0m _identify(src/DoosanBootcamp3rd/dsr_hardware2) by extension 'ignore_ament_install'
[0.466s] [34mcolcon.colcon_core.package_identification[0m [1;30mLevel 1[0m _identify(src/DoosanBootcamp3rd/dsr_hardware2) by extensions ['colcon_pkg']
[0.466s] [34mcolcon.colcon_core.package_identification[0m [1;30mLevel 1[0m _identify(src/DoosanBootcamp3rd/dsr_hardware2) by extension 'colcon_pkg'
[0.467s] [34mcolcon.colcon_core.package_identification[0m [1;30mLevel 1[0m _identify(src/DoosanBootcamp3rd/dsr_hardware2) by extensions ['colcon_meta']
[0.467s] [34mcolcon.colcon_core.package_identification[0m [1;30mLevel 1[0m _identify(src/DoosanBootcamp3rd/dsr_hardware2) by extension 'colcon_meta'
[0.467s] [34mcolcon.colcon_core.package_identification[0m [1;30mLevel 1[0m _identify(src/DoosanBootcamp3rd/dsr_hardware2) by extensions ['ros']
[0.467s] [34mcolcon.colcon_core.package_identification[0m [1;30mLevel 1[0m _identify(src/DoosanBootcamp3rd/dsr_hardware2) by extension 'ros'
[0.469s] [34mcolcon.colcon_core.package_identification[0m [1;30mDEBUG[0m [32mPackage 'src/DoosanBootcamp3rd/dsr_hardware2' with type 'ros.ament_cmake' and name 'dsr_hardware2'[0m
[0.469s] [34mcolcon.colcon_core.package_identification[0m [1;30mLevel 1[0m _identify(src/DoosanBootcamp3rd/dsr_moveit2) by extensions ['ignore', 'ignore_ament_install']
[0.469s] [34mcolcon.colcon_core.package_identification[0m [1;30mLevel 1[0m _identify(src/DoosanBootcamp3rd/dsr_moveit2) by extension 'ignore'
[0.469s] [34mcolcon.colcon_core.package_identification[0m [1;30mLevel 1[0m _identify(src/DoosanBootcamp3rd/dsr_moveit2) by extension 'ignore_ament_install'
[0.469s] [34mcolcon.colcon_core.package_identification[0m [1;30mLevel 1[0m _identify(src/DoosanBootcamp3rd/dsr_moveit2) by extensions ['colcon_pkg']
[0.469s] [34mcolcon.colcon_core.package_identification[0m [1;30mLevel 1[0m _identify(src/DoosanBootcamp3rd/dsr_moveit2) by extension 'colcon_pkg'
[0.469s] [34mcolcon.colcon_core.package_identification[0m [1;30mLevel 1[0m _identify(src/DoosanBootcamp3rd/dsr_moveit2) by extensions ['colcon_meta']
[0.469s] [34mcolcon.colcon_core.package_identification[0m [1;30mLevel 1[0m _identify(src/DoosanBootcamp3rd/dsr_moveit2) by extension 'colcon_meta'
[0.469s] [34mcolcon.colcon_core.package_identification[0m [1;30mLevel 1[0m _identify(src/DoosanBootcamp3rd/dsr_moveit2) by extensions ['ros']
[0.469s] [34mcolcon.colcon_core.package_identification[0m [1;30mLevel 1[0m _identify(src/DoosanBootcamp3rd/dsr_moveit2) by extension 'ros'
[0.469s] [34mcolcon.colcon_core.package_identification[0m [1;30mLevel 1[0m _identify(src/DoosanBootcamp3rd/dsr_moveit2) by extensions ['cmake', 'python']
[0.469s] [34mcolcon.colcon_core.package_identification[0m [1;30mLevel 1[0m _identify(src/DoosanBootcamp3rd/dsr_moveit2) by extension 'cmake'
[0.469s] [34mcolcon.colcon_core.package_identification[0m [1;30mLevel 1[0m _identify(src/DoosanBootcamp3rd/dsr_moveit2) by extension 'python'
[0.469s] [34mcolcon.colcon_core.package_identification[0m [1;30mLevel 1[0m _identify(src/DoosanBootcamp3rd/dsr_moveit2) by extensions ['python_setup_py']
[0.469s] [34mcolcon.colcon_core.package_identification[0m [1;30mLevel 1[0m _identify(src/DoosanBootcamp3rd/dsr_moveit2) by extension 'python_setup_py'
[0.469s] [34mcolcon.colcon_core.package_identification[0m [1;30mLevel 1[0m _identify(src/DoosanBootcamp3rd/dsr_moveit2/dsr_moveit_config_a0509) by extensions ['ignore', 'ignore_ament_install']
[0.470s] [34mcolcon.colcon_core.package_identification[0m [1;30mLevel 1[0m _identify(src/DoosanBootcamp3rd/dsr_moveit2/dsr_moveit_config_a0509) by extension 'ignore'
[0.470s] [34mcolcon.colcon_core.package_identification[0m [1;30mLevel 1[0m _identify(src/DoosanBootcamp3rd/dsr_moveit2/dsr_moveit_config_a0509) by extension 'ignore_ament_install'
[0.470s] [34mcolcon.colcon_core.package_identification[0m [1;30mLevel 1[0m _identify(src/DoosanBootcamp3rd/dsr_moveit2/dsr_moveit_config_a0509) by extensions ['colcon_pkg']
[0.470s] [34mcolcon.colcon_core.package_identification[0m [1;30mLevel 1[0m _identify(src/DoosanBootcamp3rd/dsr_moveit2/dsr_moveit_config_a0509) by extension 'colcon_pkg'
[0.470s] [34mcolcon.colcon_core.package_identification[0m [1;30mLevel 1[0m _identify(src/DoosanBootcamp3rd/dsr_moveit2/dsr_moveit_config_a0509) by extensions ['colcon_meta']
[0.470s] [34mcolcon.colcon_core.package_identification[0m [1;30mLevel 1[0m _identify(src/DoosanBootcamp3rd/dsr_moveit2/dsr_moveit_config_a0509) by extension 'colcon_meta'
[0.470s] [34mcolcon.colcon_core.package_identification[0m [1;30mLevel 1[0m _identify(src/DoosanBootcamp3rd/dsr_moveit2/dsr_moveit_config_a0509) by extensions ['ros']
[0.470s] [34mcolcon.colcon_core.package_identification[0m [1;30mLevel 1[0m _identify(src/DoosanBootcamp3rd/dsr_moveit2/dsr_moveit_config_a0509) by extension 'ros'
[0.471s] [34mcolcon.colcon_core.package_identification[0m [1;30mDEBUG[0m [32mPackage 'src/DoosanBootcamp3rd/dsr_moveit2/dsr_moveit_config_a0509' with type 'ros.ament_cmake' and name 'dsr_moveit_config_a0509'[0m
[0.471s] [34mcolcon.colcon_core.package_identification[0m [1;30mLevel 1[0m _identify(src/DoosanBootcamp3rd/dsr_moveit2/dsr_moveit_config_a0912) by extensions ['ignore', 'ignore_ament_install']
[0.471s] [34mcolcon.colcon_core.package_identification[0m [1;30mLevel 1[0m _identify(src/DoosanBootcamp3rd/dsr_moveit2/dsr_moveit_config_a0912) by extension 'ignore'
[0.471s] [34mcolcon.colcon_core.package_identification[0m [1;30mLevel 1[0m _identify(src/DoosanBootcamp3rd/dsr_moveit2/dsr_moveit_config_a0912) by extension 'ignore_ament_install'
[0.471s] [34mcolcon.colcon_core.package_identification[0m [1;30mLevel 1[0m _identify(src/DoosanBootcamp3rd/dsr_moveit2/dsr_moveit_config_a0912) by extensions ['colcon_pkg']
[0.471s] [34mcolcon.colcon_core.package_identification[0m [1;30mLevel 1[0m _identify(src/DoosanBootcamp3rd/dsr_moveit2/dsr_moveit_config_a0912) by extension 'colcon_pkg'
[0.471s] [34mcolcon.colcon_core.package_identification[0m [1;30mLevel 1[0m _identify(src/DoosanBootcamp3rd/dsr_moveit2/dsr_moveit_config_a0912) by extensions ['colcon_meta']
[0.471s] [34mcolcon.colcon_core.package_identification[0m [1;30mLevel 1[0m _identify(src/DoosanBootcamp3rd/dsr_moveit2/dsr_moveit_config_a0912) by extension 'colcon_meta'
[0.471s] [34mcolcon.colcon_core.package_identification[0m [1;30mLevel 1[0m _identify(src/DoosanBootcamp3rd/dsr_moveit2/dsr_moveit_config_a0912) by extensions ['ros']
[0.471s] [34mcolcon.colcon_core.package_identification[0m [1;30mLevel 1[0m _identify(src/DoosanBootcamp3rd/dsr_moveit2/dsr_moveit_config_a0912) by extension 'ros'
[0.472s] [34mcolcon.colcon_core.package_identification[0m [1;30mDEBUG[0m [32mPackage 'src/DoosanBootcamp3rd/dsr_moveit2/dsr_moveit_config_a0912' with type 'ros.ament_cmake' and name 'dsr_moveit_config_a0912'[0m
[0.472s] [34mcolcon.colcon_core.package_identification[0m [1;30mLevel 1[0m _identify(src/DoosanBootcamp3rd/dsr_moveit2/dsr_moveit_config_e0509) by extensions ['ignore', 'ignore_ament_install']
[0.472s] [34mcolcon.colcon_core.package_identification[0m [1;30mLevel 1[0m _identify(src/DoosanBootcamp3rd/dsr_moveit2/dsr_moveit_config_e0509) by extension 'ignore'
[0.472s] [34mcolcon.colcon_core.package_identification[0m [1;30mLevel 1[0m _identify(src/DoosanBootcamp3rd/dsr_moveit2/dsr_moveit_config_e0509) by extension 'ignore_ament_install'
[0.472s] [34mcolcon.colcon_core.package_identification[0m [1;30mLevel 1[0m _identify(src/DoosanBootcamp3rd/dsr_moveit2/dsr_moveit_config_e0509) by extensions ['colcon_pkg']
[0.472s] [34mcolcon.colcon_core.package_identification[0m [1;30mLevel 1[0m _identify(src/DoosanBootcamp3rd/dsr_moveit2/dsr_moveit_config_e0509) by extension 'colcon_pkg'
[0.472s] [34mcolcon.colcon_core.package_identification[0m [1;30mLevel 1[0m _identify(src/DoosanBootcamp3rd/dsr_moveit2/dsr_moveit_config_e0509) by extensions ['colcon_meta']
[0.472s] [34mcolcon.colcon_core.package_identification[0m [1;30mLevel 1[0m _identify(src/DoosanBootcamp3rd/dsr_moveit2/dsr_moveit_config_e0509) by extension 'colcon_meta'
[0.472s] [34mcolcon.colcon_core.package_identification[0m [1;30mLevel 1[0m _identify(src/DoosanBootcamp3rd/dsr_moveit2/dsr_moveit_config_e0509) by extensions ['ros']
[0.472s] [34mcolcon.colcon_core.package_identification[0m [1;30mLevel 1[0m _identify(src/DoosanBootcamp3rd/dsr_moveit2/dsr_moveit_config_e0509) by extension 'ros'
[0.473s] [34mcolcon.colcon_core.package_identification[0m [1;30mDEBUG[0m [32mPackage 'src/DoosanBootcamp3rd/dsr_moveit2/dsr_moveit_config_e0509' with type 'ros.ament_cmake' and name 'dsr_moveit_config_e0509'[0m
[0.473s] [34mcolcon.colcon_core.package_identification[0m [1;30mLevel 1[0m _identify(src/DoosanBootcamp3rd/dsr_moveit2/dsr_moveit_config_h2017) by extensions ['ignore', 'ignore_ament_install']
[0.473s] [34mcolcon.colcon_core.package_identification[0m [1;30mLevel 1[0m _identify(src/DoosanBootcamp3rd/dsr_moveit2/dsr_moveit_config_h2017) by extension 'ignore'
[0.473s] [34mcolcon.colcon_core.package_identification[0m [1;30mLevel 1[0m _identify(src/DoosanBootcamp3rd/dsr_moveit2/dsr_moveit_config_h2017) by extension 'ignore_ament_install'
[0.473s] [34mcolcon.colcon_core.package_identification[0m [1;30mLevel 1[0m _identify(src/DoosanBootcamp3rd/dsr_moveit2/dsr_moveit_config_h2017) by extensions ['colcon_pkg']
[0.473s] [34mcolcon.colcon_core.package_identification[0m [1;30mLevel 1[0m _identify(src/DoosanBootcamp3rd/dsr_moveit2/dsr_moveit_config_h2017) by extension 'colcon_pkg'
[0.473s] [34mcolcon.colcon_core.package_identification[0m [1;30mLevel 1[0m _identify(src/DoosanBootcamp3rd/dsr_moveit2/dsr_moveit_config_h2017) by extensions ['colcon_meta']
[0.473s] [34mcolcon.colcon_core.package_identification[0m [1;30mLevel 1[0m _identify(src/DoosanBootcamp3rd/dsr_moveit2/dsr_moveit_config_h2017) by extension 'colcon_meta'
[0.473s] [34mcolcon.colcon_core.package_identification[0m [1;30mLevel 1[0m _identify(src/DoosanBootcamp3rd/dsr_moveit2/dsr_moveit_config_h2017) by extensions ['ros']
[0.473s] [34mcolcon.colcon_core.package_identification[0m [1;30mLevel 1[0m _identify(src/DoosanBootcamp3rd/dsr_moveit2/dsr_moveit_config_h2017) by extension 'ros'
[0.474s] [34mcolcon.colcon_core.package_identification[0m [1;30mDEBUG[0m [32mPackage 'src/DoosanBootcamp3rd/dsr_moveit2/dsr_moveit_config_h2017' with type 'ros.ament_cmake' and name 'dsr_moveit_config_h2017'[0m
[0.474s] [34mcolcon.colcon_core.package_identification[0m [1;30mLevel 1[0m _identify(src/DoosanBootcamp3rd/dsr_moveit2/dsr_moveit_config_h2515) by extensions ['ignore', 'ignore_ament_install']
[0.474s] [34mcolcon.colcon_core.package_identification[0m [1;30mLevel 1[0m _identify(src/DoosanBootcamp3rd/dsr_moveit2/dsr_moveit_config_h2515) by extension 'ignore'
[0.474s] [34mcolcon.colcon_core.package_identification[0m [1;30mLevel 1[0m _identify(src/DoosanBootcamp3rd/dsr_moveit2/dsr_moveit_config_h2515) by extension 'ignore_ament_install'
[0.474s] [34mcolcon.colcon_core.package_identification[0m [1;30mLevel 1[0m _identify(src/DoosanBootcamp3rd/dsr_moveit2/dsr_moveit_config_h2515) by extensions ['colcon_pkg']
[0.474s] [34mcolcon.colcon_core.package_identification[0m [1;30mLevel 1[0m _identify(src/DoosanBootcamp3rd/dsr_moveit2/dsr_moveit_config_h2515) by extension 'colcon_pkg'
[0.474s] [34mcolcon.colcon_core.package_identification[0m [1;30mLevel 1[0m _identify(src/DoosanBootcamp3rd/dsr_moveit2/dsr_moveit_config_h2515) by extensions ['colcon_meta']
[0.474s] [34mcolcon.colcon_core.package_identification[0m [1;30mLevel 1[0m _identify(src/DoosanBootcamp3rd/dsr_moveit2/dsr_moveit_config_h2515) by extension 'colcon_meta'
[0.474s] [34mcolcon.colcon_core.package_identification[0m [1;30mLevel 1[0m _identify(src/DoosanBootcamp3rd/dsr_moveit2/dsr_moveit_config_h2515) by extensions ['ros']
[0.474s] [34mcolcon.colcon_core.package_identification[0m [1;30mLevel 1[0m _identify(src/DoosanBootcamp3rd/dsr_moveit2/dsr_moveit_config_h2515) by extension 'ros'
[0.475s] [34mcolcon.colcon_core.package_identification[0m [1;30mDEBUG[0m [32mPackage 'src/DoosanBootcamp3rd/dsr_moveit2/dsr_moveit_config_h2515' with type 'ros.ament_cmake' and name 'dsr_moveit_config_h2515'[0m
[0.475s] [34mcolcon.colcon_core.package_identification[0m [1;30mLevel 1[0m _identify(src/DoosanBootcamp3rd/dsr_moveit2/dsr_moveit_config_m0609) by extensions ['ignore', 'ignore_ament_install']
[0.475s] [34mcolcon.colcon_core.package_identification[0m [1;30mLevel 1[0m _identify(src/DoosanBootcamp3rd/dsr_moveit2/dsr_moveit_config_m0609) by extension 'ignore'
[0.475s] [34mcolcon.colcon_core.package_identification[0m [1;30mLevel 1[0m _identify(src/DoosanBootcamp3rd/dsr_moveit2/dsr_moveit_config_m0609) by extension 'ignore_ament_install'
[0.475s] [34mcolcon.colcon_core.package_identification[0m [1;30mLevel 1[0m _identify(src/DoosanBootcamp3rd/dsr_moveit2/dsr_moveit_config_m0609) by extensions ['colcon_pkg']
[0.476s] [34mcolcon.colcon_core.package_identification[0m [1;30mLevel 1[0m _identify(src/DoosanBootcamp3rd/dsr_moveit2/dsr_moveit_config_m0609) by extension 'colcon_pkg'
[0.476s] [34mcolcon.colcon_core.package_identification[0m [1;30mLevel 1[0m _identify(src/DoosanBootcamp3rd/dsr_moveit2/dsr_moveit_config_m0609) by extensions ['colcon_meta']
[0.476s] [34mcolcon.colcon_core.package_identification[0m [1;30mLevel 1[0m _identify(src/DoosanBootcamp3rd/dsr_moveit2/dsr_moveit_config_m0609) by extension 'colcon_meta'
[0.476s] [34mcolcon.colcon_core.package_identification[0m [1;30mLevel 1[0m _identify(src/DoosanBootcamp3rd/dsr_moveit2/dsr_moveit_config_m0609) by extensions ['ros']
[0.476s] [34mcolcon.colcon_core.package_identification[0m [1;30mLevel 1[0m _identify(src/DoosanBootcamp3rd/dsr_moveit2/dsr_moveit_config_m0609) by extension 'ros'
[0.476s] [34mcolcon.colcon_core.package_identification[0m [1;30mDEBUG[0m [32mPackage 'src/DoosanBootcamp3rd/dsr_moveit2/dsr_moveit_config_m0609' with type 'ros.ament_cmake' and name 'dsr_moveit_config_m0609'[0m
[0.476s] [34mcolcon.colcon_core.package_identification[0m [1;30mLevel 1[0m _identify(src/DoosanBootcamp3rd/dsr_moveit2/dsr_moveit_config_m0617) by extensions ['ignore', 'ignore_ament_install']
[0.476s] [34mcolcon.colcon_core.package_identification[0m [1;30mLevel 1[0m _identify(src/DoosanBootcamp3rd/dsr_moveit2/dsr_moveit_config_m0617) by extension 'ignore'
[0.477s] [34mcolcon.colcon_core.package_identification[0m [1;30mLevel 1[0m _identify(src/DoosanBootcamp3rd/dsr_moveit2/dsr_moveit_config_m0617) by extension 'ignore_ament_install'
[0.477s] [34mcolcon.colcon_core.package_identification[0m [1;30mLevel 1[0m _identify(src/DoosanBootcamp3rd/dsr_moveit2/dsr_moveit_config_m0617) by extensions ['colcon_pkg']
[0.477s] [34mcolcon.colcon_core.package_identification[0m [1;30mLevel 1[0m _identify(src/DoosanBootcamp3rd/dsr_moveit2/dsr_moveit_config_m0617) by extension 'colcon_pkg'
[0.477s] [34mcolcon.colcon_core.package_identification[0m [1;30mLevel 1[0m _identify(src/DoosanBootcamp3rd/dsr_moveit2/dsr_moveit_config_m0617) by extensions ['colcon_meta']
[0.477s] [34mcolcon.colcon_core.package_identification[0m [1;30mLevel 1[0m _identify(src/DoosanBootcamp3rd/dsr_moveit2/dsr_moveit_config_m0617) by extension 'colcon_meta'
[0.477s] [34mcolcon.colcon_core.package_identification[0m [1;30mLevel 1[0m _identify(src/DoosanBootcamp3rd/dsr_moveit2/dsr_moveit_config_m0617) by extensions ['ros']
[0.477s] [34mcolcon.colcon_core.package_identification[0m [1;30mLevel 1[0m _identify(src/DoosanBootcamp3rd/dsr_moveit2/dsr_moveit_config_m0617) by extension 'ros'
[0.477s] [34mcolcon.colcon_core.package_identification[0m [1;30mDEBUG[0m [32mPackage 'src/DoosanBootcamp3rd/dsr_moveit2/dsr_moveit_config_m0617' with type 'ros.ament_cmake' and name 'dsr_moveit_config_m0617'[0m
[0.478s] [34mcolcon.colcon_core.package_identification[0m [1;30mLevel 1[0m _identify(src/DoosanBootcamp3rd/dsr_moveit2/dsr_moveit_config_m1013) by extensions ['ignore', 'ignore_ament_install']
[0.478s] [34mcolcon.colcon_core.package_identification[0m [1;30mLevel 1[0m _identify(src/DoosanBootcamp3rd/dsr_moveit2/dsr_moveit_config_m1013) by extension 'ignore'
[0.478s] [34mcolcon.colcon_core.package_identification[0m [1;30mLevel 1[0m _identify(src/DoosanBootcamp3rd/dsr_moveit2/dsr_moveit_config_m1013) by extension 'ignore_ament_install'
[0.478s] [34mcolcon.colcon_core.package_identification[0m [1;30mLevel 1[0m _identify(src/DoosanBootcamp3rd/dsr_moveit2/dsr_moveit_config_m1013) by extensions ['colcon_pkg']
[0.478s] [34mcolcon.colcon_core.package_identification[0m [1;30mLevel 1[0m _identify(src/DoosanBootcamp3rd/dsr_moveit2/dsr_moveit_config_m1013) by extension 'colcon_pkg'
[0.478s] [34mcolcon.colcon_core.package_identification[0m [1;30mLevel 1[0m _identify(src/DoosanBootcamp3rd/dsr_moveit2/dsr_moveit_config_m1013) by extensions ['colcon_meta']
[0.478s] [34mcolcon.colcon_core.package_identification[0m [1;30mLevel 1[0m _identify(src/DoosanBootcamp3rd/dsr_moveit2/dsr_moveit_config_m1013) by extension 'colcon_meta'
[0.478s] [34mcolcon.colcon_core.package_identification[0m [1;30mLevel 1[0m _identify(src/DoosanBootcamp3rd/dsr_moveit2/dsr_moveit_config_m1013) by extensions ['ros']
[0.478s] [34mcolcon.colcon_core.package_identification[0m [1;30mLevel 1[0m _identify(src/DoosanBootcamp3rd/dsr_moveit2/dsr_moveit_config_m1013) by extension 'ros'
[0.479s] [34mcolcon.colcon_core.package_identification[0m [1;30mDEBUG[0m [32mPackage 'src/DoosanBootcamp3rd/dsr_moveit2/dsr_moveit_config_m1013' with type 'ros.ament_cmake' and name 'dsr_moveit_config_m1013'[0m
[0.479s] [34mcolcon.colcon_core.package_identification[0m [1;30mLevel 1[0m _identify(src/DoosanBootcamp3rd/dsr_moveit2/dsr_moveit_config_m1509) by extensions ['ignore', 'ignore_ament_install']
[0.479s] [34mcolcon.colcon_core.package_identification[0m [1;30mLevel 1[0m _identify(src/DoosanBootcamp3rd/dsr_moveit2/dsr_moveit_config_m1509) by extension 'ignore'
[0.479s] [34mcolcon.colcon_core.package_identification[0m [1;30mLevel 1[0m _identify(src/DoosanBootcamp3rd/dsr_moveit2/dsr_moveit_config_m1509) by extension 'ignore_ament_install'
[0.479s] [34mcolcon.colcon_core.package_identification[0m [1;30mLevel 1[0m _identify(src/DoosanBootcamp3rd/dsr_moveit2/dsr_moveit_config_m1509) by extensions ['colcon_pkg']
[0.479s] [34mcolcon.colcon_core.package_identification[0m [1;30mLevel 1[0m _identify(src/DoosanBootcamp3rd/dsr_moveit2/dsr_moveit_config_m1509) by extension 'colcon_pkg'
[0.479s] [34mcolcon.colcon_core.package_identification[0m [1;30mLevel 1[0m _identify(src/DoosanBootcamp3rd/dsr_moveit2/dsr_moveit_config_m1509) by extensions ['colcon_meta']
[0.479s] [34mcolcon.colcon_core.package_identification[0m [1;30mLevel 1[0m _identify(src/DoosanBootcamp3rd/dsr_moveit2/dsr_moveit_config_m1509) by extension 'colcon_meta'
[0.479s] [34mcolcon.colcon_core.package_identification[0m [1;30mLevel 1[0m _identify(src/DoosanBootcamp3rd/dsr_moveit2/dsr_moveit_config_m1509) by extensions ['ros']
[0.479s] [34mcolcon.colcon_core.package_identification[0m [1;30mLevel 1[0m _identify(src/DoosanBootcamp3rd/dsr_moveit2/dsr_moveit_config_m1509) by extension 'ros'
[0.480s] [34mcolcon.colcon_core.package_identification[0m [1;30mDEBUG[0m [32mPackage 'src/DoosanBootcamp3rd/dsr_moveit2/dsr_moveit_config_m1509' with type 'ros.ament_cmake' and name 'dsr_moveit_config_m1509'[0m
[0.480s] [34mcolcon.colcon_core.package_identification[0m [1;30mLevel 1[0m _identify(src/DoosanBootcamp3rd/dsr_moveit2/dsr_moveit_config_p3020) by extensions ['ignore', 'ignore_ament_install']
[0.480s] [34mcolcon.colcon_core.package_identification[0m [1;30mLevel 1[0m _identify(src/DoosanBootcamp3rd/dsr_moveit2/dsr_moveit_config_p3020) by extension 'ignore'
[0.480s] [34mcolcon.colcon_core.package_identification[0m [1;30mLevel 1[0m _identify(src/DoosanBootcamp3rd/dsr_moveit2/dsr_moveit_config_p3020) by extension 'ignore_ament_install'
[0.480s] [34mcolcon.colcon_core.package_identification[0m [1;30mLevel 1[0m _identify(src/DoosanBootcamp3rd/dsr_moveit2/dsr_moveit_config_p3020) by extensions ['colcon_pkg']
[0.480s] [34mcolcon.colcon_core.package_identification[0m [1;30mLevel 1[0m _identify(src/DoosanBootcamp3rd/dsr_moveit2/dsr_moveit_config_p3020) by extension 'colcon_pkg'
[0.480s] [34mcolcon.colcon_core.package_identification[0m [1;30mLevel 1[0m _identify(src/DoosanBootcamp3rd/dsr_moveit2/dsr_moveit_config_p3020) by extensions ['colcon_meta']
[0.480s] [34mcolcon.colcon_core.package_identification[0m [1;30mLevel 1[0m _identify(src/DoosanBootcamp3rd/dsr_moveit2/dsr_moveit_config_p3020) by extension 'colcon_meta'
[0.480s] [34mcolcon.colcon_core.package_identification[0m [1;30mLevel 1[0m _identify(src/DoosanBootcamp3rd/dsr_moveit2/dsr_moveit_config_p3020) by extensions ['ros']
[0.480s] [34mcolcon.colcon_core.package_identification[0m [1;30mLevel 1[0m _identify(src/DoosanBootcamp3rd/dsr_moveit2/dsr_moveit_config_p3020) by extension 'ros'
[0.481s] [34mcolcon.colcon_core.package_identification[0m [1;30mDEBUG[0m [32mPackage 'src/DoosanBootcamp3rd/dsr_moveit2/dsr_moveit_config_p3020' with type 'ros.ament_cmake' and name 'dsr_moveit_config_p3020'[0m
[0.481s] [34mcolcon.colcon_core.package_identification[0m [1;30mLevel 1[0m _identify(src/DoosanBootcamp3rd/dsr_msgs2) by extensions ['ignore', 'ignore_ament_install']
[0.481s] [34mcolcon.colcon_core.package_identification[0m [1;30mLevel 1[0m _identify(src/DoosanBootcamp3rd/dsr_msgs2) by extension 'ignore'
[0.481s] [34mcolcon.colcon_core.package_identification[0m [1;30mLevel 1[0m _identify(src/DoosanBootcamp3rd/dsr_msgs2) by extension 'ignore_ament_install'
[0.481s] [34mcolcon.colcon_core.package_identification[0m [1;30mLevel 1[0m _identify(src/DoosanBootcamp3rd/dsr_msgs2) by extensions ['colcon_pkg']
[0.481s] [34mcolcon.colcon_core.package_identification[0m [1;30mLevel 1[0m _identify(src/DoosanBootcamp3rd/dsr_msgs2) by extension 'colcon_pkg'
[0.481s] [34mcolcon.colcon_core.package_identification[0m [1;30mLevel 1[0m _identify(src/DoosanBootcamp3rd/dsr_msgs2) by extensions ['colcon_meta']
[0.481s] [34mcolcon.colcon_core.package_identification[0m [1;30mLevel 1[0m _identify(src/DoosanBootcamp3rd/dsr_msgs2) by extension 'colcon_meta'
[0.481s] [34mcolcon.colcon_core.package_identification[0m [1;30mLevel 1[0m _identify(src/DoosanBootcamp3rd/dsr_msgs2) by extensions ['ros']
[0.481s] [34mcolcon.colcon_core.package_identification[0m [1;30mLevel 1[0m _identify(src/DoosanBootcamp3rd/dsr_msgs2) by extension 'ros'
[0.482s] [34mcolcon.colcon_core.package_identification[0m [1;30mDEBUG[0m [32mPackage 'src/DoosanBootcamp3rd/dsr_msgs2' with type 'ros.ament_cmake' and name 'dsr_msgs2'[0m
[0.482s] [34mcolcon.colcon_core.package_identification[0m [1;30mLevel 1[0m _identify(src/DoosanBootcamp3rd/dsr_rokey) by extensions ['ignore', 'ignore_ament_install']
[0.482s] [34mcolcon.colcon_core.package_identification[0m [1;30mLevel 1[0m _identify(src/DoosanBootcamp3rd/dsr_rokey) by extension 'ignore'
[0.482s] [34mcolcon.colcon_core.package_identification[0m [1;30mLevel 1[0m _identify(src/DoosanBootcamp3rd/dsr_rokey) by extension 'ignore_ament_install'
[0.482s] [34mcolcon.colcon_core.package_identification[0m [1;30mLevel 1[0m _identify(src/DoosanBootcamp3rd/dsr_rokey) by extensions ['colcon_pkg']
[0.483s] [34mcolcon.colcon_core.package_identification[0m [1;30mLevel 1[0m _identify(src/DoosanBootcamp3rd/dsr_rokey) by extension 'colcon_pkg'
[0.483s] [34mcolcon.colcon_core.package_identification[0m [1;30mLevel 1[0m _identify(src/DoosanBootcamp3rd/dsr_rokey) by extensions ['colcon_meta']
[0.483s] [34mcolcon.colcon_core.package_identification[0m [1;30mLevel 1[0m _identify(src/DoosanBootcamp3rd/dsr_rokey) by extension 'colcon_meta'
[0.483s] [34mcolcon.colcon_core.package_identification[0m [1;30mLevel 1[0m _identify(src/DoosanBootcamp3rd/dsr_rokey) by extensions ['ros']
[0.483s] [34mcolcon.colcon_core.package_identification[0m [1;30mLevel 1[0m _identify(src/DoosanBootcamp3rd/dsr_rokey) by extension 'ros'
[0.483s] [34mcolcon.colcon_core.package_identification[0m [1;30mLevel 1[0m _identify(src/DoosanBootcamp3rd/dsr_rokey) by extensions ['cmake', 'python']
[0.483s] [34mcolcon.colcon_core.package_identification[0m [1;30mLevel 1[0m _identify(src/DoosanBootcamp3rd/dsr_rokey) by extension 'cmake'
[0.483s] [34mcolcon.colcon_core.package_identification[0m [1;30mLevel 1[0m _identify(src/DoosanBootcamp3rd/dsr_rokey) by extension 'python'
[0.483s] [34mcolcon.colcon_core.package_identification[0m [1;30mLevel 1[0m _identify(src/DoosanBootcamp3rd/dsr_rokey) by extensions ['python_setup_py']
[0.483s] [34mcolcon.colcon_core.package_identification[0m [1;30mLevel 1[0m _identify(src/DoosanBootcamp3rd/dsr_rokey) by extension 'python_setup_py'
[0.483s] [34mcolcon.colcon_core.package_identification[0m [1;30mLevel 1[0m _identify(src/DoosanBootcamp3rd/dsr_rokey/od_msg) by extensions ['ignore', 'ignore_ament_install']
[0.483s] [34mcolcon.colcon_core.package_identification[0m [1;30mLevel 1[0m _identify(src/DoosanBootcamp3rd/dsr_rokey/od_msg) by extension 'ignore'
[0.483s] [34mcolcon.colcon_core.package_identification[0m [1;30mLevel 1[0m _identify(src/DoosanBootcamp3rd/dsr_rokey/od_msg) by extension 'ignore_ament_install'
[0.483s] [34mcolcon.colcon_core.package_identification[0m [1;30mLevel 1[0m _identify(src/DoosanBootcamp3rd/dsr_rokey/od_msg) by extensions ['colcon_pkg']
[0.483s] [34mcolcon.colcon_core.package_identification[0m [1;30mLevel 1[0m _identify(src/DoosanBootcamp3rd/dsr_rokey/od_msg) by extension 'colcon_pkg'
[0.483s] [34mcolcon.colcon_core.package_identification[0m [1;30mLevel 1[0m _identify(src/DoosanBootcamp3rd/dsr_rokey/od_msg) by extensions ['colcon_meta']
[0.483s] [34mcolcon.colcon_core.package_identification[0m [1;30mLevel 1[0m _identify(src/DoosanBootcamp3rd/dsr_rokey/od_msg) by extension 'colcon_meta'
[0.483s] [34mcolcon.colcon_core.package_identification[0m [1;30mLevel 1[0m _identify(src/DoosanBootcamp3rd/dsr_rokey/od_msg) by extensions ['ros']
[0.483s] [34mcolcon.colcon_core.package_identification[0m [1;30mLevel 1[0m _identify(src/DoosanBootcamp3rd/dsr_rokey/od_msg) by extension 'ros'
[0.484s] [34mcolcon.colcon_core.package_identification[0m [1;30mDEBUG[0m [32mPackage 'src/DoosanBootcamp3rd/dsr_rokey/od_msg' with type 'ros.catkin' and name 'od_msg'[0m
[0.484s] [34mcolcon.colcon_core.package_identification[0m [1;30mLevel 1[0m _identify(src/DoosanBootcamp3rd/dsr_rokey/pick_and_place_text) by extensions ['ignore', 'ignore_ament_install']
[0.484s] [34mcolcon.colcon_core.package_identification[0m [1;30mLevel 1[0m _identify(src/DoosanBootcamp3rd/dsr_rokey/pick_and_place_text) by extension 'ignore'
[0.484s] [34mcolcon.colcon_core.package_identification[0m [1;30mLevel 1[0m _identify(src/DoosanBootcamp3rd/dsr_rokey/pick_and_place_text) by extension 'ignore_ament_install'
[0.484s] [34mcolcon.colcon_core.package_identification[0m [1;30mLevel 1[0m _identify(src/DoosanBootcamp3rd/dsr_rokey/pick_and_place_text) by extensions ['colcon_pkg']
[0.484s] [34mcolcon.colcon_core.package_identification[0m [1;30mLevel 1[0m _identify(src/DoosanBootcamp3rd/dsr_rokey/pick_and_place_text) by extension 'colcon_pkg'
[0.484s] [34mcolcon.colcon_core.package_identification[0m [1;30mLevel 1[0m _identify(src/DoosanBootcamp3rd/dsr_rokey/pick_and_place_text) by extensions ['colcon_meta']
[0.484s] [34mcolcon.colcon_core.package_identification[0m [1;30mLevel 1[0m _identify(src/DoosanBootcamp3rd/dsr_rokey/pick_and_place_text) by extension 'colcon_meta'
[0.484s] [34mcolcon.colcon_core.package_identification[0m [1;30mLevel 1[0m _identify(src/DoosanBootcamp3rd/dsr_rokey/pick_and_place_text) by extensions ['ros']
[0.484s] [34mcolcon.colcon_core.package_identification[0m [1;30mLevel 1[0m _identify(src/DoosanBootcamp3rd/dsr_rokey/pick_and_place_text) by extension 'ros'
[0.485s] [34mcolcon.colcon_core.package_identification[0m [1;30mDEBUG[0m [32mPackage 'src/DoosanBootcamp3rd/dsr_rokey/pick_and_place_text' with type 'ros.ament_python' and name 'pick_and_place_text'[0m
[0.485s] [34mcolcon.colcon_core.package_identification[0m [1;30mLevel 1[0m _identify(src/DoosanBootcamp3rd/dsr_rokey/pick_and_place_voice) by extensions ['ignore', 'ignore_ament_install']
[0.485s] [34mcolcon.colcon_core.package_identification[0m [1;30mLevel 1[0m _identify(src/DoosanBootcamp3rd/dsr_rokey/pick_and_place_voice) by extension 'ignore'
[0.485s] [34mcolcon.colcon_core.package_identification[0m [1;30mLevel 1[0m _identify(src/DoosanBootcamp3rd/dsr_rokey/pick_and_place_voice) by extension 'ignore_ament_install'
[0.485s] [34mcolcon.colcon_core.package_identification[0m [1;30mLevel 1[0m _identify(src/DoosanBootcamp3rd/dsr_rokey/pick_and_place_voice) by extensions ['colcon_pkg']
[0.485s] [34mcolcon.colcon_core.package_identification[0m [1;30mLevel 1[0m _identify(src/DoosanBootcamp3rd/dsr_rokey/pick_and_place_voice) by extension 'colcon_pkg'
[0.485s] [34mcolcon.colcon_core.package_identification[0m [1;30mLevel 1[0m _identify(src/DoosanBootcamp3rd/dsr_rokey/pick_and_place_voice) by extensions ['colcon_meta']
[0.485s] [34mcolcon.colcon_core.package_identification[0m [1;30mLevel 1[0m _identify(src/DoosanBootcamp3rd/dsr_rokey/pick_and_place_voice) by extension 'colcon_meta'
[0.485s] [34mcolcon.colcon_core.package_identification[0m [1;30mLevel 1[0m _identify(src/DoosanBootcamp3rd/dsr_rokey/pick_and_place_voice) by extensions ['ros']
[0.485s] [34mcolcon.colcon_core.package_identification[0m [1;30mLevel 1[0m _identify(src/DoosanBootcamp3rd/dsr_rokey/pick_and_place_voice) by extension 'ros'
[0.486s] [34mcolcon.colcon_core.package_identification[0m [1;30mDEBUG[0m [32mPackage 'src/DoosanBootcamp3rd/dsr_rokey/pick_and_place_voice' with type 'ros.ament_python' and name 'pick_and_place_voice'[0m
[0.486s] [34mcolcon.colcon_core.package_identification[0m [1;30mLevel 1[0m _identify(src/DoosanBootcamp3rd/dsr_rokey/rokey) by extensions ['ignore', 'ignore_ament_install']
[0.486s] [34mcolcon.colcon_core.package_identification[0m [1;30mLevel 1[0m _identify(src/DoosanBootcamp3rd/dsr_rokey/rokey) by extension 'ignore'
[0.486s] [34mcolcon.colcon_core.package_identification[0m [1;30mLevel 1[0m _identify(src/DoosanBootcamp3rd/dsr_rokey/rokey) by extension 'ignore_ament_install'
[0.486s] [34mcolcon.colcon_core.package_identification[0m [1;30mLevel 1[0m _identify(src/DoosanBootcamp3rd/dsr_rokey/rokey) by extensions ['colcon_pkg']
[0.486s] [34mcolcon.colcon_core.package_identification[0m [1;30mLevel 1[0m _identify(src/DoosanBootcamp3rd/dsr_rokey/rokey) by extension 'colcon_pkg'
[0.486s] [34mcolcon.colcon_core.package_identification[0m [1;30mLevel 1[0m _identify(src/DoosanBootcamp3rd/dsr_rokey/rokey) by extensions ['colcon_meta']
[0.486s] [34mcolcon.colcon_core.package_identification[0m [1;30mLevel 1[0m _identify(src/DoosanBootcamp3rd/dsr_rokey/rokey) by extension 'colcon_meta'
[0.486s] [34mcolcon.colcon_core.package_identification[0m [1;30mLevel 1[0m _identify(src/DoosanBootcamp3rd/dsr_rokey/rokey) by extensions ['ros']
[0.486s] [34mcolcon.colcon_core.package_identification[0m [1;30mLevel 1[0m _identify(src/DoosanBootcamp3rd/dsr_rokey/rokey) by extension 'ros'
[0.487s] [34mcolcon.colcon_core.package_identification[0m [1;30mDEBUG[0m [32mPackage 'src/DoosanBootcamp3rd/dsr_rokey/rokey' with type 'ros.ament_python' and name 'rokey'[0m
[0.487s] [34mcolcon.colcon_core.package_identification[0m [1;30mLevel 1[0m _identify(src/DoosanBootcamp3rd/dsr_tests) by extensions ['ignore', 'ignore_ament_install']
[0.487s] [34mcolcon.colcon_core.package_identification[0m [1;30mLevel 1[0m _identify(src/DoosanBootcamp3rd/dsr_tests) by extension 'ignore'
[0.487s] [34mcolcon.colcon_core.package_identification[0m [1;30mLevel 1[0m _identify(src/DoosanBootcamp3rd/dsr_tests) by extension 'ignore_ament_install'
[0.487s] [34mcolcon.colcon_core.package_identification[0m [1;30mLevel 1[0m _identify(src/DoosanBootcamp3rd/dsr_tests) by extensions ['colcon_pkg']
[0.487s] [34mcolcon.colcon_core.package_identification[0m [1;30mLevel 1[0m _identify(src/DoosanBootcamp3rd/dsr_tests) by extension 'colcon_pkg'
[0.487s] [34mcolcon.colcon_core.package_identification[0m [1;30mLevel 1[0m _identify(src/DoosanBootcamp3rd/dsr_tests) by extensions ['colcon_meta']
[0.488s] [34mcolcon.colcon_core.package_identification[0m [1;30mLevel 1[0m _identify(src/DoosanBootcamp3rd/dsr_tests) by extension 'colcon_meta'
[0.488s] [34mcolcon.colcon_core.package_identification[0m [1;30mLevel 1[0m _identify(src/DoosanBootcamp3rd/dsr_tests) by extensions ['ros']
[0.488s] [34mcolcon.colcon_core.package_identification[0m [1;30mLevel 1[0m _identify(src/DoosanBootcamp3rd/dsr_tests) by extension 'ros'
[0.488s] [34mcolcon.colcon_core.package_identification[0m [1;30mDEBUG[0m [32mPackage 'src/DoosanBootcamp3rd/dsr_tests' with type 'ros.ament_python' and name 'dsr_tests'[0m
[0.489s] [34mcolcon.colcon_core.package_identification[0m [1;30mLevel 1[0m _identify(src/DoosanBootcamp3rd/somacube) by extensions ['ignore', 'ignore_ament_install']
[0.489s] [34mcolcon.colcon_core.package_identification[0m [1;30mLevel 1[0m _identify(src/DoosanBootcamp3rd/somacube) by extension 'ignore'
[0.489s] [34mcolcon.colcon_core.package_identification[0m [1;30mLevel 1[0m _identify(src/DoosanBootcamp3rd/somacube) by extension 'ignore_ament_install'
[0.489s] [34mcolcon.colcon_core.package_identification[0m [1;30mLevel 1[0m _identify(src/DoosanBootcamp3rd/somacube) by extensions ['colcon_pkg']
[0.489s] [34mcolcon.colcon_core.package_identification[0m [1;30mLevel 1[0m _identify(src/DoosanBootcamp3rd/somacube) by extension 'colcon_pkg'
[0.489s] [34mcolcon.colcon_core.package_identification[0m [1;30mLevel 1[0m _identify(src/DoosanBootcamp3rd/somacube) by extensions ['colcon_meta']
[0.489s] [34mcolcon.colcon_core.package_identification[0m [1;30mLevel 1[0m _identify(src/DoosanBootcamp3rd/somacube) by extension 'colcon_meta'
[0.489s] [34mcolcon.colcon_core.package_identification[0m [1;30mLevel 1[0m _identify(src/DoosanBootcamp3rd/somacube) by extensions ['ros']
[0.489s] [34mcolcon.colcon_core.package_identification[0m [1;30mLevel 1[0m _identify(src/DoosanBootcamp3rd/somacube) by extension 'ros'
[0.490s] [34mcolcon.colcon_core.package_identification[0m [1;30mDEBUG[0m [32mPackage 'src/DoosanBootcamp3rd/somacube' with type 'ros.ament_python' and name 'somacube'[0m
[0.491s] [34mcolcon.colcon_core.package_identification[0m [1;30mLevel 1[0m _identify(test_logs) by extensions ['ignore', 'ignore_ament_install']
[0.491s] [34mcolcon.colcon_core.package_identification[0m [1;30mLevel 1[0m _identify(test_logs) by extension 'ignore'
[0.491s] [34mcolcon.colcon_core.package_identification[0m [1;30mLevel 1[0m _identify(test_logs) by extension 'ignore_ament_install'
[0.491s] [34mcolcon.colcon_core.package_identification[0m [1;30mLevel 1[0m _identify(test_logs) by extensions ['colcon_pkg']
[0.491s] [34mcolcon.colcon_core.package_identification[0m [1;30mLevel 1[0m _identify(test_logs) by extension 'colcon_pkg'
[0.491s] [34mcolcon.colcon_core.package_identification[0m [1;30mLevel 1[0m _identify(test_logs) by extensions ['colcon_meta']
[0.491s] [34mcolcon.colcon_core.package_identification[0m [1;30mLevel 1[0m _identify(test_logs) by extension 'colcon_meta'
[0.491s] [34mcolcon.colcon_core.package_identification[0m [1;30mLevel 1[0m _identify(test_logs) by extensions ['ros']
[0.491s] [34mcolcon.colcon_core.package_identification[0m [1;30mLevel 1[0m _identify(test_logs) by extension 'ros'
[0.491s] [34mcolcon.colcon_core.package_identification[0m [1;30mLevel 1[0m _identify(test_logs) by extensions ['cmake', 'python']
[0.491s] [34mcolcon.colcon_core.package_identification[0m [1;30mLevel 1[0m _identify(test_logs) by extension 'cmake'
[0.491s] [34mcolcon.colcon_core.package_identification[0m [1;30mLevel 1[0m _identify(test_logs) by extension 'python'
[0.491s] [34mcolcon.colcon_core.package_identification[0m [1;30mLevel 1[0m _identify(test_logs) by extensions ['python_setup_py']
[0.491s] [34mcolcon.colcon_core.package_identification[0m [1;30mLevel 1[0m _identify(test_logs) by extension 'python_setup_py'
[0.491s] [34mcolcon.colcon_core.package_identification[0m [1;30mLevel 1[0m _identify(test_logs/manual_file_test_20250809_115410) by extensions ['ignore', 'ignore_ament_install']
[0.491s] [34mcolcon.colcon_core.package_identification[0m [1;30mLevel 1[0m _identify(test_logs/manual_file_test_20250809_115410) by extension 'ignore'
[0.491s] [34mcolcon.colcon_core.package_identification[0m [1;30mLevel 1[0m _identify(test_logs/manual_file_test_20250809_115410) by extension 'ignore_ament_install'
[0.491s] [34mcolcon.colcon_core.package_identification[0m [1;30mLevel 1[0m _identify(test_logs/manual_file_test_20250809_115410) by extensions ['colcon_pkg']
[0.491s] [34mcolcon.colcon_core.package_identification[0m [1;30mLevel 1[0m _identify(test_logs/manual_file_test_20250809_115410) by extension 'colcon_pkg'
[0.491s] [34mcolcon.colcon_core.package_identification[0m [1;30mLevel 1[0m _identify(test_logs/manual_file_test_20250809_115410) by extensions ['colcon_meta']
[0.491s] [34mcolcon.colcon_core.package_identification[0m [1;30mLevel 1[0m _identify(test_logs/manual_file_test_20250809_115410) by extension 'colcon_meta'
[0.492s] [34mcolcon.colcon_core.package_identification[0m [1;30mLevel 1[0m _identify(test_logs/manual_file_test_20250809_115410) by extensions ['ros']
[0.492s] [34mcolcon.colcon_core.package_identification[0m [1;30mLevel 1[0m _identify(test_logs/manual_file_test_20250809_115410) by extension 'ros'
[0.492s] [34mcolcon.colcon_core.package_identification[0m [1;30mLevel 1[0m _identify(test_logs/manual_file_test_20250809_115410) by extensions ['cmake', 'python']
[0.492s] [34mcolcon.colcon_core.package_identification[0m [1;30mLevel 1[0m _identify(test_logs/manual_file_test_20250809_115410) by extension 'cmake'
[0.492s] [34mcolcon.colcon_core.package_identification[0m [1;30mLevel 1[0m _identify(test_logs/manual_file_test_20250809_115410) by extension 'python'
[0.492s] [34mcolcon.colcon_core.package_identification[0m [1;30mLevel 1[0m _identify(test_logs/manual_file_test_20250809_115410) by extensions ['python_setup_py']
[0.492s] [34mcolcon.colcon_core.package_identification[0m [1;30mLevel 1[0m _identify(test_logs/manual_file_test_20250809_115410) by extension 'python_setup_py'
[0.492s] [34mcolcon.colcon_core.package_identification[0m [1;30mLevel 1[0m _identify(test_logs/manual_ros2_test_20250809_115410) by extensions ['ignore', 'ignore_ament_install']
[0.492s] [34mcolcon.colcon_core.package_identification[0m [1;30mLevel 1[0m _identify(test_logs/manual_ros2_test_20250809_115410) by extension 'ignore'
[0.492s] [34mcolcon.colcon_core.package_identification[0m [1;30mLevel 1[0m _identify(test_logs/manual_ros2_test_20250809_115410) by extension 'ignore_ament_install'
[0.492s] [34mcolcon.colcon_core.package_identification[0m [1;30mLevel 1[0m _identify(test_logs/manual_ros2_test_20250809_115410) by extensions ['colcon_pkg']
[0.492s] [34mcolcon.colcon_core.package_identification[0m [1;30mLevel 1[0m _identify(test_logs/manual_ros2_test_20250809_115410) by extension 'colcon_pkg'
[0.492s] [34mcolcon.colcon_core.package_identification[0m [1;30mLevel 1[0m _identify(test_logs/manual_ros2_test_20250809_115410) by extensions ['colcon_meta']
[0.492s] [34mcolcon.colcon_core.package_identification[0m [1;30mLevel 1[0m _identify(test_logs/manual_ros2_test_20250809_115410) by extension 'colcon_meta'
[0.492s] [34mcolcon.colcon_core.package_identification[0m [1;30mLevel 1[0m _identify(test_logs/manual_ros2_test_20250809_115410) by extensions ['ros']
[0.492s] [34mcolcon.colcon_core.package_identification[0m [1;30mLevel 1[0m _identify(test_logs/manual_ros2_test_20250809_115410) by extension 'ros'
[0.492s] [34mcolcon.colcon_core.package_identification[0m [1;30mLevel 1[0m _identify(test_logs/manual_ros2_test_20250809_115410) by extensions ['cmake', 'python']
[0.492s] [34mcolcon.colcon_core.package_identification[0m [1;30mLevel 1[0m _identify(test_logs/manual_ros2_test_20250809_115410) by extension 'cmake'
[0.492s] [34mcolcon.colcon_core.package_identification[0m [1;30mLevel 1[0m _identify(test_logs/manual_ros2_test_20250809_115410) by extension 'python'
[0.492s] [34mcolcon.colcon_core.package_identification[0m [1;30mLevel 1[0m _identify(test_logs/manual_ros2_test_20250809_115410) by extensions ['python_setup_py']
[0.492s] [34mcolcon.colcon_core.package_identification[0m [1;30mLevel 1[0m _identify(test_logs/manual_ros2_test_20250809_115410) by extension 'python_setup_py'
[0.492s] [34mcolcon.colcon_core.package_identification[0m [1;30mLevel 1[0m _identify(test_logs/manual_ros2_test_20250809_115410/tensorboard) by extensions ['ignore', 'ignore_ament_install']
[0.492s] [34mcolcon.colcon_core.package_identification[0m [1;30mLevel 1[0m _identify(test_logs/manual_ros2_test_20250809_115410/tensorboard) by extension 'ignore'
[0.492s] [34mcolcon.colcon_core.package_identification[0m [1;30mLevel 1[0m _identify(test_logs/manual_ros2_test_20250809_115410/tensorboard) by extension 'ignore_ament_install'
[0.492s] [34mcolcon.colcon_core.package_identification[0m [1;30mLevel 1[0m _identify(test_logs/manual_ros2_test_20250809_115410/tensorboard) by extensions ['colcon_pkg']
[0.493s] [34mcolcon.colcon_core.package_identification[0m [1;30mLevel 1[0m _identify(test_logs/manual_ros2_test_20250809_115410/tensorboard) by extension 'colcon_pkg'
[0.493s] [34mcolcon.colcon_core.package_identification[0m [1;30mLevel 1[0m _identify(test_logs/manual_ros2_test_20250809_115410/tensorboard) by extensions ['colcon_meta']
[0.493s] [34mcolcon.colcon_core.package_identification[0m [1;30mLevel 1[0m _identify(test_logs/manual_ros2_test_20250809_115410/tensorboard) by extension 'colcon_meta'
[0.493s] [34mcolcon.colcon_core.package_identification[0m [1;30mLevel 1[0m _identify(test_logs/manual_ros2_test_20250809_115410/tensorboard) by extensions ['ros']
[0.493s] [34mcolcon.colcon_core.package_identification[0m [1;30mLevel 1[0m _identify(test_logs/manual_ros2_test_20250809_115410/tensorboard) by extension 'ros'
[0.493s] [34mcolcon.colcon_core.package_identification[0m [1;30mLevel 1[0m _identify(test_logs/manual_ros2_test_20250809_115410/tensorboard) by extensions ['cmake', 'python']
[0.493s] [34mcolcon.colcon_core.package_identification[0m [1;30mLevel 1[0m _identify(test_logs/manual_ros2_test_20250809_115410/tensorboard) by extension 'cmake'
[0.493s] [34mcolcon.colcon_core.package_identification[0m [1;30mLevel 1[0m _identify(test_logs/manual_ros2_test_20250809_115410/tensorboard) by extension 'python'
[0.493s] [34mcolcon.colcon_core.package_identification[0m [1;30mLevel 1[0m _identify(test_logs/manual_ros2_test_20250809_115410/tensorboard) by extensions ['python_setup_py']
[0.493s] [34mcolcon.colcon_core.package_identification[0m [1;30mLevel 1[0m _identify(test_logs/manual_ros2_test_20250809_115410/tensorboard) by extension 'python_setup_py'
[0.493s] [34mcolcon.colcon_core.package_discovery[0m [1;30mLevel 1[0m discover_packages(recursive) using defaults
[0.493s] [34mcolcon.colcon_core.package_discovery[0m [1;30mLevel 1[0m discover_packages(ignore) discover
[0.493s] [34mcolcon.colcon_core.package_discovery[0m [1;30mLevel 1[0m discover_packages(ignore) using defaults
[0.493s] [34mcolcon.colcon_core.package_discovery[0m [1;30mLevel 1[0m discover_packages(path) discover
[0.493s] [34mcolcon.colcon_core.package_discovery[0m [1;30mLevel 1[0m discover_packages(path) using defaults
[0.531s] [34mcolcon.colcon_core.package_selection[0m [1;30mINFO[0m Skipping not selected package 'dsr_common2' in 'src/DoosanBootcamp3rd/dsr_common2'
[0.531s] [34mcolcon.colcon_core.package_selection[0m [1;30mINFO[0m Skipping not selected package 'dsr_description2' in 'src/DoosanBootcamp3rd/dsr_description2'
[0.531s] [34mcolcon.colcon_core.package_selection[0m [1;30mINFO[0m Skipping not selected package 'dsr_moveit_config_a0509' in 'src/DoosanBootcamp3rd/dsr_moveit2/dsr_moveit_config_a0509'
[0.531s] [34mcolcon.colcon_core.package_selection[0m [1;30mINFO[0m Skipping not selected package 'dsr_moveit_config_a0912' in 'src/DoosanBootcamp3rd/dsr_moveit2/dsr_moveit_config_a0912'
[0.531s] [34mcolcon.colcon_core.package_selection[0m [1;30mINFO[0m Skipping not selected package 'dsr_moveit_config_e0509' in 'src/DoosanBootcamp3rd/dsr_moveit2/dsr_moveit_config_e0509'
[0.531s] [34mcolcon.colcon_core.package_selection[0m [1;30mINFO[0m Skipping not selected package 'dsr_moveit_config_h2017' in 'src/DoosanBootcamp3rd/dsr_moveit2/dsr_moveit_config_h2017'
[0.531s] [34mcolcon.colcon_core.package_selection[0m [1;30mINFO[0m Skipping not selected package 'dsr_moveit_config_h2515' in 'src/DoosanBootcamp3rd/dsr_moveit2/dsr_moveit_config_h2515'
[0.531s] [34mcolcon.colcon_core.package_selection[0m [1;30mINFO[0m Skipping not selected package 'dsr_moveit_config_m0609' in 'src/DoosanBootcamp3rd/dsr_moveit2/dsr_moveit_config_m0609'
[0.531s] [34mcolcon.colcon_core.package_selection[0m [1;30mINFO[0m Skipping not selected package 'dsr_moveit_config_m0617' in 'src/DoosanBootcamp3rd/dsr_moveit2/dsr_moveit_config_m0617'
[0.531s] [34mcolcon.colcon_core.package_selection[0m [1;30mINFO[0m Skipping not selected package 'dsr_moveit_config_m1013' in 'src/DoosanBootcamp3rd/dsr_moveit2/dsr_moveit_config_m1013'
[0.531s] [34mcolcon.colcon_core.package_selection[0m [1;30mINFO[0m Skipping not selected package 'dsr_moveit_config_m1509' in 'src/DoosanBootcamp3rd/dsr_moveit2/dsr_moveit_config_m1509'
[0.531s] [34mcolcon.colcon_core.package_selection[0m [1;30mINFO[0m Skipping not selected package 'dsr_moveit_config_p3020' in 'src/DoosanBootcamp3rd/dsr_moveit2/dsr_moveit_config_p3020'
[0.531s] [34mcolcon.colcon_core.package_selection[0m [1;30mINFO[0m Skipping not selected package 'dsr_msgs2' in 'src/DoosanBootcamp3rd/dsr_msgs2'
[0.531s] [34mcolcon.colcon_core.package_selection[0m [1;30mINFO[0m Skipping not selected package 'dsr_visualservoing' in 'src/DoosanBootcamp3rd/dsr_example2/dsr_visualservoing'
[0.531s] [34mcolcon.colcon_core.package_selection[0m [1;30mINFO[0m Skipping not selected package 'od_msg' in 'src/DoosanBootcamp3rd/dsr_rokey/od_msg'
[0.531s] [34mcolcon.colcon_core.package_selection[0m [1;30mINFO[0m Skipping not selected package 'pick_and_place_text' in 'src/DoosanBootcamp3rd/dsr_rokey/pick_and_place_text'
[0.531s] [34mcolcon.colcon_core.package_selection[0m [1;30mINFO[0m Skipping not selected package 'pick_and_place_voice' in 'src/DoosanBootcamp3rd/dsr_rokey/pick_and_place_voice'
[0.531s] [34mcolcon.colcon_core.package_selection[0m [1;30mINFO[0m Skipping not selected package 'rokey' in 'src/DoosanBootcamp3rd/dsr_rokey/rokey'
[0.531s] [34mcolcon.colcon_core.package_selection[0m [1;30mINFO[0m Skipping not selected package 'dsr_bringup2' in 'src/DoosanBootcamp3rd/dsr_bringup2'
[0.532s] [34mcolcon.colcon_core.package_selection[0m [1;30mINFO[0m Skipping not selected package 'dsr_example' in 'src/DoosanBootcamp3rd/dsr_example2/dsr_example'
[0.532s] [34mcolcon.colcon_core.package_selection[0m [1;30mINFO[0m Skipping not selected package 'dsr_gazebo2' in 'src/DoosanBootcamp3rd/dsr_gazebo2'
[0.532s] [34mcolcon.colcon_core.package_selection[0m [1;30mINFO[0m Skipping not selected package 'dsr_hardware2' in 'src/DoosanBootcamp3rd/dsr_hardware2'
[0.532s] [34mcolcon.colcon_core.package_selection[0m [1;30mINFO[0m Skipping not selected package 'dsr_realtime_control' in 'src/DoosanBootcamp3rd/dsr_example2/dsr_realtime_control'
[0.532s] [34mcolcon.colcon_core.package_selection[0m [1;30mINFO[0m Skipping not selected package 'dsr_tests' in 'src/DoosanBootcamp3rd/dsr_tests'
[0.532s] [34mcolcon.colcon_core.package_selection[0m [1;30mINFO[0m Skipping not selected package 'dsr_controller2' in 'src/DoosanBootcamp3rd/dsr_controller2'
[0.532s] [34mcolcon.colcon_core.verb[0m [1;30mLevel 5[0m set package 'somacube' build argument 'cmake_args' from command line to 'None'
[0.532s] [34mcolcon.colcon_core.verb[0m [1;30mLevel 5[0m set package 'somacube' build argument 'cmake_target' from command line to 'None'
[0.532s] [34mcolcon.colcon_core.verb[0m [1;30mLevel 5[0m set package 'somacube' build argument 'cmake_target_skip_unavailable' from command line to 'False'
[0.532s] [34mcolcon.colcon_core.verb[0m [1;30mLevel 5[0m set package 'somacube' build argument 'cmake_clean_cache' from command line to 'False'
[0.532s] [34mcolcon.colcon_core.verb[0m [1;30mLevel 5[0m set package 'somacube' build argument 'cmake_clean_first' from command line to 'False'
[0.532s] [34mcolcon.colcon_core.verb[0m [1;30mLevel 5[0m set package 'somacube' build argument 'cmake_force_configure' from command line to 'False'
[0.532s] [34mcolcon.colcon_core.verb[0m [1;30mLevel 5[0m set package 'somacube' build argument 'ament_cmake_args' from command line to 'None'
[0.532s] [34mcolcon.colcon_core.verb[0m [1;30mLevel 5[0m set package 'somacube' build argument 'catkin_cmake_args' from command line to 'None'
[0.532s] [34mcolcon.colcon_core.verb[0m [1;30mLevel 5[0m set package 'somacube' build argument 'catkin_skip_building_tests' from command line to 'False'
[0.532s] [34mcolcon.colcon_core.verb[0m [1;30mDEBUG[0m [32mBuilding package 'somacube' with the following arguments: {'ament_cmake_args': None, 'build_base': '/home/jack/ros2_ws/build/somacube', 'catkin_cmake_args': None, 'catkin_skip_building_tests': False, 'cmake_args': None, 'cmake_clean_cache': False, 'cmake_clean_first': False, 'cmake_force_configure': False, 'cmake_target': None, 'cmake_target_skip_unavailable': False, 'install_base': '/home/jack/ros2_ws/install/somacube', 'merge_install': False, 'path': '/home/jack/ros2_ws/src/DoosanBootcamp3rd/somacube', 'symlink_install': False, 'test_result_base': None}[0m
[0.532s] [34mcolcon.colcon_core.executor[0m [1;30mINFO[0m Executing jobs using 'parallel' executor
[0.534s] [34mcolcon.colcon_parallel_executor.executor.parallel[0m [1;30mDEBUG[0m [32mrun_until_complete[0m
[0.534s] [34mcolcon.colcon_ros.task.ament_python.build[0m [1;30mINFO[0m Building ROS package in '/home/jack/ros2_ws/src/DoosanBootcamp3rd/somacube' with build type 'ament_python'
[0.534s] [34mcolcon.colcon_core.shell[0m [1;30mLevel 1[0m create_environment_hook('somacube', 'ament_prefix_path')
[0.538s] [34mcolcon.colcon_core.plugin_system[0m [1;30mINFO[0m Skipping extension 'colcon_core.shell.bat': Not used on non-Windows systems
[0.538s] [34mcolcon.colcon_core.shell[0m [1;30mINFO[0m Creating environment hook '/home/jack/ros2_ws/install/somacube/share/somacube/hook/ament_prefix_path.ps1'
[0.539s] [34mcolcon.colcon_core.shell[0m [1;30mINFO[0m Creating environment descriptor '/home/jack/ros2_ws/install/somacube/share/somacube/hook/ament_prefix_path.dsv'
[0.540s] [34mcolcon.colcon_core.shell[0m [1;30mINFO[0m Creating environment hook '/home/jack/ros2_ws/install/somacube/share/somacube/hook/ament_prefix_path.sh'
[0.541s] [34mcolcon.colcon_core.shell[0m [1;30mINFO[0m Skip shell extension 'powershell' for command environment: Not usable outside of PowerShell
[0.541s] [34mcolcon.colcon_core.shell[0m [1;30mDEBUG[0m [32mSkip shell extension 'dsv' for command environment[0m
[0.899s] [34mcolcon.colcon_ros.task.ament_python.build[0m [1;30mWARNING[0m [33mPackage 'somacube' doesn't explicitly install a marker in the package index (colcon-ros currently does it implicitly but that fallback will be removed in the future)[0m
[0.900s] [34mcolcon.colcon_core.task.python.build[0m [1;30mINFO[0m Building Python package in '/home/jack/ros2_ws/src/DoosanBootcamp3rd/somacube'
[0.900s] [34mcolcon.colcon_core.shell[0m [1;30mINFO[0m Skip shell extension 'powershell' for command environment: Not usable outside of PowerShell
[0.900s] [34mcolcon.colcon_core.shell[0m [1;30mDEBUG[0m [32mSkip shell extension 'dsv' for command environment[0m
[1.443s] [34mcolcon.colcon_core.event_handler.log_command[0m [1;30mDEBUG[0m [32mInvoking command in '/home/jack/ros2_ws/src/DoosanBootcamp3rd/somacube': PYTHONPATH=/home/jack/ros2_ws/build/somacube/prefix_override:/home/jack/.local/lib/python3.10/site-packages/colcon_core/task/python/colcon_distutils_commands:/home/jack/ros2_ws/install/somacube/lib/python3.10/site-packages:${PYTHONPATH} /usr/bin/python3 -W ignore:setup.py install is deprecated -W ignore:easy_install command is deprecated setup.py egg_info --egg-base ../../../build/somacube build --build-base /home/jack/ros2_ws/build/somacube/build install --record /home/jack/ros2_ws/build/somacube/install.log --single-version-externally-managed install_data[0m
[1.818s] [34mcolcon.colcon_core.event_handler.log_command[0m [1;30mDEBUG[0m [32mInvoked command in '/home/jack/ros2_ws/src/DoosanBootcamp3rd/somacube' returned '0': PYTHONPATH=/home/jack/ros2_ws/build/somacube/prefix_override:/home/jack/.local/lib/python3.10/site-packages/colcon_core/task/python/colcon_distutils_commands:/home/jack/ros2_ws/install/somacube/lib/python3.10/site-packages:${PYTHONPATH} /usr/bin/python3 -W ignore:setup.py install is deprecated -W ignore:easy_install command is deprecated setup.py egg_info --egg-base ../../../build/somacube build --build-base /home/jack/ros2_ws/build/somacube/build install --record /home/jack/ros2_ws/build/somacube/install.log --single-version-externally-managed install_data[0m
[1.826s] [34mcolcon.colcon_core.environment[0m [1;30mLevel 1[0m checking '/home/jack/ros2_ws/install/somacube' for CMake module files
[1.827s] [34mcolcon.colcon_core.environment[0m [1;30mLevel 1[0m checking '/home/jack/ros2_ws/install/somacube' for CMake config files
[1.827s] [34mcolcon.colcon_core.environment[0m [1;30mLevel 1[0m checking '/home/jack/ros2_ws/install/somacube/lib'
[1.827s] [34mcolcon.colcon_core.environment[0m [1;30mLevel 1[0m checking '/home/jack/ros2_ws/install/somacube/bin'
[1.828s] [34mcolcon.colcon_core.environment[0m [1;30mLevel 1[0m checking '/home/jack/ros2_ws/install/somacube/lib/pkgconfig/somacube.pc'
[1.828s] [34mcolcon.colcon_core.environment[0m [1;30mLevel 1[0m checking '/home/jack/ros2_ws/install/somacube/lib/python3.10/site-packages'
[1.828s] [34mcolcon.colcon_core.shell[0m [1;30mLevel 1[0m create_environment_hook('somacube', 'pythonpath')
[1.828s] [34mcolcon.colcon_core.shell[0m [1;30mINFO[0m Creating environment hook '/home/jack/ros2_ws/install/somacube/share/somacube/hook/pythonpath.ps1'
[1.829s] [34mcolcon.colcon_core.shell[0m [1;30mINFO[0m Creating environment descriptor '/home/jack/ros2_ws/install/somacube/share/somacube/hook/pythonpath.dsv'
[1.829s] [34mcolcon.colcon_core.shell[0m [1;30mINFO[0m Creating environment hook '/home/jack/ros2_ws/install/somacube/share/somacube/hook/pythonpath.sh'
[1.829s] [34mcolcon.colcon_core.environment[0m [1;30mLevel 1[0m checking '/home/jack/ros2_ws/install/somacube/bin'
[1.829s] [34mcolcon.colcon_core.environment[0m [1;30mLevel 1[0m create_environment_scripts_only(somacube)
[1.830s] [34mcolcon.colcon_core.shell[0m [1;30mINFO[0m Creating package script '/home/jack/ros2_ws/install/somacube/share/somacube/package.ps1'
[1.831s] [34mcolcon.colcon_core.shell[0m [1;30mINFO[0m Creating package descriptor '/home/jack/ros2_ws/install/somacube/share/somacube/package.dsv'
[1.832s] [34mcolcon.colcon_core.shell[0m [1;30mINFO[0m Creating package script '/home/jack/ros2_ws/install/somacube/share/somacube/package.sh'
[1.832s] [34mcolcon.colcon_core.shell[0m [1;30mINFO[0m Creating package script '/home/jack/ros2_ws/install/somacube/share/somacube/package.bash'
[1.834s] [34mcolcon.colcon_core.shell[0m [1;30mINFO[0m Creating package script '/home/jack/ros2_ws/install/somacube/share/somacube/package.zsh'
[1.836s] [34mcolcon.colcon_core.environment[0m [1;30mLevel 1[0m create_file_with_runtime_dependencies(/home/jack/ros2_ws/install/somacube/share/colcon-core/packages/somacube)
[1.837s] [34mcolcon.colcon_parallel_executor.executor.parallel[0m [1;30mDEBUG[0m [32mclosing loop[0m
[1.837s] [34mcolcon.colcon_parallel_executor.executor.parallel[0m [1;30mDEBUG[0m [32mloop closed[0m
[1.837s] [34mcolcon.colcon_parallel_executor.executor.parallel[0m [1;30mDEBUG[0m [32mrun_until_complete finished with '0'[0m
[1.837s] [34mcolcon.colcon_core.event_reactor[0m [1;30mDEBUG[0m [32mjoining thread[0m
[1.851s] [34mcolcon.colcon_core.plugin_system[0m [1;30mINFO[0m Skipping extension 'colcon_notification.desktop_notification.terminal_notifier': Not used on non-Darwin systems
[1.851s] [34mcolcon.colcon_core.plugin_system[0m [1;30mINFO[0m Skipping extension 'colcon_notification.desktop_notification.win32': Not used on non-Windows systems
[1.851s] [34mcolcon.colcon_notification.desktop_notification[0m [1;30mINFO[0m Sending desktop notification using 'notify2'
[1.866s] [34mcolcon.colcon_core.event_reactor[0m [1;30mDEBUG[0m [32mjoined thread[0m
[1.867s] [34mcolcon.colcon_core.shell[0m [1;30mINFO[0m Creating prefix script '/home/jack/ros2_ws/install/local_setup.ps1'
[1.869s] [34mcolcon.colcon_core.shell[0m [1;30mINFO[0m Creating prefix util module '/home/jack/ros2_ws/install/_local_setup_util_ps1.py'
[1.872s] [34mcolcon.colcon_core.shell[0m [1;30mINFO[0m Creating prefix chain script '/home/jack/ros2_ws/install/setup.ps1'
[1.876s] [34mcolcon.colcon_core.shell[0m [1;30mINFO[0m Creating prefix script '/home/jack/ros2_ws/install/local_setup.sh'
[1.877s] [34mcolcon.colcon_core.shell[0m [1;30mINFO[0m Creating prefix util module '/home/jack/ros2_ws/install/_local_setup_util_sh.py'
[1.878s] [34mcolcon.colcon_core.shell[0m [1;30mINFO[0m Creating prefix chain script '/home/jack/ros2_ws/install/setup.sh'
[1.881s] [34mcolcon.colcon_core.shell[0m [1;30mINFO[0m Creating prefix script '/home/jack/ros2_ws/install/local_setup.bash'
[1.883s] [34mcolcon.colcon_core.shell[0m [1;30mINFO[0m Creating prefix chain script '/home/jack/ros2_ws/install/setup.bash'
[1.887s] [34mcolcon.colcon_core.shell[0m [1;30mINFO[0m Creating prefix script '/home/jack/ros2_ws/install/local_setup.zsh'
[1.888s] [34mcolcon.colcon_core.shell[0m [1;30mINFO[0m Creating prefix chain script '/home/jack/ros2_ws/install/setup.zsh'
