[0.465s] colcon DEBUG Command line arguments: ['/home/jack/.local/bin/colcon', 'build']
[0.465s] colcon DEBUG Parsed command line arguments: Namespace(log_base=None, log_level=None, verb_name='build', build_base='build', install_base='install', merge_install=False, symlink_install=False, test_result_base=None, continue_on_error=False, executor='parallel', parallel_workers=8, event_handlers=None, ignore_user_meta=False, metas=['./colcon.meta'], base_paths=['.'], packages_ignore=None, packages_ignore_regex=None, paths=None, packages_up_to=None, packages_up_to_regex=None, packages_above=None, packages_above_and_dependencies=None, packages_above_depth=None, packages_select_by_dep=None, packages_skip_by_dep=None, packages_skip_up_to=None, packages_select_build_failed=False, packages_skip_build_finished=False, packages_select_test_failures=False, packages_skip_test_passed=False, packages_select=None, packages_skip=None, packages_select_regex=None, packages_skip_regex=None, packages_start=None, packages_end=None, cmake_args=None, cmake_target=None, cmake_target_skip_unavailable=False, cmake_clean_cache=False, cmake_clean_first=False, cmake_force_configure=False, ament_cmake_args=None, catkin_cmake_args=None, catkin_skip_building_tests=False, verb_parser=<colcon_defaults.argument_parser.defaults.DefaultArgumentsDecorator object at 0x7fd752c2c490>, verb_extension=<colcon_core.verb.build.BuildVerb object at 0x7fd752dfffa0>, main=<bound method BuildVerb.main of <colcon_core.verb.build.BuildVerb object at 0x7fd752dfffa0>>)
[0.747s] colcon.colcon_core.package_discovery Level 1 discover_packages(colcon_meta) check parameters
[0.747s] colcon.colcon_core.package_discovery Level 1 discover_packages(recursive) check parameters
[0.747s] colcon.colcon_core.package_discovery Level 1 discover_packages(ignore) check parameters
[0.747s] colcon.colcon_core.package_discovery Level 1 discover_packages(path) check parameters
[0.747s] colcon.colcon_core.package_discovery Level 1 discover_packages(colcon_meta) discover
[0.747s] colcon.colcon_core.package_discovery Level 1 discover_packages(recursive) discover
[0.747s] colcon.colcon_core.package_discovery INFO Crawling recursively for packages in '/home/jack/ros2_ws'
[0.748s] colcon.colcon_core.package_identification Level 1 _identify(.) by extensions ['ignore', 'ignore_ament_install']
[0.748s] colcon.colcon_core.package_identification Level 1 _identify(.) by extension 'ignore'
[0.748s] colcon.colcon_core.package_identification Level 1 _identify(.) by extension 'ignore_ament_install'
[0.748s] colcon.colcon_core.package_identification Level 1 _identify(.) by extensions ['colcon_pkg']
[0.748s] colcon.colcon_core.package_identification Level 1 _identify(.) by extension 'colcon_pkg'
[0.748s] colcon.colcon_core.package_identification Level 1 _identify(.) by extensions ['colcon_meta']
[0.748s] colcon.colcon_core.package_identification Level 1 _identify(.) by extension 'colcon_meta'
[0.748s] colcon.colcon_core.package_identification Level 1 _identify(.) by extensions ['ros']
[0.748s] colcon.colcon_core.package_identification Level 1 _identify(.) by extension 'ros'
[0.761s] colcon.colcon_core.package_identification Level 1 _identify(.) by extensions ['cmake', 'python']
[0.761s] colcon.colcon_core.package_identification Level 1 _identify(.) by extension 'cmake'
[0.761s] colcon.colcon_core.package_identification Level 1 _identify(.) by extension 'python'
[0.761s] colcon.colcon_core.package_identification Level 1 _identify(.) by extensions ['python_setup_py']
[0.761s] colcon.colcon_core.package_identification Level 1 _identify(.) by extension 'python_setup_py'
[0.761s] colcon.colcon_core.package_identification Level 1 _identify(__pycache__) by extensions ['ignore', 'ignore_ament_install']
[0.762s] colcon.colcon_core.package_identification Level 1 _identify(__pycache__) by extension 'ignore'
[0.762s] colcon.colcon_core.package_identification Level 1 _identify(__pycache__) by extension 'ignore_ament_install'
[0.762s] colcon.colcon_core.package_identification Level 1 _identify(__pycache__) by extensions ['colcon_pkg']
[0.762s] colcon.colcon_core.package_identification Level 1 _identify(__pycache__) by extension 'colcon_pkg'
[0.762s] colcon.colcon_core.package_identification Level 1 _identify(__pycache__) by extensions ['colcon_meta']
[0.762s] colcon.colcon_core.package_identification Level 1 _identify(__pycache__) by extension 'colcon_meta'
[0.762s] colcon.colcon_core.package_identification Level 1 _identify(__pycache__) by extensions ['ros']
[0.762s] colcon.colcon_core.package_identification Level 1 _identify(__pycache__) by extension 'ros'
[0.762s] colcon.colcon_core.package_identification Level 1 _identify(__pycache__) by extensions ['cmake', 'python']
[0.762s] colcon.colcon_core.package_identification Level 1 _identify(__pycache__) by extension 'cmake'
[0.762s] colcon.colcon_core.package_identification Level 1 _identify(__pycache__) by extension 'python'
[0.762s] colcon.colcon_core.package_identification Level 1 _identify(__pycache__) by extensions ['python_setup_py']
[0.762s] colcon.colcon_core.package_identification Level 1 _identify(__pycache__) by extension 'python_setup_py'
[0.762s] colcon.colcon_core.package_identification Level 1 _identify(build) by extensions ['ignore', 'ignore_ament_install']
[0.762s] colcon.colcon_core.package_identification Level 1 _identify(build) by extension 'ignore'
[0.762s] colcon.colcon_core.package_identification Level 1 _identify(build) ignored
[0.763s] colcon.colcon_core.package_identification Level 1 _identify(install) by extensions ['ignore', 'ignore_ament_install']
[0.763s] colcon.colcon_core.package_identification Level 1 _identify(install) by extension 'ignore'
[0.763s] colcon.colcon_core.package_identification Level 1 _identify(install) ignored
[0.763s] colcon.colcon_core.package_identification Level 1 _identify(integration_test_20250811_155133) by extensions ['ignore', 'ignore_ament_install']
[0.763s] colcon.colcon_core.package_identification Level 1 _identify(integration_test_20250811_155133) by extension 'ignore'
[0.763s] colcon.colcon_core.package_identification Level 1 _identify(integration_test_20250811_155133) by extension 'ignore_ament_install'
[0.763s] colcon.colcon_core.package_identification Level 1 _identify(integration_test_20250811_155133) by extensions ['colcon_pkg']
[0.763s] colcon.colcon_core.package_identification Level 1 _identify(integration_test_20250811_155133) by extension 'colcon_pkg'
[0.763s] colcon.colcon_core.package_identification Level 1 _identify(integration_test_20250811_155133) by extensions ['colcon_meta']
[0.763s] colcon.colcon_core.package_identification Level 1 _identify(integration_test_20250811_155133) by extension 'colcon_meta'
[0.763s] colcon.colcon_core.package_identification Level 1 _identify(integration_test_20250811_155133) by extensions ['ros']
[0.763s] colcon.colcon_core.package_identification Level 1 _identify(integration_test_20250811_155133) by extension 'ros'
[0.763s] colcon.colcon_core.package_identification Level 1 _identify(integration_test_20250811_155133) by extensions ['cmake', 'python']
[0.763s] colcon.colcon_core.package_identification Level 1 _identify(integration_test_20250811_155133) by extension 'cmake'
[0.763s] colcon.colcon_core.package_identification Level 1 _identify(integration_test_20250811_155133) by extension 'python'
[0.763s] colcon.colcon_core.package_identification Level 1 _identify(integration_test_20250811_155133) by extensions ['python_setup_py']
[0.763s] colcon.colcon_core.package_identification Level 1 _identify(integration_test_20250811_155133) by extension 'python_setup_py'
[0.764s] colcon.colcon_core.package_identification Level 1 _identify(log) by extensions ['ignore', 'ignore_ament_install']
[0.764s] colcon.colcon_core.package_identification Level 1 _identify(log) by extension 'ignore'
[0.764s] colcon.colcon_core.package_identification Level 1 _identify(log) ignored
[0.764s] colcon.colcon_core.package_identification Level 1 _identify(logs) by extensions ['ignore', 'ignore_ament_install']
[0.765s] colcon.colcon_core.package_identification Level 1 _identify(logs) by extension 'ignore'
[0.765s] colcon.colcon_core.package_identification Level 1 _identify(logs) by extension 'ignore_ament_install'
[0.765s] colcon.colcon_core.package_identification Level 1 _identify(logs) by extensions ['colcon_pkg']
[0.765s] colcon.colcon_core.package_identification Level 1 _identify(logs) by extension 'colcon_pkg'
[0.765s] colcon.colcon_core.package_identification Level 1 _identify(logs) by extensions ['colcon_meta']
[0.765s] colcon.colcon_core.package_identification Level 1 _identify(logs) by extension 'colcon_meta'
[0.765s] colcon.colcon_core.package_identification Level 1 _identify(logs) by extensions ['ros']
[0.765s] colcon.colcon_core.package_identification Level 1 _identify(logs) by extension 'ros'
[0.765s] colcon.colcon_core.package_identification Level 1 _identify(logs) by extensions ['cmake', 'python']
[0.765s] colcon.colcon_core.package_identification Level 1 _identify(logs) by extension 'cmake'
[0.765s] colcon.colcon_core.package_identification Level 1 _identify(logs) by extension 'python'
[0.765s] colcon.colcon_core.package_identification Level 1 _identify(logs) by extensions ['python_setup_py']
[0.765s] colcon.colcon_core.package_identification Level 1 _identify(logs) by extension 'python_setup_py'
[0.765s] colcon.colcon_core.package_identification Level 1 _identify(logs/full_training_1754642916) by extensions ['ignore', 'ignore_ament_install']
[0.765s] colcon.colcon_core.package_identification Level 1 _identify(logs/full_training_1754642916) by extension 'ignore'
[0.765s] colcon.colcon_core.package_identification Level 1 _identify(logs/full_training_1754642916) by extension 'ignore_ament_install'
[0.765s] colcon.colcon_core.package_identification Level 1 _identify(logs/full_training_1754642916) by extensions ['colcon_pkg']
[0.765s] colcon.colcon_core.package_identification Level 1 _identify(logs/full_training_1754642916) by extension 'colcon_pkg'
[0.765s] colcon.colcon_core.package_identification Level 1 _identify(logs/full_training_1754642916) by extensions ['colcon_meta']
[0.765s] colcon.colcon_core.package_identification Level 1 _identify(logs/full_training_1754642916) by extension 'colcon_meta'
[0.765s] colcon.colcon_core.package_identification Level 1 _identify(logs/full_training_1754642916) by extensions ['ros']
[0.765s] colcon.colcon_core.package_identification Level 1 _identify(logs/full_training_1754642916) by extension 'ros'
[0.765s] colcon.colcon_core.package_identification Level 1 _identify(logs/full_training_1754642916) by extensions ['cmake', 'python']
[0.765s] colcon.colcon_core.package_identification Level 1 _identify(logs/full_training_1754642916) by extension 'cmake'
[0.765s] colcon.colcon_core.package_identification Level 1 _identify(logs/full_training_1754642916) by extension 'python'
[0.765s] colcon.colcon_core.package_identification Level 1 _identify(logs/full_training_1754642916) by extensions ['python_setup_py']
[0.766s] colcon.colcon_core.package_identification Level 1 _identify(logs/full_training_1754642916) by extension 'python_setup_py'
[0.766s] colcon.colcon_core.package_identification Level 1 _identify(logs/full_training_1754642916/eval_logs) by extensions ['ignore', 'ignore_ament_install']
[0.766s] colcon.colcon_core.package_identification Level 1 _identify(logs/full_training_1754642916/eval_logs) by extension 'ignore'
[0.766s] colcon.colcon_core.package_identification Level 1 _identify(logs/full_training_1754642916/eval_logs) by extension 'ignore_ament_install'
[0.766s] colcon.colcon_core.package_identification Level 1 _identify(logs/full_training_1754642916/eval_logs) by extensions ['colcon_pkg']
[0.766s] colcon.colcon_core.package_identification Level 1 _identify(logs/full_training_1754642916/eval_logs) by extension 'colcon_pkg'
[0.766s] colcon.colcon_core.package_identification Level 1 _identify(logs/full_training_1754642916/eval_logs) by extensions ['colcon_meta']
[0.766s] colcon.colcon_core.package_identification Level 1 _identify(logs/full_training_1754642916/eval_logs) by extension 'colcon_meta'
[0.766s] colcon.colcon_core.package_identification Level 1 _identify(logs/full_training_1754642916/eval_logs) by extensions ['ros']
[0.766s] colcon.colcon_core.package_identification Level 1 _identify(logs/full_training_1754642916/eval_logs) by extension 'ros'
[0.766s] colcon.colcon_core.package_identification Level 1 _identify(logs/full_training_1754642916/eval_logs) by extensions ['cmake', 'python']
[0.766s] colcon.colcon_core.package_identification Level 1 _identify(logs/full_training_1754642916/eval_logs) by extension 'cmake'
[0.766s] colcon.colcon_core.package_identification Level 1 _identify(logs/full_training_1754642916/eval_logs) by extension 'python'
[0.766s] colcon.colcon_core.package_identification Level 1 _identify(logs/full_training_1754642916/eval_logs) by extensions ['python_setup_py']
[0.766s] colcon.colcon_core.package_identification Level 1 _identify(logs/full_training_1754642916/eval_logs) by extension 'python_setup_py'
[0.766s] colcon.colcon_core.package_identification Level 1 _identify(logs/m0609_training_20250809_152628) by extensions ['ignore', 'ignore_ament_install']
[0.767s] colcon.colcon_core.package_identification Level 1 _identify(logs/m0609_training_20250809_152628) by extension 'ignore'
[0.767s] colcon.colcon_core.package_identification Level 1 _identify(logs/m0609_training_20250809_152628) by extension 'ignore_ament_install'
[0.767s] colcon.colcon_core.package_identification Level 1 _identify(logs/m0609_training_20250809_152628) by extensions ['colcon_pkg']
[0.767s] colcon.colcon_core.package_identification Level 1 _identify(logs/m0609_training_20250809_152628) by extension 'colcon_pkg'
[0.767s] colcon.colcon_core.package_identification Level 1 _identify(logs/m0609_training_20250809_152628) by extensions ['colcon_meta']
[0.767s] colcon.colcon_core.package_identification Level 1 _identify(logs/m0609_training_20250809_152628) by extension 'colcon_meta'
[0.767s] colcon.colcon_core.package_identification Level 1 _identify(logs/m0609_training_20250809_152628) by extensions ['ros']
[0.767s] colcon.colcon_core.package_identification Level 1 _identify(logs/m0609_training_20250809_152628) by extension 'ros'
[0.767s] colcon.colcon_core.package_identification Level 1 _identify(logs/m0609_training_20250809_152628) by extensions ['cmake', 'python']
[0.767s] colcon.colcon_core.package_identification Level 1 _identify(logs/m0609_training_20250809_152628) by extension 'cmake'
[0.767s] colcon.colcon_core.package_identification Level 1 _identify(logs/m0609_training_20250809_152628) by extension 'python'
[0.767s] colcon.colcon_core.package_identification Level 1 _identify(logs/m0609_training_20250809_152628) by extensions ['python_setup_py']
[0.767s] colcon.colcon_core.package_identification Level 1 _identify(logs/m0609_training_20250809_152628) by extension 'python_setup_py'
[0.767s] colcon.colcon_core.package_identification Level 1 _identify(logs/production_1754644720) by extensions ['ignore', 'ignore_ament_install']
[0.767s] colcon.colcon_core.package_identification Level 1 _identify(logs/production_1754644720) by extension 'ignore'
[0.767s] colcon.colcon_core.package_identification Level 1 _identify(logs/production_1754644720) by extension 'ignore_ament_install'
[0.767s] colcon.colcon_core.package_identification Level 1 _identify(logs/production_1754644720) by extensions ['colcon_pkg']
[0.767s] colcon.colcon_core.package_identification Level 1 _identify(logs/production_1754644720) by extension 'colcon_pkg'
[0.767s] colcon.colcon_core.package_identification Level 1 _identify(logs/production_1754644720) by extensions ['colcon_meta']
[0.767s] colcon.colcon_core.package_identification Level 1 _identify(logs/production_1754644720) by extension 'colcon_meta'
[0.767s] colcon.colcon_core.package_identification Level 1 _identify(logs/production_1754644720) by extensions ['ros']
[0.767s] colcon.colcon_core.package_identification Level 1 _identify(logs/production_1754644720) by extension 'ros'
[0.768s] colcon.colcon_core.package_identification Level 1 _identify(logs/production_1754644720) by extensions ['cmake', 'python']
[0.768s] colcon.colcon_core.package_identification Level 1 _identify(logs/production_1754644720) by extension 'cmake'
[0.768s] colcon.colcon_core.package_identification Level 1 _identify(logs/production_1754644720) by extension 'python'
[0.768s] colcon.colcon_core.package_identification Level 1 _identify(logs/production_1754644720) by extensions ['python_setup_py']
[0.768s] colcon.colcon_core.package_identification Level 1 _identify(logs/production_1754644720) by extension 'python_setup_py'
[0.768s] colcon.colcon_core.package_identification Level 1 _identify(logs/production_simple_1754644791) by extensions ['ignore', 'ignore_ament_install']
[0.768s] colcon.colcon_core.package_identification Level 1 _identify(logs/production_simple_1754644791) by extension 'ignore'
[0.768s] colcon.colcon_core.package_identification Level 1 _identify(logs/production_simple_1754644791) by extension 'ignore_ament_install'
[0.768s] colcon.colcon_core.package_identification Level 1 _identify(logs/production_simple_1754644791) by extensions ['colcon_pkg']
[0.768s] colcon.colcon_core.package_identification Level 1 _identify(logs/production_simple_1754644791) by extension 'colcon_pkg'
[0.768s] colcon.colcon_core.package_identification Level 1 _identify(logs/production_simple_1754644791) by extensions ['colcon_meta']
[0.768s] colcon.colcon_core.package_identification Level 1 _identify(logs/production_simple_1754644791) by extension 'colcon_meta'
[0.768s] colcon.colcon_core.package_identification Level 1 _identify(logs/production_simple_1754644791) by extensions ['ros']
[0.768s] colcon.colcon_core.package_identification Level 1 _identify(logs/production_simple_1754644791) by extension 'ros'
[0.768s] colcon.colcon_core.package_identification Level 1 _identify(logs/production_simple_1754644791) by extensions ['cmake', 'python']
[0.768s] colcon.colcon_core.package_identification Level 1 _identify(logs/production_simple_1754644791) by extension 'cmake'
[0.768s] colcon.colcon_core.package_identification Level 1 _identify(logs/production_simple_1754644791) by extension 'python'
[0.768s] colcon.colcon_core.package_identification Level 1 _identify(logs/production_simple_1754644791) by extensions ['python_setup_py']
[0.768s] colcon.colcon_core.package_identification Level 1 _identify(logs/production_simple_1754644791) by extension 'python_setup_py'
[0.769s] colcon.colcon_core.package_identification Level 1 _identify(logs/production_simple_1754644791/eval_logs) by extensions ['ignore', 'ignore_ament_install']
[0.769s] colcon.colcon_core.package_identification Level 1 _identify(logs/production_simple_1754644791/eval_logs) by extension 'ignore'
[0.769s] colcon.colcon_core.package_identification Level 1 _identify(logs/production_simple_1754644791/eval_logs) by extension 'ignore_ament_install'
[0.769s] colcon.colcon_core.package_identification Level 1 _identify(logs/production_simple_1754644791/eval_logs) by extensions ['colcon_pkg']
[0.769s] colcon.colcon_core.package_identification Level 1 _identify(logs/production_simple_1754644791/eval_logs) by extension 'colcon_pkg'
[0.769s] colcon.colcon_core.package_identification Level 1 _identify(logs/production_simple_1754644791/eval_logs) by extensions ['colcon_meta']
[0.769s] colcon.colcon_core.package_identification Level 1 _identify(logs/production_simple_1754644791/eval_logs) by extension 'colcon_meta'
[0.769s] colcon.colcon_core.package_identification Level 1 _identify(logs/production_simple_1754644791/eval_logs) by extensions ['ros']
[0.769s] colcon.colcon_core.package_identification Level 1 _identify(logs/production_simple_1754644791/eval_logs) by extension 'ros'
[0.769s] colcon.colcon_core.package_identification Level 1 _identify(logs/production_simple_1754644791/eval_logs) by extensions ['cmake', 'python']
[0.769s] colcon.colcon_core.package_identification Level 1 _identify(logs/production_simple_1754644791/eval_logs) by extension 'cmake'
[0.769s] colcon.colcon_core.package_identification Level 1 _identify(logs/production_simple_1754644791/eval_logs) by extension 'python'
[0.769s] colcon.colcon_core.package_identification Level 1 _identify(logs/production_simple_1754644791/eval_logs) by extensions ['python_setup_py']
[0.769s] colcon.colcon_core.package_identification Level 1 _identify(logs/production_simple_1754644791/eval_logs) by extension 'python_setup_py'
[0.769s] colcon.colcon_core.package_identification Level 1 _identify(logs/production_test_1754644781) by extensions ['ignore', 'ignore_ament_install']
[0.769s] colcon.colcon_core.package_identification Level 1 _identify(logs/production_test_1754644781) by extension 'ignore'
[0.770s] colcon.colcon_core.package_identification Level 1 _identify(logs/production_test_1754644781) by extension 'ignore_ament_install'
[0.770s] colcon.colcon_core.package_identification Level 1 _identify(logs/production_test_1754644781) by extensions ['colcon_pkg']
[0.770s] colcon.colcon_core.package_identification Level 1 _identify(logs/production_test_1754644781) by extension 'colcon_pkg'
[0.770s] colcon.colcon_core.package_identification Level 1 _identify(logs/production_test_1754644781) by extensions ['colcon_meta']
[0.770s] colcon.colcon_core.package_identification Level 1 _identify(logs/production_test_1754644781) by extension 'colcon_meta'
[0.770s] colcon.colcon_core.package_identification Level 1 _identify(logs/production_test_1754644781) by extensions ['ros']
[0.770s] colcon.colcon_core.package_identification Level 1 _identify(logs/production_test_1754644781) by extension 'ros'
[0.770s] colcon.colcon_core.package_identification Level 1 _identify(logs/production_test_1754644781) by extensions ['cmake', 'python']
[0.770s] colcon.colcon_core.package_identification Level 1 _identify(logs/production_test_1754644781) by extension 'cmake'
[0.770s] colcon.colcon_core.package_identification Level 1 _identify(logs/production_test_1754644781) by extension 'python'
[0.770s] colcon.colcon_core.package_identification Level 1 _identify(logs/production_test_1754644781) by extensions ['python_setup_py']
[0.770s] colcon.colcon_core.package_identification Level 1 _identify(logs/production_test_1754644781) by extension 'python_setup_py'
[0.770s] colcon.colcon_core.package_identification Level 1 _identify(logs/production_test_1754644781/eval_logs) by extensions ['ignore', 'ignore_ament_install']
[0.770s] colcon.colcon_core.package_identification Level 1 _identify(logs/production_test_1754644781/eval_logs) by extension 'ignore'
[0.770s] colcon.colcon_core.package_identification Level 1 _identify(logs/production_test_1754644781/eval_logs) by extension 'ignore_ament_install'
[0.770s] colcon.colcon_core.package_identification Level 1 _identify(logs/production_test_1754644781/eval_logs) by extensions ['colcon_pkg']
[0.770s] colcon.colcon_core.package_identification Level 1 _identify(logs/production_test_1754644781/eval_logs) by extension 'colcon_pkg'
[0.770s] colcon.colcon_core.package_identification Level 1 _identify(logs/production_test_1754644781/eval_logs) by extensions ['colcon_meta']
[0.770s] colcon.colcon_core.package_identification Level 1 _identify(logs/production_test_1754644781/eval_logs) by extension 'colcon_meta'
[0.770s] colcon.colcon_core.package_identification Level 1 _identify(logs/production_test_1754644781/eval_logs) by extensions ['ros']
[0.770s] colcon.colcon_core.package_identification Level 1 _identify(logs/production_test_1754644781/eval_logs) by extension 'ros'
[0.770s] colcon.colcon_core.package_identification Level 1 _identify(logs/production_test_1754644781/eval_logs) by extensions ['cmake', 'python']
[0.771s] colcon.colcon_core.package_identification Level 1 _identify(logs/production_test_1754644781/eval_logs) by extension 'cmake'
[0.771s] colcon.colcon_core.package_identification Level 1 _identify(logs/production_test_1754644781/eval_logs) by extension 'python'
[0.771s] colcon.colcon_core.package_identification Level 1 _identify(logs/production_test_1754644781/eval_logs) by extensions ['python_setup_py']
[0.771s] colcon.colcon_core.package_identification Level 1 _identify(logs/production_test_1754644781/eval_logs) by extension 'python_setup_py'
[0.771s] colcon.colcon_core.package_identification Level 1 _identify(logs/soma_cube_training_20250808_233651) by extensions ['ignore', 'ignore_ament_install']
[0.771s] colcon.colcon_core.package_identification Level 1 _identify(logs/soma_cube_training_20250808_233651) by extension 'ignore'
[0.771s] colcon.colcon_core.package_identification Level 1 _identify(logs/soma_cube_training_20250808_233651) by extension 'ignore_ament_install'
[0.771s] colcon.colcon_core.package_identification Level 1 _identify(logs/soma_cube_training_20250808_233651) by extensions ['colcon_pkg']
[0.771s] colcon.colcon_core.package_identification Level 1 _identify(logs/soma_cube_training_20250808_233651) by extension 'colcon_pkg'
[0.771s] colcon.colcon_core.package_identification Level 1 _identify(logs/soma_cube_training_20250808_233651) by extensions ['colcon_meta']
[0.771s] colcon.colcon_core.package_identification Level 1 _identify(logs/soma_cube_training_20250808_233651) by extension 'colcon_meta'
[0.771s] colcon.colcon_core.package_identification Level 1 _identify(logs/soma_cube_training_20250808_233651) by extensions ['ros']
[0.771s] colcon.colcon_core.package_identification Level 1 _identify(logs/soma_cube_training_20250808_233651) by extension 'ros'
[0.771s] colcon.colcon_core.package_identification Level 1 _identify(logs/soma_cube_training_20250808_233651) by extensions ['cmake', 'python']
[0.771s] colcon.colcon_core.package_identification Level 1 _identify(logs/soma_cube_training_20250808_233651) by extension 'cmake'
[0.771s] colcon.colcon_core.package_identification Level 1 _identify(logs/soma_cube_training_20250808_233651) by extension 'python'
[0.771s] colcon.colcon_core.package_identification Level 1 _identify(logs/soma_cube_training_20250808_233651) by extensions ['python_setup_py']
[0.771s] colcon.colcon_core.package_identification Level 1 _identify(logs/soma_cube_training_20250808_233651) by extension 'python_setup_py'
[0.772s] colcon.colcon_core.package_identification Level 1 _identify(logs/soma_cube_training_20250808_233651/tensorboard) by extensions ['ignore', 'ignore_ament_install']
[0.772s] colcon.colcon_core.package_identification Level 1 _identify(logs/soma_cube_training_20250808_233651/tensorboard) by extension 'ignore'
[0.772s] colcon.colcon_core.package_identification Level 1 _identify(logs/soma_cube_training_20250808_233651/tensorboard) by extension 'ignore_ament_install'
[0.772s] colcon.colcon_core.package_identification Level 1 _identify(logs/soma_cube_training_20250808_233651/tensorboard) by extensions ['colcon_pkg']
[0.772s] colcon.colcon_core.package_identification Level 1 _identify(logs/soma_cube_training_20250808_233651/tensorboard) by extension 'colcon_pkg'
[0.772s] colcon.colcon_core.package_identification Level 1 _identify(logs/soma_cube_training_20250808_233651/tensorboard) by extensions ['colcon_meta']
[0.772s] colcon.colcon_core.package_identification Level 1 _identify(logs/soma_cube_training_20250808_233651/tensorboard) by extension 'colcon_meta'
[0.772s] colcon.colcon_core.package_identification Level 1 _identify(logs/soma_cube_training_20250808_233651/tensorboard) by extensions ['ros']
[0.772s] colcon.colcon_core.package_identification Level 1 _identify(logs/soma_cube_training_20250808_233651/tensorboard) by extension 'ros'
[0.772s] colcon.colcon_core.package_identification Level 1 _identify(logs/soma_cube_training_20250808_233651/tensorboard) by extensions ['cmake', 'python']
[0.772s] colcon.colcon_core.package_identification Level 1 _identify(logs/soma_cube_training_20250808_233651/tensorboard) by extension 'cmake'
[0.772s] colcon.colcon_core.package_identification Level 1 _identify(logs/soma_cube_training_20250808_233651/tensorboard) by extension 'python'
[0.772s] colcon.colcon_core.package_identification Level 1 _identify(logs/soma_cube_training_20250808_233651/tensorboard) by extensions ['python_setup_py']
[0.772s] colcon.colcon_core.package_identification Level 1 _identify(logs/soma_cube_training_20250808_233651/tensorboard) by extension 'python_setup_py'
[0.772s] colcon.colcon_core.package_identification Level 1 _identify(logs/soma_cube_training_20250808_233744) by extensions ['ignore', 'ignore_ament_install']
[0.773s] colcon.colcon_core.package_identification Level 1 _identify(logs/soma_cube_training_20250808_233744) by extension 'ignore'
[0.773s] colcon.colcon_core.package_identification Level 1 _identify(logs/soma_cube_training_20250808_233744) by extension 'ignore_ament_install'
[0.773s] colcon.colcon_core.package_identification Level 1 _identify(logs/soma_cube_training_20250808_233744) by extensions ['colcon_pkg']
[0.773s] colcon.colcon_core.package_identification Level 1 _identify(logs/soma_cube_training_20250808_233744) by extension 'colcon_pkg'
[0.773s] colcon.colcon_core.package_identification Level 1 _identify(logs/soma_cube_training_20250808_233744) by extensions ['colcon_meta']
[0.773s] colcon.colcon_core.package_identification Level 1 _identify(logs/soma_cube_training_20250808_233744) by extension 'colcon_meta'
[0.773s] colcon.colcon_core.package_identification Level 1 _identify(logs/soma_cube_training_20250808_233744) by extensions ['ros']
[0.773s] colcon.colcon_core.package_identification Level 1 _identify(logs/soma_cube_training_20250808_233744) by extension 'ros'
[0.773s] colcon.colcon_core.package_identification Level 1 _identify(logs/soma_cube_training_20250808_233744) by extensions ['cmake', 'python']
[0.773s] colcon.colcon_core.package_identification Level 1 _identify(logs/soma_cube_training_20250808_233744) by extension 'cmake'
[0.773s] colcon.colcon_core.package_identification Level 1 _identify(logs/soma_cube_training_20250808_233744) by extension 'python'
[0.773s] colcon.colcon_core.package_identification Level 1 _identify(logs/soma_cube_training_20250808_233744) by extensions ['python_setup_py']
[0.773s] colcon.colcon_core.package_identification Level 1 _identify(logs/soma_cube_training_20250808_233744) by extension 'python_setup_py'
[0.773s] colcon.colcon_core.package_identification Level 1 _identify(logs/soma_cube_training_20250808_233744/tensorboard) by extensions ['ignore', 'ignore_ament_install']
[0.773s] colcon.colcon_core.package_identification Level 1 _identify(logs/soma_cube_training_20250808_233744/tensorboard) by extension 'ignore'
[0.773s] colcon.colcon_core.package_identification Level 1 _identify(logs/soma_cube_training_20250808_233744/tensorboard) by extension 'ignore_ament_install'
[0.773s] colcon.colcon_core.package_identification Level 1 _identify(logs/soma_cube_training_20250808_233744/tensorboard) by extensions ['colcon_pkg']
[0.773s] colcon.colcon_core.package_identification Level 1 _identify(logs/soma_cube_training_20250808_233744/tensorboard) by extension 'colcon_pkg'
[0.773s] colcon.colcon_core.package_identification Level 1 _identify(logs/soma_cube_training_20250808_233744/tensorboard) by extensions ['colcon_meta']
[0.773s] colcon.colcon_core.package_identification Level 1 _identify(logs/soma_cube_training_20250808_233744/tensorboard) by extension 'colcon_meta'
[0.773s] colcon.colcon_core.package_identification Level 1 _identify(logs/soma_cube_training_20250808_233744/tensorboard) by extensions ['ros']
[0.773s] colcon.colcon_core.package_identification Level 1 _identify(logs/soma_cube_training_20250808_233744/tensorboard) by extension 'ros'
[0.774s] colcon.colcon_core.package_identification Level 1 _identify(logs/soma_cube_training_20250808_233744/tensorboard) by extensions ['cmake', 'python']
[0.774s] colcon.colcon_core.package_identification Level 1 _identify(logs/soma_cube_training_20250808_233744/tensorboard) by extension 'cmake'
[0.774s] colcon.colcon_core.package_identification Level 1 _identify(logs/soma_cube_training_20250808_233744/tensorboard) by extension 'python'
[0.774s] colcon.colcon_core.package_identification Level 1 _identify(logs/soma_cube_training_20250808_233744/tensorboard) by extensions ['python_setup_py']
[0.774s] colcon.colcon_core.package_identification Level 1 _identify(logs/soma_cube_training_20250808_233744/tensorboard) by extension 'python_setup_py'
[0.774s] colcon.colcon_core.package_identification Level 1 _identify(logs/soma_cube_training_20250808_233807) by extensions ['ignore', 'ignore_ament_install']
[0.774s] colcon.colcon_core.package_identification Level 1 _identify(logs/soma_cube_training_20250808_233807) by extension 'ignore'
[0.774s] colcon.colcon_core.package_identification Level 1 _identify(logs/soma_cube_training_20250808_233807) by extension 'ignore_ament_install'
[0.774s] colcon.colcon_core.package_identification Level 1 _identify(logs/soma_cube_training_20250808_233807) by extensions ['colcon_pkg']
[0.774s] colcon.colcon_core.package_identification Level 1 _identify(logs/soma_cube_training_20250808_233807) by extension 'colcon_pkg'
[0.774s] colcon.colcon_core.package_identification Level 1 _identify(logs/soma_cube_training_20250808_233807) by extensions ['colcon_meta']
[0.774s] colcon.colcon_core.package_identification Level 1 _identify(logs/soma_cube_training_20250808_233807) by extension 'colcon_meta'
[0.774s] colcon.colcon_core.package_identification Level 1 _identify(logs/soma_cube_training_20250808_233807) by extensions ['ros']
[0.774s] colcon.colcon_core.package_identification Level 1 _identify(logs/soma_cube_training_20250808_233807) by extension 'ros'
[0.774s] colcon.colcon_core.package_identification Level 1 _identify(logs/soma_cube_training_20250808_233807) by extensions ['cmake', 'python']
[0.774s] colcon.colcon_core.package_identification Level 1 _identify(logs/soma_cube_training_20250808_233807) by extension 'cmake'
[0.774s] colcon.colcon_core.package_identification Level 1 _identify(logs/soma_cube_training_20250808_233807) by extension 'python'
[0.774s] colcon.colcon_core.package_identification Level 1 _identify(logs/soma_cube_training_20250808_233807) by extensions ['python_setup_py']
[0.774s] colcon.colcon_core.package_identification Level 1 _identify(logs/soma_cube_training_20250808_233807) by extension 'python_setup_py'
[0.775s] colcon.colcon_core.package_identification Level 1 _identify(logs/soma_cube_training_20250808_233807/tensorboard) by extensions ['ignore', 'ignore_ament_install']
[0.775s] colcon.colcon_core.package_identification Level 1 _identify(logs/soma_cube_training_20250808_233807/tensorboard) by extension 'ignore'
[0.775s] colcon.colcon_core.package_identification Level 1 _identify(logs/soma_cube_training_20250808_233807/tensorboard) by extension 'ignore_ament_install'
[0.775s] colcon.colcon_core.package_identification Level 1 _identify(logs/soma_cube_training_20250808_233807/tensorboard) by extensions ['colcon_pkg']
[0.775s] colcon.colcon_core.package_identification Level 1 _identify(logs/soma_cube_training_20250808_233807/tensorboard) by extension 'colcon_pkg'
[0.775s] colcon.colcon_core.package_identification Level 1 _identify(logs/soma_cube_training_20250808_233807/tensorboard) by extensions ['colcon_meta']
[0.775s] colcon.colcon_core.package_identification Level 1 _identify(logs/soma_cube_training_20250808_233807/tensorboard) by extension 'colcon_meta'
[0.775s] colcon.colcon_core.package_identification Level 1 _identify(logs/soma_cube_training_20250808_233807/tensorboard) by extensions ['ros']
[0.775s] colcon.colcon_core.package_identification Level 1 _identify(logs/soma_cube_training_20250808_233807/tensorboard) by extension 'ros'
[0.775s] colcon.colcon_core.package_identification Level 1 _identify(logs/soma_cube_training_20250808_233807/tensorboard) by extensions ['cmake', 'python']
[0.775s] colcon.colcon_core.package_identification Level 1 _identify(logs/soma_cube_training_20250808_233807/tensorboard) by extension 'cmake'
[0.775s] colcon.colcon_core.package_identification Level 1 _identify(logs/soma_cube_training_20250808_233807/tensorboard) by extension 'python'
[0.775s] colcon.colcon_core.package_identification Level 1 _identify(logs/soma_cube_training_20250808_233807/tensorboard) by extensions ['python_setup_py']
[0.775s] colcon.colcon_core.package_identification Level 1 _identify(logs/soma_cube_training_20250808_233807/tensorboard) by extension 'python_setup_py'
[0.775s] colcon.colcon_core.package_identification Level 1 _identify(logs/soma_cube_training_20250808_233828) by extensions ['ignore', 'ignore_ament_install']
[0.775s] colcon.colcon_core.package_identification Level 1 _identify(logs/soma_cube_training_20250808_233828) by extension 'ignore'
[0.775s] colcon.colcon_core.package_identification Level 1 _identify(logs/soma_cube_training_20250808_233828) by extension 'ignore_ament_install'
[0.775s] colcon.colcon_core.package_identification Level 1 _identify(logs/soma_cube_training_20250808_233828) by extensions ['colcon_pkg']
[0.775s] colcon.colcon_core.package_identification Level 1 _identify(logs/soma_cube_training_20250808_233828) by extension 'colcon_pkg'
[0.775s] colcon.colcon_core.package_identification Level 1 _identify(logs/soma_cube_training_20250808_233828) by extensions ['colcon_meta']
[0.775s] colcon.colcon_core.package_identification Level 1 _identify(logs/soma_cube_training_20250808_233828) by extension 'colcon_meta'
[0.775s] colcon.colcon_core.package_identification Level 1 _identify(logs/soma_cube_training_20250808_233828) by extensions ['ros']
[0.776s] colcon.colcon_core.package_identification Level 1 _identify(logs/soma_cube_training_20250808_233828) by extension 'ros'
[0.776s] colcon.colcon_core.package_identification Level 1 _identify(logs/soma_cube_training_20250808_233828) by extensions ['cmake', 'python']
[0.776s] colcon.colcon_core.package_identification Level 1 _identify(logs/soma_cube_training_20250808_233828) by extension 'cmake'
[0.776s] colcon.colcon_core.package_identification Level 1 _identify(logs/soma_cube_training_20250808_233828) by extension 'python'
[0.776s] colcon.colcon_core.package_identification Level 1 _identify(logs/soma_cube_training_20250808_233828) by extensions ['python_setup_py']
[0.776s] colcon.colcon_core.package_identification Level 1 _identify(logs/soma_cube_training_20250808_233828) by extension 'python_setup_py'
[0.776s] colcon.colcon_core.package_identification Level 1 _identify(logs/soma_cube_training_20250808_233828/tensorboard) by extensions ['ignore', 'ignore_ament_install']
[0.776s] colcon.colcon_core.package_identification Level 1 _identify(logs/soma_cube_training_20250808_233828/tensorboard) by extension 'ignore'
[0.776s] colcon.colcon_core.package_identification Level 1 _identify(logs/soma_cube_training_20250808_233828/tensorboard) by extension 'ignore_ament_install'
[0.776s] colcon.colcon_core.package_identification Level 1 _identify(logs/soma_cube_training_20250808_233828/tensorboard) by extensions ['colcon_pkg']
[0.776s] colcon.colcon_core.package_identification Level 1 _identify(logs/soma_cube_training_20250808_233828/tensorboard) by extension 'colcon_pkg'
[0.776s] colcon.colcon_core.package_identification Level 1 _identify(logs/soma_cube_training_20250808_233828/tensorboard) by extensions ['colcon_meta']
[0.776s] colcon.colcon_core.package_identification Level 1 _identify(logs/soma_cube_training_20250808_233828/tensorboard) by extension 'colcon_meta'
[0.776s] colcon.colcon_core.package_identification Level 1 _identify(logs/soma_cube_training_20250808_233828/tensorboard) by extensions ['ros']
[0.776s] colcon.colcon_core.package_identification Level 1 _identify(logs/soma_cube_training_20250808_233828/tensorboard) by extension 'ros'
[0.776s] colcon.colcon_core.package_identification Level 1 _identify(logs/soma_cube_training_20250808_233828/tensorboard) by extensions ['cmake', 'python']
[0.776s] colcon.colcon_core.package_identification Level 1 _identify(logs/soma_cube_training_20250808_233828/tensorboard) by extension 'cmake'
[0.776s] colcon.colcon_core.package_identification Level 1 _identify(logs/soma_cube_training_20250808_233828/tensorboard) by extension 'python'
[0.776s] colcon.colcon_core.package_identification Level 1 _identify(logs/soma_cube_training_20250808_233828/tensorboard) by extensions ['python_setup_py']
[0.776s] colcon.colcon_core.package_identification Level 1 _identify(logs/soma_cube_training_20250808_233828/tensorboard) by extension 'python_setup_py'
[0.777s] colcon.colcon_core.package_identification Level 1 _identify(logs/soma_cube_training_20250808_233843) by extensions ['ignore', 'ignore_ament_install']
[0.777s] colcon.colcon_core.package_identification Level 1 _identify(logs/soma_cube_training_20250808_233843) by extension 'ignore'
[0.777s] colcon.colcon_core.package_identification Level 1 _identify(logs/soma_cube_training_20250808_233843) by extension 'ignore_ament_install'
[0.777s] colcon.colcon_core.package_identification Level 1 _identify(logs/soma_cube_training_20250808_233843) by extensions ['colcon_pkg']
[0.777s] colcon.colcon_core.package_identification Level 1 _identify(logs/soma_cube_training_20250808_233843) by extension 'colcon_pkg'
[0.777s] colcon.colcon_core.package_identification Level 1 _identify(logs/soma_cube_training_20250808_233843) by extensions ['colcon_meta']
[0.777s] colcon.colcon_core.package_identification Level 1 _identify(logs/soma_cube_training_20250808_233843) by extension 'colcon_meta'
[0.777s] colcon.colcon_core.package_identification Level 1 _identify(logs/soma_cube_training_20250808_233843) by extensions ['ros']
[0.777s] colcon.colcon_core.package_identification Level 1 _identify(logs/soma_cube_training_20250808_233843) by extension 'ros'
[0.777s] colcon.colcon_core.package_identification Level 1 _identify(logs/soma_cube_training_20250808_233843) by extensions ['cmake', 'python']
[0.777s] colcon.colcon_core.package_identification Level 1 _identify(logs/soma_cube_training_20250808_233843) by extension 'cmake'
[0.777s] colcon.colcon_core.package_identification Level 1 _identify(logs/soma_cube_training_20250808_233843) by extension 'python'
[0.777s] colcon.colcon_core.package_identification Level 1 _identify(logs/soma_cube_training_20250808_233843) by extensions ['python_setup_py']
[0.777s] colcon.colcon_core.package_identification Level 1 _identify(logs/soma_cube_training_20250808_233843) by extension 'python_setup_py'
[0.777s] colcon.colcon_core.package_identification Level 1 _identify(logs/soma_cube_training_20250808_233843/tensorboard) by extensions ['ignore', 'ignore_ament_install']
[0.778s] colcon.colcon_core.package_identification Level 1 _identify(logs/soma_cube_training_20250808_233843/tensorboard) by extension 'ignore'
[0.778s] colcon.colcon_core.package_identification Level 1 _identify(logs/soma_cube_training_20250808_233843/tensorboard) by extension 'ignore_ament_install'
[0.778s] colcon.colcon_core.package_identification Level 1 _identify(logs/soma_cube_training_20250808_233843/tensorboard) by extensions ['colcon_pkg']
[0.778s] colcon.colcon_core.package_identification Level 1 _identify(logs/soma_cube_training_20250808_233843/tensorboard) by extension 'colcon_pkg'
[0.778s] colcon.colcon_core.package_identification Level 1 _identify(logs/soma_cube_training_20250808_233843/tensorboard) by extensions ['colcon_meta']
[0.778s] colcon.colcon_core.package_identification Level 1 _identify(logs/soma_cube_training_20250808_233843/tensorboard) by extension 'colcon_meta'
[0.778s] colcon.colcon_core.package_identification Level 1 _identify(logs/soma_cube_training_20250808_233843/tensorboard) by extensions ['ros']
[0.778s] colcon.colcon_core.package_identification Level 1 _identify(logs/soma_cube_training_20250808_233843/tensorboard) by extension 'ros'
[0.778s] colcon.colcon_core.package_identification Level 1 _identify(logs/soma_cube_training_20250808_233843/tensorboard) by extensions ['cmake', 'python']
[0.778s] colcon.colcon_core.package_identification Level 1 _identify(logs/soma_cube_training_20250808_233843/tensorboard) by extension 'cmake'
[0.778s] colcon.colcon_core.package_identification Level 1 _identify(logs/soma_cube_training_20250808_233843/tensorboard) by extension 'python'
[0.778s] colcon.colcon_core.package_identification Level 1 _identify(logs/soma_cube_training_20250808_233843/tensorboard) by extensions ['python_setup_py']
[0.778s] colcon.colcon_core.package_identification Level 1 _identify(logs/soma_cube_training_20250808_233843/tensorboard) by extension 'python_setup_py'
[0.778s] colcon.colcon_core.package_identification Level 1 _identify(logs/soma_cube_training_20250808_234153) by extensions ['ignore', 'ignore_ament_install']
[0.778s] colcon.colcon_core.package_identification Level 1 _identify(logs/soma_cube_training_20250808_234153) by extension 'ignore'
[0.778s] colcon.colcon_core.package_identification Level 1 _identify(logs/soma_cube_training_20250808_234153) by extension 'ignore_ament_install'
[0.778s] colcon.colcon_core.package_identification Level 1 _identify(logs/soma_cube_training_20250808_234153) by extensions ['colcon_pkg']
[0.778s] colcon.colcon_core.package_identification Level 1 _identify(logs/soma_cube_training_20250808_234153) by extension 'colcon_pkg'
[0.778s] colcon.colcon_core.package_identification Level 1 _identify(logs/soma_cube_training_20250808_234153) by extensions ['colcon_meta']
[0.778s] colcon.colcon_core.package_identification Level 1 _identify(logs/soma_cube_training_20250808_234153) by extension 'colcon_meta'
[0.778s] colcon.colcon_core.package_identification Level 1 _identify(logs/soma_cube_training_20250808_234153) by extensions ['ros']
[0.778s] colcon.colcon_core.package_identification Level 1 _identify(logs/soma_cube_training_20250808_234153) by extension 'ros'
[0.778s] colcon.colcon_core.package_identification Level 1 _identify(logs/soma_cube_training_20250808_234153) by extensions ['cmake', 'python']
[0.778s] colcon.colcon_core.package_identification Level 1 _identify(logs/soma_cube_training_20250808_234153) by extension 'cmake'
[0.779s] colcon.colcon_core.package_identification Level 1 _identify(logs/soma_cube_training_20250808_234153) by extension 'python'
[0.779s] colcon.colcon_core.package_identification Level 1 _identify(logs/soma_cube_training_20250808_234153) by extensions ['python_setup_py']
[0.779s] colcon.colcon_core.package_identification Level 1 _identify(logs/soma_cube_training_20250808_234153) by extension 'python_setup_py'
[0.779s] colcon.colcon_core.package_identification Level 1 _identify(logs/soma_cube_training_20250808_234153/tensorboard) by extensions ['ignore', 'ignore_ament_install']
[0.779s] colcon.colcon_core.package_identification Level 1 _identify(logs/soma_cube_training_20250808_234153/tensorboard) by extension 'ignore'
[0.779s] colcon.colcon_core.package_identification Level 1 _identify(logs/soma_cube_training_20250808_234153/tensorboard) by extension 'ignore_ament_install'
[0.779s] colcon.colcon_core.package_identification Level 1 _identify(logs/soma_cube_training_20250808_234153/tensorboard) by extensions ['colcon_pkg']
[0.779s] colcon.colcon_core.package_identification Level 1 _identify(logs/soma_cube_training_20250808_234153/tensorboard) by extension 'colcon_pkg'
[0.779s] colcon.colcon_core.package_identification Level 1 _identify(logs/soma_cube_training_20250808_234153/tensorboard) by extensions ['colcon_meta']
[0.779s] colcon.colcon_core.package_identification Level 1 _identify(logs/soma_cube_training_20250808_234153/tensorboard) by extension 'colcon_meta'
[0.779s] colcon.colcon_core.package_identification Level 1 _identify(logs/soma_cube_training_20250808_234153/tensorboard) by extensions ['ros']
[0.779s] colcon.colcon_core.package_identification Level 1 _identify(logs/soma_cube_training_20250808_234153/tensorboard) by extension 'ros'
[0.779s] colcon.colcon_core.package_identification Level 1 _identify(logs/soma_cube_training_20250808_234153/tensorboard) by extensions ['cmake', 'python']
[0.779s] colcon.colcon_core.package_identification Level 1 _identify(logs/soma_cube_training_20250808_234153/tensorboard) by extension 'cmake'
[0.779s] colcon.colcon_core.package_identification Level 1 _identify(logs/soma_cube_training_20250808_234153/tensorboard) by extension 'python'
[0.779s] colcon.colcon_core.package_identification Level 1 _identify(logs/soma_cube_training_20250808_234153/tensorboard) by extensions ['python_setup_py']
[0.779s] colcon.colcon_core.package_identification Level 1 _identify(logs/soma_cube_training_20250808_234153/tensorboard) by extension 'python_setup_py'
[0.780s] colcon.colcon_core.package_identification Level 1 _identify(logs/soma_cube_training_20250809_001742) by extensions ['ignore', 'ignore_ament_install']
[0.780s] colcon.colcon_core.package_identification Level 1 _identify(logs/soma_cube_training_20250809_001742) by extension 'ignore'
[0.780s] colcon.colcon_core.package_identification Level 1 _identify(logs/soma_cube_training_20250809_001742) by extension 'ignore_ament_install'
[0.780s] colcon.colcon_core.package_identification Level 1 _identify(logs/soma_cube_training_20250809_001742) by extensions ['colcon_pkg']
[0.780s] colcon.colcon_core.package_identification Level 1 _identify(logs/soma_cube_training_20250809_001742) by extension 'colcon_pkg'
[0.780s] colcon.colcon_core.package_identification Level 1 _identify(logs/soma_cube_training_20250809_001742) by extensions ['colcon_meta']
[0.780s] colcon.colcon_core.package_identification Level 1 _identify(logs/soma_cube_training_20250809_001742) by extension 'colcon_meta'
[0.780s] colcon.colcon_core.package_identification Level 1 _identify(logs/soma_cube_training_20250809_001742) by extensions ['ros']
[0.780s] colcon.colcon_core.package_identification Level 1 _identify(logs/soma_cube_training_20250809_001742) by extension 'ros'
[0.780s] colcon.colcon_core.package_identification Level 1 _identify(logs/soma_cube_training_20250809_001742) by extensions ['cmake', 'python']
[0.780s] colcon.colcon_core.package_identification Level 1 _identify(logs/soma_cube_training_20250809_001742) by extension 'cmake'
[0.780s] colcon.colcon_core.package_identification Level 1 _identify(logs/soma_cube_training_20250809_001742) by extension 'python'
[0.780s] colcon.colcon_core.package_identification Level 1 _identify(logs/soma_cube_training_20250809_001742) by extensions ['python_setup_py']
[0.780s] colcon.colcon_core.package_identification Level 1 _identify(logs/soma_cube_training_20250809_001742) by extension 'python_setup_py'
[0.780s] colcon.colcon_core.package_identification Level 1 _identify(logs/soma_cube_training_20250809_001742/tensorboard) by extensions ['ignore', 'ignore_ament_install']
[0.780s] colcon.colcon_core.package_identification Level 1 _identify(logs/soma_cube_training_20250809_001742/tensorboard) by extension 'ignore'
[0.780s] colcon.colcon_core.package_identification Level 1 _identify(logs/soma_cube_training_20250809_001742/tensorboard) by extension 'ignore_ament_install'
[0.780s] colcon.colcon_core.package_identification Level 1 _identify(logs/soma_cube_training_20250809_001742/tensorboard) by extensions ['colcon_pkg']
[0.780s] colcon.colcon_core.package_identification Level 1 _identify(logs/soma_cube_training_20250809_001742/tensorboard) by extension 'colcon_pkg'
[0.780s] colcon.colcon_core.package_identification Level 1 _identify(logs/soma_cube_training_20250809_001742/tensorboard) by extensions ['colcon_meta']
[0.780s] colcon.colcon_core.package_identification Level 1 _identify(logs/soma_cube_training_20250809_001742/tensorboard) by extension 'colcon_meta'
[0.781s] colcon.colcon_core.package_identification Level 1 _identify(logs/soma_cube_training_20250809_001742/tensorboard) by extensions ['ros']
[0.781s] colcon.colcon_core.package_identification Level 1 _identify(logs/soma_cube_training_20250809_001742/tensorboard) by extension 'ros'
[0.781s] colcon.colcon_core.package_identification Level 1 _identify(logs/soma_cube_training_20250809_001742/tensorboard) by extensions ['cmake', 'python']
[0.781s] colcon.colcon_core.package_identification Level 1 _identify(logs/soma_cube_training_20250809_001742/tensorboard) by extension 'cmake'
[0.781s] colcon.colcon_core.package_identification Level 1 _identify(logs/soma_cube_training_20250809_001742/tensorboard) by extension 'python'
[0.781s] colcon.colcon_core.package_identification Level 1 _identify(logs/soma_cube_training_20250809_001742/tensorboard) by extensions ['python_setup_py']
[0.781s] colcon.colcon_core.package_identification Level 1 _identify(logs/soma_cube_training_20250809_001742/tensorboard) by extension 'python_setup_py'
[0.781s] colcon.colcon_core.package_identification Level 1 _identify(logs/soma_cube_training_20250809_003052) by extensions ['ignore', 'ignore_ament_install']
[0.781s] colcon.colcon_core.package_identification Level 1 _identify(logs/soma_cube_training_20250809_003052) by extension 'ignore'
[0.781s] colcon.colcon_core.package_identification Level 1 _identify(logs/soma_cube_training_20250809_003052) by extension 'ignore_ament_install'
[0.781s] colcon.colcon_core.package_identification Level 1 _identify(logs/soma_cube_training_20250809_003052) by extensions ['colcon_pkg']
[0.781s] colcon.colcon_core.package_identification Level 1 _identify(logs/soma_cube_training_20250809_003052) by extension 'colcon_pkg'
[0.781s] colcon.colcon_core.package_identification Level 1 _identify(logs/soma_cube_training_20250809_003052) by extensions ['colcon_meta']
[0.781s] colcon.colcon_core.package_identification Level 1 _identify(logs/soma_cube_training_20250809_003052) by extension 'colcon_meta'
[0.781s] colcon.colcon_core.package_identification Level 1 _identify(logs/soma_cube_training_20250809_003052) by extensions ['ros']
[0.781s] colcon.colcon_core.package_identification Level 1 _identify(logs/soma_cube_training_20250809_003052) by extension 'ros'
[0.781s] colcon.colcon_core.package_identification Level 1 _identify(logs/soma_cube_training_20250809_003052) by extensions ['cmake', 'python']
[0.781s] colcon.colcon_core.package_identification Level 1 _identify(logs/soma_cube_training_20250809_003052) by extension 'cmake'
[0.781s] colcon.colcon_core.package_identification Level 1 _identify(logs/soma_cube_training_20250809_003052) by extension 'python'
[0.781s] colcon.colcon_core.package_identification Level 1 _identify(logs/soma_cube_training_20250809_003052) by extensions ['python_setup_py']
[0.781s] colcon.colcon_core.package_identification Level 1 _identify(logs/soma_cube_training_20250809_003052) by extension 'python_setup_py'
[0.781s] colcon.colcon_core.package_identification Level 1 _identify(logs/soma_cube_training_20250809_003052/tensorboard) by extensions ['ignore', 'ignore_ament_install']
[0.781s] colcon.colcon_core.package_identification Level 1 _identify(logs/soma_cube_training_20250809_003052/tensorboard) by extension 'ignore'
[0.782s] colcon.colcon_core.package_identification Level 1 _identify(logs/soma_cube_training_20250809_003052/tensorboard) by extension 'ignore_ament_install'
[0.782s] colcon.colcon_core.package_identification Level 1 _identify(logs/soma_cube_training_20250809_003052/tensorboard) by extensions ['colcon_pkg']
[0.782s] colcon.colcon_core.package_identification Level 1 _identify(logs/soma_cube_training_20250809_003052/tensorboard) by extension 'colcon_pkg'
[0.782s] colcon.colcon_core.package_identification Level 1 _identify(logs/soma_cube_training_20250809_003052/tensorboard) by extensions ['colcon_meta']
[0.782s] colcon.colcon_core.package_identification Level 1 _identify(logs/soma_cube_training_20250809_003052/tensorboard) by extension 'colcon_meta'
[0.782s] colcon.colcon_core.package_identification Level 1 _identify(logs/soma_cube_training_20250809_003052/tensorboard) by extensions ['ros']
[0.782s] colcon.colcon_core.package_identification Level 1 _identify(logs/soma_cube_training_20250809_003052/tensorboard) by extension 'ros'
[0.782s] colcon.colcon_core.package_identification Level 1 _identify(logs/soma_cube_training_20250809_003052/tensorboard) by extensions ['cmake', 'python']
[0.782s] colcon.colcon_core.package_identification Level 1 _identify(logs/soma_cube_training_20250809_003052/tensorboard) by extension 'cmake'
[0.782s] colcon.colcon_core.package_identification Level 1 _identify(logs/soma_cube_training_20250809_003052/tensorboard) by extension 'python'
[0.782s] colcon.colcon_core.package_identification Level 1 _identify(logs/soma_cube_training_20250809_003052/tensorboard) by extensions ['python_setup_py']
[0.782s] colcon.colcon_core.package_identification Level 1 _identify(logs/soma_cube_training_20250809_003052/tensorboard) by extension 'python_setup_py'
[0.782s] colcon.colcon_core.package_identification Level 1 _identify(logs/soma_v1_1754642331) by extensions ['ignore', 'ignore_ament_install']
[0.782s] colcon.colcon_core.package_identification Level 1 _identify(logs/soma_v1_1754642331) by extension 'ignore'
[0.782s] colcon.colcon_core.package_identification Level 1 _identify(logs/soma_v1_1754642331) by extension 'ignore_ament_install'
[0.782s] colcon.colcon_core.package_identification Level 1 _identify(logs/soma_v1_1754642331) by extensions ['colcon_pkg']
[0.782s] colcon.colcon_core.package_identification Level 1 _identify(logs/soma_v1_1754642331) by extension 'colcon_pkg'
[0.782s] colcon.colcon_core.package_identification Level 1 _identify(logs/soma_v1_1754642331) by extensions ['colcon_meta']
[0.782s] colcon.colcon_core.package_identification Level 1 _identify(logs/soma_v1_1754642331) by extension 'colcon_meta'
[0.782s] colcon.colcon_core.package_identification Level 1 _identify(logs/soma_v1_1754642331) by extensions ['ros']
[0.782s] colcon.colcon_core.package_identification Level 1 _identify(logs/soma_v1_1754642331) by extension 'ros'
[0.782s] colcon.colcon_core.package_identification Level 1 _identify(logs/soma_v1_1754642331) by extensions ['cmake', 'python']
[0.782s] colcon.colcon_core.package_identification Level 1 _identify(logs/soma_v1_1754642331) by extension 'cmake'
[0.782s] colcon.colcon_core.package_identification Level 1 _identify(logs/soma_v1_1754642331) by extension 'python'
[0.782s] colcon.colcon_core.package_identification Level 1 _identify(logs/soma_v1_1754642331) by extensions ['python_setup_py']
[0.782s] colcon.colcon_core.package_identification Level 1 _identify(logs/soma_v1_1754642331) by extension 'python_setup_py'
[0.783s] colcon.colcon_core.package_identification Level 1 _identify(logs/test_training_1754642529) by extensions ['ignore', 'ignore_ament_install']
[0.783s] colcon.colcon_core.package_identification Level 1 _identify(logs/test_training_1754642529) by extension 'ignore'
[0.783s] colcon.colcon_core.package_identification Level 1 _identify(logs/test_training_1754642529) by extension 'ignore_ament_install'
[0.783s] colcon.colcon_core.package_identification Level 1 _identify(logs/test_training_1754642529) by extensions ['colcon_pkg']
[0.783s] colcon.colcon_core.package_identification Level 1 _identify(logs/test_training_1754642529) by extension 'colcon_pkg'
[0.783s] colcon.colcon_core.package_identification Level 1 _identify(logs/test_training_1754642529) by extensions ['colcon_meta']
[0.783s] colcon.colcon_core.package_identification Level 1 _identify(logs/test_training_1754642529) by extension 'colcon_meta'
[0.783s] colcon.colcon_core.package_identification Level 1 _identify(logs/test_training_1754642529) by extensions ['ros']
[0.783s] colcon.colcon_core.package_identification Level 1 _identify(logs/test_training_1754642529) by extension 'ros'
[0.783s] colcon.colcon_core.package_identification Level 1 _identify(logs/test_training_1754642529) by extensions ['cmake', 'python']
[0.783s] colcon.colcon_core.package_identification Level 1 _identify(logs/test_training_1754642529) by extension 'cmake'
[0.783s] colcon.colcon_core.package_identification Level 1 _identify(logs/test_training_1754642529) by extension 'python'
[0.783s] colcon.colcon_core.package_identification Level 1 _identify(logs/test_training_1754642529) by extensions ['python_setup_py']
[0.783s] colcon.colcon_core.package_identification Level 1 _identify(logs/test_training_1754642529) by extension 'python_setup_py'
[0.783s] colcon.colcon_core.package_identification Level 1 _identify(logs/test_training_small_1754642539) by extensions ['ignore', 'ignore_ament_install']
[0.784s] colcon.colcon_core.package_identification Level 1 _identify(logs/test_training_small_1754642539) by extension 'ignore'
[0.784s] colcon.colcon_core.package_identification Level 1 _identify(logs/test_training_small_1754642539) by extension 'ignore_ament_install'
[0.784s] colcon.colcon_core.package_identification Level 1 _identify(logs/test_training_small_1754642539) by extensions ['colcon_pkg']
[0.784s] colcon.colcon_core.package_identification Level 1 _identify(logs/test_training_small_1754642539) by extension 'colcon_pkg'
[0.784s] colcon.colcon_core.package_identification Level 1 _identify(logs/test_training_small_1754642539) by extensions ['colcon_meta']
[0.784s] colcon.colcon_core.package_identification Level 1 _identify(logs/test_training_small_1754642539) by extension 'colcon_meta'
[0.784s] colcon.colcon_core.package_identification Level 1 _identify(logs/test_training_small_1754642539) by extensions ['ros']
[0.784s] colcon.colcon_core.package_identification Level 1 _identify(logs/test_training_small_1754642539) by extension 'ros'
[0.784s] colcon.colcon_core.package_identification Level 1 _identify(logs/test_training_small_1754642539) by extensions ['cmake', 'python']
[0.784s] colcon.colcon_core.package_identification Level 1 _identify(logs/test_training_small_1754642539) by extension 'cmake'
[0.784s] colcon.colcon_core.package_identification Level 1 _identify(logs/test_training_small_1754642539) by extension 'python'
[0.784s] colcon.colcon_core.package_identification Level 1 _identify(logs/test_training_small_1754642539) by extensions ['python_setup_py']
[0.784s] colcon.colcon_core.package_identification Level 1 _identify(logs/test_training_small_1754642539) by extension 'python_setup_py'
[0.784s] colcon.colcon_core.package_identification Level 1 _identify(logs/test_training_small_1754642539/eval_logs) by extensions ['ignore', 'ignore_ament_install']
[0.784s] colcon.colcon_core.package_identification Level 1 _identify(logs/test_training_small_1754642539/eval_logs) by extension 'ignore'
[0.784s] colcon.colcon_core.package_identification Level 1 _identify(logs/test_training_small_1754642539/eval_logs) by extension 'ignore_ament_install'
[0.784s] colcon.colcon_core.package_identification Level 1 _identify(logs/test_training_small_1754642539/eval_logs) by extensions ['colcon_pkg']
[0.784s] colcon.colcon_core.package_identification Level 1 _identify(logs/test_training_small_1754642539/eval_logs) by extension 'colcon_pkg'
[0.784s] colcon.colcon_core.package_identification Level 1 _identify(logs/test_training_small_1754642539/eval_logs) by extensions ['colcon_meta']
[0.784s] colcon.colcon_core.package_identification Level 1 _identify(logs/test_training_small_1754642539/eval_logs) by extension 'colcon_meta'
[0.784s] colcon.colcon_core.package_identification Level 1 _identify(logs/test_training_small_1754642539/eval_logs) by extensions ['ros']
[0.784s] colcon.colcon_core.package_identification Level 1 _identify(logs/test_training_small_1754642539/eval_logs) by extension 'ros'
[0.785s] colcon.colcon_core.package_identification Level 1 _identify(logs/test_training_small_1754642539/eval_logs) by extensions ['cmake', 'python']
[0.785s] colcon.colcon_core.package_identification Level 1 _identify(logs/test_training_small_1754642539/eval_logs) by extension 'cmake'
[0.785s] colcon.colcon_core.package_identification Level 1 _identify(logs/test_training_small_1754642539/eval_logs) by extension 'python'
[0.785s] colcon.colcon_core.package_identification Level 1 _identify(logs/test_training_small_1754642539/eval_logs) by extensions ['python_setup_py']
[0.785s] colcon.colcon_core.package_identification Level 1 _identify(logs/test_training_small_1754642539/eval_logs) by extension 'python_setup_py'
[0.785s] colcon.colcon_core.package_identification Level 1 _identify(logs/training_integration_test_20250809_115412) by extensions ['ignore', 'ignore_ament_install']
[0.785s] colcon.colcon_core.package_identification Level 1 _identify(logs/training_integration_test_20250809_115412) by extension 'ignore'
[0.785s] colcon.colcon_core.package_identification Level 1 _identify(logs/training_integration_test_20250809_115412) by extension 'ignore_ament_install'
[0.785s] colcon.colcon_core.package_identification Level 1 _identify(logs/training_integration_test_20250809_115412) by extensions ['colcon_pkg']
[0.785s] colcon.colcon_core.package_identification Level 1 _identify(logs/training_integration_test_20250809_115412) by extension 'colcon_pkg'
[0.785s] colcon.colcon_core.package_identification Level 1 _identify(logs/training_integration_test_20250809_115412) by extensions ['colcon_meta']
[0.785s] colcon.colcon_core.package_identification Level 1 _identify(logs/training_integration_test_20250809_115412) by extension 'colcon_meta'
[0.785s] colcon.colcon_core.package_identification Level 1 _identify(logs/training_integration_test_20250809_115412) by extensions ['ros']
[0.785s] colcon.colcon_core.package_identification Level 1 _identify(logs/training_integration_test_20250809_115412) by extension 'ros'
[0.785s] colcon.colcon_core.package_identification Level 1 _identify(logs/training_integration_test_20250809_115412) by extensions ['cmake', 'python']
[0.785s] colcon.colcon_core.package_identification Level 1 _identify(logs/training_integration_test_20250809_115412) by extension 'cmake'
[0.785s] colcon.colcon_core.package_identification Level 1 _identify(logs/training_integration_test_20250809_115412) by extension 'python'
[0.785s] colcon.colcon_core.package_identification Level 1 _identify(logs/training_integration_test_20250809_115412) by extensions ['python_setup_py']
[0.785s] colcon.colcon_core.package_identification Level 1 _identify(logs/training_integration_test_20250809_115412) by extension 'python_setup_py'
[0.785s] colcon.colcon_core.package_identification Level 1 _identify(logs/training_integration_test_20250809_115412/tensorboard) by extensions ['ignore', 'ignore_ament_install']
[0.785s] colcon.colcon_core.package_identification Level 1 _identify(logs/training_integration_test_20250809_115412/tensorboard) by extension 'ignore'
[0.786s] colcon.colcon_core.package_identification Level 1 _identify(logs/training_integration_test_20250809_115412/tensorboard) by extension 'ignore_ament_install'
[0.786s] colcon.colcon_core.package_identification Level 1 _identify(logs/training_integration_test_20250809_115412/tensorboard) by extensions ['colcon_pkg']
[0.786s] colcon.colcon_core.package_identification Level 1 _identify(logs/training_integration_test_20250809_115412/tensorboard) by extension 'colcon_pkg'
[0.786s] colcon.colcon_core.package_identification Level 1 _identify(logs/training_integration_test_20250809_115412/tensorboard) by extensions ['colcon_meta']
[0.786s] colcon.colcon_core.package_identification Level 1 _identify(logs/training_integration_test_20250809_115412/tensorboard) by extension 'colcon_meta'
[0.786s] colcon.colcon_core.package_identification Level 1 _identify(logs/training_integration_test_20250809_115412/tensorboard) by extensions ['ros']
[0.786s] colcon.colcon_core.package_identification Level 1 _identify(logs/training_integration_test_20250809_115412/tensorboard) by extension 'ros'
[0.786s] colcon.colcon_core.package_identification Level 1 _identify(logs/training_integration_test_20250809_115412/tensorboard) by extensions ['cmake', 'python']
[0.786s] colcon.colcon_core.package_identification Level 1 _identify(logs/training_integration_test_20250809_115412/tensorboard) by extension 'cmake'
[0.786s] colcon.colcon_core.package_identification Level 1 _identify(logs/training_integration_test_20250809_115412/tensorboard) by extension 'python'
[0.786s] colcon.colcon_core.package_identification Level 1 _identify(logs/training_integration_test_20250809_115412/tensorboard) by extensions ['python_setup_py']
[0.786s] colcon.colcon_core.package_identification Level 1 _identify(logs/training_integration_test_20250809_115412/tensorboard) by extension 'python_setup_py'
[0.786s] colcon.colcon_core.package_identification Level 1 _identify(models) by extensions ['ignore', 'ignore_ament_install']
[0.786s] colcon.colcon_core.package_identification Level 1 _identify(models) by extension 'ignore'
[0.786s] colcon.colcon_core.package_identification Level 1 _identify(models) by extension 'ignore_ament_install'
[0.786s] colcon.colcon_core.package_identification Level 1 _identify(models) by extensions ['colcon_pkg']
[0.786s] colcon.colcon_core.package_identification Level 1 _identify(models) by extension 'colcon_pkg'
[0.786s] colcon.colcon_core.package_identification Level 1 _identify(models) by extensions ['colcon_meta']
[0.786s] colcon.colcon_core.package_identification Level 1 _identify(models) by extension 'colcon_meta'
[0.786s] colcon.colcon_core.package_identification Level 1 _identify(models) by extensions ['ros']
[0.786s] colcon.colcon_core.package_identification Level 1 _identify(models) by extension 'ros'
[0.786s] colcon.colcon_core.package_identification Level 1 _identify(models) by extensions ['cmake', 'python']
[0.786s] colcon.colcon_core.package_identification Level 1 _identify(models) by extension 'cmake'
[0.786s] colcon.colcon_core.package_identification Level 1 _identify(models) by extension 'python'
[0.786s] colcon.colcon_core.package_identification Level 1 _identify(models) by extensions ['python_setup_py']
[0.786s] colcon.colcon_core.package_identification Level 1 _identify(models) by extension 'python_setup_py'
[0.787s] colcon.colcon_core.package_identification Level 1 _identify(models/best) by extensions ['ignore', 'ignore_ament_install']
[0.787s] colcon.colcon_core.package_identification Level 1 _identify(models/best) by extension 'ignore'
[0.787s] colcon.colcon_core.package_identification Level 1 _identify(models/best) by extension 'ignore_ament_install'
[0.787s] colcon.colcon_core.package_identification Level 1 _identify(models/best) by extensions ['colcon_pkg']
[0.787s] colcon.colcon_core.package_identification Level 1 _identify(models/best) by extension 'colcon_pkg'
[0.787s] colcon.colcon_core.package_identification Level 1 _identify(models/best) by extensions ['colcon_meta']
[0.787s] colcon.colcon_core.package_identification Level 1 _identify(models/best) by extension 'colcon_meta'
[0.787s] colcon.colcon_core.package_identification Level 1 _identify(models/best) by extensions ['ros']
[0.787s] colcon.colcon_core.package_identification Level 1 _identify(models/best) by extension 'ros'
[0.787s] colcon.colcon_core.package_identification Level 1 _identify(models/best) by extensions ['cmake', 'python']
[0.787s] colcon.colcon_core.package_identification Level 1 _identify(models/best) by extension 'cmake'
[0.787s] colcon.colcon_core.package_identification Level 1 _identify(models/best) by extension 'python'
[0.787s] colcon.colcon_core.package_identification Level 1 _identify(models/best) by extensions ['python_setup_py']
[0.787s] colcon.colcon_core.package_identification Level 1 _identify(models/best) by extension 'python_setup_py'
[0.787s] colcon.colcon_core.package_identification Level 1 _identify(models/full_training) by extensions ['ignore', 'ignore_ament_install']
[0.787s] colcon.colcon_core.package_identification Level 1 _identify(models/full_training) by extension 'ignore'
[0.787s] colcon.colcon_core.package_identification Level 1 _identify(models/full_training) by extension 'ignore_ament_install'
[0.787s] colcon.colcon_core.package_identification Level 1 _identify(models/full_training) by extensions ['colcon_pkg']
[0.787s] colcon.colcon_core.package_identification Level 1 _identify(models/full_training) by extension 'colcon_pkg'
[0.788s] colcon.colcon_core.package_identification Level 1 _identify(models/full_training) by extensions ['colcon_meta']
[0.788s] colcon.colcon_core.package_identification Level 1 _identify(models/full_training) by extension 'colcon_meta'
[0.788s] colcon.colcon_core.package_identification Level 1 _identify(models/full_training) by extensions ['ros']
[0.788s] colcon.colcon_core.package_identification Level 1 _identify(models/full_training) by extension 'ros'
[0.788s] colcon.colcon_core.package_identification Level 1 _identify(models/full_training) by extensions ['cmake', 'python']
[0.788s] colcon.colcon_core.package_identification Level 1 _identify(models/full_training) by extension 'cmake'
[0.788s] colcon.colcon_core.package_identification Level 1 _identify(models/full_training) by extension 'python'
[0.788s] colcon.colcon_core.package_identification Level 1 _identify(models/full_training) by extensions ['python_setup_py']
[0.788s] colcon.colcon_core.package_identification Level 1 _identify(models/full_training) by extension 'python_setup_py'
[0.788s] colcon.colcon_core.package_identification Level 1 _identify(models/full_training/best_model) by extensions ['ignore', 'ignore_ament_install']
[0.788s] colcon.colcon_core.package_identification Level 1 _identify(models/full_training/best_model) by extension 'ignore'
[0.788s] colcon.colcon_core.package_identification Level 1 _identify(models/full_training/best_model) by extension 'ignore_ament_install'
[0.788s] colcon.colcon_core.package_identification Level 1 _identify(models/full_training/best_model) by extensions ['colcon_pkg']
[0.788s] colcon.colcon_core.package_identification Level 1 _identify(models/full_training/best_model) by extension 'colcon_pkg'
[0.788s] colcon.colcon_core.package_identification Level 1 _identify(models/full_training/best_model) by extensions ['colcon_meta']
[0.788s] colcon.colcon_core.package_identification Level 1 _identify(models/full_training/best_model) by extension 'colcon_meta'
[0.788s] colcon.colcon_core.package_identification Level 1 _identify(models/full_training/best_model) by extensions ['ros']
[0.788s] colcon.colcon_core.package_identification Level 1 _identify(models/full_training/best_model) by extension 'ros'
[0.788s] colcon.colcon_core.package_identification Level 1 _identify(models/full_training/best_model) by extensions ['cmake', 'python']
[0.788s] colcon.colcon_core.package_identification Level 1 _identify(models/full_training/best_model) by extension 'cmake'
[0.788s] colcon.colcon_core.package_identification Level 1 _identify(models/full_training/best_model) by extension 'python'
[0.788s] colcon.colcon_core.package_identification Level 1 _identify(models/full_training/best_model) by extensions ['python_setup_py']
[0.788s] colcon.colcon_core.package_identification Level 1 _identify(models/full_training/best_model) by extension 'python_setup_py'
[0.789s] colcon.colcon_core.package_identification Level 1 _identify(models/full_training/checkpoints) by extensions ['ignore', 'ignore_ament_install']
[0.789s] colcon.colcon_core.package_identification Level 1 _identify(models/full_training/checkpoints) by extension 'ignore'
[0.789s] colcon.colcon_core.package_identification Level 1 _identify(models/full_training/checkpoints) by extension 'ignore_ament_install'
[0.789s] colcon.colcon_core.package_identification Level 1 _identify(models/full_training/checkpoints) by extensions ['colcon_pkg']
[0.789s] colcon.colcon_core.package_identification Level 1 _identify(models/full_training/checkpoints) by extension 'colcon_pkg'
[0.789s] colcon.colcon_core.package_identification Level 1 _identify(models/full_training/checkpoints) by extensions ['colcon_meta']
[0.789s] colcon.colcon_core.package_identification Level 1 _identify(models/full_training/checkpoints) by extension 'colcon_meta'
[0.789s] colcon.colcon_core.package_identification Level 1 _identify(models/full_training/checkpoints) by extensions ['ros']
[0.789s] colcon.colcon_core.package_identification Level 1 _identify(models/full_training/checkpoints) by extension 'ros'
[0.789s] colcon.colcon_core.package_identification Level 1 _identify(models/full_training/checkpoints) by extensions ['cmake', 'python']
[0.789s] colcon.colcon_core.package_identification Level 1 _identify(models/full_training/checkpoints) by extension 'cmake'
[0.789s] colcon.colcon_core.package_identification Level 1 _identify(models/full_training/checkpoints) by extension 'python'
[0.789s] colcon.colcon_core.package_identification Level 1 _identify(models/full_training/checkpoints) by extensions ['python_setup_py']
[0.789s] colcon.colcon_core.package_identification Level 1 _identify(models/full_training/checkpoints) by extension 'python_setup_py'
[0.789s] colcon.colcon_core.package_identification Level 1 _identify(models/m0609_ppo_20250809_152628) by extensions ['ignore', 'ignore_ament_install']
[0.789s] colcon.colcon_core.package_identification Level 1 _identify(models/m0609_ppo_20250809_152628) by extension 'ignore'
[0.789s] colcon.colcon_core.package_identification Level 1 _identify(models/m0609_ppo_20250809_152628) by extension 'ignore_ament_install'
[0.789s] colcon.colcon_core.package_identification Level 1 _identify(models/m0609_ppo_20250809_152628) by extensions ['colcon_pkg']
[0.789s] colcon.colcon_core.package_identification Level 1 _identify(models/m0609_ppo_20250809_152628) by extension 'colcon_pkg'
[0.789s] colcon.colcon_core.package_identification Level 1 _identify(models/m0609_ppo_20250809_152628) by extensions ['colcon_meta']
[0.789s] colcon.colcon_core.package_identification Level 1 _identify(models/m0609_ppo_20250809_152628) by extension 'colcon_meta'
[0.790s] colcon.colcon_core.package_identification Level 1 _identify(models/m0609_ppo_20250809_152628) by extensions ['ros']
[0.790s] colcon.colcon_core.package_identification Level 1 _identify(models/m0609_ppo_20250809_152628) by extension 'ros'
[0.790s] colcon.colcon_core.package_identification Level 1 _identify(models/m0609_ppo_20250809_152628) by extensions ['cmake', 'python']
[0.790s] colcon.colcon_core.package_identification Level 1 _identify(models/m0609_ppo_20250809_152628) by extension 'cmake'
[0.790s] colcon.colcon_core.package_identification Level 1 _identify(models/m0609_ppo_20250809_152628) by extension 'python'
[0.790s] colcon.colcon_core.package_identification Level 1 _identify(models/m0609_ppo_20250809_152628) by extensions ['python_setup_py']
[0.790s] colcon.colcon_core.package_identification Level 1 _identify(models/m0609_ppo_20250809_152628) by extension 'python_setup_py'
[0.790s] colcon.colcon_core.package_identification Level 1 _identify(models/new_training) by extensions ['ignore', 'ignore_ament_install']
[0.790s] colcon.colcon_core.package_identification Level 1 _identify(models/new_training) by extension 'ignore'
[0.790s] colcon.colcon_core.package_identification Level 1 _identify(models/new_training) by extension 'ignore_ament_install'
[0.790s] colcon.colcon_core.package_identification Level 1 _identify(models/new_training) by extensions ['colcon_pkg']
[0.790s] colcon.colcon_core.package_identification Level 1 _identify(models/new_training) by extension 'colcon_pkg'
[0.790s] colcon.colcon_core.package_identification Level 1 _identify(models/new_training) by extensions ['colcon_meta']
[0.790s] colcon.colcon_core.package_identification Level 1 _identify(models/new_training) by extension 'colcon_meta'
[0.790s] colcon.colcon_core.package_identification Level 1 _identify(models/new_training) by extensions ['ros']
[0.790s] colcon.colcon_core.package_identification Level 1 _identify(models/new_training) by extension 'ros'
[0.790s] colcon.colcon_core.package_identification Level 1 _identify(models/new_training) by extensions ['cmake', 'python']
[0.790s] colcon.colcon_core.package_identification Level 1 _identify(models/new_training) by extension 'cmake'
[0.790s] colcon.colcon_core.package_identification Level 1 _identify(models/new_training) by extension 'python'
[0.790s] colcon.colcon_core.package_identification Level 1 _identify(models/new_training) by extensions ['python_setup_py']
[0.790s] colcon.colcon_core.package_identification Level 1 _identify(models/new_training) by extension 'python_setup_py'
[0.791s] colcon.colcon_core.package_identification Level 1 _identify(models/new_training/tensorboard_logs) by extensions ['ignore', 'ignore_ament_install']
[0.791s] colcon.colcon_core.package_identification Level 1 _identify(models/new_training/tensorboard_logs) by extension 'ignore'
[0.791s] colcon.colcon_core.package_identification Level 1 _identify(models/new_training/tensorboard_logs) by extension 'ignore_ament_install'
[0.791s] colcon.colcon_core.package_identification Level 1 _identify(models/new_training/tensorboard_logs) by extensions ['colcon_pkg']
[0.791s] colcon.colcon_core.package_identification Level 1 _identify(models/new_training/tensorboard_logs) by extension 'colcon_pkg'
[0.791s] colcon.colcon_core.package_identification Level 1 _identify(models/new_training/tensorboard_logs) by extensions ['colcon_meta']
[0.791s] colcon.colcon_core.package_identification Level 1 _identify(models/new_training/tensorboard_logs) by extension 'colcon_meta'
[0.791s] colcon.colcon_core.package_identification Level 1 _identify(models/new_training/tensorboard_logs) by extensions ['ros']
[0.791s] colcon.colcon_core.package_identification Level 1 _identify(models/new_training/tensorboard_logs) by extension 'ros'
[0.791s] colcon.colcon_core.package_identification Level 1 _identify(models/new_training/tensorboard_logs) by extensions ['cmake', 'python']
[0.791s] colcon.colcon_core.package_identification Level 1 _identify(models/new_training/tensorboard_logs) by extension 'cmake'
[0.791s] colcon.colcon_core.package_identification Level 1 _identify(models/new_training/tensorboard_logs) by extension 'python'
[0.791s] colcon.colcon_core.package_identification Level 1 _identify(models/new_training/tensorboard_logs) by extensions ['python_setup_py']
[0.791s] colcon.colcon_core.package_identification Level 1 _identify(models/new_training/tensorboard_logs) by extension 'python_setup_py'
[0.791s] colcon.colcon_core.package_identification Level 1 _identify(models/new_training/tensorboard_logs/PPO_1) by extensions ['ignore', 'ignore_ament_install']
[0.791s] colcon.colcon_core.package_identification Level 1 _identify(models/new_training/tensorboard_logs/PPO_1) by extension 'ignore'
[0.791s] colcon.colcon_core.package_identification Level 1 _identify(models/new_training/tensorboard_logs/PPO_1) by extension 'ignore_ament_install'
[0.791s] colcon.colcon_core.package_identification Level 1 _identify(models/new_training/tensorboard_logs/PPO_1) by extensions ['colcon_pkg']
[0.791s] colcon.colcon_core.package_identification Level 1 _identify(models/new_training/tensorboard_logs/PPO_1) by extension 'colcon_pkg'
[0.791s] colcon.colcon_core.package_identification Level 1 _identify(models/new_training/tensorboard_logs/PPO_1) by extensions ['colcon_meta']
[0.791s] colcon.colcon_core.package_identification Level 1 _identify(models/new_training/tensorboard_logs/PPO_1) by extension 'colcon_meta'
[0.791s] colcon.colcon_core.package_identification Level 1 _identify(models/new_training/tensorboard_logs/PPO_1) by extensions ['ros']
[0.791s] colcon.colcon_core.package_identification Level 1 _identify(models/new_training/tensorboard_logs/PPO_1) by extension 'ros'
[0.792s] colcon.colcon_core.package_identification Level 1 _identify(models/new_training/tensorboard_logs/PPO_1) by extensions ['cmake', 'python']
[0.792s] colcon.colcon_core.package_identification Level 1 _identify(models/new_training/tensorboard_logs/PPO_1) by extension 'cmake'
[0.792s] colcon.colcon_core.package_identification Level 1 _identify(models/new_training/tensorboard_logs/PPO_1) by extension 'python'
[0.792s] colcon.colcon_core.package_identification Level 1 _identify(models/new_training/tensorboard_logs/PPO_1) by extensions ['python_setup_py']
[0.792s] colcon.colcon_core.package_identification Level 1 _identify(models/new_training/tensorboard_logs/PPO_1) by extension 'python_setup_py'
[0.792s] colcon.colcon_core.package_identification Level 1 _identify(models/new_training/tensorboard_logs/PPO_2) by extensions ['ignore', 'ignore_ament_install']
[0.792s] colcon.colcon_core.package_identification Level 1 _identify(models/new_training/tensorboard_logs/PPO_2) by extension 'ignore'
[0.792s] colcon.colcon_core.package_identification Level 1 _identify(models/new_training/tensorboard_logs/PPO_2) by extension 'ignore_ament_install'
[0.792s] colcon.colcon_core.package_identification Level 1 _identify(models/new_training/tensorboard_logs/PPO_2) by extensions ['colcon_pkg']
[0.792s] colcon.colcon_core.package_identification Level 1 _identify(models/new_training/tensorboard_logs/PPO_2) by extension 'colcon_pkg'
[0.792s] colcon.colcon_core.package_identification Level 1 _identify(models/new_training/tensorboard_logs/PPO_2) by extensions ['colcon_meta']
[0.792s] colcon.colcon_core.package_identification Level 1 _identify(models/new_training/tensorboard_logs/PPO_2) by extension 'colcon_meta'
[0.792s] colcon.colcon_core.package_identification Level 1 _identify(models/new_training/tensorboard_logs/PPO_2) by extensions ['ros']
[0.792s] colcon.colcon_core.package_identification Level 1 _identify(models/new_training/tensorboard_logs/PPO_2) by extension 'ros'
[0.792s] colcon.colcon_core.package_identification Level 1 _identify(models/new_training/tensorboard_logs/PPO_2) by extensions ['cmake', 'python']
[0.792s] colcon.colcon_core.package_identification Level 1 _identify(models/new_training/tensorboard_logs/PPO_2) by extension 'cmake'
[0.792s] colcon.colcon_core.package_identification Level 1 _identify(models/new_training/tensorboard_logs/PPO_2) by extension 'python'
[0.792s] colcon.colcon_core.package_identification Level 1 _identify(models/new_training/tensorboard_logs/PPO_2) by extensions ['python_setup_py']
[0.792s] colcon.colcon_core.package_identification Level 1 _identify(models/new_training/tensorboard_logs/PPO_2) by extension 'python_setup_py'
[0.792s] colcon.colcon_core.package_identification Level 1 _identify(models/new_training/tensorboard_logs/PPO_3) by extensions ['ignore', 'ignore_ament_install']
[0.792s] colcon.colcon_core.package_identification Level 1 _identify(models/new_training/tensorboard_logs/PPO_3) by extension 'ignore'
[0.793s] colcon.colcon_core.package_identification Level 1 _identify(models/new_training/tensorboard_logs/PPO_3) by extension 'ignore_ament_install'
[0.793s] colcon.colcon_core.package_identification Level 1 _identify(models/new_training/tensorboard_logs/PPO_3) by extensions ['colcon_pkg']
[0.793s] colcon.colcon_core.package_identification Level 1 _identify(models/new_training/tensorboard_logs/PPO_3) by extension 'colcon_pkg'
[0.793s] colcon.colcon_core.package_identification Level 1 _identify(models/new_training/tensorboard_logs/PPO_3) by extensions ['colcon_meta']
[0.793s] colcon.colcon_core.package_identification Level 1 _identify(models/new_training/tensorboard_logs/PPO_3) by extension 'colcon_meta'
[0.793s] colcon.colcon_core.package_identification Level 1 _identify(models/new_training/tensorboard_logs/PPO_3) by extensions ['ros']
[0.793s] colcon.colcon_core.package_identification Level 1 _identify(models/new_training/tensorboard_logs/PPO_3) by extension 'ros'
[0.793s] colcon.colcon_core.package_identification Level 1 _identify(models/new_training/tensorboard_logs/PPO_3) by extensions ['cmake', 'python']
[0.793s] colcon.colcon_core.package_identification Level 1 _identify(models/new_training/tensorboard_logs/PPO_3) by extension 'cmake'
[0.793s] colcon.colcon_core.package_identification Level 1 _identify(models/new_training/tensorboard_logs/PPO_3) by extension 'python'
[0.793s] colcon.colcon_core.package_identification Level 1 _identify(models/new_training/tensorboard_logs/PPO_3) by extensions ['python_setup_py']
[0.793s] colcon.colcon_core.package_identification Level 1 _identify(models/new_training/tensorboard_logs/PPO_3) by extension 'python_setup_py'
[0.793s] colcon.colcon_core.package_identification Level 1 _identify(models/production) by extensions ['ignore', 'ignore_ament_install']
[0.793s] colcon.colcon_core.package_identification Level 1 _identify(models/production) by extension 'ignore'
[0.793s] colcon.colcon_core.package_identification Level 1 _identify(models/production) by extension 'ignore_ament_install'
[0.793s] colcon.colcon_core.package_identification Level 1 _identify(models/production) by extensions ['colcon_pkg']
[0.793s] colcon.colcon_core.package_identification Level 1 _identify(models/production) by extension 'colcon_pkg'
[0.793s] colcon.colcon_core.package_identification Level 1 _identify(models/production) by extensions ['colcon_meta']
[0.793s] colcon.colcon_core.package_identification Level 1 _identify(models/production) by extension 'colcon_meta'
[0.793s] colcon.colcon_core.package_identification Level 1 _identify(models/production) by extensions ['ros']
[0.793s] colcon.colcon_core.package_identification Level 1 _identify(models/production) by extension 'ros'
[0.794s] colcon.colcon_core.package_identification Level 1 _identify(models/production) by extensions ['cmake', 'python']
[0.794s] colcon.colcon_core.package_identification Level 1 _identify(models/production) by extension 'cmake'
[0.794s] colcon.colcon_core.package_identification Level 1 _identify(models/production) by extension 'python'
[0.794s] colcon.colcon_core.package_identification Level 1 _identify(models/production) by extensions ['python_setup_py']
[0.794s] colcon.colcon_core.package_identification Level 1 _identify(models/production) by extension 'python_setup_py'
[0.794s] colcon.colcon_core.package_identification Level 1 _identify(models/production_simple) by extensions ['ignore', 'ignore_ament_install']
[0.794s] colcon.colcon_core.package_identification Level 1 _identify(models/production_simple) by extension 'ignore'
[0.794s] colcon.colcon_core.package_identification Level 1 _identify(models/production_simple) by extension 'ignore_ament_install'
[0.794s] colcon.colcon_core.package_identification Level 1 _identify(models/production_simple) by extensions ['colcon_pkg']
[0.794s] colcon.colcon_core.package_identification Level 1 _identify(models/production_simple) by extension 'colcon_pkg'
[0.794s] colcon.colcon_core.package_identification Level 1 _identify(models/production_simple) by extensions ['colcon_meta']
[0.794s] colcon.colcon_core.package_identification Level 1 _identify(models/production_simple) by extension 'colcon_meta'
[0.794s] colcon.colcon_core.package_identification Level 1 _identify(models/production_simple) by extensions ['ros']
[0.794s] colcon.colcon_core.package_identification Level 1 _identify(models/production_simple) by extension 'ros'
[0.794s] colcon.colcon_core.package_identification Level 1 _identify(models/production_simple) by extensions ['cmake', 'python']
[0.794s] colcon.colcon_core.package_identification Level 1 _identify(models/production_simple) by extension 'cmake'
[0.794s] colcon.colcon_core.package_identification Level 1 _identify(models/production_simple) by extension 'python'
[0.794s] colcon.colcon_core.package_identification Level 1 _identify(models/production_simple) by extensions ['python_setup_py']
[0.794s] colcon.colcon_core.package_identification Level 1 _identify(models/production_simple) by extension 'python_setup_py'
[0.795s] colcon.colcon_core.package_identification Level 1 _identify(models/production_simple/best_model) by extensions ['ignore', 'ignore_ament_install']
[0.795s] colcon.colcon_core.package_identification Level 1 _identify(models/production_simple/best_model) by extension 'ignore'
[0.795s] colcon.colcon_core.package_identification Level 1 _identify(models/production_simple/best_model) by extension 'ignore_ament_install'
[0.795s] colcon.colcon_core.package_identification Level 1 _identify(models/production_simple/best_model) by extensions ['colcon_pkg']
[0.795s] colcon.colcon_core.package_identification Level 1 _identify(models/production_simple/best_model) by extension 'colcon_pkg'
[0.795s] colcon.colcon_core.package_identification Level 1 _identify(models/production_simple/best_model) by extensions ['colcon_meta']
[0.795s] colcon.colcon_core.package_identification Level 1 _identify(models/production_simple/best_model) by extension 'colcon_meta'
[0.795s] colcon.colcon_core.package_identification Level 1 _identify(models/production_simple/best_model) by extensions ['ros']
[0.795s] colcon.colcon_core.package_identification Level 1 _identify(models/production_simple/best_model) by extension 'ros'
[0.795s] colcon.colcon_core.package_identification Level 1 _identify(models/production_simple/best_model) by extensions ['cmake', 'python']
[0.795s] colcon.colcon_core.package_identification Level 1 _identify(models/production_simple/best_model) by extension 'cmake'
[0.795s] colcon.colcon_core.package_identification Level 1 _identify(models/production_simple/best_model) by extension 'python'
[0.795s] colcon.colcon_core.package_identification Level 1 _identify(models/production_simple/best_model) by extensions ['python_setup_py']
[0.795s] colcon.colcon_core.package_identification Level 1 _identify(models/production_simple/best_model) by extension 'python_setup_py'
[0.795s] colcon.colcon_core.package_identification Level 1 _identify(models/production_simple/checkpoints) by extensions ['ignore', 'ignore_ament_install']
[0.795s] colcon.colcon_core.package_identification Level 1 _identify(models/production_simple/checkpoints) by extension 'ignore'
[0.795s] colcon.colcon_core.package_identification Level 1 _identify(models/production_simple/checkpoints) by extension 'ignore_ament_install'
[0.795s] colcon.colcon_core.package_identification Level 1 _identify(models/production_simple/checkpoints) by extensions ['colcon_pkg']
[0.796s] colcon.colcon_core.package_identification Level 1 _identify(models/production_simple/checkpoints) by extension 'colcon_pkg'
[0.796s] colcon.colcon_core.package_identification Level 1 _identify(models/production_simple/checkpoints) by extensions ['colcon_meta']
[0.796s] colcon.colcon_core.package_identification Level 1 _identify(models/production_simple/checkpoints) by extension 'colcon_meta'
[0.796s] colcon.colcon_core.package_identification Level 1 _identify(models/production_simple/checkpoints) by extensions ['ros']
[0.796s] colcon.colcon_core.package_identification Level 1 _identify(models/production_simple/checkpoints) by extension 'ros'
[0.796s] colcon.colcon_core.package_identification Level 1 _identify(models/production_simple/checkpoints) by extensions ['cmake', 'python']
[0.796s] colcon.colcon_core.package_identification Level 1 _identify(models/production_simple/checkpoints) by extension 'cmake'
[0.796s] colcon.colcon_core.package_identification Level 1 _identify(models/production_simple/checkpoints) by extension 'python'
[0.796s] colcon.colcon_core.package_identification Level 1 _identify(models/production_simple/checkpoints) by extensions ['python_setup_py']
[0.796s] colcon.colcon_core.package_identification Level 1 _identify(models/production_simple/checkpoints) by extension 'python_setup_py'
[0.796s] colcon.colcon_core.package_identification Level 1 _identify(models/production_test) by extensions ['ignore', 'ignore_ament_install']
[0.796s] colcon.colcon_core.package_identification Level 1 _identify(models/production_test) by extension 'ignore'
[0.796s] colcon.colcon_core.package_identification Level 1 _identify(models/production_test) by extension 'ignore_ament_install'
[0.796s] colcon.colcon_core.package_identification Level 1 _identify(models/production_test) by extensions ['colcon_pkg']
[0.796s] colcon.colcon_core.package_identification Level 1 _identify(models/production_test) by extension 'colcon_pkg'
[0.796s] colcon.colcon_core.package_identification Level 1 _identify(models/production_test) by extensions ['colcon_meta']
[0.796s] colcon.colcon_core.package_identification Level 1 _identify(models/production_test) by extension 'colcon_meta'
[0.796s] colcon.colcon_core.package_identification Level 1 _identify(models/production_test) by extensions ['ros']
[0.796s] colcon.colcon_core.package_identification Level 1 _identify(models/production_test) by extension 'ros'
[0.796s] colcon.colcon_core.package_identification Level 1 _identify(models/production_test) by extensions ['cmake', 'python']
[0.796s] colcon.colcon_core.package_identification Level 1 _identify(models/production_test) by extension 'cmake'
[0.796s] colcon.colcon_core.package_identification Level 1 _identify(models/production_test) by extension 'python'
[0.796s] colcon.colcon_core.package_identification Level 1 _identify(models/production_test) by extensions ['python_setup_py']
[0.797s] colcon.colcon_core.package_identification Level 1 _identify(models/production_test) by extension 'python_setup_py'
[0.797s] colcon.colcon_core.package_identification Level 1 _identify(models/production_test/best_model) by extensions ['ignore', 'ignore_ament_install']
[0.797s] colcon.colcon_core.package_identification Level 1 _identify(models/production_test/best_model) by extension 'ignore'
[0.797s] colcon.colcon_core.package_identification Level 1 _identify(models/production_test/best_model) by extension 'ignore_ament_install'
[0.797s] colcon.colcon_core.package_identification Level 1 _identify(models/production_test/best_model) by extensions ['colcon_pkg']
[0.797s] colcon.colcon_core.package_identification Level 1 _identify(models/production_test/best_model) by extension 'colcon_pkg'
[0.797s] colcon.colcon_core.package_identification Level 1 _identify(models/production_test/best_model) by extensions ['colcon_meta']
[0.797s] colcon.colcon_core.package_identification Level 1 _identify(models/production_test/best_model) by extension 'colcon_meta'
[0.797s] colcon.colcon_core.package_identification Level 1 _identify(models/production_test/best_model) by extensions ['ros']
[0.797s] colcon.colcon_core.package_identification Level 1 _identify(models/production_test/best_model) by extension 'ros'
[0.797s] colcon.colcon_core.package_identification Level 1 _identify(models/production_test/best_model) by extensions ['cmake', 'python']
[0.797s] colcon.colcon_core.package_identification Level 1 _identify(models/production_test/best_model) by extension 'cmake'
[0.797s] colcon.colcon_core.package_identification Level 1 _identify(models/production_test/best_model) by extension 'python'
[0.798s] colcon.colcon_core.package_identification Level 1 _identify(models/production_test/best_model) by extensions ['python_setup_py']
[0.798s] colcon.colcon_core.package_identification Level 1 _identify(models/production_test/best_model) by extension 'python_setup_py'
[0.798s] colcon.colcon_core.package_identification Level 1 _identify(models/production_test/checkpoints) by extensions ['ignore', 'ignore_ament_install']
[0.798s] colcon.colcon_core.package_identification Level 1 _identify(models/production_test/checkpoints) by extension 'ignore'
[0.798s] colcon.colcon_core.package_identification Level 1 _identify(models/production_test/checkpoints) by extension 'ignore_ament_install'
[0.798s] colcon.colcon_core.package_identification Level 1 _identify(models/production_test/checkpoints) by extensions ['colcon_pkg']
[0.798s] colcon.colcon_core.package_identification Level 1 _identify(models/production_test/checkpoints) by extension 'colcon_pkg'
[0.798s] colcon.colcon_core.package_identification Level 1 _identify(models/production_test/checkpoints) by extensions ['colcon_meta']
[0.798s] colcon.colcon_core.package_identification Level 1 _identify(models/production_test/checkpoints) by extension 'colcon_meta'
[0.798s] colcon.colcon_core.package_identification Level 1 _identify(models/production_test/checkpoints) by extensions ['ros']
[0.798s] colcon.colcon_core.package_identification Level 1 _identify(models/production_test/checkpoints) by extension 'ros'
[0.798s] colcon.colcon_core.package_identification Level 1 _identify(models/production_test/checkpoints) by extensions ['cmake', 'python']
[0.798s] colcon.colcon_core.package_identification Level 1 _identify(models/production_test/checkpoints) by extension 'cmake'
[0.798s] colcon.colcon_core.package_identification Level 1 _identify(models/production_test/checkpoints) by extension 'python'
[0.798s] colcon.colcon_core.package_identification Level 1 _identify(models/production_test/checkpoints) by extensions ['python_setup_py']
[0.798s] colcon.colcon_core.package_identification Level 1 _identify(models/production_test/checkpoints) by extension 'python_setup_py'
[0.799s] colcon.colcon_core.package_identification Level 1 _identify(models/soma_v1) by extensions ['ignore', 'ignore_ament_install']
[0.799s] colcon.colcon_core.package_identification Level 1 _identify(models/soma_v1) by extension 'ignore'
[0.799s] colcon.colcon_core.package_identification Level 1 _identify(models/soma_v1) by extension 'ignore_ament_install'
[0.799s] colcon.colcon_core.package_identification Level 1 _identify(models/soma_v1) by extensions ['colcon_pkg']
[0.799s] colcon.colcon_core.package_identification Level 1 _identify(models/soma_v1) by extension 'colcon_pkg'
[0.799s] colcon.colcon_core.package_identification Level 1 _identify(models/soma_v1) by extensions ['colcon_meta']
[0.799s] colcon.colcon_core.package_identification Level 1 _identify(models/soma_v1) by extension 'colcon_meta'
[0.799s] colcon.colcon_core.package_identification Level 1 _identify(models/soma_v1) by extensions ['ros']
[0.799s] colcon.colcon_core.package_identification Level 1 _identify(models/soma_v1) by extension 'ros'
[0.799s] colcon.colcon_core.package_identification Level 1 _identify(models/soma_v1) by extensions ['cmake', 'python']
[0.799s] colcon.colcon_core.package_identification Level 1 _identify(models/soma_v1) by extension 'cmake'
[0.799s] colcon.colcon_core.package_identification Level 1 _identify(models/soma_v1) by extension 'python'
[0.799s] colcon.colcon_core.package_identification Level 1 _identify(models/soma_v1) by extensions ['python_setup_py']
[0.799s] colcon.colcon_core.package_identification Level 1 _identify(models/soma_v1) by extension 'python_setup_py'
[0.799s] colcon.colcon_core.package_identification Level 1 _identify(models/test_training) by extensions ['ignore', 'ignore_ament_install']
[0.799s] colcon.colcon_core.package_identification Level 1 _identify(models/test_training) by extension 'ignore'
[0.799s] colcon.colcon_core.package_identification Level 1 _identify(models/test_training) by extension 'ignore_ament_install'
[0.800s] colcon.colcon_core.package_identification Level 1 _identify(models/test_training) by extensions ['colcon_pkg']
[0.800s] colcon.colcon_core.package_identification Level 1 _identify(models/test_training) by extension 'colcon_pkg'
[0.800s] colcon.colcon_core.package_identification Level 1 _identify(models/test_training) by extensions ['colcon_meta']
[0.800s] colcon.colcon_core.package_identification Level 1 _identify(models/test_training) by extension 'colcon_meta'
[0.800s] colcon.colcon_core.package_identification Level 1 _identify(models/test_training) by extensions ['ros']
[0.800s] colcon.colcon_core.package_identification Level 1 _identify(models/test_training) by extension 'ros'
[0.800s] colcon.colcon_core.package_identification Level 1 _identify(models/test_training) by extensions ['cmake', 'python']
[0.800s] colcon.colcon_core.package_identification Level 1 _identify(models/test_training) by extension 'cmake'
[0.800s] colcon.colcon_core.package_identification Level 1 _identify(models/test_training) by extension 'python'
[0.800s] colcon.colcon_core.package_identification Level 1 _identify(models/test_training) by extensions ['python_setup_py']
[0.800s] colcon.colcon_core.package_identification Level 1 _identify(models/test_training) by extension 'python_setup_py'
[0.800s] colcon.colcon_core.package_identification Level 1 _identify(models/test_training_small) by extensions ['ignore', 'ignore_ament_install']
[0.800s] colcon.colcon_core.package_identification Level 1 _identify(models/test_training_small) by extension 'ignore'
[0.800s] colcon.colcon_core.package_identification Level 1 _identify(models/test_training_small) by extension 'ignore_ament_install'
[0.800s] colcon.colcon_core.package_identification Level 1 _identify(models/test_training_small) by extensions ['colcon_pkg']
[0.800s] colcon.colcon_core.package_identification Level 1 _identify(models/test_training_small) by extension 'colcon_pkg'
[0.800s] colcon.colcon_core.package_identification Level 1 _identify(models/test_training_small) by extensions ['colcon_meta']
[0.800s] colcon.colcon_core.package_identification Level 1 _identify(models/test_training_small) by extension 'colcon_meta'
[0.800s] colcon.colcon_core.package_identification Level 1 _identify(models/test_training_small) by extensions ['ros']
[0.800s] colcon.colcon_core.package_identification Level 1 _identify(models/test_training_small) by extension 'ros'
[0.800s] colcon.colcon_core.package_identification Level 1 _identify(models/test_training_small) by extensions ['cmake', 'python']
[0.800s] colcon.colcon_core.package_identification Level 1 _identify(models/test_training_small) by extension 'cmake'
[0.800s] colcon.colcon_core.package_identification Level 1 _identify(models/test_training_small) by extension 'python'
[0.800s] colcon.colcon_core.package_identification Level 1 _identify(models/test_training_small) by extensions ['python_setup_py']
[0.800s] colcon.colcon_core.package_identification Level 1 _identify(models/test_training_small) by extension 'python_setup_py'
[0.801s] colcon.colcon_core.package_identification Level 1 _identify(models/test_training_small/best_model) by extensions ['ignore', 'ignore_ament_install']
[0.801s] colcon.colcon_core.package_identification Level 1 _identify(models/test_training_small/best_model) by extension 'ignore'
[0.801s] colcon.colcon_core.package_identification Level 1 _identify(models/test_training_small/best_model) by extension 'ignore_ament_install'
[0.801s] colcon.colcon_core.package_identification Level 1 _identify(models/test_training_small/best_model) by extensions ['colcon_pkg']
[0.801s] colcon.colcon_core.package_identification Level 1 _identify(models/test_training_small/best_model) by extension 'colcon_pkg'
[0.801s] colcon.colcon_core.package_identification Level 1 _identify(models/test_training_small/best_model) by extensions ['colcon_meta']
[0.801s] colcon.colcon_core.package_identification Level 1 _identify(models/test_training_small/best_model) by extension 'colcon_meta'
[0.801s] colcon.colcon_core.package_identification Level 1 _identify(models/test_training_small/best_model) by extensions ['ros']
[0.801s] colcon.colcon_core.package_identification Level 1 _identify(models/test_training_small/best_model) by extension 'ros'
[0.801s] colcon.colcon_core.package_identification Level 1 _identify(models/test_training_small/best_model) by extensions ['cmake', 'python']
[0.801s] colcon.colcon_core.package_identification Level 1 _identify(models/test_training_small/best_model) by extension 'cmake'
[0.801s] colcon.colcon_core.package_identification Level 1 _identify(models/test_training_small/best_model) by extension 'python'
[0.801s] colcon.colcon_core.package_identification Level 1 _identify(models/test_training_small/best_model) by extensions ['python_setup_py']
[0.801s] colcon.colcon_core.package_identification Level 1 _identify(models/test_training_small/best_model) by extension 'python_setup_py'
[0.801s] colcon.colcon_core.package_identification Level 1 _identify(models/test_training_small/checkpoints) by extensions ['ignore', 'ignore_ament_install']
[0.801s] colcon.colcon_core.package_identification Level 1 _identify(models/test_training_small/checkpoints) by extension 'ignore'
[0.801s] colcon.colcon_core.package_identification Level 1 _identify(models/test_training_small/checkpoints) by extension 'ignore_ament_install'
[0.801s] colcon.colcon_core.package_identification Level 1 _identify(models/test_training_small/checkpoints) by extensions ['colcon_pkg']
[0.801s] colcon.colcon_core.package_identification Level 1 _identify(models/test_training_small/checkpoints) by extension 'colcon_pkg'
[0.801s] colcon.colcon_core.package_identification Level 1 _identify(models/test_training_small/checkpoints) by extensions ['colcon_meta']
[0.801s] colcon.colcon_core.package_identification Level 1 _identify(models/test_training_small/checkpoints) by extension 'colcon_meta'
[0.801s] colcon.colcon_core.package_identification Level 1 _identify(models/test_training_small/checkpoints) by extensions ['ros']
[0.801s] colcon.colcon_core.package_identification Level 1 _identify(models/test_training_small/checkpoints) by extension 'ros'
[0.801s] colcon.colcon_core.package_identification Level 1 _identify(models/test_training_small/checkpoints) by extensions ['cmake', 'python']
[0.801s] colcon.colcon_core.package_identification Level 1 _identify(models/test_training_small/checkpoints) by extension 'cmake'
[0.801s] colcon.colcon_core.package_identification Level 1 _identify(models/test_training_small/checkpoints) by extension 'python'
[0.802s] colcon.colcon_core.package_identification Level 1 _identify(models/test_training_small/checkpoints) by extensions ['python_setup_py']
[0.802s] colcon.colcon_core.package_identification Level 1 _identify(models/test_training_small/checkpoints) by extension 'python_setup_py'
[0.802s] colcon.colcon_core.package_identification Level 1 _identify(paper) by extensions ['ignore', 'ignore_ament_install']
[0.802s] colcon.colcon_core.package_identification Level 1 _identify(paper) by extension 'ignore'
[0.802s] colcon.colcon_core.package_identification Level 1 _identify(paper) by extension 'ignore_ament_install'
[0.802s] colcon.colcon_core.package_identification Level 1 _identify(paper) by extensions ['colcon_pkg']
[0.802s] colcon.colcon_core.package_identification Level 1 _identify(paper) by extension 'colcon_pkg'
[0.802s] colcon.colcon_core.package_identification Level 1 _identify(paper) by extensions ['colcon_meta']
[0.802s] colcon.colcon_core.package_identification Level 1 _identify(paper) by extension 'colcon_meta'
[0.802s] colcon.colcon_core.package_identification Level 1 _identify(paper) by extensions ['ros']
[0.802s] colcon.colcon_core.package_identification Level 1 _identify(paper) by extension 'ros'
[0.802s] colcon.colcon_core.package_identification Level 1 _identify(paper) by extensions ['cmake', 'python']
[0.802s] colcon.colcon_core.package_identification Level 1 _identify(paper) by extension 'cmake'
[0.802s] colcon.colcon_core.package_identification Level 1 _identify(paper) by extension 'python'
[0.802s] colcon.colcon_core.package_identification Level 1 _identify(paper) by extensions ['python_setup_py']
[0.802s] colcon.colcon_core.package_identification Level 1 _identify(paper) by extension 'python_setup_py'
[0.802s] colcon.colcon_core.package_identification Level 1 _identify(src) by extensions ['ignore', 'ignore_ament_install']
[0.802s] colcon.colcon_core.package_identification Level 1 _identify(src) by extension 'ignore'
[0.802s] colcon.colcon_core.package_identification Level 1 _identify(src) by extension 'ignore_ament_install'
[0.802s] colcon.colcon_core.package_identification Level 1 _identify(src) by extensions ['colcon_pkg']
[0.802s] colcon.colcon_core.package_identification Level 1 _identify(src) by extension 'colcon_pkg'
[0.802s] colcon.colcon_core.package_identification Level 1 _identify(src) by extensions ['colcon_meta']
[0.802s] colcon.colcon_core.package_identification Level 1 _identify(src) by extension 'colcon_meta'
[0.802s] colcon.colcon_core.package_identification Level 1 _identify(src) by extensions ['ros']
[0.802s] colcon.colcon_core.package_identification Level 1 _identify(src) by extension 'ros'
[0.802s] colcon.colcon_core.package_identification Level 1 _identify(src) by extensions ['cmake', 'python']
[0.803s] colcon.colcon_core.package_identification Level 1 _identify(src) by extension 'cmake'
[0.803s] colcon.colcon_core.package_identification Level 1 _identify(src) by extension 'python'
[0.803s] colcon.colcon_core.package_identification Level 1 _identify(src) by extensions ['python_setup_py']
[0.803s] colcon.colcon_core.package_identification Level 1 _identify(src) by extension 'python_setup_py'
[0.803s] colcon.colcon_core.package_identification Level 1 _identify(src/DoosanBootcamp3rd) by extensions ['ignore', 'ignore_ament_install']
[0.803s] colcon.colcon_core.package_identification Level 1 _identify(src/DoosanBootcamp3rd) by extension 'ignore'
[0.803s] colcon.colcon_core.package_identification Level 1 _identify(src/DoosanBootcamp3rd) by extension 'ignore_ament_install'
[0.803s] colcon.colcon_core.package_identification Level 1 _identify(src/DoosanBootcamp3rd) by extensions ['colcon_pkg']
[0.803s] colcon.colcon_core.package_identification Level 1 _identify(src/DoosanBootcamp3rd) by extension 'colcon_pkg'
[0.803s] colcon.colcon_core.package_identification Level 1 _identify(src/DoosanBootcamp3rd) by extensions ['colcon_meta']
[0.803s] colcon.colcon_core.package_identification Level 1 _identify(src/DoosanBootcamp3rd) by extension 'colcon_meta'
[0.803s] colcon.colcon_core.package_identification Level 1 _identify(src/DoosanBootcamp3rd) by extensions ['ros']
[0.803s] colcon.colcon_core.package_identification Level 1 _identify(src/DoosanBootcamp3rd) by extension 'ros'
[0.803s] colcon.colcon_core.package_identification Level 1 _identify(src/DoosanBootcamp3rd) by extensions ['cmake', 'python']
[0.803s] colcon.colcon_core.package_identification Level 1 _identify(src/DoosanBootcamp3rd) by extension 'cmake'
[0.803s] colcon.colcon_core.package_identification Level 1 _identify(src/DoosanBootcamp3rd) by extension 'python'
[0.803s] colcon.colcon_core.package_identification Level 1 _identify(src/DoosanBootcamp3rd) by extensions ['python_setup_py']
[0.803s] colcon.colcon_core.package_identification Level 1 _identify(src/DoosanBootcamp3rd) by extension 'python_setup_py'
[0.803s] colcon.colcon_core.package_identification Level 1 _identify(src/DoosanBootcamp3rd/calibration) by extensions ['ignore', 'ignore_ament_install']
[0.803s] colcon.colcon_core.package_identification Level 1 _identify(src/DoosanBootcamp3rd/calibration) by extension 'ignore'
[0.803s] colcon.colcon_core.package_identification Level 1 _identify(src/DoosanBootcamp3rd/calibration) ignored
[0.804s] colcon.colcon_core.package_identification Level 1 _identify(src/DoosanBootcamp3rd/dsr_bringup2) by extensions ['ignore', 'ignore_ament_install']
[0.804s] colcon.colcon_core.package_identification Level 1 _identify(src/DoosanBootcamp3rd/dsr_bringup2) by extension 'ignore'
[0.804s] colcon.colcon_core.package_identification Level 1 _identify(src/DoosanBootcamp3rd/dsr_bringup2) by extension 'ignore_ament_install'
[0.804s] colcon.colcon_core.package_identification Level 1 _identify(src/DoosanBootcamp3rd/dsr_bringup2) by extensions ['colcon_pkg']
[0.804s] colcon.colcon_core.package_identification Level 1 _identify(src/DoosanBootcamp3rd/dsr_bringup2) by extension 'colcon_pkg'
[0.804s] colcon.colcon_core.package_identification Level 1 _identify(src/DoosanBootcamp3rd/dsr_bringup2) by extensions ['colcon_meta']
[0.804s] colcon.colcon_core.package_identification Level 1 _identify(src/DoosanBootcamp3rd/dsr_bringup2) by extension 'colcon_meta'
[0.804s] colcon.colcon_core.package_identification Level 1 _identify(src/DoosanBootcamp3rd/dsr_bringup2) by extensions ['ros']
[0.804s] colcon.colcon_core.package_identification Level 1 _identify(src/DoosanBootcamp3rd/dsr_bringup2) by extension 'ros'
[0.808s] colcon.colcon_core.package_identification DEBUG Package 'src/DoosanBootcamp3rd/dsr_bringup2' with type 'ros.ament_python' and name 'dsr_bringup2'
[0.808s] colcon.colcon_core.package_identification Level 1 _identify(src/DoosanBootcamp3rd/dsr_common2) by extensions ['ignore', 'ignore_ament_install']
[0.808s] colcon.colcon_core.package_identification Level 1 _identify(src/DoosanBootcamp3rd/dsr_common2) by extension 'ignore'
[0.808s] colcon.colcon_core.package_identification Level 1 _identify(src/DoosanBootcamp3rd/dsr_common2) by extension 'ignore_ament_install'
[0.808s] colcon.colcon_core.package_identification Level 1 _identify(src/DoosanBootcamp3rd/dsr_common2) by extensions ['colcon_pkg']
[0.808s] colcon.colcon_core.package_identification Level 1 _identify(src/DoosanBootcamp3rd/dsr_common2) by extension 'colcon_pkg'
[0.808s] colcon.colcon_core.package_identification Level 1 _identify(src/DoosanBootcamp3rd/dsr_common2) by extensions ['colcon_meta']
[0.808s] colcon.colcon_core.package_identification Level 1 _identify(src/DoosanBootcamp3rd/dsr_common2) by extension 'colcon_meta'
[0.808s] colcon.colcon_core.package_identification Level 1 _identify(src/DoosanBootcamp3rd/dsr_common2) by extensions ['ros']
[0.808s] colcon.colcon_core.package_identification Level 1 _identify(src/DoosanBootcamp3rd/dsr_common2) by extension 'ros'
[0.809s] colcon.colcon_core.package_identification DEBUG Package 'src/DoosanBootcamp3rd/dsr_common2' with type 'ros.ament_cmake' and name 'dsr_common2'
[0.809s] colcon.colcon_core.package_identification Level 1 _identify(src/DoosanBootcamp3rd/dsr_controller2) by extensions ['ignore', 'ignore_ament_install']
[0.809s] colcon.colcon_core.package_identification Level 1 _identify(src/DoosanBootcamp3rd/dsr_controller2) by extension 'ignore'
[0.809s] colcon.colcon_core.package_identification Level 1 _identify(src/DoosanBootcamp3rd/dsr_controller2) by extension 'ignore_ament_install'
[0.809s] colcon.colcon_core.package_identification Level 1 _identify(src/DoosanBootcamp3rd/dsr_controller2) by extensions ['colcon_pkg']
[0.809s] colcon.colcon_core.package_identification Level 1 _identify(src/DoosanBootcamp3rd/dsr_controller2) by extension 'colcon_pkg'
[0.809s] colcon.colcon_core.package_identification Level 1 _identify(src/DoosanBootcamp3rd/dsr_controller2) by extensions ['colcon_meta']
[0.810s] colcon.colcon_core.package_identification Level 1 _identify(src/DoosanBootcamp3rd/dsr_controller2) by extension 'colcon_meta'
[0.810s] colcon.colcon_core.package_identification Level 1 _identify(src/DoosanBootcamp3rd/dsr_controller2) by extensions ['ros']
[0.810s] colcon.colcon_core.package_identification Level 1 _identify(src/DoosanBootcamp3rd/dsr_controller2) by extension 'ros'
[0.811s] colcon.colcon_core.package_identification DEBUG Package 'src/DoosanBootcamp3rd/dsr_controller2' with type 'ros.ament_cmake' and name 'dsr_controller2'
[0.811s] colcon.colcon_core.package_identification Level 1 _identify(src/DoosanBootcamp3rd/dsr_description2) by extensions ['ignore', 'ignore_ament_install']
[0.811s] colcon.colcon_core.package_identification Level 1 _identify(src/DoosanBootcamp3rd/dsr_description2) by extension 'ignore'
[0.812s] colcon.colcon_core.package_identification Level 1 _identify(src/DoosanBootcamp3rd/dsr_description2) by extension 'ignore_ament_install'
[0.812s] colcon.colcon_core.package_identification Level 1 _identify(src/DoosanBootcamp3rd/dsr_description2) by extensions ['colcon_pkg']
[0.812s] colcon.colcon_core.package_identification Level 1 _identify(src/DoosanBootcamp3rd/dsr_description2) by extension 'colcon_pkg'
[0.812s] colcon.colcon_core.package_identification Level 1 _identify(src/DoosanBootcamp3rd/dsr_description2) by extensions ['colcon_meta']
[0.812s] colcon.colcon_core.package_identification Level 1 _identify(src/DoosanBootcamp3rd/dsr_description2) by extension 'colcon_meta'
[0.812s] colcon.colcon_core.package_identification Level 1 _identify(src/DoosanBootcamp3rd/dsr_description2) by extensions ['ros']
[0.812s] colcon.colcon_core.package_identification Level 1 _identify(src/DoosanBootcamp3rd/dsr_description2) by extension 'ros'
[0.813s] colcon.colcon_core.package_identification DEBUG Package 'src/DoosanBootcamp3rd/dsr_description2' with type 'ros.ament_cmake' and name 'dsr_description2'
[0.813s] colcon.colcon_core.package_identification Level 1 _identify(src/DoosanBootcamp3rd/dsr_example2) by extensions ['ignore', 'ignore_ament_install']
[0.813s] colcon.colcon_core.package_identification Level 1 _identify(src/DoosanBootcamp3rd/dsr_example2) by extension 'ignore'
[0.813s] colcon.colcon_core.package_identification Level 1 _identify(src/DoosanBootcamp3rd/dsr_example2) by extension 'ignore_ament_install'
[0.813s] colcon.colcon_core.package_identification Level 1 _identify(src/DoosanBootcamp3rd/dsr_example2) by extensions ['colcon_pkg']
[0.813s] colcon.colcon_core.package_identification Level 1 _identify(src/DoosanBootcamp3rd/dsr_example2) by extension 'colcon_pkg'
[0.813s] colcon.colcon_core.package_identification Level 1 _identify(src/DoosanBootcamp3rd/dsr_example2) by extensions ['colcon_meta']
[0.813s] colcon.colcon_core.package_identification Level 1 _identify(src/DoosanBootcamp3rd/dsr_example2) by extension 'colcon_meta'
[0.813s] colcon.colcon_core.package_identification Level 1 _identify(src/DoosanBootcamp3rd/dsr_example2) by extensions ['ros']
[0.813s] colcon.colcon_core.package_identification Level 1 _identify(src/DoosanBootcamp3rd/dsr_example2) by extension 'ros'
[0.813s] colcon.colcon_core.package_identification Level 1 _identify(src/DoosanBootcamp3rd/dsr_example2) by extensions ['cmake', 'python']
[0.813s] colcon.colcon_core.package_identification Level 1 _identify(src/DoosanBootcamp3rd/dsr_example2) by extension 'cmake'
[0.813s] colcon.colcon_core.package_identification Level 1 _identify(src/DoosanBootcamp3rd/dsr_example2) by extension 'python'
[0.814s] colcon.colcon_core.package_identification Level 1 _identify(src/DoosanBootcamp3rd/dsr_example2) by extensions ['python_setup_py']
[0.814s] colcon.colcon_core.package_identification Level 1 _identify(src/DoosanBootcamp3rd/dsr_example2) by extension 'python_setup_py'
[0.814s] colcon.colcon_core.package_identification Level 1 _identify(src/DoosanBootcamp3rd/dsr_example2/dsr_example) by extensions ['ignore', 'ignore_ament_install']
[0.814s] colcon.colcon_core.package_identification Level 1 _identify(src/DoosanBootcamp3rd/dsr_example2/dsr_example) by extension 'ignore'
[0.814s] colcon.colcon_core.package_identification Level 1 _identify(src/DoosanBootcamp3rd/dsr_example2/dsr_example) by extension 'ignore_ament_install'
[0.814s] colcon.colcon_core.package_identification Level 1 _identify(src/DoosanBootcamp3rd/dsr_example2/dsr_example) by extensions ['colcon_pkg']
[0.814s] colcon.colcon_core.package_identification Level 1 _identify(src/DoosanBootcamp3rd/dsr_example2/dsr_example) by extension 'colcon_pkg'
[0.814s] colcon.colcon_core.package_identification Level 1 _identify(src/DoosanBootcamp3rd/dsr_example2/dsr_example) by extensions ['colcon_meta']
[0.814s] colcon.colcon_core.package_identification Level 1 _identify(src/DoosanBootcamp3rd/dsr_example2/dsr_example) by extension 'colcon_meta'
[0.814s] colcon.colcon_core.package_identification Level 1 _identify(src/DoosanBootcamp3rd/dsr_example2/dsr_example) by extensions ['ros']
[0.814s] colcon.colcon_core.package_identification Level 1 _identify(src/DoosanBootcamp3rd/dsr_example2/dsr_example) by extension 'ros'
[0.815s] colcon.colcon_core.package_identification DEBUG Package 'src/DoosanBootcamp3rd/dsr_example2/dsr_example' with type 'ros.ament_python' and name 'dsr_example'
[0.815s] colcon.colcon_core.package_identification Level 1 _identify(src/DoosanBootcamp3rd/dsr_example2/dsr_realtime_control) by extensions ['ignore', 'ignore_ament_install']
[0.815s] colcon.colcon_core.package_identification Level 1 _identify(src/DoosanBootcamp3rd/dsr_example2/dsr_realtime_control) by extension 'ignore'
[0.815s] colcon.colcon_core.package_identification Level 1 _identify(src/DoosanBootcamp3rd/dsr_example2/dsr_realtime_control) by extension 'ignore_ament_install'
[0.815s] colcon.colcon_core.package_identification Level 1 _identify(src/DoosanBootcamp3rd/dsr_example2/dsr_realtime_control) by extensions ['colcon_pkg']
[0.815s] colcon.colcon_core.package_identification Level 1 _identify(src/DoosanBootcamp3rd/dsr_example2/dsr_realtime_control) by extension 'colcon_pkg'
[0.815s] colcon.colcon_core.package_identification Level 1 _identify(src/DoosanBootcamp3rd/dsr_example2/dsr_realtime_control) by extensions ['colcon_meta']
[0.815s] colcon.colcon_core.package_identification Level 1 _identify(src/DoosanBootcamp3rd/dsr_example2/dsr_realtime_control) by extension 'colcon_meta'
[0.815s] colcon.colcon_core.package_identification Level 1 _identify(src/DoosanBootcamp3rd/dsr_example2/dsr_realtime_control) by extensions ['ros']
[0.815s] colcon.colcon_core.package_identification Level 1 _identify(src/DoosanBootcamp3rd/dsr_example2/dsr_realtime_control) by extension 'ros'
[0.816s] colcon.colcon_core.package_identification DEBUG Package 'src/DoosanBootcamp3rd/dsr_example2/dsr_realtime_control' with type 'ros.ament_cmake' and name 'dsr_realtime_control'
[0.816s] colcon.colcon_core.package_identification Level 1 _identify(src/DoosanBootcamp3rd/dsr_example2/dsr_visualservoing) by extensions ['ignore', 'ignore_ament_install']
[0.816s] colcon.colcon_core.package_identification Level 1 _identify(src/DoosanBootcamp3rd/dsr_example2/dsr_visualservoing) by extension 'ignore'
[0.817s] colcon.colcon_core.package_identification Level 1 _identify(src/DoosanBootcamp3rd/dsr_example2/dsr_visualservoing) by extension 'ignore_ament_install'
[0.817s] colcon.colcon_core.package_identification Level 1 _identify(src/DoosanBootcamp3rd/dsr_example2/dsr_visualservoing) by extensions ['colcon_pkg']
[0.817s] colcon.colcon_core.package_identification Level 1 _identify(src/DoosanBootcamp3rd/dsr_example2/dsr_visualservoing) by extension 'colcon_pkg'
[0.817s] colcon.colcon_core.package_identification Level 1 _identify(src/DoosanBootcamp3rd/dsr_example2/dsr_visualservoing) by extensions ['colcon_meta']
[0.817s] colcon.colcon_core.package_identification Level 1 _identify(src/DoosanBootcamp3rd/dsr_example2/dsr_visualservoing) by extension 'colcon_meta'
[0.817s] colcon.colcon_core.package_identification Level 1 _identify(src/DoosanBootcamp3rd/dsr_example2/dsr_visualservoing) by extensions ['ros']
[0.817s] colcon.colcon_core.package_identification Level 1 _identify(src/DoosanBootcamp3rd/dsr_example2/dsr_visualservoing) by extension 'ros'
[0.817s] colcon.colcon_core.package_identification DEBUG Package 'src/DoosanBootcamp3rd/dsr_example2/dsr_visualservoing' with type 'ros.ament_python' and name 'dsr_visualservoing'
[0.818s] colcon.colcon_core.package_identification Level 1 _identify(src/DoosanBootcamp3rd/dsr_gazebo2) by extensions ['ignore', 'ignore_ament_install']
[0.818s] colcon.colcon_core.package_identification Level 1 _identify(src/DoosanBootcamp3rd/dsr_gazebo2) by extension 'ignore'
[0.818s] colcon.colcon_core.package_identification Level 1 _identify(src/DoosanBootcamp3rd/dsr_gazebo2) by extension 'ignore_ament_install'
[0.818s] colcon.colcon_core.package_identification Level 1 _identify(src/DoosanBootcamp3rd/dsr_gazebo2) by extensions ['colcon_pkg']
[0.818s] colcon.colcon_core.package_identification Level 1 _identify(src/DoosanBootcamp3rd/dsr_gazebo2) by extension 'colcon_pkg'
[0.818s] colcon.colcon_core.package_identification Level 1 _identify(src/DoosanBootcamp3rd/dsr_gazebo2) by extensions ['colcon_meta']
[0.818s] colcon.colcon_core.package_identification Level 1 _identify(src/DoosanBootcamp3rd/dsr_gazebo2) by extension 'colcon_meta'
[0.818s] colcon.colcon_core.package_identification Level 1 _identify(src/DoosanBootcamp3rd/dsr_gazebo2) by extensions ['ros']
[0.818s] colcon.colcon_core.package_identification Level 1 _identify(src/DoosanBootcamp3rd/dsr_gazebo2) by extension 'ros'
[0.819s] colcon.colcon_core.package_identification DEBUG Package 'src/DoosanBootcamp3rd/dsr_gazebo2' with type 'ros.ament_cmake' and name 'dsr_gazebo2'
[0.819s] colcon.colcon_core.package_identification Level 1 _identify(src/DoosanBootcamp3rd/dsr_hardware2) by extensions ['ignore', 'ignore_ament_install']
[0.819s] colcon.colcon_core.package_identification Level 1 _identify(src/DoosanBootcamp3rd/dsr_hardware2) by extension 'ignore'
[0.819s] colcon.colcon_core.package_identification Level 1 _identify(src/DoosanBootcamp3rd/dsr_hardware2) by extension 'ignore_ament_install'
[0.819s] colcon.colcon_core.package_identification Level 1 _identify(src/DoosanBootcamp3rd/dsr_hardware2) by extensions ['colcon_pkg']
[0.819s] colcon.colcon_core.package_identification Level 1 _identify(src/DoosanBootcamp3rd/dsr_hardware2) by extension 'colcon_pkg'
[0.819s] colcon.colcon_core.package_identification Level 1 _identify(src/DoosanBootcamp3rd/dsr_hardware2) by extensions ['colcon_meta']
[0.819s] colcon.colcon_core.package_identification Level 1 _identify(src/DoosanBootcamp3rd/dsr_hardware2) by extension 'colcon_meta'
[0.819s] colcon.colcon_core.package_identification Level 1 _identify(src/DoosanBootcamp3rd/dsr_hardware2) by extensions ['ros']
[0.819s] colcon.colcon_core.package_identification Level 1 _identify(src/DoosanBootcamp3rd/dsr_hardware2) by extension 'ros'
[0.821s] colcon.colcon_core.package_identification DEBUG Package 'src/DoosanBootcamp3rd/dsr_hardware2' with type 'ros.ament_cmake' and name 'dsr_hardware2'
[0.821s] colcon.colcon_core.package_identification Level 1 _identify(src/DoosanBootcamp3rd/dsr_moveit2) by extensions ['ignore', 'ignore_ament_install']
[0.821s] colcon.colcon_core.package_identification Level 1 _identify(src/DoosanBootcamp3rd/dsr_moveit2) by extension 'ignore'
[0.821s] colcon.colcon_core.package_identification Level 1 _identify(src/DoosanBootcamp3rd/dsr_moveit2) by extension 'ignore_ament_install'
[0.821s] colcon.colcon_core.package_identification Level 1 _identify(src/DoosanBootcamp3rd/dsr_moveit2) by extensions ['colcon_pkg']
[0.821s] colcon.colcon_core.package_identification Level 1 _identify(src/DoosanBootcamp3rd/dsr_moveit2) by extension 'colcon_pkg'
[0.821s] colcon.colcon_core.package_identification Level 1 _identify(src/DoosanBootcamp3rd/dsr_moveit2) by extensions ['colcon_meta']
[0.821s] colcon.colcon_core.package_identification Level 1 _identify(src/DoosanBootcamp3rd/dsr_moveit2) by extension 'colcon_meta'
[0.822s] colcon.colcon_core.package_identification Level 1 _identify(src/DoosanBootcamp3rd/dsr_moveit2) by extensions ['ros']
[0.822s] colcon.colcon_core.package_identification Level 1 _identify(src/DoosanBootcamp3rd/dsr_moveit2) by extension 'ros'
[0.822s] colcon.colcon_core.package_identification Level 1 _identify(src/DoosanBootcamp3rd/dsr_moveit2) by extensions ['cmake', 'python']
[0.822s] colcon.colcon_core.package_identification Level 1 _identify(src/DoosanBootcamp3rd/dsr_moveit2) by extension 'cmake'
[0.822s] colcon.colcon_core.package_identification Level 1 _identify(src/DoosanBootcamp3rd/dsr_moveit2) by extension 'python'
[0.822s] colcon.colcon_core.package_identification Level 1 _identify(src/DoosanBootcamp3rd/dsr_moveit2) by extensions ['python_setup_py']
[0.822s] colcon.colcon_core.package_identification Level 1 _identify(src/DoosanBootcamp3rd/dsr_moveit2) by extension 'python_setup_py'
[0.822s] colcon.colcon_core.package_identification Level 1 _identify(src/DoosanBootcamp3rd/dsr_moveit2/dsr_moveit_config_a0509) by extensions ['ignore', 'ignore_ament_install']
[0.822s] colcon.colcon_core.package_identification Level 1 _identify(src/DoosanBootcamp3rd/dsr_moveit2/dsr_moveit_config_a0509) by extension 'ignore'
[0.822s] colcon.colcon_core.package_identification Level 1 _identify(src/DoosanBootcamp3rd/dsr_moveit2/dsr_moveit_config_a0509) by extension 'ignore_ament_install'
[0.822s] colcon.colcon_core.package_identification Level 1 _identify(src/DoosanBootcamp3rd/dsr_moveit2/dsr_moveit_config_a0509) by extensions ['colcon_pkg']
[0.822s] colcon.colcon_core.package_identification Level 1 _identify(src/DoosanBootcamp3rd/dsr_moveit2/dsr_moveit_config_a0509) by extension 'colcon_pkg'
[0.822s] colcon.colcon_core.package_identification Level 1 _identify(src/DoosanBootcamp3rd/dsr_moveit2/dsr_moveit_config_a0509) by extensions ['colcon_meta']
[0.822s] colcon.colcon_core.package_identification Level 1 _identify(src/DoosanBootcamp3rd/dsr_moveit2/dsr_moveit_config_a0509) by extension 'colcon_meta'
[0.822s] colcon.colcon_core.package_identification Level 1 _identify(src/DoosanBootcamp3rd/dsr_moveit2/dsr_moveit_config_a0509) by extensions ['ros']
[0.822s] colcon.colcon_core.package_identification Level 1 _identify(src/DoosanBootcamp3rd/dsr_moveit2/dsr_moveit_config_a0509) by extension 'ros'
[0.823s] colcon.colcon_core.package_identification DEBUG Package 'src/DoosanBootcamp3rd/dsr_moveit2/dsr_moveit_config_a0509' with type 'ros.ament_cmake' and name 'dsr_moveit_config_a0509'
[0.823s] colcon.colcon_core.package_identification Level 1 _identify(src/DoosanBootcamp3rd/dsr_moveit2/dsr_moveit_config_a0912) by extensions ['ignore', 'ignore_ament_install']
[0.823s] colcon.colcon_core.package_identification Level 1 _identify(src/DoosanBootcamp3rd/dsr_moveit2/dsr_moveit_config_a0912) by extension 'ignore'
[0.823s] colcon.colcon_core.package_identification Level 1 _identify(src/DoosanBootcamp3rd/dsr_moveit2/dsr_moveit_config_a0912) by extension 'ignore_ament_install'
[0.823s] colcon.colcon_core.package_identification Level 1 _identify(src/DoosanBootcamp3rd/dsr_moveit2/dsr_moveit_config_a0912) by extensions ['colcon_pkg']
[0.823s] colcon.colcon_core.package_identification Level 1 _identify(src/DoosanBootcamp3rd/dsr_moveit2/dsr_moveit_config_a0912) by extension 'colcon_pkg'
[0.823s] colcon.colcon_core.package_identification Level 1 _identify(src/DoosanBootcamp3rd/dsr_moveit2/dsr_moveit_config_a0912) by extensions ['colcon_meta']
[0.823s] colcon.colcon_core.package_identification Level 1 _identify(src/DoosanBootcamp3rd/dsr_moveit2/dsr_moveit_config_a0912) by extension 'colcon_meta'
[0.823s] colcon.colcon_core.package_identification Level 1 _identify(src/DoosanBootcamp3rd/dsr_moveit2/dsr_moveit_config_a0912) by extensions ['ros']
[0.823s] colcon.colcon_core.package_identification Level 1 _identify(src/DoosanBootcamp3rd/dsr_moveit2/dsr_moveit_config_a0912) by extension 'ros'
[0.825s] colcon.colcon_core.package_identification DEBUG Package 'src/DoosanBootcamp3rd/dsr_moveit2/dsr_moveit_config_a0912' with type 'ros.ament_cmake' and name 'dsr_moveit_config_a0912'
[0.825s] colcon.colcon_core.package_identification Level 1 _identify(src/DoosanBootcamp3rd/dsr_moveit2/dsr_moveit_config_e0509) by extensions ['ignore', 'ignore_ament_install']
[0.825s] colcon.colcon_core.package_identification Level 1 _identify(src/DoosanBootcamp3rd/dsr_moveit2/dsr_moveit_config_e0509) by extension 'ignore'
[0.825s] colcon.colcon_core.package_identification Level 1 _identify(src/DoosanBootcamp3rd/dsr_moveit2/dsr_moveit_config_e0509) by extension 'ignore_ament_install'
[0.825s] colcon.colcon_core.package_identification Level 1 _identify(src/DoosanBootcamp3rd/dsr_moveit2/dsr_moveit_config_e0509) by extensions ['colcon_pkg']
[0.825s] colcon.colcon_core.package_identification Level 1 _identify(src/DoosanBootcamp3rd/dsr_moveit2/dsr_moveit_config_e0509) by extension 'colcon_pkg'
[0.825s] colcon.colcon_core.package_identification Level 1 _identify(src/DoosanBootcamp3rd/dsr_moveit2/dsr_moveit_config_e0509) by extensions ['colcon_meta']
[0.825s] colcon.colcon_core.package_identification Level 1 _identify(src/DoosanBootcamp3rd/dsr_moveit2/dsr_moveit_config_e0509) by extension 'colcon_meta'
[0.825s] colcon.colcon_core.package_identification Level 1 _identify(src/DoosanBootcamp3rd/dsr_moveit2/dsr_moveit_config_e0509) by extensions ['ros']
[0.825s] colcon.colcon_core.package_identification Level 1 _identify(src/DoosanBootcamp3rd/dsr_moveit2/dsr_moveit_config_e0509) by extension 'ros'
[0.826s] colcon.colcon_core.package_identification DEBUG Package 'src/DoosanBootcamp3rd/dsr_moveit2/dsr_moveit_config_e0509' with type 'ros.ament_cmake' and name 'dsr_moveit_config_e0509'
[0.826s] colcon.colcon_core.package_identification Level 1 _identify(src/DoosanBootcamp3rd/dsr_moveit2/dsr_moveit_config_h2017) by extensions ['ignore', 'ignore_ament_install']
[0.826s] colcon.colcon_core.package_identification Level 1 _identify(src/DoosanBootcamp3rd/dsr_moveit2/dsr_moveit_config_h2017) by extension 'ignore'
[0.826s] colcon.colcon_core.package_identification Level 1 _identify(src/DoosanBootcamp3rd/dsr_moveit2/dsr_moveit_config_h2017) by extension 'ignore_ament_install'
[0.826s] colcon.colcon_core.package_identification Level 1 _identify(src/DoosanBootcamp3rd/dsr_moveit2/dsr_moveit_config_h2017) by extensions ['colcon_pkg']
[0.826s] colcon.colcon_core.package_identification Level 1 _identify(src/DoosanBootcamp3rd/dsr_moveit2/dsr_moveit_config_h2017) by extension 'colcon_pkg'
[0.826s] colcon.colcon_core.package_identification Level 1 _identify(src/DoosanBootcamp3rd/dsr_moveit2/dsr_moveit_config_h2017) by extensions ['colcon_meta']
[0.826s] colcon.colcon_core.package_identification Level 1 _identify(src/DoosanBootcamp3rd/dsr_moveit2/dsr_moveit_config_h2017) by extension 'colcon_meta'
[0.826s] colcon.colcon_core.package_identification Level 1 _identify(src/DoosanBootcamp3rd/dsr_moveit2/dsr_moveit_config_h2017) by extensions ['ros']
[0.826s] colcon.colcon_core.package_identification Level 1 _identify(src/DoosanBootcamp3rd/dsr_moveit2/dsr_moveit_config_h2017) by extension 'ros'
[0.827s] colcon.colcon_core.package_identification DEBUG Package 'src/DoosanBootcamp3rd/dsr_moveit2/dsr_moveit_config_h2017' with type 'ros.ament_cmake' and name 'dsr_moveit_config_h2017'
[0.827s] colcon.colcon_core.package_identification Level 1 _identify(src/DoosanBootcamp3rd/dsr_moveit2/dsr_moveit_config_h2515) by extensions ['ignore', 'ignore_ament_install']
[0.827s] colcon.colcon_core.package_identification Level 1 _identify(src/DoosanBootcamp3rd/dsr_moveit2/dsr_moveit_config_h2515) by extension 'ignore'
[0.827s] colcon.colcon_core.package_identification Level 1 _identify(src/DoosanBootcamp3rd/dsr_moveit2/dsr_moveit_config_h2515) by extension 'ignore_ament_install'
[0.827s] colcon.colcon_core.package_identification Level 1 _identify(src/DoosanBootcamp3rd/dsr_moveit2/dsr_moveit_config_h2515) by extensions ['colcon_pkg']
[0.827s] colcon.colcon_core.package_identification Level 1 _identify(src/DoosanBootcamp3rd/dsr_moveit2/dsr_moveit_config_h2515) by extension 'colcon_pkg'
[0.827s] colcon.colcon_core.package_identification Level 1 _identify(src/DoosanBootcamp3rd/dsr_moveit2/dsr_moveit_config_h2515) by extensions ['colcon_meta']
[0.827s] colcon.colcon_core.package_identification Level 1 _identify(src/DoosanBootcamp3rd/dsr_moveit2/dsr_moveit_config_h2515) by extension 'colcon_meta'
[0.827s] colcon.colcon_core.package_identification Level 1 _identify(src/DoosanBootcamp3rd/dsr_moveit2/dsr_moveit_config_h2515) by extensions ['ros']
[0.827s] colcon.colcon_core.package_identification Level 1 _identify(src/DoosanBootcamp3rd/dsr_moveit2/dsr_moveit_config_h2515) by extension 'ros'
[0.828s] colcon.colcon_core.package_identification DEBUG Package 'src/DoosanBootcamp3rd/dsr_moveit2/dsr_moveit_config_h2515' with type 'ros.ament_cmake' and name 'dsr_moveit_config_h2515'
[0.828s] colcon.colcon_core.package_identification Level 1 _identify(src/DoosanBootcamp3rd/dsr_moveit2/dsr_moveit_config_m0609) by extensions ['ignore', 'ignore_ament_install']
[0.828s] colcon.colcon_core.package_identification Level 1 _identify(src/DoosanBootcamp3rd/dsr_moveit2/dsr_moveit_config_m0609) by extension 'ignore'
[0.828s] colcon.colcon_core.package_identification Level 1 _identify(src/DoosanBootcamp3rd/dsr_moveit2/dsr_moveit_config_m0609) by extension 'ignore_ament_install'
[0.828s] colcon.colcon_core.package_identification Level 1 _identify(src/DoosanBootcamp3rd/dsr_moveit2/dsr_moveit_config_m0609) by extensions ['colcon_pkg']
[0.828s] colcon.colcon_core.package_identification Level 1 _identify(src/DoosanBootcamp3rd/dsr_moveit2/dsr_moveit_config_m0609) by extension 'colcon_pkg'
[0.828s] colcon.colcon_core.package_identification Level 1 _identify(src/DoosanBootcamp3rd/dsr_moveit2/dsr_moveit_config_m0609) by extensions ['colcon_meta']
[0.828s] colcon.colcon_core.package_identification Level 1 _identify(src/DoosanBootcamp3rd/dsr_moveit2/dsr_moveit_config_m0609) by extension 'colcon_meta'
[0.828s] colcon.colcon_core.package_identification Level 1 _identify(src/DoosanBootcamp3rd/dsr_moveit2/dsr_moveit_config_m0609) by extensions ['ros']
[0.828s] colcon.colcon_core.package_identification Level 1 _identify(src/DoosanBootcamp3rd/dsr_moveit2/dsr_moveit_config_m0609) by extension 'ros'
[0.829s] colcon.colcon_core.package_identification DEBUG Package 'src/DoosanBootcamp3rd/dsr_moveit2/dsr_moveit_config_m0609' with type 'ros.ament_cmake' and name 'dsr_moveit_config_m0609'
[0.829s] colcon.colcon_core.package_identification Level 1 _identify(src/DoosanBootcamp3rd/dsr_moveit2/dsr_moveit_config_m0617) by extensions ['ignore', 'ignore_ament_install']
[0.829s] colcon.colcon_core.package_identification Level 1 _identify(src/DoosanBootcamp3rd/dsr_moveit2/dsr_moveit_config_m0617) by extension 'ignore'
[0.829s] colcon.colcon_core.package_identification Level 1 _identify(src/DoosanBootcamp3rd/dsr_moveit2/dsr_moveit_config_m0617) by extension 'ignore_ament_install'
[0.829s] colcon.colcon_core.package_identification Level 1 _identify(src/DoosanBootcamp3rd/dsr_moveit2/dsr_moveit_config_m0617) by extensions ['colcon_pkg']
[0.829s] colcon.colcon_core.package_identification Level 1 _identify(src/DoosanBootcamp3rd/dsr_moveit2/dsr_moveit_config_m0617) by extension 'colcon_pkg'
[0.829s] colcon.colcon_core.package_identification Level 1 _identify(src/DoosanBootcamp3rd/dsr_moveit2/dsr_moveit_config_m0617) by extensions ['colcon_meta']
[0.829s] colcon.colcon_core.package_identification Level 1 _identify(src/DoosanBootcamp3rd/dsr_moveit2/dsr_moveit_config_m0617) by extension 'colcon_meta'
[0.829s] colcon.colcon_core.package_identification Level 1 _identify(src/DoosanBootcamp3rd/dsr_moveit2/dsr_moveit_config_m0617) by extensions ['ros']
[0.829s] colcon.colcon_core.package_identification Level 1 _identify(src/DoosanBootcamp3rd/dsr_moveit2/dsr_moveit_config_m0617) by extension 'ros'
[0.830s] colcon.colcon_core.package_identification DEBUG Package 'src/DoosanBootcamp3rd/dsr_moveit2/dsr_moveit_config_m0617' with type 'ros.ament_cmake' and name 'dsr_moveit_config_m0617'
[0.830s] colcon.colcon_core.package_identification Level 1 _identify(src/DoosanBootcamp3rd/dsr_moveit2/dsr_moveit_config_m1013) by extensions ['ignore', 'ignore_ament_install']
[0.830s] colcon.colcon_core.package_identification Level 1 _identify(src/DoosanBootcamp3rd/dsr_moveit2/dsr_moveit_config_m1013) by extension 'ignore'
[0.830s] colcon.colcon_core.package_identification Level 1 _identify(src/DoosanBootcamp3rd/dsr_moveit2/dsr_moveit_config_m1013) by extension 'ignore_ament_install'
[0.830s] colcon.colcon_core.package_identification Level 1 _identify(src/DoosanBootcamp3rd/dsr_moveit2/dsr_moveit_config_m1013) by extensions ['colcon_pkg']
[0.830s] colcon.colcon_core.package_identification Level 1 _identify(src/DoosanBootcamp3rd/dsr_moveit2/dsr_moveit_config_m1013) by extension 'colcon_pkg'
[0.830s] colcon.colcon_core.package_identification Level 1 _identify(src/DoosanBootcamp3rd/dsr_moveit2/dsr_moveit_config_m1013) by extensions ['colcon_meta']
[0.830s] colcon.colcon_core.package_identification Level 1 _identify(src/DoosanBootcamp3rd/dsr_moveit2/dsr_moveit_config_m1013) by extension 'colcon_meta'
[0.830s] colcon.colcon_core.package_identification Level 1 _identify(src/DoosanBootcamp3rd/dsr_moveit2/dsr_moveit_config_m1013) by extensions ['ros']
[0.830s] colcon.colcon_core.package_identification Level 1 _identify(src/DoosanBootcamp3rd/dsr_moveit2/dsr_moveit_config_m1013) by extension 'ros'
[0.831s] colcon.colcon_core.package_identification DEBUG Package 'src/DoosanBootcamp3rd/dsr_moveit2/dsr_moveit_config_m1013' with type 'ros.ament_cmake' and name 'dsr_moveit_config_m1013'
[0.831s] colcon.colcon_core.package_identification Level 1 _identify(src/DoosanBootcamp3rd/dsr_moveit2/dsr_moveit_config_m1509) by extensions ['ignore', 'ignore_ament_install']
[0.831s] colcon.colcon_core.package_identification Level 1 _identify(src/DoosanBootcamp3rd/dsr_moveit2/dsr_moveit_config_m1509) by extension 'ignore'
[0.831s] colcon.colcon_core.package_identification Level 1 _identify(src/DoosanBootcamp3rd/dsr_moveit2/dsr_moveit_config_m1509) by extension 'ignore_ament_install'
[0.831s] colcon.colcon_core.package_identification Level 1 _identify(src/DoosanBootcamp3rd/dsr_moveit2/dsr_moveit_config_m1509) by extensions ['colcon_pkg']
[0.831s] colcon.colcon_core.package_identification Level 1 _identify(src/DoosanBootcamp3rd/dsr_moveit2/dsr_moveit_config_m1509) by extension 'colcon_pkg'
[0.831s] colcon.colcon_core.package_identification Level 1 _identify(src/DoosanBootcamp3rd/dsr_moveit2/dsr_moveit_config_m1509) by extensions ['colcon_meta']
[0.832s] colcon.colcon_core.package_identification Level 1 _identify(src/DoosanBootcamp3rd/dsr_moveit2/dsr_moveit_config_m1509) by extension 'colcon_meta'
[0.832s] colcon.colcon_core.package_identification Level 1 _identify(src/DoosanBootcamp3rd/dsr_moveit2/dsr_moveit_config_m1509) by extensions ['ros']
[0.832s] colcon.colcon_core.package_identification Level 1 _identify(src/DoosanBootcamp3rd/dsr_moveit2/dsr_moveit_config_m1509) by extension 'ros'
[0.832s] colcon.colcon_core.package_identification DEBUG Package 'src/DoosanBootcamp3rd/dsr_moveit2/dsr_moveit_config_m1509' with type 'ros.ament_cmake' and name 'dsr_moveit_config_m1509'
[0.832s] colcon.colcon_core.package_identification Level 1 _identify(src/DoosanBootcamp3rd/dsr_moveit2/dsr_moveit_config_p3020) by extensions ['ignore', 'ignore_ament_install']
[0.833s] colcon.colcon_core.package_identification Level 1 _identify(src/DoosanBootcamp3rd/dsr_moveit2/dsr_moveit_config_p3020) by extension 'ignore'
[0.833s] colcon.colcon_core.package_identification Level 1 _identify(src/DoosanBootcamp3rd/dsr_moveit2/dsr_moveit_config_p3020) by extension 'ignore_ament_install'
[0.833s] colcon.colcon_core.package_identification Level 1 _identify(src/DoosanBootcamp3rd/dsr_moveit2/dsr_moveit_config_p3020) by extensions ['colcon_pkg']
[0.833s] colcon.colcon_core.package_identification Level 1 _identify(src/DoosanBootcamp3rd/dsr_moveit2/dsr_moveit_config_p3020) by extension 'colcon_pkg'
[0.833s] colcon.colcon_core.package_identification Level 1 _identify(src/DoosanBootcamp3rd/dsr_moveit2/dsr_moveit_config_p3020) by extensions ['colcon_meta']
[0.833s] colcon.colcon_core.package_identification Level 1 _identify(src/DoosanBootcamp3rd/dsr_moveit2/dsr_moveit_config_p3020) by extension 'colcon_meta'
[0.833s] colcon.colcon_core.package_identification Level 1 _identify(src/DoosanBootcamp3rd/dsr_moveit2/dsr_moveit_config_p3020) by extensions ['ros']
[0.833s] colcon.colcon_core.package_identification Level 1 _identify(src/DoosanBootcamp3rd/dsr_moveit2/dsr_moveit_config_p3020) by extension 'ros'
[0.833s] colcon.colcon_core.package_identification DEBUG Package 'src/DoosanBootcamp3rd/dsr_moveit2/dsr_moveit_config_p3020' with type 'ros.ament_cmake' and name 'dsr_moveit_config_p3020'
[0.833s] colcon.colcon_core.package_identification Level 1 _identify(src/DoosanBootcamp3rd/dsr_msgs2) by extensions ['ignore', 'ignore_ament_install']
[0.834s] colcon.colcon_core.package_identification Level 1 _identify(src/DoosanBootcamp3rd/dsr_msgs2) by extension 'ignore'
[0.834s] colcon.colcon_core.package_identification Level 1 _identify(src/DoosanBootcamp3rd/dsr_msgs2) by extension 'ignore_ament_install'
[0.834s] colcon.colcon_core.package_identification Level 1 _identify(src/DoosanBootcamp3rd/dsr_msgs2) by extensions ['colcon_pkg']
[0.834s] colcon.colcon_core.package_identification Level 1 _identify(src/DoosanBootcamp3rd/dsr_msgs2) by extension 'colcon_pkg'
[0.834s] colcon.colcon_core.package_identification Level 1 _identify(src/DoosanBootcamp3rd/dsr_msgs2) by extensions ['colcon_meta']
[0.834s] colcon.colcon_core.package_identification Level 1 _identify(src/DoosanBootcamp3rd/dsr_msgs2) by extension 'colcon_meta'
[0.834s] colcon.colcon_core.package_identification Level 1 _identify(src/DoosanBootcamp3rd/dsr_msgs2) by extensions ['ros']
[0.834s] colcon.colcon_core.package_identification Level 1 _identify(src/DoosanBootcamp3rd/dsr_msgs2) by extension 'ros'
[0.835s] colcon.colcon_core.package_identification DEBUG Package 'src/DoosanBootcamp3rd/dsr_msgs2' with type 'ros.ament_cmake' and name 'dsr_msgs2'
[0.835s] colcon.colcon_core.package_identification Level 1 _identify(src/DoosanBootcamp3rd/dsr_rokey) by extensions ['ignore', 'ignore_ament_install']
[0.835s] colcon.colcon_core.package_identification Level 1 _identify(src/DoosanBootcamp3rd/dsr_rokey) by extension 'ignore'
[0.835s] colcon.colcon_core.package_identification Level 1 _identify(src/DoosanBootcamp3rd/dsr_rokey) by extension 'ignore_ament_install'
[0.835s] colcon.colcon_core.package_identification Level 1 _identify(src/DoosanBootcamp3rd/dsr_rokey) by extensions ['colcon_pkg']
[0.835s] colcon.colcon_core.package_identification Level 1 _identify(src/DoosanBootcamp3rd/dsr_rokey) by extension 'colcon_pkg'
[0.835s] colcon.colcon_core.package_identification Level 1 _identify(src/DoosanBootcamp3rd/dsr_rokey) by extensions ['colcon_meta']
[0.835s] colcon.colcon_core.package_identification Level 1 _identify(src/DoosanBootcamp3rd/dsr_rokey) by extension 'colcon_meta'
[0.835s] colcon.colcon_core.package_identification Level 1 _identify(src/DoosanBootcamp3rd/dsr_rokey) by extensions ['ros']
[0.835s] colcon.colcon_core.package_identification Level 1 _identify(src/DoosanBootcamp3rd/dsr_rokey) by extension 'ros'
[0.835s] colcon.colcon_core.package_identification Level 1 _identify(src/DoosanBootcamp3rd/dsr_rokey) by extensions ['cmake', 'python']
[0.835s] colcon.colcon_core.package_identification Level 1 _identify(src/DoosanBootcamp3rd/dsr_rokey) by extension 'cmake'
[0.835s] colcon.colcon_core.package_identification Level 1 _identify(src/DoosanBootcamp3rd/dsr_rokey) by extension 'python'
[0.835s] colcon.colcon_core.package_identification Level 1 _identify(src/DoosanBootcamp3rd/dsr_rokey) by extensions ['python_setup_py']
[0.835s] colcon.colcon_core.package_identification Level 1 _identify(src/DoosanBootcamp3rd/dsr_rokey) by extension 'python_setup_py'
[0.835s] colcon.colcon_core.package_identification Level 1 _identify(src/DoosanBootcamp3rd/dsr_rokey/od_msg) by extensions ['ignore', 'ignore_ament_install']
[0.835s] colcon.colcon_core.package_identification Level 1 _identify(src/DoosanBootcamp3rd/dsr_rokey/od_msg) by extension 'ignore'
[0.835s] colcon.colcon_core.package_identification Level 1 _identify(src/DoosanBootcamp3rd/dsr_rokey/od_msg) by extension 'ignore_ament_install'
[0.836s] colcon.colcon_core.package_identification Level 1 _identify(src/DoosanBootcamp3rd/dsr_rokey/od_msg) by extensions ['colcon_pkg']
[0.836s] colcon.colcon_core.package_identification Level 1 _identify(src/DoosanBootcamp3rd/dsr_rokey/od_msg) by extension 'colcon_pkg'
[0.836s] colcon.colcon_core.package_identification Level 1 _identify(src/DoosanBootcamp3rd/dsr_rokey/od_msg) by extensions ['colcon_meta']
[0.836s] colcon.colcon_core.package_identification Level 1 _identify(src/DoosanBootcamp3rd/dsr_rokey/od_msg) by extension 'colcon_meta'
[0.836s] colcon.colcon_core.package_identification Level 1 _identify(src/DoosanBootcamp3rd/dsr_rokey/od_msg) by extensions ['ros']
[0.836s] colcon.colcon_core.package_identification Level 1 _identify(src/DoosanBootcamp3rd/dsr_rokey/od_msg) by extension 'ros'
[0.836s] colcon.colcon_core.package_identification DEBUG Package 'src/DoosanBootcamp3rd/dsr_rokey/od_msg' with type 'ros.catkin' and name 'od_msg'
[0.836s] colcon.colcon_core.package_identification Level 1 _identify(src/DoosanBootcamp3rd/dsr_rokey/pick_and_place_text) by extensions ['ignore', 'ignore_ament_install']
[0.836s] colcon.colcon_core.package_identification Level 1 _identify(src/DoosanBootcamp3rd/dsr_rokey/pick_and_place_text) by extension 'ignore'
[0.836s] colcon.colcon_core.package_identification Level 1 _identify(src/DoosanBootcamp3rd/dsr_rokey/pick_and_place_text) by extension 'ignore_ament_install'
[0.836s] colcon.colcon_core.package_identification Level 1 _identify(src/DoosanBootcamp3rd/dsr_rokey/pick_and_place_text) by extensions ['colcon_pkg']
[0.836s] colcon.colcon_core.package_identification Level 1 _identify(src/DoosanBootcamp3rd/dsr_rokey/pick_and_place_text) by extension 'colcon_pkg'
[0.836s] colcon.colcon_core.package_identification Level 1 _identify(src/DoosanBootcamp3rd/dsr_rokey/pick_and_place_text) by extensions ['colcon_meta']
[0.837s] colcon.colcon_core.package_identification Level 1 _identify(src/DoosanBootcamp3rd/dsr_rokey/pick_and_place_text) by extension 'colcon_meta'
[0.837s] colcon.colcon_core.package_identification Level 1 _identify(src/DoosanBootcamp3rd/dsr_rokey/pick_and_place_text) by extensions ['ros']
[0.837s] colcon.colcon_core.package_identification Level 1 _identify(src/DoosanBootcamp3rd/dsr_rokey/pick_and_place_text) by extension 'ros'
[0.837s] colcon.colcon_core.package_identification DEBUG Package 'src/DoosanBootcamp3rd/dsr_rokey/pick_and_place_text' with type 'ros.ament_python' and name 'pick_and_place_text'
[0.837s] colcon.colcon_core.package_identification Level 1 _identify(src/DoosanBootcamp3rd/dsr_rokey/pick_and_place_voice) by extensions ['ignore', 'ignore_ament_install']
[0.837s] colcon.colcon_core.package_identification Level 1 _identify(src/DoosanBootcamp3rd/dsr_rokey/pick_and_place_voice) by extension 'ignore'
[0.837s] colcon.colcon_core.package_identification Level 1 _identify(src/DoosanBootcamp3rd/dsr_rokey/pick_and_place_voice) by extension 'ignore_ament_install'
[0.837s] colcon.colcon_core.package_identification Level 1 _identify(src/DoosanBootcamp3rd/dsr_rokey/pick_and_place_voice) by extensions ['colcon_pkg']
[0.837s] colcon.colcon_core.package_identification Level 1 _identify(src/DoosanBootcamp3rd/dsr_rokey/pick_and_place_voice) by extension 'colcon_pkg'
[0.837s] colcon.colcon_core.package_identification Level 1 _identify(src/DoosanBootcamp3rd/dsr_rokey/pick_and_place_voice) by extensions ['colcon_meta']
[0.838s] colcon.colcon_core.package_identification Level 1 _identify(src/DoosanBootcamp3rd/dsr_rokey/pick_and_place_voice) by extension 'colcon_meta'
[0.838s] colcon.colcon_core.package_identification Level 1 _identify(src/DoosanBootcamp3rd/dsr_rokey/pick_and_place_voice) by extensions ['ros']
[0.838s] colcon.colcon_core.package_identification Level 1 _identify(src/DoosanBootcamp3rd/dsr_rokey/pick_and_place_voice) by extension 'ros'
[0.838s] colcon.colcon_core.package_identification DEBUG Package 'src/DoosanBootcamp3rd/dsr_rokey/pick_and_place_voice' with type 'ros.ament_python' and name 'pick_and_place_voice'
[0.838s] colcon.colcon_core.package_identification Level 1 _identify(src/DoosanBootcamp3rd/dsr_rokey/rokey) by extensions ['ignore', 'ignore_ament_install']
[0.838s] colcon.colcon_core.package_identification Level 1 _identify(src/DoosanBootcamp3rd/dsr_rokey/rokey) by extension 'ignore'
[0.838s] colcon.colcon_core.package_identification Level 1 _identify(src/DoosanBootcamp3rd/dsr_rokey/rokey) by extension 'ignore_ament_install'
[0.838s] colcon.colcon_core.package_identification Level 1 _identify(src/DoosanBootcamp3rd/dsr_rokey/rokey) by extensions ['colcon_pkg']
[0.838s] colcon.colcon_core.package_identification Level 1 _identify(src/DoosanBootcamp3rd/dsr_rokey/rokey) by extension 'colcon_pkg'
[0.838s] colcon.colcon_core.package_identification Level 1 _identify(src/DoosanBootcamp3rd/dsr_rokey/rokey) by extensions ['colcon_meta']
[0.838s] colcon.colcon_core.package_identification Level 1 _identify(src/DoosanBootcamp3rd/dsr_rokey/rokey) by extension 'colcon_meta'
[0.838s] colcon.colcon_core.package_identification Level 1 _identify(src/DoosanBootcamp3rd/dsr_rokey/rokey) by extensions ['ros']
[0.838s] colcon.colcon_core.package_identification Level 1 _identify(src/DoosanBootcamp3rd/dsr_rokey/rokey) by extension 'ros'
[0.839s] colcon.colcon_core.package_identification DEBUG Package 'src/DoosanBootcamp3rd/dsr_rokey/rokey' with type 'ros.ament_python' and name 'rokey'
[0.839s] colcon.colcon_core.package_identification Level 1 _identify(src/DoosanBootcamp3rd/dsr_tests) by extensions ['ignore', 'ignore_ament_install']
[0.839s] colcon.colcon_core.package_identification Level 1 _identify(src/DoosanBootcamp3rd/dsr_tests) by extension 'ignore'
[0.839s] colcon.colcon_core.package_identification Level 1 _identify(src/DoosanBootcamp3rd/dsr_tests) by extension 'ignore_ament_install'
[0.839s] colcon.colcon_core.package_identification Level 1 _identify(src/DoosanBootcamp3rd/dsr_tests) by extensions ['colcon_pkg']
[0.839s] colcon.colcon_core.package_identification Level 1 _identify(src/DoosanBootcamp3rd/dsr_tests) by extension 'colcon_pkg'
[0.839s] colcon.colcon_core.package_identification Level 1 _identify(src/DoosanBootcamp3rd/dsr_tests) by extensions ['colcon_meta']
[0.839s] colcon.colcon_core.package_identification Level 1 _identify(src/DoosanBootcamp3rd/dsr_tests) by extension 'colcon_meta'
[0.839s] colcon.colcon_core.package_identification Level 1 _identify(src/DoosanBootcamp3rd/dsr_tests) by extensions ['ros']
[0.839s] colcon.colcon_core.package_identification Level 1 _identify(src/DoosanBootcamp3rd/dsr_tests) by extension 'ros'
[0.840s] colcon.colcon_core.package_identification DEBUG Package 'src/DoosanBootcamp3rd/dsr_tests' with type 'ros.ament_python' and name 'dsr_tests'
[0.840s] colcon.colcon_core.package_identification Level 1 _identify(src/DoosanBootcamp3rd/somacube) by extensions ['ignore', 'ignore_ament_install']
[0.840s] colcon.colcon_core.package_identification Level 1 _identify(src/DoosanBootcamp3rd/somacube) by extension 'ignore'
[0.840s] colcon.colcon_core.package_identification Level 1 _identify(src/DoosanBootcamp3rd/somacube) by extension 'ignore_ament_install'
[0.840s] colcon.colcon_core.package_identification Level 1 _identify(src/DoosanBootcamp3rd/somacube) by extensions ['colcon_pkg']
[0.840s] colcon.colcon_core.package_identification Level 1 _identify(src/DoosanBootcamp3rd/somacube) by extension 'colcon_pkg'
[0.840s] colcon.colcon_core.package_identification Level 1 _identify(src/DoosanBootcamp3rd/somacube) by extensions ['colcon_meta']
[0.840s] colcon.colcon_core.package_identification Level 1 _identify(src/DoosanBootcamp3rd/somacube) by extension 'colcon_meta'
[0.840s] colcon.colcon_core.package_identification Level 1 _identify(src/DoosanBootcamp3rd/somacube) by extensions ['ros']
[0.840s] colcon.colcon_core.package_identification Level 1 _identify(src/DoosanBootcamp3rd/somacube) by extension 'ros'
[0.841s] colcon.colcon_core.package_identification DEBUG Package 'src/DoosanBootcamp3rd/somacube' with type 'ros.ament_python' and name 'somacube'
[0.842s] colcon.colcon_core.package_identification Level 1 _identify(test_logs) by extensions ['ignore', 'ignore_ament_install']
[0.842s] colcon.colcon_core.package_identification Level 1 _identify(test_logs) by extension 'ignore'
[0.842s] colcon.colcon_core.package_identification Level 1 _identify(test_logs) by extension 'ignore_ament_install'
[0.842s] colcon.colcon_core.package_identification Level 1 _identify(test_logs) by extensions ['colcon_pkg']
[0.842s] colcon.colcon_core.package_identification Level 1 _identify(test_logs) by extension 'colcon_pkg'
[0.842s] colcon.colcon_core.package_identification Level 1 _identify(test_logs) by extensions ['colcon_meta']
[0.842s] colcon.colcon_core.package_identification Level 1 _identify(test_logs) by extension 'colcon_meta'
[0.842s] colcon.colcon_core.package_identification Level 1 _identify(test_logs) by extensions ['ros']
[0.842s] colcon.colcon_core.package_identification Level 1 _identify(test_logs) by extension 'ros'
[0.842s] colcon.colcon_core.package_identification Level 1 _identify(test_logs) by extensions ['cmake', 'python']
[0.842s] colcon.colcon_core.package_identification Level 1 _identify(test_logs) by extension 'cmake'
[0.842s] colcon.colcon_core.package_identification Level 1 _identify(test_logs) by extension 'python'
[0.842s] colcon.colcon_core.package_identification Level 1 _identify(test_logs) by extensions ['python_setup_py']
[0.842s] colcon.colcon_core.package_identification Level 1 _identify(test_logs) by extension 'python_setup_py'
[0.842s] colcon.colcon_core.package_identification Level 1 _identify(test_logs/manual_file_test_20250809_115410) by extensions ['ignore', 'ignore_ament_install']
[0.842s] colcon.colcon_core.package_identification Level 1 _identify(test_logs/manual_file_test_20250809_115410) by extension 'ignore'
[0.842s] colcon.colcon_core.package_identification Level 1 _identify(test_logs/manual_file_test_20250809_115410) by extension 'ignore_ament_install'
[0.843s] colcon.colcon_core.package_identification Level 1 _identify(test_logs/manual_file_test_20250809_115410) by extensions ['colcon_pkg']
[0.843s] colcon.colcon_core.package_identification Level 1 _identify(test_logs/manual_file_test_20250809_115410) by extension 'colcon_pkg'
[0.843s] colcon.colcon_core.package_identification Level 1 _identify(test_logs/manual_file_test_20250809_115410) by extensions ['colcon_meta']
[0.843s] colcon.colcon_core.package_identification Level 1 _identify(test_logs/manual_file_test_20250809_115410) by extension 'colcon_meta'
[0.843s] colcon.colcon_core.package_identification Level 1 _identify(test_logs/manual_file_test_20250809_115410) by extensions ['ros']
[0.843s] colcon.colcon_core.package_identification Level 1 _identify(test_logs/manual_file_test_20250809_115410) by extension 'ros'
[0.843s] colcon.colcon_core.package_identification Level 1 _identify(test_logs/manual_file_test_20250809_115410) by extensions ['cmake', 'python']
[0.843s] colcon.colcon_core.package_identification Level 1 _identify(test_logs/manual_file_test_20250809_115410) by extension 'cmake'
[0.843s] colcon.colcon_core.package_identification Level 1 _identify(test_logs/manual_file_test_20250809_115410) by extension 'python'
[0.843s] colcon.colcon_core.package_identification Level 1 _identify(test_logs/manual_file_test_20250809_115410) by extensions ['python_setup_py']
[0.843s] colcon.colcon_core.package_identification Level 1 _identify(test_logs/manual_file_test_20250809_115410) by extension 'python_setup_py'
[0.843s] colcon.colcon_core.package_identification Level 1 _identify(test_logs/manual_ros2_test_20250809_115410) by extensions ['ignore', 'ignore_ament_install']
[0.843s] colcon.colcon_core.package_identification Level 1 _identify(test_logs/manual_ros2_test_20250809_115410) by extension 'ignore'
[0.843s] colcon.colcon_core.package_identification Level 1 _identify(test_logs/manual_ros2_test_20250809_115410) by extension 'ignore_ament_install'
[0.843s] colcon.colcon_core.package_identification Level 1 _identify(test_logs/manual_ros2_test_20250809_115410) by extensions ['colcon_pkg']
[0.843s] colcon.colcon_core.package_identification Level 1 _identify(test_logs/manual_ros2_test_20250809_115410) by extension 'colcon_pkg'
[0.843s] colcon.colcon_core.package_identification Level 1 _identify(test_logs/manual_ros2_test_20250809_115410) by extensions ['colcon_meta']
[0.843s] colcon.colcon_core.package_identification Level 1 _identify(test_logs/manual_ros2_test_20250809_115410) by extension 'colcon_meta'
[0.843s] colcon.colcon_core.package_identification Level 1 _identify(test_logs/manual_ros2_test_20250809_115410) by extensions ['ros']
[0.843s] colcon.colcon_core.package_identification Level 1 _identify(test_logs/manual_ros2_test_20250809_115410) by extension 'ros'
[0.843s] colcon.colcon_core.package_identification Level 1 _identify(test_logs/manual_ros2_test_20250809_115410) by extensions ['cmake', 'python']
[0.843s] colcon.colcon_core.package_identification Level 1 _identify(test_logs/manual_ros2_test_20250809_115410) by extension 'cmake'
[0.844s] colcon.colcon_core.package_identification Level 1 _identify(test_logs/manual_ros2_test_20250809_115410) by extension 'python'
[0.844s] colcon.colcon_core.package_identification Level 1 _identify(test_logs/manual_ros2_test_20250809_115410) by extensions ['python_setup_py']
[0.844s] colcon.colcon_core.package_identification Level 1 _identify(test_logs/manual_ros2_test_20250809_115410) by extension 'python_setup_py'
[0.844s] colcon.colcon_core.package_identification Level 1 _identify(test_logs/manual_ros2_test_20250809_115410/tensorboard) by extensions ['ignore', 'ignore_ament_install']
[0.844s] colcon.colcon_core.package_identification Level 1 _identify(test_logs/manual_ros2_test_20250809_115410/tensorboard) by extension 'ignore'
[0.844s] colcon.colcon_core.package_identification Level 1 _identify(test_logs/manual_ros2_test_20250809_115410/tensorboard) by extension 'ignore_ament_install'
[0.844s] colcon.colcon_core.package_identification Level 1 _identify(test_logs/manual_ros2_test_20250809_115410/tensorboard) by extensions ['colcon_pkg']
[0.844s] colcon.colcon_core.package_identification Level 1 _identify(test_logs/manual_ros2_test_20250809_115410/tensorboard) by extension 'colcon_pkg'
[0.844s] colcon.colcon_core.package_identification Level 1 _identify(test_logs/manual_ros2_test_20250809_115410/tensorboard) by extensions ['colcon_meta']
[0.844s] colcon.colcon_core.package_identification Level 1 _identify(test_logs/manual_ros2_test_20250809_115410/tensorboard) by extension 'colcon_meta'
[0.844s] colcon.colcon_core.package_identification Level 1 _identify(test_logs/manual_ros2_test_20250809_115410/tensorboard) by extensions ['ros']
[0.844s] colcon.colcon_core.package_identification Level 1 _identify(test_logs/manual_ros2_test_20250809_115410/tensorboard) by extension 'ros'
[0.844s] colcon.colcon_core.package_identification Level 1 _identify(test_logs/manual_ros2_test_20250809_115410/tensorboard) by extensions ['cmake', 'python']
[0.844s] colcon.colcon_core.package_identification Level 1 _identify(test_logs/manual_ros2_test_20250809_115410/tensorboard) by extension 'cmake'
[0.844s] colcon.colcon_core.package_identification Level 1 _identify(test_logs/manual_ros2_test_20250809_115410/tensorboard) by extension 'python'
[0.844s] colcon.colcon_core.package_identification Level 1 _identify(test_logs/manual_ros2_test_20250809_115410/tensorboard) by extensions ['python_setup_py']
[0.844s] colcon.colcon_core.package_identification Level 1 _identify(test_logs/manual_ros2_test_20250809_115410/tensorboard) by extension 'python_setup_py'
[0.844s] colcon.colcon_core.package_discovery Level 1 discover_packages(recursive) using defaults
[0.844s] colcon.colcon_core.package_discovery Level 1 discover_packages(ignore) discover
[0.844s] colcon.colcon_core.package_discovery Level 1 discover_packages(ignore) using defaults
[0.844s] colcon.colcon_core.package_discovery Level 1 discover_packages(path) discover
[0.844s] colcon.colcon_core.package_discovery Level 1 discover_packages(path) using defaults
[0.880s] colcon.colcon_core.verb Level 5 set package 'dsr_common2' build argument 'cmake_args' from command line to 'None'
[0.880s] colcon.colcon_core.verb Level 5 set package 'dsr_common2' build argument 'cmake_target' from command line to 'None'
[0.880s] colcon.colcon_core.verb Level 5 set package 'dsr_common2' build argument 'cmake_target_skip_unavailable' from command line to 'False'
[0.880s] colcon.colcon_core.verb Level 5 set package 'dsr_common2' build argument 'cmake_clean_cache' from command line to 'False'
[0.880s] colcon.colcon_core.verb Level 5 set package 'dsr_common2' build argument 'cmake_clean_first' from command line to 'False'
[0.880s] colcon.colcon_core.verb Level 5 set package 'dsr_common2' build argument 'cmake_force_configure' from command line to 'False'
[0.880s] colcon.colcon_core.verb Level 5 set package 'dsr_common2' build argument 'ament_cmake_args' from command line to 'None'
[0.880s] colcon.colcon_core.verb Level 5 set package 'dsr_common2' build argument 'catkin_cmake_args' from command line to 'None'
[0.880s] colcon.colcon_core.verb Level 5 set package 'dsr_common2' build argument 'catkin_skip_building_tests' from command line to 'False'
[0.880s] colcon.colcon_core.verb DEBUG Building package 'dsr_common2' with the following arguments: {'ament_cmake_args': None, 'build_base': '/home/jack/ros2_ws/build/dsr_common2', 'catkin_cmake_args': None, 'catkin_skip_building_tests': False, 'cmake_args': None, 'cmake_clean_cache': False, 'cmake_clean_first': False, 'cmake_force_configure': False, 'cmake_target': None, 'cmake_target_skip_unavailable': False, 'install_base': '/home/jack/ros2_ws/install/dsr_common2', 'merge_install': False, 'path': '/home/jack/ros2_ws/src/DoosanBootcamp3rd/dsr_common2', 'symlink_install': False, 'test_result_base': None}
[0.880s] colcon.colcon_core.verb Level 5 set package 'dsr_description2' build argument 'cmake_args' from command line to 'None'
[0.880s] colcon.colcon_core.verb Level 5 set package 'dsr_description2' build argument 'cmake_target' from command line to 'None'
[0.880s] colcon.colcon_core.verb Level 5 set package 'dsr_description2' build argument 'cmake_target_skip_unavailable' from command line to 'False'
[0.880s] colcon.colcon_core.verb Level 5 set package 'dsr_description2' build argument 'cmake_clean_cache' from command line to 'False'
[0.880s] colcon.colcon_core.verb Level 5 set package 'dsr_description2' build argument 'cmake_clean_first' from command line to 'False'
[0.880s] colcon.colcon_core.verb Level 5 set package 'dsr_description2' build argument 'cmake_force_configure' from command line to 'False'
[0.880s] colcon.colcon_core.verb Level 5 set package 'dsr_description2' build argument 'ament_cmake_args' from command line to 'None'
[0.880s] colcon.colcon_core.verb Level 5 set package 'dsr_description2' build argument 'catkin_cmake_args' from command line to 'None'
[0.880s] colcon.colcon_core.verb Level 5 set package 'dsr_description2' build argument 'catkin_skip_building_tests' from command line to 'False'
[0.880s] colcon.colcon_core.verb DEBUG Building package 'dsr_description2' with the following arguments: {'ament_cmake_args': None, 'build_base': '/home/jack/ros2_ws/build/dsr_description2', 'catkin_cmake_args': None, 'catkin_skip_building_tests': False, 'cmake_args': None, 'cmake_clean_cache': False, 'cmake_clean_first': False, 'cmake_force_configure': False, 'cmake_target': None, 'cmake_target_skip_unavailable': False, 'install_base': '/home/jack/ros2_ws/install/dsr_description2', 'merge_install': False, 'path': '/home/jack/ros2_ws/src/DoosanBootcamp3rd/dsr_description2', 'symlink_install': False, 'test_result_base': None}
[0.881s] colcon.colcon_core.verb Level 5 set package 'dsr_moveit_config_a0509' build argument 'cmake_args' from command line to 'None'
[0.881s] colcon.colcon_core.verb Level 5 set package 'dsr_moveit_config_a0509' build argument 'cmake_target' from command line to 'None'
[0.881s] colcon.colcon_core.verb Level 5 set package 'dsr_moveit_config_a0509' build argument 'cmake_target_skip_unavailable' from command line to 'False'
[0.881s] colcon.colcon_core.verb Level 5 set package 'dsr_moveit_config_a0509' build argument 'cmake_clean_cache' from command line to 'False'
[0.881s] colcon.colcon_core.verb Level 5 set package 'dsr_moveit_config_a0509' build argument 'cmake_clean_first' from command line to 'False'
[0.881s] colcon.colcon_core.verb Level 5 set package 'dsr_moveit_config_a0509' build argument 'cmake_force_configure' from command line to 'False'
[0.881s] colcon.colcon_core.verb Level 5 set package 'dsr_moveit_config_a0509' build argument 'ament_cmake_args' from command line to 'None'
[0.881s] colcon.colcon_core.verb Level 5 set package 'dsr_moveit_config_a0509' build argument 'catkin_cmake_args' from command line to 'None'
[0.881s] colcon.colcon_core.verb Level 5 set package 'dsr_moveit_config_a0509' build argument 'catkin_skip_building_tests' from command line to 'False'
[0.881s] colcon.colcon_core.verb DEBUG Building package 'dsr_moveit_config_a0509' with the following arguments: {'ament_cmake_args': None, 'build_base': '/home/jack/ros2_ws/build/dsr_moveit_config_a0509', 'catkin_cmake_args': None, 'catkin_skip_building_tests': False, 'cmake_args': None, 'cmake_clean_cache': False, 'cmake_clean_first': False, 'cmake_force_configure': False, 'cmake_target': None, 'cmake_target_skip_unavailable': False, 'install_base': '/home/jack/ros2_ws/install/dsr_moveit_config_a0509', 'merge_install': False, 'path': '/home/jack/ros2_ws/src/DoosanBootcamp3rd/dsr_moveit2/dsr_moveit_config_a0509', 'symlink_install': False, 'test_result_base': None}
[0.881s] colcon.colcon_core.verb Level 5 set package 'dsr_moveit_config_a0912' build argument 'cmake_args' from command line to 'None'
[0.881s] colcon.colcon_core.verb Level 5 set package 'dsr_moveit_config_a0912' build argument 'cmake_target' from command line to 'None'
[0.881s] colcon.colcon_core.verb Level 5 set package 'dsr_moveit_config_a0912' build argument 'cmake_target_skip_unavailable' from command line to 'False'
[0.881s] colcon.colcon_core.verb Level 5 set package 'dsr_moveit_config_a0912' build argument 'cmake_clean_cache' from command line to 'False'
[0.881s] colcon.colcon_core.verb Level 5 set package 'dsr_moveit_config_a0912' build argument 'cmake_clean_first' from command line to 'False'
[0.881s] colcon.colcon_core.verb Level 5 set package 'dsr_moveit_config_a0912' build argument 'cmake_force_configure' from command line to 'False'
[0.881s] colcon.colcon_core.verb Level 5 set package 'dsr_moveit_config_a0912' build argument 'ament_cmake_args' from command line to 'None'
[0.881s] colcon.colcon_core.verb Level 5 set package 'dsr_moveit_config_a0912' build argument 'catkin_cmake_args' from command line to 'None'
[0.881s] colcon.colcon_core.verb Level 5 set package 'dsr_moveit_config_a0912' build argument 'catkin_skip_building_tests' from command line to 'False'
[0.881s] colcon.colcon_core.verb DEBUG Building package 'dsr_moveit_config_a0912' with the following arguments: {'ament_cmake_args': None, 'build_base': '/home/jack/ros2_ws/build/dsr_moveit_config_a0912', 'catkin_cmake_args': None, 'catkin_skip_building_tests': False, 'cmake_args': None, 'cmake_clean_cache': False, 'cmake_clean_first': False, 'cmake_force_configure': False, 'cmake_target': None, 'cmake_target_skip_unavailable': False, 'install_base': '/home/jack/ros2_ws/install/dsr_moveit_config_a0912', 'merge_install': False, 'path': '/home/jack/ros2_ws/src/DoosanBootcamp3rd/dsr_moveit2/dsr_moveit_config_a0912', 'symlink_install': False, 'test_result_base': None}
[0.881s] colcon.colcon_core.verb Level 5 set package 'dsr_moveit_config_e0509' build argument 'cmake_args' from command line to 'None'
[0.881s] colcon.colcon_core.verb Level 5 set package 'dsr_moveit_config_e0509' build argument 'cmake_target' from command line to 'None'
[0.881s] colcon.colcon_core.verb Level 5 set package 'dsr_moveit_config_e0509' build argument 'cmake_target_skip_unavailable' from command line to 'False'
[0.881s] colcon.colcon_core.verb Level 5 set package 'dsr_moveit_config_e0509' build argument 'cmake_clean_cache' from command line to 'False'
[0.881s] colcon.colcon_core.verb Level 5 set package 'dsr_moveit_config_e0509' build argument 'cmake_clean_first' from command line to 'False'
[0.881s] colcon.colcon_core.verb Level 5 set package 'dsr_moveit_config_e0509' build argument 'cmake_force_configure' from command line to 'False'
[0.881s] colcon.colcon_core.verb Level 5 set package 'dsr_moveit_config_e0509' build argument 'ament_cmake_args' from command line to 'None'
[0.881s] colcon.colcon_core.verb Level 5 set package 'dsr_moveit_config_e0509' build argument 'catkin_cmake_args' from command line to 'None'
[0.881s] colcon.colcon_core.verb Level 5 set package 'dsr_moveit_config_e0509' build argument 'catkin_skip_building_tests' from command line to 'False'
[0.881s] colcon.colcon_core.verb DEBUG Building package 'dsr_moveit_config_e0509' with the following arguments: {'ament_cmake_args': None, 'build_base': '/home/jack/ros2_ws/build/dsr_moveit_config_e0509', 'catkin_cmake_args': None, 'catkin_skip_building_tests': False, 'cmake_args': None, 'cmake_clean_cache': False, 'cmake_clean_first': False, 'cmake_force_configure': False, 'cmake_target': None, 'cmake_target_skip_unavailable': False, 'install_base': '/home/jack/ros2_ws/install/dsr_moveit_config_e0509', 'merge_install': False, 'path': '/home/jack/ros2_ws/src/DoosanBootcamp3rd/dsr_moveit2/dsr_moveit_config_e0509', 'symlink_install': False, 'test_result_base': None}
[0.882s] colcon.colcon_core.verb Level 5 set package 'dsr_moveit_config_h2017' build argument 'cmake_args' from command line to 'None'
[0.882s] colcon.colcon_core.verb Level 5 set package 'dsr_moveit_config_h2017' build argument 'cmake_target' from command line to 'None'
[0.882s] colcon.colcon_core.verb Level 5 set package 'dsr_moveit_config_h2017' build argument 'cmake_target_skip_unavailable' from command line to 'False'
[0.882s] colcon.colcon_core.verb Level 5 set package 'dsr_moveit_config_h2017' build argument 'cmake_clean_cache' from command line to 'False'
[0.882s] colcon.colcon_core.verb Level 5 set package 'dsr_moveit_config_h2017' build argument 'cmake_clean_first' from command line to 'False'
[0.882s] colcon.colcon_core.verb Level 5 set package 'dsr_moveit_config_h2017' build argument 'cmake_force_configure' from command line to 'False'
[0.882s] colcon.colcon_core.verb Level 5 set package 'dsr_moveit_config_h2017' build argument 'ament_cmake_args' from command line to 'None'
[0.882s] colcon.colcon_core.verb Level 5 set package 'dsr_moveit_config_h2017' build argument 'catkin_cmake_args' from command line to 'None'
[0.882s] colcon.colcon_core.verb Level 5 set package 'dsr_moveit_config_h2017' build argument 'catkin_skip_building_tests' from command line to 'False'
[0.882s] colcon.colcon_core.verb DEBUG Building package 'dsr_moveit_config_h2017' with the following arguments: {'ament_cmake_args': None, 'build_base': '/home/jack/ros2_ws/build/dsr_moveit_config_h2017', 'catkin_cmake_args': None, 'catkin_skip_building_tests': False, 'cmake_args': None, 'cmake_clean_cache': False, 'cmake_clean_first': False, 'cmake_force_configure': False, 'cmake_target': None, 'cmake_target_skip_unavailable': False, 'install_base': '/home/jack/ros2_ws/install/dsr_moveit_config_h2017', 'merge_install': False, 'path': '/home/jack/ros2_ws/src/DoosanBootcamp3rd/dsr_moveit2/dsr_moveit_config_h2017', 'symlink_install': False, 'test_result_base': None}
[0.882s] colcon.colcon_core.verb Level 5 set package 'dsr_moveit_config_h2515' build argument 'cmake_args' from command line to 'None'
[0.882s] colcon.colcon_core.verb Level 5 set package 'dsr_moveit_config_h2515' build argument 'cmake_target' from command line to 'None'
[0.882s] colcon.colcon_core.verb Level 5 set package 'dsr_moveit_config_h2515' build argument 'cmake_target_skip_unavailable' from command line to 'False'
[0.882s] colcon.colcon_core.verb Level 5 set package 'dsr_moveit_config_h2515' build argument 'cmake_clean_cache' from command line to 'False'
[0.882s] colcon.colcon_core.verb Level 5 set package 'dsr_moveit_config_h2515' build argument 'cmake_clean_first' from command line to 'False'
[0.882s] colcon.colcon_core.verb Level 5 set package 'dsr_moveit_config_h2515' build argument 'cmake_force_configure' from command line to 'False'
[0.882s] colcon.colcon_core.verb Level 5 set package 'dsr_moveit_config_h2515' build argument 'ament_cmake_args' from command line to 'None'
[0.882s] colcon.colcon_core.verb Level 5 set package 'dsr_moveit_config_h2515' build argument 'catkin_cmake_args' from command line to 'None'
[0.882s] colcon.colcon_core.verb Level 5 set package 'dsr_moveit_config_h2515' build argument 'catkin_skip_building_tests' from command line to 'False'
[0.882s] colcon.colcon_core.verb DEBUG Building package 'dsr_moveit_config_h2515' with the following arguments: {'ament_cmake_args': None, 'build_base': '/home/jack/ros2_ws/build/dsr_moveit_config_h2515', 'catkin_cmake_args': None, 'catkin_skip_building_tests': False, 'cmake_args': None, 'cmake_clean_cache': False, 'cmake_clean_first': False, 'cmake_force_configure': False, 'cmake_target': None, 'cmake_target_skip_unavailable': False, 'install_base': '/home/jack/ros2_ws/install/dsr_moveit_config_h2515', 'merge_install': False, 'path': '/home/jack/ros2_ws/src/DoosanBootcamp3rd/dsr_moveit2/dsr_moveit_config_h2515', 'symlink_install': False, 'test_result_base': None}
[0.882s] colcon.colcon_core.verb Level 5 set package 'dsr_moveit_config_m0609' build argument 'cmake_args' from command line to 'None'
[0.882s] colcon.colcon_core.verb Level 5 set package 'dsr_moveit_config_m0609' build argument 'cmake_target' from command line to 'None'
[0.882s] colcon.colcon_core.verb Level 5 set package 'dsr_moveit_config_m0609' build argument 'cmake_target_skip_unavailable' from command line to 'False'
[0.882s] colcon.colcon_core.verb Level 5 set package 'dsr_moveit_config_m0609' build argument 'cmake_clean_cache' from command line to 'False'
[0.882s] colcon.colcon_core.verb Level 5 set package 'dsr_moveit_config_m0609' build argument 'cmake_clean_first' from command line to 'False'
[0.882s] colcon.colcon_core.verb Level 5 set package 'dsr_moveit_config_m0609' build argument 'cmake_force_configure' from command line to 'False'
[0.882s] colcon.colcon_core.verb Level 5 set package 'dsr_moveit_config_m0609' build argument 'ament_cmake_args' from command line to 'None'
[0.882s] colcon.colcon_core.verb Level 5 set package 'dsr_moveit_config_m0609' build argument 'catkin_cmake_args' from command line to 'None'
[0.883s] colcon.colcon_core.verb Level 5 set package 'dsr_moveit_config_m0609' build argument 'catkin_skip_building_tests' from command line to 'False'
[0.883s] colcon.colcon_core.verb DEBUG Building package 'dsr_moveit_config_m0609' with the following arguments: {'ament_cmake_args': None, 'build_base': '/home/jack/ros2_ws/build/dsr_moveit_config_m0609', 'catkin_cmake_args': None, 'catkin_skip_building_tests': False, 'cmake_args': None, 'cmake_clean_cache': False, 'cmake_clean_first': False, 'cmake_force_configure': False, 'cmake_target': None, 'cmake_target_skip_unavailable': False, 'install_base': '/home/jack/ros2_ws/install/dsr_moveit_config_m0609', 'merge_install': False, 'path': '/home/jack/ros2_ws/src/DoosanBootcamp3rd/dsr_moveit2/dsr_moveit_config_m0609', 'symlink_install': False, 'test_result_base': None}
[0.883s] colcon.colcon_core.verb Level 5 set package 'dsr_moveit_config_m0617' build argument 'cmake_args' from command line to 'None'
[0.883s] colcon.colcon_core.verb Level 5 set package 'dsr_moveit_config_m0617' build argument 'cmake_target' from command line to 'None'
[0.883s] colcon.colcon_core.verb Level 5 set package 'dsr_moveit_config_m0617' build argument 'cmake_target_skip_unavailable' from command line to 'False'
[0.883s] colcon.colcon_core.verb Level 5 set package 'dsr_moveit_config_m0617' build argument 'cmake_clean_cache' from command line to 'False'
[0.883s] colcon.colcon_core.verb Level 5 set package 'dsr_moveit_config_m0617' build argument 'cmake_clean_first' from command line to 'False'
[0.883s] colcon.colcon_core.verb Level 5 set package 'dsr_moveit_config_m0617' build argument 'cmake_force_configure' from command line to 'False'
[0.883s] colcon.colcon_core.verb Level 5 set package 'dsr_moveit_config_m0617' build argument 'ament_cmake_args' from command line to 'None'
[0.883s] colcon.colcon_core.verb Level 5 set package 'dsr_moveit_config_m0617' build argument 'catkin_cmake_args' from command line to 'None'
[0.883s] colcon.colcon_core.verb Level 5 set package 'dsr_moveit_config_m0617' build argument 'catkin_skip_building_tests' from command line to 'False'
[0.883s] colcon.colcon_core.verb DEBUG Building package 'dsr_moveit_config_m0617' with the following arguments: {'ament_cmake_args': None, 'build_base': '/home/jack/ros2_ws/build/dsr_moveit_config_m0617', 'catkin_cmake_args': None, 'catkin_skip_building_tests': False, 'cmake_args': None, 'cmake_clean_cache': False, 'cmake_clean_first': False, 'cmake_force_configure': False, 'cmake_target': None, 'cmake_target_skip_unavailable': False, 'install_base': '/home/jack/ros2_ws/install/dsr_moveit_config_m0617', 'merge_install': False, 'path': '/home/jack/ros2_ws/src/DoosanBootcamp3rd/dsr_moveit2/dsr_moveit_config_m0617', 'symlink_install': False, 'test_result_base': None}
[0.883s] colcon.colcon_core.verb Level 5 set package 'dsr_moveit_config_m1013' build argument 'cmake_args' from command line to 'None'
[0.883s] colcon.colcon_core.verb Level 5 set package 'dsr_moveit_config_m1013' build argument 'cmake_target' from command line to 'None'
[0.883s] colcon.colcon_core.verb Level 5 set package 'dsr_moveit_config_m1013' build argument 'cmake_target_skip_unavailable' from command line to 'False'
[0.883s] colcon.colcon_core.verb Level 5 set package 'dsr_moveit_config_m1013' build argument 'cmake_clean_cache' from command line to 'False'
[0.883s] colcon.colcon_core.verb Level 5 set package 'dsr_moveit_config_m1013' build argument 'cmake_clean_first' from command line to 'False'
[0.883s] colcon.colcon_core.verb Level 5 set package 'dsr_moveit_config_m1013' build argument 'cmake_force_configure' from command line to 'False'
[0.883s] colcon.colcon_core.verb Level 5 set package 'dsr_moveit_config_m1013' build argument 'ament_cmake_args' from command line to 'None'
[0.883s] colcon.colcon_core.verb Level 5 set package 'dsr_moveit_config_m1013' build argument 'catkin_cmake_args' from command line to 'None'
[0.883s] colcon.colcon_core.verb Level 5 set package 'dsr_moveit_config_m1013' build argument 'catkin_skip_building_tests' from command line to 'False'
[0.883s] colcon.colcon_core.verb DEBUG Building package 'dsr_moveit_config_m1013' with the following arguments: {'ament_cmake_args': None, 'build_base': '/home/jack/ros2_ws/build/dsr_moveit_config_m1013', 'catkin_cmake_args': None, 'catkin_skip_building_tests': False, 'cmake_args': None, 'cmake_clean_cache': False, 'cmake_clean_first': False, 'cmake_force_configure': False, 'cmake_target': None, 'cmake_target_skip_unavailable': False, 'install_base': '/home/jack/ros2_ws/install/dsr_moveit_config_m1013', 'merge_install': False, 'path': '/home/jack/ros2_ws/src/DoosanBootcamp3rd/dsr_moveit2/dsr_moveit_config_m1013', 'symlink_install': False, 'test_result_base': None}
[0.884s] colcon.colcon_core.verb Level 5 set package 'dsr_moveit_config_m1509' build argument 'cmake_args' from command line to 'None'
[0.884s] colcon.colcon_core.verb Level 5 set package 'dsr_moveit_config_m1509' build argument 'cmake_target' from command line to 'None'
[0.884s] colcon.colcon_core.verb Level 5 set package 'dsr_moveit_config_m1509' build argument 'cmake_target_skip_unavailable' from command line to 'False'
[0.884s] colcon.colcon_core.verb Level 5 set package 'dsr_moveit_config_m1509' build argument 'cmake_clean_cache' from command line to 'False'
[0.884s] colcon.colcon_core.verb Level 5 set package 'dsr_moveit_config_m1509' build argument 'cmake_clean_first' from command line to 'False'
[0.884s] colcon.colcon_core.verb Level 5 set package 'dsr_moveit_config_m1509' build argument 'cmake_force_configure' from command line to 'False'
[0.884s] colcon.colcon_core.verb Level 5 set package 'dsr_moveit_config_m1509' build argument 'ament_cmake_args' from command line to 'None'
[0.884s] colcon.colcon_core.verb Level 5 set package 'dsr_moveit_config_m1509' build argument 'catkin_cmake_args' from command line to 'None'
[0.884s] colcon.colcon_core.verb Level 5 set package 'dsr_moveit_config_m1509' build argument 'catkin_skip_building_tests' from command line to 'False'
[0.884s] colcon.colcon_core.verb DEBUG Building package 'dsr_moveit_config_m1509' with the following arguments: {'ament_cmake_args': None, 'build_base': '/home/jack/ros2_ws/build/dsr_moveit_config_m1509', 'catkin_cmake_args': None, 'catkin_skip_building_tests': False, 'cmake_args': None, 'cmake_clean_cache': False, 'cmake_clean_first': False, 'cmake_force_configure': False, 'cmake_target': None, 'cmake_target_skip_unavailable': False, 'install_base': '/home/jack/ros2_ws/install/dsr_moveit_config_m1509', 'merge_install': False, 'path': '/home/jack/ros2_ws/src/DoosanBootcamp3rd/dsr_moveit2/dsr_moveit_config_m1509', 'symlink_install': False, 'test_result_base': None}
[0.884s] colcon.colcon_core.verb Level 5 set package 'dsr_moveit_config_p3020' build argument 'cmake_args' from command line to 'None'
[0.884s] colcon.colcon_core.verb Level 5 set package 'dsr_moveit_config_p3020' build argument 'cmake_target' from command line to 'None'
[0.884s] colcon.colcon_core.verb Level 5 set package 'dsr_moveit_config_p3020' build argument 'cmake_target_skip_unavailable' from command line to 'False'
[0.884s] colcon.colcon_core.verb Level 5 set package 'dsr_moveit_config_p3020' build argument 'cmake_clean_cache' from command line to 'False'
[0.884s] colcon.colcon_core.verb Level 5 set package 'dsr_moveit_config_p3020' build argument 'cmake_clean_first' from command line to 'False'
[0.884s] colcon.colcon_core.verb Level 5 set package 'dsr_moveit_config_p3020' build argument 'cmake_force_configure' from command line to 'False'
[0.884s] colcon.colcon_core.verb Level 5 set package 'dsr_moveit_config_p3020' build argument 'ament_cmake_args' from command line to 'None'
[0.884s] colcon.colcon_core.verb Level 5 set package 'dsr_moveit_config_p3020' build argument 'catkin_cmake_args' from command line to 'None'
[0.884s] colcon.colcon_core.verb Level 5 set package 'dsr_moveit_config_p3020' build argument 'catkin_skip_building_tests' from command line to 'False'
[0.884s] colcon.colcon_core.verb DEBUG Building package 'dsr_moveit_config_p3020' with the following arguments: {'ament_cmake_args': None, 'build_base': '/home/jack/ros2_ws/build/dsr_moveit_config_p3020', 'catkin_cmake_args': None, 'catkin_skip_building_tests': False, 'cmake_args': None, 'cmake_clean_cache': False, 'cmake_clean_first': False, 'cmake_force_configure': False, 'cmake_target': None, 'cmake_target_skip_unavailable': False, 'install_base': '/home/jack/ros2_ws/install/dsr_moveit_config_p3020', 'merge_install': False, 'path': '/home/jack/ros2_ws/src/DoosanBootcamp3rd/dsr_moveit2/dsr_moveit_config_p3020', 'symlink_install': False, 'test_result_base': None}
[0.884s] colcon.colcon_core.verb Level 5 set package 'dsr_msgs2' build argument 'cmake_args' from command line to 'None'
[0.884s] colcon.colcon_core.verb Level 5 set package 'dsr_msgs2' build argument 'cmake_target' from command line to 'None'
[0.884s] colcon.colcon_core.verb Level 5 set package 'dsr_msgs2' build argument 'cmake_target_skip_unavailable' from command line to 'False'
[0.884s] colcon.colcon_core.verb Level 5 set package 'dsr_msgs2' build argument 'cmake_clean_cache' from command line to 'False'
[0.884s] colcon.colcon_core.verb Level 5 set package 'dsr_msgs2' build argument 'cmake_clean_first' from command line to 'False'
[0.884s] colcon.colcon_core.verb Level 5 set package 'dsr_msgs2' build argument 'cmake_force_configure' from command line to 'False'
[0.884s] colcon.colcon_core.verb Level 5 set package 'dsr_msgs2' build argument 'ament_cmake_args' from command line to 'None'
[0.884s] colcon.colcon_core.verb Level 5 set package 'dsr_msgs2' build argument 'catkin_cmake_args' from command line to 'None'
[0.884s] colcon.colcon_core.verb Level 5 set package 'dsr_msgs2' build argument 'catkin_skip_building_tests' from command line to 'False'
[0.884s] colcon.colcon_core.verb DEBUG Building package 'dsr_msgs2' with the following arguments: {'ament_cmake_args': None, 'build_base': '/home/jack/ros2_ws/build/dsr_msgs2', 'catkin_cmake_args': None, 'catkin_skip_building_tests': False, 'cmake_args': None, 'cmake_clean_cache': False, 'cmake_clean_first': False, 'cmake_force_configure': False, 'cmake_target': None, 'cmake_target_skip_unavailable': False, 'install_base': '/home/jack/ros2_ws/install/dsr_msgs2', 'merge_install': False, 'path': '/home/jack/ros2_ws/src/DoosanBootcamp3rd/dsr_msgs2', 'symlink_install': False, 'test_result_base': None}
[0.885s] colcon.colcon_core.verb Level 5 set package 'dsr_visualservoing' build argument 'cmake_args' from command line to 'None'
[0.885s] colcon.colcon_core.verb Level 5 set package 'dsr_visualservoing' build argument 'cmake_target' from command line to 'None'
[0.885s] colcon.colcon_core.verb Level 5 set package 'dsr_visualservoing' build argument 'cmake_target_skip_unavailable' from command line to 'False'
[0.885s] colcon.colcon_core.verb Level 5 set package 'dsr_visualservoing' build argument 'cmake_clean_cache' from command line to 'False'
[0.885s] colcon.colcon_core.verb Level 5 set package 'dsr_visualservoing' build argument 'cmake_clean_first' from command line to 'False'
[0.885s] colcon.colcon_core.verb Level 5 set package 'dsr_visualservoing' build argument 'cmake_force_configure' from command line to 'False'
[0.885s] colcon.colcon_core.verb Level 5 set package 'dsr_visualservoing' build argument 'ament_cmake_args' from command line to 'None'
[0.885s] colcon.colcon_core.verb Level 5 set package 'dsr_visualservoing' build argument 'catkin_cmake_args' from command line to 'None'
[0.885s] colcon.colcon_core.verb Level 5 set package 'dsr_visualservoing' build argument 'catkin_skip_building_tests' from command line to 'False'
[0.885s] colcon.colcon_core.verb DEBUG Building package 'dsr_visualservoing' with the following arguments: {'ament_cmake_args': None, 'build_base': '/home/jack/ros2_ws/build/dsr_visualservoing', 'catkin_cmake_args': None, 'catkin_skip_building_tests': False, 'cmake_args': None, 'cmake_clean_cache': False, 'cmake_clean_first': False, 'cmake_force_configure': False, 'cmake_target': None, 'cmake_target_skip_unavailable': False, 'install_base': '/home/jack/ros2_ws/install/dsr_visualservoing', 'merge_install': False, 'path': '/home/jack/ros2_ws/src/DoosanBootcamp3rd/dsr_example2/dsr_visualservoing', 'symlink_install': False, 'test_result_base': None}
[0.885s] colcon.colcon_core.verb Level 5 set package 'od_msg' build argument 'cmake_args' from command line to 'None'
[0.885s] colcon.colcon_core.verb Level 5 set package 'od_msg' build argument 'cmake_target' from command line to 'None'
[0.885s] colcon.colcon_core.verb Level 5 set package 'od_msg' build argument 'cmake_target_skip_unavailable' from command line to 'False'
[0.885s] colcon.colcon_core.verb Level 5 set package 'od_msg' build argument 'cmake_clean_cache' from command line to 'False'
[0.885s] colcon.colcon_core.verb Level 5 set package 'od_msg' build argument 'cmake_clean_first' from command line to 'False'
[0.885s] colcon.colcon_core.verb Level 5 set package 'od_msg' build argument 'cmake_force_configure' from command line to 'False'
[0.885s] colcon.colcon_core.verb Level 5 set package 'od_msg' build argument 'ament_cmake_args' from command line to 'None'
[0.885s] colcon.colcon_core.verb Level 5 set package 'od_msg' build argument 'catkin_cmake_args' from command line to 'None'
[0.885s] colcon.colcon_core.verb Level 5 set package 'od_msg' build argument 'catkin_skip_building_tests' from command line to 'False'
[0.885s] colcon.colcon_core.verb DEBUG Building package 'od_msg' with the following arguments: {'ament_cmake_args': None, 'build_base': '/home/jack/ros2_ws/build/od_msg', 'catkin_cmake_args': None, 'catkin_skip_building_tests': False, 'cmake_args': None, 'cmake_clean_cache': False, 'cmake_clean_first': False, 'cmake_force_configure': False, 'cmake_target': None, 'cmake_target_skip_unavailable': False, 'install_base': '/home/jack/ros2_ws/install/od_msg', 'merge_install': False, 'path': '/home/jack/ros2_ws/src/DoosanBootcamp3rd/dsr_rokey/od_msg', 'symlink_install': False, 'test_result_base': None}
[0.885s] colcon.colcon_core.verb Level 5 set package 'pick_and_place_text' build argument 'cmake_args' from command line to 'None'
[0.885s] colcon.colcon_core.verb Level 5 set package 'pick_and_place_text' build argument 'cmake_target' from command line to 'None'
[0.885s] colcon.colcon_core.verb Level 5 set package 'pick_and_place_text' build argument 'cmake_target_skip_unavailable' from command line to 'False'
[0.885s] colcon.colcon_core.verb Level 5 set package 'pick_and_place_text' build argument 'cmake_clean_cache' from command line to 'False'
[0.885s] colcon.colcon_core.verb Level 5 set package 'pick_and_place_text' build argument 'cmake_clean_first' from command line to 'False'
[0.886s] colcon.colcon_core.verb Level 5 set package 'pick_and_place_text' build argument 'cmake_force_configure' from command line to 'False'
[0.886s] colcon.colcon_core.verb Level 5 set package 'pick_and_place_text' build argument 'ament_cmake_args' from command line to 'None'
[0.886s] colcon.colcon_core.verb Level 5 set package 'pick_and_place_text' build argument 'catkin_cmake_args' from command line to 'None'
[0.886s] colcon.colcon_core.verb Level 5 set package 'pick_and_place_text' build argument 'catkin_skip_building_tests' from command line to 'False'
[0.886s] colcon.colcon_core.verb DEBUG Building package 'pick_and_place_text' with the following arguments: {'ament_cmake_args': None, 'build_base': '/home/jack/ros2_ws/build/pick_and_place_text', 'catkin_cmake_args': None, 'catkin_skip_building_tests': False, 'cmake_args': None, 'cmake_clean_cache': False, 'cmake_clean_first': False, 'cmake_force_configure': False, 'cmake_target': None, 'cmake_target_skip_unavailable': False, 'install_base': '/home/jack/ros2_ws/install/pick_and_place_text', 'merge_install': False, 'path': '/home/jack/ros2_ws/src/DoosanBootcamp3rd/dsr_rokey/pick_and_place_text', 'symlink_install': False, 'test_result_base': None}
[0.886s] colcon.colcon_core.verb Level 5 set package 'pick_and_place_voice' build argument 'cmake_args' from command line to 'None'
[0.886s] colcon.colcon_core.verb Level 5 set package 'pick_and_place_voice' build argument 'cmake_target' from command line to 'None'
[0.886s] colcon.colcon_core.verb Level 5 set package 'pick_and_place_voice' build argument 'cmake_target_skip_unavailable' from command line to 'False'
[0.886s] colcon.colcon_core.verb Level 5 set package 'pick_and_place_voice' build argument 'cmake_clean_cache' from command line to 'False'
[0.886s] colcon.colcon_core.verb Level 5 set package 'pick_and_place_voice' build argument 'cmake_clean_first' from command line to 'False'
[0.886s] colcon.colcon_core.verb Level 5 set package 'pick_and_place_voice' build argument 'cmake_force_configure' from command line to 'False'
[0.886s] colcon.colcon_core.verb Level 5 set package 'pick_and_place_voice' build argument 'ament_cmake_args' from command line to 'None'
[0.886s] colcon.colcon_core.verb Level 5 set package 'pick_and_place_voice' build argument 'catkin_cmake_args' from command line to 'None'
[0.886s] colcon.colcon_core.verb Level 5 set package 'pick_and_place_voice' build argument 'catkin_skip_building_tests' from command line to 'False'
[0.886s] colcon.colcon_core.verb DEBUG Building package 'pick_and_place_voice' with the following arguments: {'ament_cmake_args': None, 'build_base': '/home/jack/ros2_ws/build/pick_and_place_voice', 'catkin_cmake_args': None, 'catkin_skip_building_tests': False, 'cmake_args': None, 'cmake_clean_cache': False, 'cmake_clean_first': False, 'cmake_force_configure': False, 'cmake_target': None, 'cmake_target_skip_unavailable': False, 'install_base': '/home/jack/ros2_ws/install/pick_and_place_voice', 'merge_install': False, 'path': '/home/jack/ros2_ws/src/DoosanBootcamp3rd/dsr_rokey/pick_and_place_voice', 'symlink_install': False, 'test_result_base': None}
[0.886s] colcon.colcon_core.verb Level 5 set package 'rokey' build argument 'cmake_args' from command line to 'None'
[0.886s] colcon.colcon_core.verb Level 5 set package 'rokey' build argument 'cmake_target' from command line to 'None'
[0.886s] colcon.colcon_core.verb Level 5 set package 'rokey' build argument 'cmake_target_skip_unavailable' from command line to 'False'
[0.886s] colcon.colcon_core.verb Level 5 set package 'rokey' build argument 'cmake_clean_cache' from command line to 'False'
[0.886s] colcon.colcon_core.verb Level 5 set package 'rokey' build argument 'cmake_clean_first' from command line to 'False'
[0.886s] colcon.colcon_core.verb Level 5 set package 'rokey' build argument 'cmake_force_configure' from command line to 'False'
[0.886s] colcon.colcon_core.verb Level 5 set package 'rokey' build argument 'ament_cmake_args' from command line to 'None'
[0.886s] colcon.colcon_core.verb Level 5 set package 'rokey' build argument 'catkin_cmake_args' from command line to 'None'
[0.886s] colcon.colcon_core.verb Level 5 set package 'rokey' build argument 'catkin_skip_building_tests' from command line to 'False'
[0.886s] colcon.colcon_core.verb DEBUG Building package 'rokey' with the following arguments: {'ament_cmake_args': None, 'build_base': '/home/jack/ros2_ws/build/rokey', 'catkin_cmake_args': None, 'catkin_skip_building_tests': False, 'cmake_args': None, 'cmake_clean_cache': False, 'cmake_clean_first': False, 'cmake_force_configure': False, 'cmake_target': None, 'cmake_target_skip_unavailable': False, 'install_base': '/home/jack/ros2_ws/install/rokey', 'merge_install': False, 'path': '/home/jack/ros2_ws/src/DoosanBootcamp3rd/dsr_rokey/rokey', 'symlink_install': False, 'test_result_base': None}
[0.887s] colcon.colcon_core.verb Level 5 set package 'somacube' build argument 'cmake_args' from command line to 'None'
[0.887s] colcon.colcon_core.verb Level 5 set package 'somacube' build argument 'cmake_target' from command line to 'None'
[0.887s] colcon.colcon_core.verb Level 5 set package 'somacube' build argument 'cmake_target_skip_unavailable' from command line to 'False'
[0.887s] colcon.colcon_core.verb Level 5 set package 'somacube' build argument 'cmake_clean_cache' from command line to 'False'
[0.887s] colcon.colcon_core.verb Level 5 set package 'somacube' build argument 'cmake_clean_first' from command line to 'False'
[0.887s] colcon.colcon_core.verb Level 5 set package 'somacube' build argument 'cmake_force_configure' from command line to 'False'
[0.887s] colcon.colcon_core.verb Level 5 set package 'somacube' build argument 'ament_cmake_args' from command line to 'None'
[0.887s] colcon.colcon_core.verb Level 5 set package 'somacube' build argument 'catkin_cmake_args' from command line to 'None'
[0.887s] colcon.colcon_core.verb Level 5 set package 'somacube' build argument 'catkin_skip_building_tests' from command line to 'False'
[0.887s] colcon.colcon_core.verb DEBUG Building package 'somacube' with the following arguments: {'ament_cmake_args': None, 'build_base': '/home/jack/ros2_ws/build/somacube', 'catkin_cmake_args': None, 'catkin_skip_building_tests': False, 'cmake_args': None, 'cmake_clean_cache': False, 'cmake_clean_first': False, 'cmake_force_configure': False, 'cmake_target': None, 'cmake_target_skip_unavailable': False, 'install_base': '/home/jack/ros2_ws/install/somacube', 'merge_install': False, 'path': '/home/jack/ros2_ws/src/DoosanBootcamp3rd/somacube', 'symlink_install': False, 'test_result_base': None}
[0.887s] colcon.colcon_core.verb Level 5 set package 'dsr_bringup2' build argument 'cmake_args' from command line to 'None'
[0.887s] colcon.colcon_core.verb Level 5 set package 'dsr_bringup2' build argument 'cmake_target' from command line to 'None'
[0.887s] colcon.colcon_core.verb Level 5 set package 'dsr_bringup2' build argument 'cmake_target_skip_unavailable' from command line to 'False'
[0.887s] colcon.colcon_core.verb Level 5 set package 'dsr_bringup2' build argument 'cmake_clean_cache' from command line to 'False'
[0.887s] colcon.colcon_core.verb Level 5 set package 'dsr_bringup2' build argument 'cmake_clean_first' from command line to 'False'
[0.887s] colcon.colcon_core.verb Level 5 set package 'dsr_bringup2' build argument 'cmake_force_configure' from command line to 'False'
[0.887s] colcon.colcon_core.verb Level 5 set package 'dsr_bringup2' build argument 'ament_cmake_args' from command line to 'None'
[0.887s] colcon.colcon_core.verb Level 5 set package 'dsr_bringup2' build argument 'catkin_cmake_args' from command line to 'None'
[0.887s] colcon.colcon_core.verb Level 5 set package 'dsr_bringup2' build argument 'catkin_skip_building_tests' from command line to 'False'
[0.887s] colcon.colcon_core.verb DEBUG Building package 'dsr_bringup2' with the following arguments: {'ament_cmake_args': None, 'build_base': '/home/jack/ros2_ws/build/dsr_bringup2', 'catkin_cmake_args': None, 'catkin_skip_building_tests': False, 'cmake_args': None, 'cmake_clean_cache': False, 'cmake_clean_first': False, 'cmake_force_configure': False, 'cmake_target': None, 'cmake_target_skip_unavailable': False, 'install_base': '/home/jack/ros2_ws/install/dsr_bringup2', 'merge_install': False, 'path': '/home/jack/ros2_ws/src/DoosanBootcamp3rd/dsr_bringup2', 'symlink_install': False, 'test_result_base': None}
[0.887s] colcon.colcon_core.verb Level 5 set package 'dsr_example' build argument 'cmake_args' from command line to 'None'
[0.887s] colcon.colcon_core.verb Level 5 set package 'dsr_example' build argument 'cmake_target' from command line to 'None'
[0.887s] colcon.colcon_core.verb Level 5 set package 'dsr_example' build argument 'cmake_target_skip_unavailable' from command line to 'False'
[0.887s] colcon.colcon_core.verb Level 5 set package 'dsr_example' build argument 'cmake_clean_cache' from command line to 'False'
[0.887s] colcon.colcon_core.verb Level 5 set package 'dsr_example' build argument 'cmake_clean_first' from command line to 'False'
[0.887s] colcon.colcon_core.verb Level 5 set package 'dsr_example' build argument 'cmake_force_configure' from command line to 'False'
[0.887s] colcon.colcon_core.verb Level 5 set package 'dsr_example' build argument 'ament_cmake_args' from command line to 'None'
[0.887s] colcon.colcon_core.verb Level 5 set package 'dsr_example' build argument 'catkin_cmake_args' from command line to 'None'
[0.887s] colcon.colcon_core.verb Level 5 set package 'dsr_example' build argument 'catkin_skip_building_tests' from command line to 'False'
[0.887s] colcon.colcon_core.verb DEBUG Building package 'dsr_example' with the following arguments: {'ament_cmake_args': None, 'build_base': '/home/jack/ros2_ws/build/dsr_example', 'catkin_cmake_args': None, 'catkin_skip_building_tests': False, 'cmake_args': None, 'cmake_clean_cache': False, 'cmake_clean_first': False, 'cmake_force_configure': False, 'cmake_target': None, 'cmake_target_skip_unavailable': False, 'install_base': '/home/jack/ros2_ws/install/dsr_example', 'merge_install': False, 'path': '/home/jack/ros2_ws/src/DoosanBootcamp3rd/dsr_example2/dsr_example', 'symlink_install': False, 'test_result_base': None}
[0.888s] colcon.colcon_core.verb Level 5 set package 'dsr_gazebo2' build argument 'cmake_args' from command line to 'None'
[0.888s] colcon.colcon_core.verb Level 5 set package 'dsr_gazebo2' build argument 'cmake_target' from command line to 'None'
[0.888s] colcon.colcon_core.verb Level 5 set package 'dsr_gazebo2' build argument 'cmake_target_skip_unavailable' from command line to 'False'
[0.888s] colcon.colcon_core.verb Level 5 set package 'dsr_gazebo2' build argument 'cmake_clean_cache' from command line to 'False'
[0.888s] colcon.colcon_core.verb Level 5 set package 'dsr_gazebo2' build argument 'cmake_clean_first' from command line to 'False'
[0.888s] colcon.colcon_core.verb Level 5 set package 'dsr_gazebo2' build argument 'cmake_force_configure' from command line to 'False'
[0.888s] colcon.colcon_core.verb Level 5 set package 'dsr_gazebo2' build argument 'ament_cmake_args' from command line to 'None'
[0.888s] colcon.colcon_core.verb Level 5 set package 'dsr_gazebo2' build argument 'catkin_cmake_args' from command line to 'None'
[0.888s] colcon.colcon_core.verb Level 5 set package 'dsr_gazebo2' build argument 'catkin_skip_building_tests' from command line to 'False'
[0.888s] colcon.colcon_core.verb DEBUG Building package 'dsr_gazebo2' with the following arguments: {'ament_cmake_args': None, 'build_base': '/home/jack/ros2_ws/build/dsr_gazebo2', 'catkin_cmake_args': None, 'catkin_skip_building_tests': False, 'cmake_args': None, 'cmake_clean_cache': False, 'cmake_clean_first': False, 'cmake_force_configure': False, 'cmake_target': None, 'cmake_target_skip_unavailable': False, 'install_base': '/home/jack/ros2_ws/install/dsr_gazebo2', 'merge_install': False, 'path': '/home/jack/ros2_ws/src/DoosanBootcamp3rd/dsr_gazebo2', 'symlink_install': False, 'test_result_base': None}
[0.888s] colcon.colcon_core.verb Level 5 set package 'dsr_hardware2' build argument 'cmake_args' from command line to 'None'
[0.888s] colcon.colcon_core.verb Level 5 set package 'dsr_hardware2' build argument 'cmake_target' from command line to 'None'
[0.888s] colcon.colcon_core.verb Level 5 set package 'dsr_hardware2' build argument 'cmake_target_skip_unavailable' from command line to 'False'
[0.888s] colcon.colcon_core.verb Level 5 set package 'dsr_hardware2' build argument 'cmake_clean_cache' from command line to 'False'
[0.888s] colcon.colcon_core.verb Level 5 set package 'dsr_hardware2' build argument 'cmake_clean_first' from command line to 'False'
[0.888s] colcon.colcon_core.verb Level 5 set package 'dsr_hardware2' build argument 'cmake_force_configure' from command line to 'False'
[0.888s] colcon.colcon_core.verb Level 5 set package 'dsr_hardware2' build argument 'ament_cmake_args' from command line to 'None'
[0.888s] colcon.colcon_core.verb Level 5 set package 'dsr_hardware2' build argument 'catkin_cmake_args' from command line to 'None'
[0.888s] colcon.colcon_core.verb Level 5 set package 'dsr_hardware2' build argument 'catkin_skip_building_tests' from command line to 'False'
[0.888s] colcon.colcon_core.verb DEBUG Building package 'dsr_hardware2' with the following arguments: {'ament_cmake_args': None, 'build_base': '/home/jack/ros2_ws/build/dsr_hardware2', 'catkin_cmake_args': None, 'catkin_skip_building_tests': False, 'cmake_args': None, 'cmake_clean_cache': False, 'cmake_clean_first': False, 'cmake_force_configure': False, 'cmake_target': None, 'cmake_target_skip_unavailable': False, 'install_base': '/home/jack/ros2_ws/install/dsr_hardware2', 'merge_install': False, 'path': '/home/jack/ros2_ws/src/DoosanBootcamp3rd/dsr_hardware2', 'symlink_install': False, 'test_result_base': None}
[0.888s] colcon.colcon_core.verb Level 5 set package 'dsr_realtime_control' build argument 'cmake_args' from command line to 'None'
[0.888s] colcon.colcon_core.verb Level 5 set package 'dsr_realtime_control' build argument 'cmake_target' from command line to 'None'
[0.888s] colcon.colcon_core.verb Level 5 set package 'dsr_realtime_control' build argument 'cmake_target_skip_unavailable' from command line to 'False'
[0.888s] colcon.colcon_core.verb Level 5 set package 'dsr_realtime_control' build argument 'cmake_clean_cache' from command line to 'False'
[0.888s] colcon.colcon_core.verb Level 5 set package 'dsr_realtime_control' build argument 'cmake_clean_first' from command line to 'False'
[0.888s] colcon.colcon_core.verb Level 5 set package 'dsr_realtime_control' build argument 'cmake_force_configure' from command line to 'False'
[0.888s] colcon.colcon_core.verb Level 5 set package 'dsr_realtime_control' build argument 'ament_cmake_args' from command line to 'None'
[0.888s] colcon.colcon_core.verb Level 5 set package 'dsr_realtime_control' build argument 'catkin_cmake_args' from command line to 'None'
[0.888s] colcon.colcon_core.verb Level 5 set package 'dsr_realtime_control' build argument 'catkin_skip_building_tests' from command line to 'False'
[0.888s] colcon.colcon_core.verb DEBUG Building package 'dsr_realtime_control' with the following arguments: {'ament_cmake_args': None, 'build_base': '/home/jack/ros2_ws/build/dsr_realtime_control', 'catkin_cmake_args': None, 'catkin_skip_building_tests': False, 'cmake_args': None, 'cmake_clean_cache': False, 'cmake_clean_first': False, 'cmake_force_configure': False, 'cmake_target': None, 'cmake_target_skip_unavailable': False, 'install_base': '/home/jack/ros2_ws/install/dsr_realtime_control', 'merge_install': False, 'path': '/home/jack/ros2_ws/src/DoosanBootcamp3rd/dsr_example2/dsr_realtime_control', 'symlink_install': False, 'test_result_base': None}
[0.889s] colcon.colcon_core.verb Level 5 set package 'dsr_tests' build argument 'cmake_args' from command line to 'None'
[0.889s] colcon.colcon_core.verb Level 5 set package 'dsr_tests' build argument 'cmake_target' from command line to 'None'
[0.889s] colcon.colcon_core.verb Level 5 set package 'dsr_tests' build argument 'cmake_target_skip_unavailable' from command line to 'False'
[0.889s] colcon.colcon_core.verb Level 5 set package 'dsr_tests' build argument 'cmake_clean_cache' from command line to 'False'
[0.889s] colcon.colcon_core.verb Level 5 set package 'dsr_tests' build argument 'cmake_clean_first' from command line to 'False'
[0.889s] colcon.colcon_core.verb Level 5 set package 'dsr_tests' build argument 'cmake_force_configure' from command line to 'False'
[0.889s] colcon.colcon_core.verb Level 5 set package 'dsr_tests' build argument 'ament_cmake_args' from command line to 'None'
[0.889s] colcon.colcon_core.verb Level 5 set package 'dsr_tests' build argument 'catkin_cmake_args' from command line to 'None'
[0.889s] colcon.colcon_core.verb Level 5 set package 'dsr_tests' build argument 'catkin_skip_building_tests' from command line to 'False'
[0.889s] colcon.colcon_core.verb DEBUG Building package 'dsr_tests' with the following arguments: {'ament_cmake_args': None, 'build_base': '/home/jack/ros2_ws/build/dsr_tests', 'catkin_cmake_args': None, 'catkin_skip_building_tests': False, 'cmake_args': None, 'cmake_clean_cache': False, 'cmake_clean_first': False, 'cmake_force_configure': False, 'cmake_target': None, 'cmake_target_skip_unavailable': False, 'install_base': '/home/jack/ros2_ws/install/dsr_tests', 'merge_install': False, 'path': '/home/jack/ros2_ws/src/DoosanBootcamp3rd/dsr_tests', 'symlink_install': False, 'test_result_base': None}
[0.889s] colcon.colcon_core.verb Level 5 set package 'dsr_controller2' build argument 'cmake_args' from command line to 'None'
[0.889s] colcon.colcon_core.verb Level 5 set package 'dsr_controller2' build argument 'cmake_target' from command line to 'None'
[0.889s] colcon.colcon_core.verb Level 5 set package 'dsr_controller2' build argument 'cmake_target_skip_unavailable' from command line to 'False'
[0.889s] colcon.colcon_core.verb Level 5 set package 'dsr_controller2' build argument 'cmake_clean_cache' from command line to 'False'
[0.889s] colcon.colcon_core.verb Level 5 set package 'dsr_controller2' build argument 'cmake_clean_first' from command line to 'False'
[0.889s] colcon.colcon_core.verb Level 5 set package 'dsr_controller2' build argument 'cmake_force_configure' from command line to 'False'
[0.889s] colcon.colcon_core.verb Level 5 set package 'dsr_controller2' build argument 'ament_cmake_args' from command line to 'None'
[0.889s] colcon.colcon_core.verb Level 5 set package 'dsr_controller2' build argument 'catkin_cmake_args' from command line to 'None'
[0.889s] colcon.colcon_core.verb Level 5 set package 'dsr_controller2' build argument 'catkin_skip_building_tests' from command line to 'False'
[0.889s] colcon.colcon_core.verb DEBUG Building package 'dsr_controller2' with the following arguments: {'ament_cmake_args': None, 'build_base': '/home/jack/ros2_ws/build/dsr_controller2', 'catkin_cmake_args': None, 'catkin_skip_building_tests': False, 'cmake_args': None, 'cmake_clean_cache': False, 'cmake_clean_first': False, 'cmake_force_configure': False, 'cmake_target': None, 'cmake_target_skip_unavailable': False, 'install_base': '/home/jack/ros2_ws/install/dsr_controller2', 'merge_install': False, 'path': '/home/jack/ros2_ws/src/DoosanBootcamp3rd/dsr_controller2', 'symlink_install': False, 'test_result_base': None}
[0.889s] colcon.colcon_core.executor INFO Executing jobs using 'parallel' executor
[0.890s] colcon.colcon_parallel_executor.executor.parallel DEBUG run_until_complete
[0.891s] colcon.colcon_ros.task.ament_cmake.build INFO Building ROS package in '/home/jack/ros2_ws/src/DoosanBootcamp3rd/dsr_msgs2' with build type 'ament_cmake'
[0.891s] colcon.colcon_cmake.task.cmake.build INFO Building CMake package in '/home/jack/ros2_ws/src/DoosanBootcamp3rd/dsr_msgs2'
[0.896s] colcon.colcon_core.plugin_system INFO Skipping extension 'colcon_core.shell.bat': Not used on non-Windows systems
[0.896s] colcon.colcon_core.shell INFO Skip shell extension 'powershell' for command environment: Not usable outside of PowerShell
[0.896s] colcon.colcon_core.shell DEBUG Skip shell extension 'dsv' for command environment
[0.903s] colcon.colcon_ros.task.ament_cmake.build INFO Building ROS package in '/home/jack/ros2_ws/src/DoosanBootcamp3rd/dsr_common2' with build type 'ament_cmake'
[0.903s] colcon.colcon_cmake.task.cmake.build INFO Building CMake package in '/home/jack/ros2_ws/src/DoosanBootcamp3rd/dsr_common2'
[0.904s] colcon.colcon_core.shell INFO Skip shell extension 'powershell' for command environment: Not usable outside of PowerShell
[0.904s] colcon.colcon_core.shell DEBUG Skip shell extension 'dsv' for command environment
[0.906s] colcon.colcon_ros.task.ament_cmake.build INFO Building ROS package in '/home/jack/ros2_ws/src/DoosanBootcamp3rd/dsr_description2' with build type 'ament_cmake'
[0.906s] colcon.colcon_cmake.task.cmake.build INFO Building CMake package in '/home/jack/ros2_ws/src/DoosanBootcamp3rd/dsr_description2'
[0.906s] colcon.colcon_core.shell INFO Skip shell extension 'powershell' for command environment: Not usable outside of PowerShell
[0.906s] colcon.colcon_core.shell DEBUG Skip shell extension 'dsv' for command environment
[0.909s] colcon.colcon_ros.task.ament_cmake.build INFO Building ROS package in '/home/jack/ros2_ws/src/DoosanBootcamp3rd/dsr_moveit2/dsr_moveit_config_a0509' with build type 'ament_cmake'
[0.909s] colcon.colcon_cmake.task.cmake.build INFO Building CMake package in '/home/jack/ros2_ws/src/DoosanBootcamp3rd/dsr_moveit2/dsr_moveit_config_a0509'
[0.909s] colcon.colcon_core.shell INFO Skip shell extension 'powershell' for command environment: Not usable outside of PowerShell
[0.909s] colcon.colcon_core.shell DEBUG Skip shell extension 'dsv' for command environment
[0.911s] colcon.colcon_ros.task.ament_cmake.build INFO Building ROS package in '/home/jack/ros2_ws/src/DoosanBootcamp3rd/dsr_moveit2/dsr_moveit_config_a0912' with build type 'ament_cmake'
[0.911s] colcon.colcon_cmake.task.cmake.build INFO Building CMake package in '/home/jack/ros2_ws/src/DoosanBootcamp3rd/dsr_moveit2/dsr_moveit_config_a0912'
[0.912s] colcon.colcon_core.shell INFO Skip shell extension 'powershell' for command environment: Not usable outside of PowerShell
[0.912s] colcon.colcon_core.shell DEBUG Skip shell extension 'dsv' for command environment
[0.914s] colcon.colcon_ros.task.ament_cmake.build INFO Building ROS package in '/home/jack/ros2_ws/src/DoosanBootcamp3rd/dsr_moveit2/dsr_moveit_config_e0509' with build type 'ament_cmake'
[0.914s] colcon.colcon_cmake.task.cmake.build INFO Building CMake package in '/home/jack/ros2_ws/src/DoosanBootcamp3rd/dsr_moveit2/dsr_moveit_config_e0509'
[0.914s] colcon.colcon_core.shell INFO Skip shell extension 'powershell' for command environment: Not usable outside of PowerShell
[0.914s] colcon.colcon_core.shell DEBUG Skip shell extension 'dsv' for command environment
[0.916s] colcon.colcon_ros.task.ament_cmake.build INFO Building ROS package in '/home/jack/ros2_ws/src/DoosanBootcamp3rd/dsr_moveit2/dsr_moveit_config_h2017' with build type 'ament_cmake'
[0.916s] colcon.colcon_cmake.task.cmake.build INFO Building CMake package in '/home/jack/ros2_ws/src/DoosanBootcamp3rd/dsr_moveit2/dsr_moveit_config_h2017'
[0.917s] colcon.colcon_core.shell INFO Skip shell extension 'powershell' for command environment: Not usable outside of PowerShell
[0.917s] colcon.colcon_core.shell DEBUG Skip shell extension 'dsv' for command environment
[0.919s] colcon.colcon_ros.task.ament_cmake.build INFO Building ROS package in '/home/jack/ros2_ws/src/DoosanBootcamp3rd/dsr_moveit2/dsr_moveit_config_h2515' with build type 'ament_cmake'
[0.919s] colcon.colcon_cmake.task.cmake.build INFO Building CMake package in '/home/jack/ros2_ws/src/DoosanBootcamp3rd/dsr_moveit2/dsr_moveit_config_h2515'
[0.919s] colcon.colcon_core.shell INFO Skip shell extension 'powershell' for command environment: Not usable outside of PowerShell
[0.919s] colcon.colcon_core.shell DEBUG Skip shell extension 'dsv' for command environment
[0.926s] colcon.colcon_core.event_handler.log_command DEBUG Invoking command in '/home/jack/ros2_ws/build/dsr_msgs2': CMAKE_PREFIX_PATH=/opt/ros/humble /usr/bin/cmake --build /home/jack/ros2_ws/build/dsr_msgs2 -- -j8 -l8
[0.928s] colcon.colcon_core.event_handler.log_command DEBUG Invoking command in '/home/jack/ros2_ws/build/dsr_common2': CMAKE_PREFIX_PATH=/opt/ros/humble /usr/bin/cmake --build /home/jack/ros2_ws/build/dsr_common2 -- -j8 -l8
[0.930s] colcon.colcon_core.event_handler.log_command DEBUG Invoking command in '/home/jack/ros2_ws/build/dsr_description2': CMAKE_PREFIX_PATH=/opt/ros/humble /usr/bin/cmake --build /home/jack/ros2_ws/build/dsr_description2 -- -j8 -l8
[0.933s] colcon.colcon_core.event_handler.log_command DEBUG Invoking command in '/home/jack/ros2_ws/build/dsr_moveit_config_a0509': CMAKE_PREFIX_PATH=/opt/ros/humble /usr/bin/cmake --build /home/jack/ros2_ws/build/dsr_moveit_config_a0509 -- -j8 -l8
[0.935s] colcon.colcon_core.event_handler.log_command DEBUG Invoking command in '/home/jack/ros2_ws/build/dsr_moveit_config_a0912': CMAKE_PREFIX_PATH=/opt/ros/humble /usr/bin/cmake --build /home/jack/ros2_ws/build/dsr_moveit_config_a0912 -- -j8 -l8
[0.937s] colcon.colcon_core.event_handler.log_command DEBUG Invoking command in '/home/jack/ros2_ws/build/dsr_moveit_config_e0509': CMAKE_PREFIX_PATH=/opt/ros/humble /usr/bin/cmake --build /home/jack/ros2_ws/build/dsr_moveit_config_e0509 -- -j8 -l8
[0.940s] colcon.colcon_core.event_handler.log_command DEBUG Invoking command in '/home/jack/ros2_ws/build/dsr_moveit_config_h2017': CMAKE_PREFIX_PATH=/opt/ros/humble /usr/bin/cmake --build /home/jack/ros2_ws/build/dsr_moveit_config_h2017 -- -j8 -l8
[0.944s] colcon.colcon_core.event_handler.log_command DEBUG Invoking command in '/home/jack/ros2_ws/build/dsr_moveit_config_h2515': CMAKE_PREFIX_PATH=/opt/ros/humble /usr/bin/cmake --build /home/jack/ros2_ws/build/dsr_moveit_config_h2515 -- -j8 -l8
[1.076s] colcon.colcon_core.event_handler.log_command DEBUG Invoked command in '/home/jack/ros2_ws/build/dsr_moveit_config_h2017' returned '0': CMAKE_PREFIX_PATH=/opt/ros/humble /usr/bin/cmake --build /home/jack/ros2_ws/build/dsr_moveit_config_h2017 -- -j8 -l8
[1.089s] colcon.colcon_core.event_handler.log_command DEBUG Invoking command in '/home/jack/ros2_ws/build/dsr_moveit_config_h2017': CMAKE_PREFIX_PATH=/opt/ros/humble /usr/bin/cmake --install /home/jack/ros2_ws/build/dsr_moveit_config_h2017
[1.090s] colcon.colcon_core.event_handler.log_command DEBUG Invoked command in '/home/jack/ros2_ws/build/dsr_moveit_config_a0912' returned '0': CMAKE_PREFIX_PATH=/opt/ros/humble /usr/bin/cmake --build /home/jack/ros2_ws/build/dsr_moveit_config_a0912 -- -j8 -l8
[1.093s] colcon.colcon_core.event_handler.log_command DEBUG Invoking command in '/home/jack/ros2_ws/build/dsr_moveit_config_a0912': CMAKE_PREFIX_PATH=/opt/ros/humble /usr/bin/cmake --install /home/jack/ros2_ws/build/dsr_moveit_config_a0912
[1.105s] colcon.colcon_core.event_handler.log_command DEBUG Invoked command in '/home/jack/ros2_ws/build/dsr_moveit_config_e0509' returned '0': CMAKE_PREFIX_PATH=/opt/ros/humble /usr/bin/cmake --build /home/jack/ros2_ws/build/dsr_moveit_config_e0509 -- -j8 -l8
[1.108s] colcon.colcon_core.event_handler.log_command DEBUG Invoking command in '/home/jack/ros2_ws/build/dsr_moveit_config_e0509': CMAKE_PREFIX_PATH=/opt/ros/humble /usr/bin/cmake --install /home/jack/ros2_ws/build/dsr_moveit_config_e0509
[1.109s] colcon.colcon_core.event_handler.log_command DEBUG Invoked command in '/home/jack/ros2_ws/build/dsr_moveit_config_h2515' returned '0': CMAKE_PREFIX_PATH=/opt/ros/humble /usr/bin/cmake --build /home/jack/ros2_ws/build/dsr_moveit_config_h2515 -- -j8 -l8
[1.111s] colcon.colcon_core.event_handler.log_command DEBUG Invoking command in '/home/jack/ros2_ws/build/dsr_moveit_config_h2515': CMAKE_PREFIX_PATH=/opt/ros/humble /usr/bin/cmake --install /home/jack/ros2_ws/build/dsr_moveit_config_h2515
[1.113s] colcon.colcon_core.event_handler.log_command DEBUG Invoked command in '/home/jack/ros2_ws/build/dsr_common2' returned '0': CMAKE_PREFIX_PATH=/opt/ros/humble /usr/bin/cmake --build /home/jack/ros2_ws/build/dsr_common2 -- -j8 -l8
[1.116s] colcon.colcon_core.event_handler.log_command DEBUG Invoking command in '/home/jack/ros2_ws/build/dsr_common2': CMAKE_PREFIX_PATH=/opt/ros/humble /usr/bin/cmake --install /home/jack/ros2_ws/build/dsr_common2
[1.117s] colcon.colcon_core.event_handler.log_command DEBUG Invoked command in '/home/jack/ros2_ws/build/dsr_description2' returned '0': CMAKE_PREFIX_PATH=/opt/ros/humble /usr/bin/cmake --build /home/jack/ros2_ws/build/dsr_description2 -- -j8 -l8
[1.118s] colcon.colcon_core.event_handler.log_command DEBUG Invoking command in '/home/jack/ros2_ws/build/dsr_description2': CMAKE_PREFIX_PATH=/opt/ros/humble /usr/bin/cmake --install /home/jack/ros2_ws/build/dsr_description2
[1.120s] colcon.colcon_core.event_handler.log_command DEBUG Invoked command in '/home/jack/ros2_ws/build/dsr_moveit_config_a0509' returned '0': CMAKE_PREFIX_PATH=/opt/ros/humble /usr/bin/cmake --build /home/jack/ros2_ws/build/dsr_moveit_config_a0509 -- -j8 -l8
[1.122s] colcon.colcon_core.event_handler.log_command DEBUG Invoking command in '/home/jack/ros2_ws/build/dsr_moveit_config_a0509': CMAKE_PREFIX_PATH=/opt/ros/humble /usr/bin/cmake --install /home/jack/ros2_ws/build/dsr_moveit_config_a0509
[1.124s] colcon.colcon_core.environment Level 1 create_environment_scripts_only(dsr_moveit_config_h2017)
[1.130s] colcon.colcon_core.event_handler.log_command DEBUG Invoked command in '/home/jack/ros2_ws/build/dsr_moveit_config_h2017' returned '0': CMAKE_PREFIX_PATH=/opt/ros/humble /usr/bin/cmake --install /home/jack/ros2_ws/build/dsr_moveit_config_h2017
[1.135s] colcon.colcon_core.environment Level 1 checking '/home/jack/ros2_ws/install/dsr_moveit_config_h2017' for CMake module files
[1.135s] colcon.colcon_core.environment Level 1 checking '/home/jack/ros2_ws/install/dsr_moveit_config_h2017' for CMake config files
[1.135s] colcon.colcon_core.shell Level 1 create_environment_hook('dsr_moveit_config_h2017', 'cmake_prefix_path')
[1.136s] colcon.colcon_core.shell INFO Creating environment hook '/home/jack/ros2_ws/install/dsr_moveit_config_h2017/share/dsr_moveit_config_h2017/hook/cmake_prefix_path.ps1'
[1.137s] colcon.colcon_core.shell INFO Creating environment descriptor '/home/jack/ros2_ws/install/dsr_moveit_config_h2017/share/dsr_moveit_config_h2017/hook/cmake_prefix_path.dsv'
[1.137s] colcon.colcon_core.shell INFO Creating environment hook '/home/jack/ros2_ws/install/dsr_moveit_config_h2017/share/dsr_moveit_config_h2017/hook/cmake_prefix_path.sh'
[1.138s] colcon.colcon_core.environment Level 1 checking '/home/jack/ros2_ws/install/dsr_moveit_config_h2017/bin'
[1.138s] colcon.colcon_core.environment Level 1 checking '/home/jack/ros2_ws/install/dsr_moveit_config_h2017/lib/pkgconfig/dsr_moveit_config_h2017.pc'
[1.139s] colcon.colcon_core.environment Level 1 checking '/home/jack/ros2_ws/install/dsr_moveit_config_h2017/lib/python3.10/site-packages'
[1.139s] colcon.colcon_core.environment Level 1 checking '/home/jack/ros2_ws/install/dsr_moveit_config_h2017/bin'
[1.140s] colcon.colcon_core.shell INFO Creating package script '/home/jack/ros2_ws/install/dsr_moveit_config_h2017/share/dsr_moveit_config_h2017/package.ps1'
[1.141s] colcon.colcon_core.shell INFO Creating package descriptor '/home/jack/ros2_ws/install/dsr_moveit_config_h2017/share/dsr_moveit_config_h2017/package.dsv'
[1.141s] colcon.colcon_core.shell INFO Creating package script '/home/jack/ros2_ws/install/dsr_moveit_config_h2017/share/dsr_moveit_config_h2017/package.sh'
[1.142s] colcon.colcon_core.shell INFO Creating package script '/home/jack/ros2_ws/install/dsr_moveit_config_h2017/share/dsr_moveit_config_h2017/package.bash'
[1.143s] colcon.colcon_core.shell INFO Creating package script '/home/jack/ros2_ws/install/dsr_moveit_config_h2017/share/dsr_moveit_config_h2017/package.zsh'
[1.144s] colcon.colcon_core.environment Level 1 create_file_with_runtime_dependencies(/home/jack/ros2_ws/install/dsr_moveit_config_h2017/share/colcon-core/packages/dsr_moveit_config_h2017)
[1.146s] colcon.colcon_core.environment Level 1 create_environment_scripts_only(dsr_moveit_config_h2017)
[1.146s] colcon.colcon_core.environment Level 1 checking '/home/jack/ros2_ws/install/dsr_moveit_config_h2017' for CMake module files
[1.147s] colcon.colcon_core.environment Level 1 checking '/home/jack/ros2_ws/install/dsr_moveit_config_h2017' for CMake config files
[1.147s] colcon.colcon_core.shell Level 1 create_environment_hook('dsr_moveit_config_h2017', 'cmake_prefix_path')
[1.147s] colcon.colcon_core.shell INFO Creating environment hook '/home/jack/ros2_ws/install/dsr_moveit_config_h2017/share/dsr_moveit_config_h2017/hook/cmake_prefix_path.ps1'
[1.148s] colcon.colcon_core.shell INFO Creating environment descriptor '/home/jack/ros2_ws/install/dsr_moveit_config_h2017/share/dsr_moveit_config_h2017/hook/cmake_prefix_path.dsv'
[1.148s] colcon.colcon_core.shell INFO Creating environment hook '/home/jack/ros2_ws/install/dsr_moveit_config_h2017/share/dsr_moveit_config_h2017/hook/cmake_prefix_path.sh'
[1.149s] colcon.colcon_core.environment Level 1 checking '/home/jack/ros2_ws/install/dsr_moveit_config_h2017/bin'
[1.149s] colcon.colcon_core.environment Level 1 checking '/home/jack/ros2_ws/install/dsr_moveit_config_h2017/lib/pkgconfig/dsr_moveit_config_h2017.pc'
[1.149s] colcon.colcon_core.environment Level 1 checking '/home/jack/ros2_ws/install/dsr_moveit_config_h2017/lib/python3.10/site-packages'
[1.149s] colcon.colcon_core.environment Level 1 checking '/home/jack/ros2_ws/install/dsr_moveit_config_h2017/bin'
[1.149s] colcon.colcon_core.shell INFO Creating package script '/home/jack/ros2_ws/install/dsr_moveit_config_h2017/share/dsr_moveit_config_h2017/package.ps1'
[1.149s] colcon.colcon_core.shell INFO Creating package descriptor '/home/jack/ros2_ws/install/dsr_moveit_config_h2017/share/dsr_moveit_config_h2017/package.dsv'
[1.150s] colcon.colcon_core.shell INFO Creating package script '/home/jack/ros2_ws/install/dsr_moveit_config_h2017/share/dsr_moveit_config_h2017/package.sh'
[1.150s] colcon.colcon_core.shell INFO Creating package script '/home/jack/ros2_ws/install/dsr_moveit_config_h2017/share/dsr_moveit_config_h2017/package.bash'
[1.150s] colcon.colcon_core.shell INFO Creating package script '/home/jack/ros2_ws/install/dsr_moveit_config_h2017/share/dsr_moveit_config_h2017/package.zsh'
[1.151s] colcon.colcon_core.environment Level 1 create_file_with_runtime_dependencies(/home/jack/ros2_ws/install/dsr_moveit_config_h2017/share/colcon-core/packages/dsr_moveit_config_h2017)
[1.153s] colcon.colcon_ros.task.ament_cmake.build INFO Building ROS package in '/home/jack/ros2_ws/src/DoosanBootcamp3rd/dsr_moveit2/dsr_moveit_config_m0609' with build type 'ament_cmake'
[1.154s] colcon.colcon_cmake.task.cmake.build INFO Building CMake package in '/home/jack/ros2_ws/src/DoosanBootcamp3rd/dsr_moveit2/dsr_moveit_config_m0609'
[1.154s] colcon.colcon_core.shell INFO Skip shell extension 'powershell' for command environment: Not usable outside of PowerShell
[1.154s] colcon.colcon_core.shell DEBUG Skip shell extension 'dsv' for command environment
[1.180s] colcon.colcon_core.environment Level 1 create_environment_scripts_only(dsr_moveit_config_a0912)
[1.180s] colcon.colcon_core.environment Level 1 checking '/home/jack/ros2_ws/install/dsr_moveit_config_a0912' for CMake module files
[1.182s] colcon.colcon_core.event_handler.log_command DEBUG Invoked command in '/home/jack/ros2_ws/build/dsr_moveit_config_a0912' returned '0': CMAKE_PREFIX_PATH=/opt/ros/humble /usr/bin/cmake --install /home/jack/ros2_ws/build/dsr_moveit_config_a0912
[1.182s] colcon.colcon_core.environment Level 1 checking '/home/jack/ros2_ws/install/dsr_moveit_config_a0912' for CMake config files
[1.184s] colcon.colcon_core.shell Level 1 create_environment_hook('dsr_moveit_config_a0912', 'cmake_prefix_path')
[1.184s] colcon.colcon_core.shell INFO Creating environment hook '/home/jack/ros2_ws/install/dsr_moveit_config_a0912/share/dsr_moveit_config_a0912/hook/cmake_prefix_path.ps1'
[1.185s] colcon.colcon_core.shell INFO Creating environment descriptor '/home/jack/ros2_ws/install/dsr_moveit_config_a0912/share/dsr_moveit_config_a0912/hook/cmake_prefix_path.dsv'
[1.185s] colcon.colcon_core.shell INFO Creating environment hook '/home/jack/ros2_ws/install/dsr_moveit_config_a0912/share/dsr_moveit_config_a0912/hook/cmake_prefix_path.sh'
[1.185s] colcon.colcon_core.environment Level 1 checking '/home/jack/ros2_ws/install/dsr_moveit_config_a0912/bin'
[1.186s] colcon.colcon_core.environment Level 1 checking '/home/jack/ros2_ws/install/dsr_moveit_config_a0912/lib/pkgconfig/dsr_moveit_config_a0912.pc'
[1.186s] colcon.colcon_core.environment Level 1 checking '/home/jack/ros2_ws/install/dsr_moveit_config_a0912/lib/python3.10/site-packages'
[1.186s] colcon.colcon_core.environment Level 1 checking '/home/jack/ros2_ws/install/dsr_moveit_config_a0912/bin'
[1.186s] colcon.colcon_core.shell INFO Creating package script '/home/jack/ros2_ws/install/dsr_moveit_config_a0912/share/dsr_moveit_config_a0912/package.ps1'
[1.187s] colcon.colcon_core.shell INFO Creating package descriptor '/home/jack/ros2_ws/install/dsr_moveit_config_a0912/share/dsr_moveit_config_a0912/package.dsv'
[1.187s] colcon.colcon_core.shell INFO Creating package script '/home/jack/ros2_ws/install/dsr_moveit_config_a0912/share/dsr_moveit_config_a0912/package.sh'
[1.187s] colcon.colcon_core.shell INFO Creating package script '/home/jack/ros2_ws/install/dsr_moveit_config_a0912/share/dsr_moveit_config_a0912/package.bash'
[1.188s] colcon.colcon_core.shell INFO Creating package script '/home/jack/ros2_ws/install/dsr_moveit_config_a0912/share/dsr_moveit_config_a0912/package.zsh'
[1.188s] colcon.colcon_core.environment Level 1 create_file_with_runtime_dependencies(/home/jack/ros2_ws/install/dsr_moveit_config_a0912/share/colcon-core/packages/dsr_moveit_config_a0912)
[1.189s] colcon.colcon_core.environment Level 1 create_environment_scripts_only(dsr_moveit_config_a0912)
[1.189s] colcon.colcon_core.environment Level 1 checking '/home/jack/ros2_ws/install/dsr_moveit_config_a0912' for CMake module files
[1.189s] colcon.colcon_core.environment Level 1 checking '/home/jack/ros2_ws/install/dsr_moveit_config_a0912' for CMake config files
[1.189s] colcon.colcon_core.shell Level 1 create_environment_hook('dsr_moveit_config_a0912', 'cmake_prefix_path')
[1.189s] colcon.colcon_core.shell INFO Creating environment hook '/home/jack/ros2_ws/install/dsr_moveit_config_a0912/share/dsr_moveit_config_a0912/hook/cmake_prefix_path.ps1'
[1.190s] colcon.colcon_core.shell INFO Creating environment descriptor '/home/jack/ros2_ws/install/dsr_moveit_config_a0912/share/dsr_moveit_config_a0912/hook/cmake_prefix_path.dsv'
[1.190s] colcon.colcon_core.shell INFO Creating environment hook '/home/jack/ros2_ws/install/dsr_moveit_config_a0912/share/dsr_moveit_config_a0912/hook/cmake_prefix_path.sh'
[1.191s] colcon.colcon_core.environment Level 1 checking '/home/jack/ros2_ws/install/dsr_moveit_config_a0912/bin'
[1.191s] colcon.colcon_core.environment Level 1 checking '/home/jack/ros2_ws/install/dsr_moveit_config_a0912/lib/pkgconfig/dsr_moveit_config_a0912.pc'
[1.191s] colcon.colcon_core.environment Level 1 checking '/home/jack/ros2_ws/install/dsr_moveit_config_a0912/lib/python3.10/site-packages'
[1.191s] colcon.colcon_core.environment Level 1 checking '/home/jack/ros2_ws/install/dsr_moveit_config_a0912/bin'
[1.192s] colcon.colcon_core.shell INFO Creating package script '/home/jack/ros2_ws/install/dsr_moveit_config_a0912/share/dsr_moveit_config_a0912/package.ps1'
[1.192s] colcon.colcon_core.shell INFO Creating package descriptor '/home/jack/ros2_ws/install/dsr_moveit_config_a0912/share/dsr_moveit_config_a0912/package.dsv'
[1.192s] colcon.colcon_core.shell INFO Creating package script '/home/jack/ros2_ws/install/dsr_moveit_config_a0912/share/dsr_moveit_config_a0912/package.sh'
[1.193s] colcon.colcon_core.shell INFO Creating package script '/home/jack/ros2_ws/install/dsr_moveit_config_a0912/share/dsr_moveit_config_a0912/package.bash'
[1.193s] colcon.colcon_core.shell INFO Creating package script '/home/jack/ros2_ws/install/dsr_moveit_config_a0912/share/dsr_moveit_config_a0912/package.zsh'
[1.193s] colcon.colcon_core.environment Level 1 create_file_with_runtime_dependencies(/home/jack/ros2_ws/install/dsr_moveit_config_a0912/share/colcon-core/packages/dsr_moveit_config_a0912)
[1.194s] colcon.colcon_ros.task.ament_cmake.build INFO Building ROS package in '/home/jack/ros2_ws/src/DoosanBootcamp3rd/dsr_moveit2/dsr_moveit_config_m0617' with build type 'ament_cmake'
[1.195s] colcon.colcon_cmake.task.cmake.build INFO Building CMake package in '/home/jack/ros2_ws/src/DoosanBootcamp3rd/dsr_moveit2/dsr_moveit_config_m0617'
[1.195s] colcon.colcon_core.shell INFO Skip shell extension 'powershell' for command environment: Not usable outside of PowerShell
[1.195s] colcon.colcon_core.shell DEBUG Skip shell extension 'dsv' for command environment
[1.203s] colcon.colcon_core.environment Level 1 create_environment_scripts_only(dsr_moveit_config_e0509)
[1.203s] colcon.colcon_core.environment Level 1 checking '/home/jack/ros2_ws/install/dsr_moveit_config_e0509' for CMake module files
[1.203s] colcon.colcon_core.event_handler.log_command DEBUG Invoked command in '/home/jack/ros2_ws/build/dsr_moveit_config_e0509' returned '0': CMAKE_PREFIX_PATH=/opt/ros/humble /usr/bin/cmake --install /home/jack/ros2_ws/build/dsr_moveit_config_e0509
[1.203s] colcon.colcon_core.environment Level 1 checking '/home/jack/ros2_ws/install/dsr_moveit_config_e0509' for CMake config files
[1.204s] colcon.colcon_core.shell Level 1 create_environment_hook('dsr_moveit_config_e0509', 'cmake_prefix_path')
[1.204s] colcon.colcon_core.shell INFO Creating environment hook '/home/jack/ros2_ws/install/dsr_moveit_config_e0509/share/dsr_moveit_config_e0509/hook/cmake_prefix_path.ps1'
[1.205s] colcon.colcon_core.shell INFO Creating environment descriptor '/home/jack/ros2_ws/install/dsr_moveit_config_e0509/share/dsr_moveit_config_e0509/hook/cmake_prefix_path.dsv'
[1.205s] colcon.colcon_core.shell INFO Creating environment hook '/home/jack/ros2_ws/install/dsr_moveit_config_e0509/share/dsr_moveit_config_e0509/hook/cmake_prefix_path.sh'
[1.206s] colcon.colcon_core.environment Level 1 checking '/home/jack/ros2_ws/install/dsr_moveit_config_e0509/bin'
[1.206s] colcon.colcon_core.environment Level 1 checking '/home/jack/ros2_ws/install/dsr_moveit_config_e0509/lib/pkgconfig/dsr_moveit_config_e0509.pc'
[1.206s] colcon.colcon_core.environment Level 1 checking '/home/jack/ros2_ws/install/dsr_moveit_config_e0509/lib/python3.10/site-packages'
[1.206s] colcon.colcon_core.environment Level 1 checking '/home/jack/ros2_ws/install/dsr_moveit_config_e0509/bin'
[1.206s] colcon.colcon_core.shell INFO Creating package script '/home/jack/ros2_ws/install/dsr_moveit_config_e0509/share/dsr_moveit_config_e0509/package.ps1'
[1.206s] colcon.colcon_core.shell INFO Creating package descriptor '/home/jack/ros2_ws/install/dsr_moveit_config_e0509/share/dsr_moveit_config_e0509/package.dsv'
[1.207s] colcon.colcon_core.shell INFO Creating package script '/home/jack/ros2_ws/install/dsr_moveit_config_e0509/share/dsr_moveit_config_e0509/package.sh'
[1.207s] colcon.colcon_core.shell INFO Creating package script '/home/jack/ros2_ws/install/dsr_moveit_config_e0509/share/dsr_moveit_config_e0509/package.bash'
[1.207s] colcon.colcon_core.shell INFO Creating package script '/home/jack/ros2_ws/install/dsr_moveit_config_e0509/share/dsr_moveit_config_e0509/package.zsh'
[1.208s] colcon.colcon_core.environment Level 1 create_file_with_runtime_dependencies(/home/jack/ros2_ws/install/dsr_moveit_config_e0509/share/colcon-core/packages/dsr_moveit_config_e0509)
[1.208s] colcon.colcon_core.environment Level 1 create_environment_scripts_only(dsr_moveit_config_e0509)
[1.208s] colcon.colcon_core.environment Level 1 checking '/home/jack/ros2_ws/install/dsr_moveit_config_e0509' for CMake module files
[1.209s] colcon.colcon_core.environment Level 1 checking '/home/jack/ros2_ws/install/dsr_moveit_config_e0509' for CMake config files
[1.209s] colcon.colcon_core.shell Level 1 create_environment_hook('dsr_moveit_config_e0509', 'cmake_prefix_path')
[1.209s] colcon.colcon_core.shell INFO Creating environment hook '/home/jack/ros2_ws/install/dsr_moveit_config_e0509/share/dsr_moveit_config_e0509/hook/cmake_prefix_path.ps1'
[1.210s] colcon.colcon_core.shell INFO Creating environment descriptor '/home/jack/ros2_ws/install/dsr_moveit_config_e0509/share/dsr_moveit_config_e0509/hook/cmake_prefix_path.dsv'
[1.210s] colcon.colcon_core.shell INFO Creating environment hook '/home/jack/ros2_ws/install/dsr_moveit_config_e0509/share/dsr_moveit_config_e0509/hook/cmake_prefix_path.sh'
[1.210s] colcon.colcon_core.environment Level 1 checking '/home/jack/ros2_ws/install/dsr_moveit_config_e0509/bin'
[1.210s] colcon.colcon_core.environment Level 1 checking '/home/jack/ros2_ws/install/dsr_moveit_config_e0509/lib/pkgconfig/dsr_moveit_config_e0509.pc'
[1.210s] colcon.colcon_core.environment Level 1 checking '/home/jack/ros2_ws/install/dsr_moveit_config_e0509/lib/python3.10/site-packages'
[1.211s] colcon.colcon_core.environment Level 1 checking '/home/jack/ros2_ws/install/dsr_moveit_config_e0509/bin'
[1.211s] colcon.colcon_core.shell INFO Creating package script '/home/jack/ros2_ws/install/dsr_moveit_config_e0509/share/dsr_moveit_config_e0509/package.ps1'
[1.211s] colcon.colcon_core.shell INFO Creating package descriptor '/home/jack/ros2_ws/install/dsr_moveit_config_e0509/share/dsr_moveit_config_e0509/package.dsv'
[1.212s] colcon.colcon_core.shell INFO Creating package script '/home/jack/ros2_ws/install/dsr_moveit_config_e0509/share/dsr_moveit_config_e0509/package.sh'
[1.212s] colcon.colcon_core.shell INFO Creating package script '/home/jack/ros2_ws/install/dsr_moveit_config_e0509/share/dsr_moveit_config_e0509/package.bash'
[1.212s] colcon.colcon_core.shell INFO Creating package script '/home/jack/ros2_ws/install/dsr_moveit_config_e0509/share/dsr_moveit_config_e0509/package.zsh'
[1.213s] colcon.colcon_core.environment Level 1 create_file_with_runtime_dependencies(/home/jack/ros2_ws/install/dsr_moveit_config_e0509/share/colcon-core/packages/dsr_moveit_config_e0509)
[1.213s] colcon.colcon_core.environment Level 1 create_environment_scripts_only(dsr_moveit_config_h2515)
[1.213s] colcon.colcon_core.environment Level 1 checking '/home/jack/ros2_ws/install/dsr_moveit_config_h2515' for CMake module files
[1.214s] colcon.colcon_core.environment Level 1 checking '/home/jack/ros2_ws/install/dsr_moveit_config_h2515' for CMake config files
[1.214s] colcon.colcon_core.event_handler.log_command DEBUG Invoked command in '/home/jack/ros2_ws/build/dsr_moveit_config_h2515' returned '0': CMAKE_PREFIX_PATH=/opt/ros/humble /usr/bin/cmake --install /home/jack/ros2_ws/build/dsr_moveit_config_h2515
[1.215s] colcon.colcon_core.shell Level 1 create_environment_hook('dsr_moveit_config_h2515', 'cmake_prefix_path')
[1.215s] colcon.colcon_core.shell INFO Creating environment hook '/home/jack/ros2_ws/install/dsr_moveit_config_h2515/share/dsr_moveit_config_h2515/hook/cmake_prefix_path.ps1'
[1.216s] colcon.colcon_core.shell INFO Creating environment descriptor '/home/jack/ros2_ws/install/dsr_moveit_config_h2515/share/dsr_moveit_config_h2515/hook/cmake_prefix_path.dsv'
[1.216s] colcon.colcon_core.shell INFO Creating environment hook '/home/jack/ros2_ws/install/dsr_moveit_config_h2515/share/dsr_moveit_config_h2515/hook/cmake_prefix_path.sh'
[1.217s] colcon.colcon_core.environment Level 1 checking '/home/jack/ros2_ws/install/dsr_moveit_config_h2515/bin'
[1.217s] colcon.colcon_core.environment Level 1 checking '/home/jack/ros2_ws/install/dsr_moveit_config_h2515/lib/pkgconfig/dsr_moveit_config_h2515.pc'
[1.217s] colcon.colcon_core.environment Level 1 checking '/home/jack/ros2_ws/install/dsr_moveit_config_h2515/lib/python3.10/site-packages'
[1.217s] colcon.colcon_core.environment Level 1 checking '/home/jack/ros2_ws/install/dsr_moveit_config_h2515/bin'
[1.217s] colcon.colcon_core.shell INFO Creating package script '/home/jack/ros2_ws/install/dsr_moveit_config_h2515/share/dsr_moveit_config_h2515/package.ps1'
[1.218s] colcon.colcon_core.shell INFO Creating package descriptor '/home/jack/ros2_ws/install/dsr_moveit_config_h2515/share/dsr_moveit_config_h2515/package.dsv'
[1.218s] colcon.colcon_core.shell INFO Creating package script '/home/jack/ros2_ws/install/dsr_moveit_config_h2515/share/dsr_moveit_config_h2515/package.sh'
[1.218s] colcon.colcon_core.shell INFO Creating package script '/home/jack/ros2_ws/install/dsr_moveit_config_h2515/share/dsr_moveit_config_h2515/package.bash'
[1.219s] colcon.colcon_core.shell INFO Creating package script '/home/jack/ros2_ws/install/dsr_moveit_config_h2515/share/dsr_moveit_config_h2515/package.zsh'
[1.219s] colcon.colcon_core.environment Level 1 create_file_with_runtime_dependencies(/home/jack/ros2_ws/install/dsr_moveit_config_h2515/share/colcon-core/packages/dsr_moveit_config_h2515)
[1.219s] colcon.colcon_core.environment Level 1 create_environment_scripts_only(dsr_moveit_config_h2515)
[1.219s] colcon.colcon_core.environment Level 1 checking '/home/jack/ros2_ws/install/dsr_moveit_config_h2515' for CMake module files
[1.220s] colcon.colcon_core.environment Level 1 checking '/home/jack/ros2_ws/install/dsr_moveit_config_h2515' for CMake config files
[1.220s] colcon.colcon_core.shell Level 1 create_environment_hook('dsr_moveit_config_h2515', 'cmake_prefix_path')
[1.220s] colcon.colcon_core.shell INFO Creating environment hook '/home/jack/ros2_ws/install/dsr_moveit_config_h2515/share/dsr_moveit_config_h2515/hook/cmake_prefix_path.ps1'
[1.220s] colcon.colcon_core.shell INFO Creating environment descriptor '/home/jack/ros2_ws/install/dsr_moveit_config_h2515/share/dsr_moveit_config_h2515/hook/cmake_prefix_path.dsv'
[1.220s] colcon.colcon_core.shell INFO Creating environment hook '/home/jack/ros2_ws/install/dsr_moveit_config_h2515/share/dsr_moveit_config_h2515/hook/cmake_prefix_path.sh'
[1.221s] colcon.colcon_core.environment Level 1 checking '/home/jack/ros2_ws/install/dsr_moveit_config_h2515/bin'
[1.221s] colcon.colcon_core.environment Level 1 checking '/home/jack/ros2_ws/install/dsr_moveit_config_h2515/lib/pkgconfig/dsr_moveit_config_h2515.pc'
[1.221s] colcon.colcon_core.environment Level 1 checking '/home/jack/ros2_ws/install/dsr_moveit_config_h2515/lib/python3.10/site-packages'
[1.221s] colcon.colcon_core.environment Level 1 checking '/home/jack/ros2_ws/install/dsr_moveit_config_h2515/bin'
[1.221s] colcon.colcon_core.shell INFO Creating package script '/home/jack/ros2_ws/install/dsr_moveit_config_h2515/share/dsr_moveit_config_h2515/package.ps1'
[1.222s] colcon.colcon_core.shell INFO Creating package descriptor '/home/jack/ros2_ws/install/dsr_moveit_config_h2515/share/dsr_moveit_config_h2515/package.dsv'
[1.222s] colcon.colcon_core.shell INFO Creating package script '/home/jack/ros2_ws/install/dsr_moveit_config_h2515/share/dsr_moveit_config_h2515/package.sh'
[1.222s] colcon.colcon_core.shell INFO Creating package script '/home/jack/ros2_ws/install/dsr_moveit_config_h2515/share/dsr_moveit_config_h2515/package.bash'
[1.223s] colcon.colcon_core.shell INFO Creating package script '/home/jack/ros2_ws/install/dsr_moveit_config_h2515/share/dsr_moveit_config_h2515/package.zsh'
[1.223s] colcon.colcon_core.environment Level 1 create_file_with_runtime_dependencies(/home/jack/ros2_ws/install/dsr_moveit_config_h2515/share/colcon-core/packages/dsr_moveit_config_h2515)
[1.224s] colcon.colcon_core.environment Level 1 create_environment_scripts_only(dsr_common2)
[1.224s] colcon.colcon_core.environment Level 1 checking '/home/jack/ros2_ws/install/dsr_common2' for CMake module files
[1.225s] colcon.colcon_core.event_handler.log_command DEBUG Invoked command in '/home/jack/ros2_ws/build/dsr_common2' returned '0': CMAKE_PREFIX_PATH=/opt/ros/humble /usr/bin/cmake --install /home/jack/ros2_ws/build/dsr_common2
[1.225s] colcon.colcon_core.environment Level 1 checking '/home/jack/ros2_ws/install/dsr_common2' for CMake config files
[1.225s] colcon.colcon_core.shell Level 1 create_environment_hook('dsr_common2', 'cmake_prefix_path')
[1.226s] colcon.colcon_core.shell INFO Creating environment hook '/home/jack/ros2_ws/install/dsr_common2/share/dsr_common2/hook/cmake_prefix_path.ps1'
[1.226s] colcon.colcon_core.shell INFO Creating environment descriptor '/home/jack/ros2_ws/install/dsr_common2/share/dsr_common2/hook/cmake_prefix_path.dsv'
[1.227s] colcon.colcon_core.shell INFO Creating environment hook '/home/jack/ros2_ws/install/dsr_common2/share/dsr_common2/hook/cmake_prefix_path.sh'
[1.228s] colcon.colcon_core.environment Level 1 checking '/home/jack/ros2_ws/install/dsr_common2/lib'
[1.228s] colcon.colcon_core.environment Level 1 checking '/home/jack/ros2_ws/install/dsr_common2/bin'
[1.228s] colcon.colcon_core.environment Level 1 checking '/home/jack/ros2_ws/install/dsr_common2/lib/pkgconfig/dsr_common2.pc'
[1.228s] colcon.colcon_core.environment Level 1 checking '/home/jack/ros2_ws/install/dsr_common2/lib/python3.10/site-packages'
[1.228s] colcon.colcon_core.environment Level 1 checking '/home/jack/ros2_ws/install/dsr_common2/bin'
[1.229s] colcon.colcon_core.shell INFO Creating package script '/home/jack/ros2_ws/install/dsr_common2/share/dsr_common2/package.ps1'
[1.229s] colcon.colcon_core.shell INFO Creating package descriptor '/home/jack/ros2_ws/install/dsr_common2/share/dsr_common2/package.dsv'
[1.230s] colcon.colcon_core.shell INFO Creating package script '/home/jack/ros2_ws/install/dsr_common2/share/dsr_common2/package.sh'
[1.230s] colcon.colcon_core.shell INFO Creating package script '/home/jack/ros2_ws/install/dsr_common2/share/dsr_common2/package.bash'
[1.230s] colcon.colcon_core.shell INFO Creating package script '/home/jack/ros2_ws/install/dsr_common2/share/dsr_common2/package.zsh'
[1.231s] colcon.colcon_core.environment Level 1 create_file_with_runtime_dependencies(/home/jack/ros2_ws/install/dsr_common2/share/colcon-core/packages/dsr_common2)
[1.232s] colcon.colcon_core.environment Level 1 create_environment_scripts_only(dsr_common2)
[1.233s] colcon.colcon_core.environment Level 1 checking '/home/jack/ros2_ws/install/dsr_common2' for CMake module files
[1.233s] colcon.colcon_core.environment Level 1 checking '/home/jack/ros2_ws/install/dsr_common2' for CMake config files
[1.233s] colcon.colcon_core.shell Level 1 create_environment_hook('dsr_common2', 'cmake_prefix_path')
[1.233s] colcon.colcon_core.shell INFO Creating environment hook '/home/jack/ros2_ws/install/dsr_common2/share/dsr_common2/hook/cmake_prefix_path.ps1'
[1.234s] colcon.colcon_core.shell INFO Creating environment descriptor '/home/jack/ros2_ws/install/dsr_common2/share/dsr_common2/hook/cmake_prefix_path.dsv'
[1.235s] colcon.colcon_core.shell INFO Creating environment hook '/home/jack/ros2_ws/install/dsr_common2/share/dsr_common2/hook/cmake_prefix_path.sh'
[1.235s] colcon.colcon_core.environment Level 1 checking '/home/jack/ros2_ws/install/dsr_common2/lib'
[1.235s] colcon.colcon_core.environment Level 1 checking '/home/jack/ros2_ws/install/dsr_common2/bin'
[1.235s] colcon.colcon_core.environment Level 1 checking '/home/jack/ros2_ws/install/dsr_common2/lib/pkgconfig/dsr_common2.pc'
[1.236s] colcon.colcon_core.environment Level 1 checking '/home/jack/ros2_ws/install/dsr_common2/lib/python3.10/site-packages'
[1.236s] colcon.colcon_core.environment Level 1 checking '/home/jack/ros2_ws/install/dsr_common2/bin'
[1.236s] colcon.colcon_core.shell INFO Creating package script '/home/jack/ros2_ws/install/dsr_common2/share/dsr_common2/package.ps1'
[1.237s] colcon.colcon_core.shell INFO Creating package descriptor '/home/jack/ros2_ws/install/dsr_common2/share/dsr_common2/package.dsv'
[1.237s] colcon.colcon_core.shell INFO Creating package script '/home/jack/ros2_ws/install/dsr_common2/share/dsr_common2/package.sh'
[1.237s] colcon.colcon_core.shell INFO Creating package script '/home/jack/ros2_ws/install/dsr_common2/share/dsr_common2/package.bash'
[1.238s] colcon.colcon_core.shell INFO Creating package script '/home/jack/ros2_ws/install/dsr_common2/share/dsr_common2/package.zsh'
[1.238s] colcon.colcon_core.environment Level 1 create_file_with_runtime_dependencies(/home/jack/ros2_ws/install/dsr_common2/share/colcon-core/packages/dsr_common2)
[1.238s] colcon.colcon_core.environment Level 1 create_environment_scripts_only(dsr_moveit_config_a0509)
[1.239s] colcon.colcon_core.environment Level 1 checking '/home/jack/ros2_ws/install/dsr_moveit_config_a0509' for CMake module files
[1.240s] colcon.colcon_core.event_handler.log_command DEBUG Invoked command in '/home/jack/ros2_ws/build/dsr_moveit_config_a0509' returned '0': CMAKE_PREFIX_PATH=/opt/ros/humble /usr/bin/cmake --install /home/jack/ros2_ws/build/dsr_moveit_config_a0509
[1.240s] colcon.colcon_core.environment Level 1 checking '/home/jack/ros2_ws/install/dsr_moveit_config_a0509' for CMake config files
[1.241s] colcon.colcon_core.shell Level 1 create_environment_hook('dsr_moveit_config_a0509', 'cmake_prefix_path')
[1.241s] colcon.colcon_core.shell INFO Creating environment hook '/home/jack/ros2_ws/install/dsr_moveit_config_a0509/share/dsr_moveit_config_a0509/hook/cmake_prefix_path.ps1'
[1.242s] colcon.colcon_core.shell INFO Creating environment descriptor '/home/jack/ros2_ws/install/dsr_moveit_config_a0509/share/dsr_moveit_config_a0509/hook/cmake_prefix_path.dsv'
[1.242s] colcon.colcon_core.shell INFO Creating environment hook '/home/jack/ros2_ws/install/dsr_moveit_config_a0509/share/dsr_moveit_config_a0509/hook/cmake_prefix_path.sh'
[1.243s] colcon.colcon_core.environment Level 1 checking '/home/jack/ros2_ws/install/dsr_moveit_config_a0509/bin'
[1.243s] colcon.colcon_core.environment Level 1 checking '/home/jack/ros2_ws/install/dsr_moveit_config_a0509/lib/pkgconfig/dsr_moveit_config_a0509.pc'
[1.243s] colcon.colcon_core.environment Level 1 checking '/home/jack/ros2_ws/install/dsr_moveit_config_a0509/lib/python3.10/site-packages'
[1.244s] colcon.colcon_core.environment Level 1 checking '/home/jack/ros2_ws/install/dsr_moveit_config_a0509/bin'
[1.244s] colcon.colcon_core.shell INFO Creating package script '/home/jack/ros2_ws/install/dsr_moveit_config_a0509/share/dsr_moveit_config_a0509/package.ps1'
[1.244s] colcon.colcon_core.shell INFO Creating package descriptor '/home/jack/ros2_ws/install/dsr_moveit_config_a0509/share/dsr_moveit_config_a0509/package.dsv'
[1.245s] colcon.colcon_core.shell INFO Creating package script '/home/jack/ros2_ws/install/dsr_moveit_config_a0509/share/dsr_moveit_config_a0509/package.sh'
[1.245s] colcon.colcon_core.shell INFO Creating package script '/home/jack/ros2_ws/install/dsr_moveit_config_a0509/share/dsr_moveit_config_a0509/package.bash'
[1.245s] colcon.colcon_core.shell INFO Creating package script '/home/jack/ros2_ws/install/dsr_moveit_config_a0509/share/dsr_moveit_config_a0509/package.zsh'
[1.246s] colcon.colcon_core.environment Level 1 create_file_with_runtime_dependencies(/home/jack/ros2_ws/install/dsr_moveit_config_a0509/share/colcon-core/packages/dsr_moveit_config_a0509)
[1.249s] colcon.colcon_core.environment Level 1 create_environment_scripts_only(dsr_moveit_config_a0509)
[1.249s] colcon.colcon_core.environment Level 1 checking '/home/jack/ros2_ws/install/dsr_moveit_config_a0509' for CMake module files
[1.249s] colcon.colcon_core.environment Level 1 checking '/home/jack/ros2_ws/install/dsr_moveit_config_a0509' for CMake config files
[1.249s] colcon.colcon_core.shell Level 1 create_environment_hook('dsr_moveit_config_a0509', 'cmake_prefix_path')
[1.250s] colcon.colcon_core.shell INFO Creating environment hook '/home/jack/ros2_ws/install/dsr_moveit_config_a0509/share/dsr_moveit_config_a0509/hook/cmake_prefix_path.ps1'
[1.250s] colcon.colcon_core.shell INFO Creating environment descriptor '/home/jack/ros2_ws/install/dsr_moveit_config_a0509/share/dsr_moveit_config_a0509/hook/cmake_prefix_path.dsv'
[1.250s] colcon.colcon_core.shell INFO Creating environment hook '/home/jack/ros2_ws/install/dsr_moveit_config_a0509/share/dsr_moveit_config_a0509/hook/cmake_prefix_path.sh'
[1.251s] colcon.colcon_core.environment Level 1 checking '/home/jack/ros2_ws/install/dsr_moveit_config_a0509/bin'
[1.251s] colcon.colcon_core.environment Level 1 checking '/home/jack/ros2_ws/install/dsr_moveit_config_a0509/lib/pkgconfig/dsr_moveit_config_a0509.pc'
[1.251s] colcon.colcon_core.environment Level 1 checking '/home/jack/ros2_ws/install/dsr_moveit_config_a0509/lib/python3.10/site-packages'
[1.251s] colcon.colcon_core.environment Level 1 checking '/home/jack/ros2_ws/install/dsr_moveit_config_a0509/bin'
[1.252s] colcon.colcon_core.shell INFO Creating package script '/home/jack/ros2_ws/install/dsr_moveit_config_a0509/share/dsr_moveit_config_a0509/package.ps1'
[1.252s] colcon.colcon_core.shell INFO Creating package descriptor '/home/jack/ros2_ws/install/dsr_moveit_config_a0509/share/dsr_moveit_config_a0509/package.dsv'
[1.253s] colcon.colcon_core.shell INFO Creating package script '/home/jack/ros2_ws/install/dsr_moveit_config_a0509/share/dsr_moveit_config_a0509/package.sh'
[1.253s] colcon.colcon_core.shell INFO Creating package script '/home/jack/ros2_ws/install/dsr_moveit_config_a0509/share/dsr_moveit_config_a0509/package.bash'
[1.254s] colcon.colcon_core.shell INFO Creating package script '/home/jack/ros2_ws/install/dsr_moveit_config_a0509/share/dsr_moveit_config_a0509/package.zsh'
[1.254s] colcon.colcon_core.environment Level 1 create_file_with_runtime_dependencies(/home/jack/ros2_ws/install/dsr_moveit_config_a0509/share/colcon-core/packages/dsr_moveit_config_a0509)
[1.255s] colcon.colcon_ros.task.ament_cmake.build INFO Building ROS package in '/home/jack/ros2_ws/src/DoosanBootcamp3rd/dsr_moveit2/dsr_moveit_config_m1013' with build type 'ament_cmake'
[1.257s] colcon.colcon_cmake.task.cmake.build INFO Building CMake package in '/home/jack/ros2_ws/src/DoosanBootcamp3rd/dsr_moveit2/dsr_moveit_config_m1013'
[1.258s] colcon.colcon_core.shell INFO Skip shell extension 'powershell' for command environment: Not usable outside of PowerShell
[1.258s] colcon.colcon_core.shell DEBUG Skip shell extension 'dsv' for command environment
[1.261s] colcon.colcon_ros.task.ament_cmake.build INFO Building ROS package in '/home/jack/ros2_ws/src/DoosanBootcamp3rd/dsr_moveit2/dsr_moveit_config_m1509' with build type 'ament_cmake'
[1.261s] colcon.colcon_cmake.task.cmake.build INFO Building CMake package in '/home/jack/ros2_ws/src/DoosanBootcamp3rd/dsr_moveit2/dsr_moveit_config_m1509'
[1.262s] colcon.colcon_core.shell INFO Skip shell extension 'powershell' for command environment: Not usable outside of PowerShell
[1.262s] colcon.colcon_core.shell DEBUG Skip shell extension 'dsv' for command environment
[1.264s] colcon.colcon_ros.task.ament_cmake.build INFO Building ROS package in '/home/jack/ros2_ws/src/DoosanBootcamp3rd/dsr_moveit2/dsr_moveit_config_p3020' with build type 'ament_cmake'
[1.264s] colcon.colcon_cmake.task.cmake.build INFO Building CMake package in '/home/jack/ros2_ws/src/DoosanBootcamp3rd/dsr_moveit2/dsr_moveit_config_p3020'
[1.265s] colcon.colcon_core.shell INFO Skip shell extension 'powershell' for command environment: Not usable outside of PowerShell
[1.265s] colcon.colcon_core.shell DEBUG Skip shell extension 'dsv' for command environment
[1.267s] colcon.colcon_ros.task.ament_python.build INFO Building ROS package in '/home/jack/ros2_ws/src/DoosanBootcamp3rd/dsr_example2/dsr_visualservoing' with build type 'ament_python'
[1.268s] colcon.colcon_core.shell Level 1 create_environment_hook('dsr_visualservoing', 'ament_prefix_path')
[1.268s] colcon.colcon_core.shell INFO Creating environment hook '/home/jack/ros2_ws/install/dsr_visualservoing/share/dsr_visualservoing/hook/ament_prefix_path.ps1'
[1.269s] colcon.colcon_core.shell INFO Creating environment descriptor '/home/jack/ros2_ws/install/dsr_visualservoing/share/dsr_visualservoing/hook/ament_prefix_path.dsv'
[1.269s] colcon.colcon_core.shell INFO Creating environment hook '/home/jack/ros2_ws/install/dsr_visualservoing/share/dsr_visualservoing/hook/ament_prefix_path.sh'
[1.270s] colcon.colcon_core.shell INFO Skip shell extension 'powershell' for command environment: Not usable outside of PowerShell
[1.270s] colcon.colcon_core.shell DEBUG Skip shell extension 'dsv' for command environment
[1.273s] colcon.colcon_core.environment Level 1 create_environment_scripts_only(dsr_description2)
[1.273s] colcon.colcon_core.environment Level 1 checking '/home/jack/ros2_ws/install/dsr_description2' for CMake module files
[1.274s] colcon.colcon_core.event_handler.log_command DEBUG Invoked command in '/home/jack/ros2_ws/build/dsr_description2' returned '0': CMAKE_PREFIX_PATH=/opt/ros/humble /usr/bin/cmake --install /home/jack/ros2_ws/build/dsr_description2
[1.274s] colcon.colcon_core.environment Level 1 checking '/home/jack/ros2_ws/install/dsr_description2' for CMake config files
[1.278s] colcon.colcon_core.shell Level 1 create_environment_hook('dsr_description2', 'cmake_prefix_path')
[1.278s] colcon.colcon_core.shell INFO Creating environment hook '/home/jack/ros2_ws/install/dsr_description2/share/dsr_description2/hook/cmake_prefix_path.ps1'
[1.279s] colcon.colcon_core.shell INFO Creating environment descriptor '/home/jack/ros2_ws/install/dsr_description2/share/dsr_description2/hook/cmake_prefix_path.dsv'
[1.279s] colcon.colcon_core.shell INFO Creating environment hook '/home/jack/ros2_ws/install/dsr_description2/share/dsr_description2/hook/cmake_prefix_path.sh'
[1.280s] colcon.colcon_core.environment Level 1 checking '/home/jack/ros2_ws/install/dsr_description2/bin'
[1.280s] colcon.colcon_core.environment Level 1 checking '/home/jack/ros2_ws/install/dsr_description2/lib/pkgconfig/dsr_description2.pc'
[1.280s] colcon.colcon_core.environment Level 1 checking '/home/jack/ros2_ws/install/dsr_description2/lib/python3.10/site-packages'
[1.280s] colcon.colcon_core.environment Level 1 checking '/home/jack/ros2_ws/install/dsr_description2/bin'
[1.281s] colcon.colcon_core.shell INFO Creating package script '/home/jack/ros2_ws/install/dsr_description2/share/dsr_description2/package.ps1'
[1.281s] colcon.colcon_core.shell INFO Creating package descriptor '/home/jack/ros2_ws/install/dsr_description2/share/dsr_description2/package.dsv'
[1.281s] colcon.colcon_core.shell INFO Creating package script '/home/jack/ros2_ws/install/dsr_description2/share/dsr_description2/package.sh'
[1.282s] colcon.colcon_core.shell INFO Creating package script '/home/jack/ros2_ws/install/dsr_description2/share/dsr_description2/package.bash'
[1.282s] colcon.colcon_core.shell INFO Creating package script '/home/jack/ros2_ws/install/dsr_description2/share/dsr_description2/package.zsh'
[1.283s] colcon.colcon_core.environment Level 1 create_file_with_runtime_dependencies(/home/jack/ros2_ws/install/dsr_description2/share/colcon-core/packages/dsr_description2)
[1.283s] colcon.colcon_core.environment Level 1 create_environment_scripts_only(dsr_description2)
[1.284s] colcon.colcon_core.environment Level 1 checking '/home/jack/ros2_ws/install/dsr_description2' for CMake module files
[1.284s] colcon.colcon_core.environment Level 1 checking '/home/jack/ros2_ws/install/dsr_description2' for CMake config files
[1.285s] colcon.colcon_core.shell Level 1 create_environment_hook('dsr_description2', 'cmake_prefix_path')
[1.285s] colcon.colcon_core.shell INFO Creating environment hook '/home/jack/ros2_ws/install/dsr_description2/share/dsr_description2/hook/cmake_prefix_path.ps1'
[1.286s] colcon.colcon_core.shell INFO Creating environment descriptor '/home/jack/ros2_ws/install/dsr_description2/share/dsr_description2/hook/cmake_prefix_path.dsv'
[1.286s] colcon.colcon_core.shell INFO Creating environment hook '/home/jack/ros2_ws/install/dsr_description2/share/dsr_description2/hook/cmake_prefix_path.sh'
[1.286s] colcon.colcon_core.environment Level 1 checking '/home/jack/ros2_ws/install/dsr_description2/bin'
[1.286s] colcon.colcon_core.environment Level 1 checking '/home/jack/ros2_ws/install/dsr_description2/lib/pkgconfig/dsr_description2.pc'
[1.286s] colcon.colcon_core.environment Level 1 checking '/home/jack/ros2_ws/install/dsr_description2/lib/python3.10/site-packages'
[1.287s] colcon.colcon_core.environment Level 1 checking '/home/jack/ros2_ws/install/dsr_description2/bin'
[1.287s] colcon.colcon_core.shell INFO Creating package script '/home/jack/ros2_ws/install/dsr_description2/share/dsr_description2/package.ps1'
[1.287s] colcon.colcon_core.shell INFO Creating package descriptor '/home/jack/ros2_ws/install/dsr_description2/share/dsr_description2/package.dsv'
[1.288s] colcon.colcon_core.shell INFO Creating package script '/home/jack/ros2_ws/install/dsr_description2/share/dsr_description2/package.sh'
[1.288s] colcon.colcon_core.shell INFO Creating package script '/home/jack/ros2_ws/install/dsr_description2/share/dsr_description2/package.bash'
[1.288s] colcon.colcon_core.shell INFO Creating package script '/home/jack/ros2_ws/install/dsr_description2/share/dsr_description2/package.zsh'
[1.289s] colcon.colcon_core.environment Level 1 create_file_with_runtime_dependencies(/home/jack/ros2_ws/install/dsr_description2/share/colcon-core/packages/dsr_description2)
[1.290s] colcon.colcon_ros.task.catkin.build INFO Building ROS package in '/home/jack/ros2_ws/src/DoosanBootcamp3rd/dsr_rokey/od_msg' with build type 'catkin'
[1.290s] colcon.colcon_cmake.task.cmake.build INFO Building CMake package in '/home/jack/ros2_ws/src/DoosanBootcamp3rd/dsr_rokey/od_msg'
[1.291s] colcon.colcon_core.shell INFO Skip shell extension 'powershell' for command environment: Not usable outside of PowerShell
[1.291s] colcon.colcon_core.shell DEBUG Skip shell extension 'dsv' for command environment
[1.298s] colcon.colcon_core.event_handler.log_command DEBUG Invoking command in '/home/jack/ros2_ws/build/dsr_moveit_config_m0609': CMAKE_PREFIX_PATH=/opt/ros/humble /usr/bin/cmake --build /home/jack/ros2_ws/build/dsr_moveit_config_m0609 -- -j8 -l8
[1.302s] colcon.colcon_core.event_handler.log_command DEBUG Invoking command in '/home/jack/ros2_ws/build/dsr_moveit_config_m0617': CMAKE_PREFIX_PATH=/opt/ros/humble /usr/bin/cmake --build /home/jack/ros2_ws/build/dsr_moveit_config_m0617 -- -j8 -l8
[1.304s] colcon.colcon_core.event_handler.log_command DEBUG Invoking command in '/home/jack/ros2_ws/build/dsr_moveit_config_m1013': CMAKE_PREFIX_PATH=/opt/ros/humble /usr/bin/cmake --build /home/jack/ros2_ws/build/dsr_moveit_config_m1013 -- -j8 -l8
[1.307s] colcon.colcon_core.event_handler.log_command DEBUG Invoking command in '/home/jack/ros2_ws/build/dsr_moveit_config_m1509': CMAKE_PREFIX_PATH=/opt/ros/humble /usr/bin/cmake --build /home/jack/ros2_ws/build/dsr_moveit_config_m1509 -- -j8 -l8
[1.313s] colcon.colcon_core.event_handler.log_command DEBUG Invoking command in '/home/jack/ros2_ws/build/dsr_moveit_config_p3020': CMAKE_PREFIX_PATH=/opt/ros/humble /usr/bin/cmake --build /home/jack/ros2_ws/build/dsr_moveit_config_p3020 -- -j8 -l8
[1.937s] colcon.colcon_core.task.python.build INFO Building Python package in '/home/jack/ros2_ws/src/DoosanBootcamp3rd/dsr_example2/dsr_visualservoing'
[1.937s] colcon.colcon_core.shell INFO Skip shell extension 'powershell' for command environment: Not usable outside of PowerShell
[1.937s] colcon.colcon_core.shell DEBUG Skip shell extension 'dsv' for command environment
[1.943s] colcon.colcon_core.event_handler.log_command DEBUG Invoking command in '/home/jack/ros2_ws/build/od_msg': /usr/bin/cmake --build /home/jack/ros2_ws/build/od_msg -- -j8 -l8
[1.947s] colcon.colcon_core.event_handler.log_command DEBUG Invoked command in '/home/jack/ros2_ws/build/dsr_moveit_config_m0609' returned '0': CMAKE_PREFIX_PATH=/opt/ros/humble /usr/bin/cmake --build /home/jack/ros2_ws/build/dsr_moveit_config_m0609 -- -j8 -l8
[1.950s] colcon.colcon_core.event_handler.log_command DEBUG Invoking command in '/home/jack/ros2_ws/build/dsr_moveit_config_m0609': CMAKE_PREFIX_PATH=/opt/ros/humble /usr/bin/cmake --install /home/jack/ros2_ws/build/dsr_moveit_config_m0609
[1.951s] colcon.colcon_core.event_handler.log_command DEBUG Invoked command in '/home/jack/ros2_ws/build/dsr_moveit_config_m0617' returned '0': CMAKE_PREFIX_PATH=/opt/ros/humble /usr/bin/cmake --build /home/jack/ros2_ws/build/dsr_moveit_config_m0617 -- -j8 -l8
[1.955s] colcon.colcon_core.event_handler.log_command DEBUG Invoking command in '/home/jack/ros2_ws/build/dsr_moveit_config_m0617': CMAKE_PREFIX_PATH=/opt/ros/humble /usr/bin/cmake --install /home/jack/ros2_ws/build/dsr_moveit_config_m0617
[1.955s] colcon.colcon_core.event_handler.log_command DEBUG Invoked command in '/home/jack/ros2_ws/build/dsr_moveit_config_m1013' returned '0': CMAKE_PREFIX_PATH=/opt/ros/humble /usr/bin/cmake --build /home/jack/ros2_ws/build/dsr_moveit_config_m1013 -- -j8 -l8
[1.961s] colcon.colcon_core.event_handler.log_command DEBUG Invoking command in '/home/jack/ros2_ws/build/dsr_moveit_config_m1013': CMAKE_PREFIX_PATH=/opt/ros/humble /usr/bin/cmake --install /home/jack/ros2_ws/build/dsr_moveit_config_m1013
[1.964s] colcon.colcon_core.event_handler.log_command DEBUG Invoked command in '/home/jack/ros2_ws/build/dsr_moveit_config_m1509' returned '0': CMAKE_PREFIX_PATH=/opt/ros/humble /usr/bin/cmake --build /home/jack/ros2_ws/build/dsr_moveit_config_m1509 -- -j8 -l8
[1.968s] colcon.colcon_core.event_handler.log_command DEBUG Invoking command in '/home/jack/ros2_ws/build/dsr_moveit_config_m1509': CMAKE_PREFIX_PATH=/opt/ros/humble /usr/bin/cmake --install /home/jack/ros2_ws/build/dsr_moveit_config_m1509
[1.968s] colcon.colcon_core.event_handler.log_command DEBUG Invoked command in '/home/jack/ros2_ws/build/dsr_moveit_config_p3020' returned '0': CMAKE_PREFIX_PATH=/opt/ros/humble /usr/bin/cmake --build /home/jack/ros2_ws/build/dsr_moveit_config_p3020 -- -j8 -l8
[1.971s] colcon.colcon_core.event_handler.log_command DEBUG Invoking command in '/home/jack/ros2_ws/build/dsr_moveit_config_p3020': CMAKE_PREFIX_PATH=/opt/ros/humble /usr/bin/cmake --install /home/jack/ros2_ws/build/dsr_moveit_config_p3020
[1.982s] colcon.colcon_core.event_handler.log_command DEBUG Invoked command in '/home/jack/ros2_ws/build/dsr_msgs2' returned '0': CMAKE_PREFIX_PATH=/opt/ros/humble /usr/bin/cmake --build /home/jack/ros2_ws/build/dsr_msgs2 -- -j8 -l8
[1.983s] colcon.colcon_core.event_handler.log_command DEBUG Invoking command in '/home/jack/ros2_ws/build/dsr_msgs2': CMAKE_PREFIX_PATH=/opt/ros/humble /usr/bin/cmake --install /home/jack/ros2_ws/build/dsr_msgs2
[1.984s] colcon.colcon_core.environment Level 1 create_environment_scripts_only(dsr_moveit_config_m0609)
[1.984s] colcon.colcon_core.environment Level 1 checking '/home/jack/ros2_ws/install/dsr_moveit_config_m0609' for CMake module files
[1.988s] colcon.colcon_core.event_handler.log_command DEBUG Invoked command in '/home/jack/ros2_ws/build/dsr_moveit_config_m0609' returned '0': CMAKE_PREFIX_PATH=/opt/ros/humble /usr/bin/cmake --install /home/jack/ros2_ws/build/dsr_moveit_config_m0609
[1.988s] colcon.colcon_core.environment Level 1 checking '/home/jack/ros2_ws/install/dsr_moveit_config_m0609' for CMake config files
[1.988s] colcon.colcon_core.shell Level 1 create_environment_hook('dsr_moveit_config_m0609', 'cmake_prefix_path')
[1.988s] colcon.colcon_core.shell INFO Creating environment hook '/home/jack/ros2_ws/install/dsr_moveit_config_m0609/share/dsr_moveit_config_m0609/hook/cmake_prefix_path.ps1'
[1.990s] colcon.colcon_core.shell INFO Creating environment descriptor '/home/jack/ros2_ws/install/dsr_moveit_config_m0609/share/dsr_moveit_config_m0609/hook/cmake_prefix_path.dsv'
[1.990s] colcon.colcon_core.shell INFO Creating environment hook '/home/jack/ros2_ws/install/dsr_moveit_config_m0609/share/dsr_moveit_config_m0609/hook/cmake_prefix_path.sh'
[1.990s] colcon.colcon_core.environment Level 1 checking '/home/jack/ros2_ws/install/dsr_moveit_config_m0609/bin'
[1.991s] colcon.colcon_core.environment Level 1 checking '/home/jack/ros2_ws/install/dsr_moveit_config_m0609/lib/pkgconfig/dsr_moveit_config_m0609.pc'
[1.991s] colcon.colcon_core.environment Level 1 checking '/home/jack/ros2_ws/install/dsr_moveit_config_m0609/lib/python3.10/site-packages'
[1.991s] colcon.colcon_core.environment Level 1 checking '/home/jack/ros2_ws/install/dsr_moveit_config_m0609/bin'
[1.991s] colcon.colcon_core.shell INFO Creating package script '/home/jack/ros2_ws/install/dsr_moveit_config_m0609/share/dsr_moveit_config_m0609/package.ps1'
[1.992s] colcon.colcon_core.shell INFO Creating package descriptor '/home/jack/ros2_ws/install/dsr_moveit_config_m0609/share/dsr_moveit_config_m0609/package.dsv'
[1.993s] colcon.colcon_core.shell INFO Creating package script '/home/jack/ros2_ws/install/dsr_moveit_config_m0609/share/dsr_moveit_config_m0609/package.sh'
[1.993s] colcon.colcon_core.shell INFO Creating package script '/home/jack/ros2_ws/install/dsr_moveit_config_m0609/share/dsr_moveit_config_m0609/package.bash'
[1.995s] colcon.colcon_core.shell INFO Creating package script '/home/jack/ros2_ws/install/dsr_moveit_config_m0609/share/dsr_moveit_config_m0609/package.zsh'
[1.996s] colcon.colcon_core.environment Level 1 create_file_with_runtime_dependencies(/home/jack/ros2_ws/install/dsr_moveit_config_m0609/share/colcon-core/packages/dsr_moveit_config_m0609)
[1.998s] colcon.colcon_core.environment Level 1 create_environment_scripts_only(dsr_moveit_config_m0609)
[1.998s] colcon.colcon_core.environment Level 1 checking '/home/jack/ros2_ws/install/dsr_moveit_config_m0609' for CMake module files
[1.998s] colcon.colcon_core.environment Level 1 checking '/home/jack/ros2_ws/install/dsr_moveit_config_m0609' for CMake config files
[1.999s] colcon.colcon_core.shell Level 1 create_environment_hook('dsr_moveit_config_m0609', 'cmake_prefix_path')
[1.999s] colcon.colcon_core.shell INFO Creating environment hook '/home/jack/ros2_ws/install/dsr_moveit_config_m0609/share/dsr_moveit_config_m0609/hook/cmake_prefix_path.ps1'
[1.999s] colcon.colcon_core.shell INFO Creating environment descriptor '/home/jack/ros2_ws/install/dsr_moveit_config_m0609/share/dsr_moveit_config_m0609/hook/cmake_prefix_path.dsv'
[2.000s] colcon.colcon_core.shell INFO Creating environment hook '/home/jack/ros2_ws/install/dsr_moveit_config_m0609/share/dsr_moveit_config_m0609/hook/cmake_prefix_path.sh'
[2.000s] colcon.colcon_core.environment Level 1 checking '/home/jack/ros2_ws/install/dsr_moveit_config_m0609/bin'
[2.001s] colcon.colcon_core.environment Level 1 checking '/home/jack/ros2_ws/install/dsr_moveit_config_m0609/lib/pkgconfig/dsr_moveit_config_m0609.pc'
[2.001s] colcon.colcon_core.environment Level 1 checking '/home/jack/ros2_ws/install/dsr_moveit_config_m0609/lib/python3.10/site-packages'
[2.001s] colcon.colcon_core.environment Level 1 checking '/home/jack/ros2_ws/install/dsr_moveit_config_m0609/bin'
[2.001s] colcon.colcon_core.shell INFO Creating package script '/home/jack/ros2_ws/install/dsr_moveit_config_m0609/share/dsr_moveit_config_m0609/package.ps1'
[2.002s] colcon.colcon_core.shell INFO Creating package descriptor '/home/jack/ros2_ws/install/dsr_moveit_config_m0609/share/dsr_moveit_config_m0609/package.dsv'
[2.003s] colcon.colcon_core.shell INFO Creating package script '/home/jack/ros2_ws/install/dsr_moveit_config_m0609/share/dsr_moveit_config_m0609/package.sh'
[2.003s] colcon.colcon_core.shell INFO Creating package script '/home/jack/ros2_ws/install/dsr_moveit_config_m0609/share/dsr_moveit_config_m0609/package.bash'
[2.003s] colcon.colcon_core.shell INFO Creating package script '/home/jack/ros2_ws/install/dsr_moveit_config_m0609/share/dsr_moveit_config_m0609/package.zsh'
[2.004s] colcon.colcon_core.environment Level 1 create_file_with_runtime_dependencies(/home/jack/ros2_ws/install/dsr_moveit_config_m0609/share/colcon-core/packages/dsr_moveit_config_m0609)
[2.004s] colcon.colcon_core.environment Level 1 create_environment_scripts_only(dsr_moveit_config_m0617)
[2.004s] colcon.colcon_core.environment Level 1 checking '/home/jack/ros2_ws/install/dsr_moveit_config_m0617' for CMake module files
[2.005s] colcon.colcon_core.environment Level 1 checking '/home/jack/ros2_ws/install/dsr_moveit_config_m0617' for CMake config files
[2.006s] colcon.colcon_core.event_handler.log_command DEBUG Invoked command in '/home/jack/ros2_ws/build/dsr_moveit_config_m0617' returned '0': CMAKE_PREFIX_PATH=/opt/ros/humble /usr/bin/cmake --install /home/jack/ros2_ws/build/dsr_moveit_config_m0617
[2.007s] colcon.colcon_core.shell Level 1 create_environment_hook('dsr_moveit_config_m0617', 'cmake_prefix_path')
[2.007s] colcon.colcon_core.shell INFO Creating environment hook '/home/jack/ros2_ws/install/dsr_moveit_config_m0617/share/dsr_moveit_config_m0617/hook/cmake_prefix_path.ps1'
[2.008s] colcon.colcon_core.shell INFO Creating environment descriptor '/home/jack/ros2_ws/install/dsr_moveit_config_m0617/share/dsr_moveit_config_m0617/hook/cmake_prefix_path.dsv'
[2.009s] colcon.colcon_core.shell INFO Creating environment hook '/home/jack/ros2_ws/install/dsr_moveit_config_m0617/share/dsr_moveit_config_m0617/hook/cmake_prefix_path.sh'
[2.009s] colcon.colcon_core.environment Level 1 checking '/home/jack/ros2_ws/install/dsr_moveit_config_m0617/bin'
[2.010s] colcon.colcon_core.environment Level 1 checking '/home/jack/ros2_ws/install/dsr_moveit_config_m0617/lib/pkgconfig/dsr_moveit_config_m0617.pc'
[2.010s] colcon.colcon_core.environment Level 1 checking '/home/jack/ros2_ws/install/dsr_moveit_config_m0617/lib/python3.10/site-packages'
[2.010s] colcon.colcon_core.environment Level 1 checking '/home/jack/ros2_ws/install/dsr_moveit_config_m0617/bin'
[2.010s] colcon.colcon_core.shell INFO Creating package script '/home/jack/ros2_ws/install/dsr_moveit_config_m0617/share/dsr_moveit_config_m0617/package.ps1'
[2.011s] colcon.colcon_core.shell INFO Creating package descriptor '/home/jack/ros2_ws/install/dsr_moveit_config_m0617/share/dsr_moveit_config_m0617/package.dsv'
[2.012s] colcon.colcon_core.shell INFO Creating package script '/home/jack/ros2_ws/install/dsr_moveit_config_m0617/share/dsr_moveit_config_m0617/package.sh'
[2.013s] colcon.colcon_core.shell INFO Creating package script '/home/jack/ros2_ws/install/dsr_moveit_config_m0617/share/dsr_moveit_config_m0617/package.bash'
[2.013s] colcon.colcon_core.shell INFO Creating package script '/home/jack/ros2_ws/install/dsr_moveit_config_m0617/share/dsr_moveit_config_m0617/package.zsh'
[2.013s] colcon.colcon_core.environment Level 1 create_file_with_runtime_dependencies(/home/jack/ros2_ws/install/dsr_moveit_config_m0617/share/colcon-core/packages/dsr_moveit_config_m0617)
[2.014s] colcon.colcon_core.environment Level 1 create_environment_scripts_only(dsr_moveit_config_m0617)
[2.015s] colcon.colcon_core.environment Level 1 checking '/home/jack/ros2_ws/install/dsr_moveit_config_m0617' for CMake module files
[2.015s] colcon.colcon_core.environment Level 1 checking '/home/jack/ros2_ws/install/dsr_moveit_config_m0617' for CMake config files
[2.015s] colcon.colcon_core.shell Level 1 create_environment_hook('dsr_moveit_config_m0617', 'cmake_prefix_path')
[2.016s] colcon.colcon_core.shell INFO Creating environment hook '/home/jack/ros2_ws/install/dsr_moveit_config_m0617/share/dsr_moveit_config_m0617/hook/cmake_prefix_path.ps1'
[2.016s] colcon.colcon_core.shell INFO Creating environment descriptor '/home/jack/ros2_ws/install/dsr_moveit_config_m0617/share/dsr_moveit_config_m0617/hook/cmake_prefix_path.dsv'
[2.017s] colcon.colcon_core.shell INFO Creating environment hook '/home/jack/ros2_ws/install/dsr_moveit_config_m0617/share/dsr_moveit_config_m0617/hook/cmake_prefix_path.sh'
[2.018s] colcon.colcon_core.environment Level 1 checking '/home/jack/ros2_ws/install/dsr_moveit_config_m0617/bin'
[2.018s] colcon.colcon_core.environment Level 1 checking '/home/jack/ros2_ws/install/dsr_moveit_config_m0617/lib/pkgconfig/dsr_moveit_config_m0617.pc'
[2.018s] colcon.colcon_core.environment Level 1 checking '/home/jack/ros2_ws/install/dsr_moveit_config_m0617/lib/python3.10/site-packages'
[2.018s] colcon.colcon_core.environment Level 1 checking '/home/jack/ros2_ws/install/dsr_moveit_config_m0617/bin'
[2.019s] colcon.colcon_core.shell INFO Creating package script '/home/jack/ros2_ws/install/dsr_moveit_config_m0617/share/dsr_moveit_config_m0617/package.ps1'
[2.019s] colcon.colcon_core.shell INFO Creating package descriptor '/home/jack/ros2_ws/install/dsr_moveit_config_m0617/share/dsr_moveit_config_m0617/package.dsv'
[2.020s] colcon.colcon_core.shell INFO Creating package script '/home/jack/ros2_ws/install/dsr_moveit_config_m0617/share/dsr_moveit_config_m0617/package.sh'
[2.021s] colcon.colcon_core.shell INFO Creating package script '/home/jack/ros2_ws/install/dsr_moveit_config_m0617/share/dsr_moveit_config_m0617/package.bash'
[2.021s] colcon.colcon_core.shell INFO Creating package script '/home/jack/ros2_ws/install/dsr_moveit_config_m0617/share/dsr_moveit_config_m0617/package.zsh'
[2.022s] colcon.colcon_core.environment Level 1 create_file_with_runtime_dependencies(/home/jack/ros2_ws/install/dsr_moveit_config_m0617/share/colcon-core/packages/dsr_moveit_config_m0617)
[2.025s] colcon.colcon_ros.task.ament_python.build INFO Building ROS package in '/home/jack/ros2_ws/src/DoosanBootcamp3rd/dsr_rokey/pick_and_place_text' with build type 'ament_python'
[2.025s] colcon.colcon_core.shell Level 1 create_environment_hook('pick_and_place_text', 'ament_prefix_path')
[2.026s] colcon.colcon_core.shell INFO Creating environment hook '/home/jack/ros2_ws/install/pick_and_place_text/share/pick_and_place_text/hook/ament_prefix_path.ps1'
[2.030s] colcon.colcon_core.shell INFO Creating environment descriptor '/home/jack/ros2_ws/install/pick_and_place_text/share/pick_and_place_text/hook/ament_prefix_path.dsv'
[2.031s] colcon.colcon_core.shell INFO Creating environment hook '/home/jack/ros2_ws/install/pick_and_place_text/share/pick_and_place_text/hook/ament_prefix_path.sh'
[2.032s] colcon.colcon_core.shell INFO Skip shell extension 'powershell' for command environment: Not usable outside of PowerShell
[2.032s] colcon.colcon_core.shell DEBUG Skip shell extension 'dsv' for command environment
[2.039s] colcon.colcon_ros.task.ament_python.build INFO Building ROS package in '/home/jack/ros2_ws/src/DoosanBootcamp3rd/dsr_rokey/pick_and_place_voice' with build type 'ament_python'
[2.039s] colcon.colcon_core.shell Level 1 create_environment_hook('pick_and_place_voice', 'ament_prefix_path')
[2.040s] colcon.colcon_core.shell INFO Creating environment hook '/home/jack/ros2_ws/install/pick_and_place_voice/share/pick_and_place_voice/hook/ament_prefix_path.ps1'
[2.042s] colcon.colcon_core.shell INFO Creating environment descriptor '/home/jack/ros2_ws/install/pick_and_place_voice/share/pick_and_place_voice/hook/ament_prefix_path.dsv'
[2.042s] colcon.colcon_core.shell INFO Creating environment hook '/home/jack/ros2_ws/install/pick_and_place_voice/share/pick_and_place_voice/hook/ament_prefix_path.sh'
[2.043s] colcon.colcon_core.shell INFO Skip shell extension 'powershell' for command environment: Not usable outside of PowerShell
[2.043s] colcon.colcon_core.shell DEBUG Skip shell extension 'dsv' for command environment
[2.050s] colcon.colcon_core.environment Level 1 create_environment_scripts_only(dsr_moveit_config_m1013)
[2.050s] colcon.colcon_core.environment Level 1 checking '/home/jack/ros2_ws/install/dsr_moveit_config_m1013' for CMake module files
[2.052s] colcon.colcon_core.event_handler.log_command DEBUG Invoked command in '/home/jack/ros2_ws/build/dsr_moveit_config_m1013' returned '0': CMAKE_PREFIX_PATH=/opt/ros/humble /usr/bin/cmake --install /home/jack/ros2_ws/build/dsr_moveit_config_m1013
[2.052s] colcon.colcon_core.environment Level 1 checking '/home/jack/ros2_ws/install/dsr_moveit_config_m1013' for CMake config files
[2.052s] colcon.colcon_core.shell Level 1 create_environment_hook('dsr_moveit_config_m1013', 'cmake_prefix_path')
[2.053s] colcon.colcon_core.shell INFO Creating environment hook '/home/jack/ros2_ws/install/dsr_moveit_config_m1013/share/dsr_moveit_config_m1013/hook/cmake_prefix_path.ps1'
[2.054s] colcon.colcon_core.shell INFO Creating environment descriptor '/home/jack/ros2_ws/install/dsr_moveit_config_m1013/share/dsr_moveit_config_m1013/hook/cmake_prefix_path.dsv'
[2.055s] colcon.colcon_core.shell INFO Creating environment hook '/home/jack/ros2_ws/install/dsr_moveit_config_m1013/share/dsr_moveit_config_m1013/hook/cmake_prefix_path.sh'
[2.056s] colcon.colcon_core.environment Level 1 checking '/home/jack/ros2_ws/install/dsr_moveit_config_m1013/bin'
[2.056s] colcon.colcon_core.environment Level 1 checking '/home/jack/ros2_ws/install/dsr_moveit_config_m1013/lib/pkgconfig/dsr_moveit_config_m1013.pc'
[2.057s] colcon.colcon_core.environment Level 1 checking '/home/jack/ros2_ws/install/dsr_moveit_config_m1013/lib/python3.10/site-packages'
[2.057s] colcon.colcon_core.environment Level 1 checking '/home/jack/ros2_ws/install/dsr_moveit_config_m1013/bin'
[2.057s] colcon.colcon_core.shell INFO Creating package script '/home/jack/ros2_ws/install/dsr_moveit_config_m1013/share/dsr_moveit_config_m1013/package.ps1'
[2.058s] colcon.colcon_core.shell INFO Creating package descriptor '/home/jack/ros2_ws/install/dsr_moveit_config_m1013/share/dsr_moveit_config_m1013/package.dsv'
[2.058s] colcon.colcon_core.shell INFO Creating package script '/home/jack/ros2_ws/install/dsr_moveit_config_m1013/share/dsr_moveit_config_m1013/package.sh'
[2.059s] colcon.colcon_core.shell INFO Creating package script '/home/jack/ros2_ws/install/dsr_moveit_config_m1013/share/dsr_moveit_config_m1013/package.bash'
[2.060s] colcon.colcon_core.shell INFO Creating package script '/home/jack/ros2_ws/install/dsr_moveit_config_m1013/share/dsr_moveit_config_m1013/package.zsh'
[2.060s] colcon.colcon_core.environment Level 1 create_file_with_runtime_dependencies(/home/jack/ros2_ws/install/dsr_moveit_config_m1013/share/colcon-core/packages/dsr_moveit_config_m1013)
[2.062s] colcon.colcon_core.environment Level 1 create_environment_scripts_only(dsr_moveit_config_m1013)
[2.062s] colcon.colcon_core.environment Level 1 checking '/home/jack/ros2_ws/install/dsr_moveit_config_m1013' for CMake module files
[2.063s] colcon.colcon_core.environment Level 1 checking '/home/jack/ros2_ws/install/dsr_moveit_config_m1013' for CMake config files
[2.063s] colcon.colcon_core.shell Level 1 create_environment_hook('dsr_moveit_config_m1013', 'cmake_prefix_path')
[2.063s] colcon.colcon_core.shell INFO Creating environment hook '/home/jack/ros2_ws/install/dsr_moveit_config_m1013/share/dsr_moveit_config_m1013/hook/cmake_prefix_path.ps1'
[2.065s] colcon.colcon_core.shell INFO Creating environment descriptor '/home/jack/ros2_ws/install/dsr_moveit_config_m1013/share/dsr_moveit_config_m1013/hook/cmake_prefix_path.dsv'
[2.065s] colcon.colcon_core.shell INFO Creating environment hook '/home/jack/ros2_ws/install/dsr_moveit_config_m1013/share/dsr_moveit_config_m1013/hook/cmake_prefix_path.sh'
[2.066s] colcon.colcon_core.environment Level 1 checking '/home/jack/ros2_ws/install/dsr_moveit_config_m1013/bin'
[2.066s] colcon.colcon_core.environment Level 1 checking '/home/jack/ros2_ws/install/dsr_moveit_config_m1013/lib/pkgconfig/dsr_moveit_config_m1013.pc'
[2.066s] colcon.colcon_core.environment Level 1 checking '/home/jack/ros2_ws/install/dsr_moveit_config_m1013/lib/python3.10/site-packages'
[2.067s] colcon.colcon_core.environment Level 1 checking '/home/jack/ros2_ws/install/dsr_moveit_config_m1013/bin'
[2.067s] colcon.colcon_core.shell INFO Creating package script '/home/jack/ros2_ws/install/dsr_moveit_config_m1013/share/dsr_moveit_config_m1013/package.ps1'
[2.068s] colcon.colcon_core.shell INFO Creating package descriptor '/home/jack/ros2_ws/install/dsr_moveit_config_m1013/share/dsr_moveit_config_m1013/package.dsv'
[2.068s] colcon.colcon_core.shell INFO Creating package script '/home/jack/ros2_ws/install/dsr_moveit_config_m1013/share/dsr_moveit_config_m1013/package.sh'
[2.069s] colcon.colcon_core.shell INFO Creating package script '/home/jack/ros2_ws/install/dsr_moveit_config_m1013/share/dsr_moveit_config_m1013/package.bash'
[2.069s] colcon.colcon_core.shell INFO Creating package script '/home/jack/ros2_ws/install/dsr_moveit_config_m1013/share/dsr_moveit_config_m1013/package.zsh'
[2.069s] colcon.colcon_core.environment Level 1 create_file_with_runtime_dependencies(/home/jack/ros2_ws/install/dsr_moveit_config_m1013/share/colcon-core/packages/dsr_moveit_config_m1013)
[2.070s] colcon.colcon_core.environment Level 1 create_environment_scripts_only(dsr_moveit_config_m1509)
[2.071s] colcon.colcon_core.environment Level 1 checking '/home/jack/ros2_ws/install/dsr_moveit_config_m1509' for CMake module files
[2.071s] colcon.colcon_core.environment Level 1 checking '/home/jack/ros2_ws/install/dsr_moveit_config_m1509' for CMake config files
[2.072s] colcon.colcon_core.event_handler.log_command DEBUG Invoked command in '/home/jack/ros2_ws/build/dsr_moveit_config_m1509' returned '0': CMAKE_PREFIX_PATH=/opt/ros/humble /usr/bin/cmake --install /home/jack/ros2_ws/build/dsr_moveit_config_m1509
[2.072s] colcon.colcon_core.shell Level 1 create_environment_hook('dsr_moveit_config_m1509', 'cmake_prefix_path')
[2.073s] colcon.colcon_core.shell INFO Creating environment hook '/home/jack/ros2_ws/install/dsr_moveit_config_m1509/share/dsr_moveit_config_m1509/hook/cmake_prefix_path.ps1'
[2.073s] colcon.colcon_core.shell INFO Creating environment descriptor '/home/jack/ros2_ws/install/dsr_moveit_config_m1509/share/dsr_moveit_config_m1509/hook/cmake_prefix_path.dsv'
[2.074s] colcon.colcon_core.shell INFO Creating environment hook '/home/jack/ros2_ws/install/dsr_moveit_config_m1509/share/dsr_moveit_config_m1509/hook/cmake_prefix_path.sh'
[2.075s] colcon.colcon_core.environment Level 1 checking '/home/jack/ros2_ws/install/dsr_moveit_config_m1509/bin'
[2.075s] colcon.colcon_core.environment Level 1 checking '/home/jack/ros2_ws/install/dsr_moveit_config_m1509/lib/pkgconfig/dsr_moveit_config_m1509.pc'
[2.075s] colcon.colcon_core.environment Level 1 checking '/home/jack/ros2_ws/install/dsr_moveit_config_m1509/lib/python3.10/site-packages'
[2.075s] colcon.colcon_core.environment Level 1 checking '/home/jack/ros2_ws/install/dsr_moveit_config_m1509/bin'
[2.076s] colcon.colcon_core.shell INFO Creating package script '/home/jack/ros2_ws/install/dsr_moveit_config_m1509/share/dsr_moveit_config_m1509/package.ps1'
[2.076s] colcon.colcon_core.shell INFO Creating package descriptor '/home/jack/ros2_ws/install/dsr_moveit_config_m1509/share/dsr_moveit_config_m1509/package.dsv'
[2.077s] colcon.colcon_core.shell INFO Creating package script '/home/jack/ros2_ws/install/dsr_moveit_config_m1509/share/dsr_moveit_config_m1509/package.sh'
[2.077s] colcon.colcon_core.shell INFO Creating package script '/home/jack/ros2_ws/install/dsr_moveit_config_m1509/share/dsr_moveit_config_m1509/package.bash'
[2.077s] colcon.colcon_core.shell INFO Creating package script '/home/jack/ros2_ws/install/dsr_moveit_config_m1509/share/dsr_moveit_config_m1509/package.zsh'
[2.078s] colcon.colcon_core.environment Level 1 create_file_with_runtime_dependencies(/home/jack/ros2_ws/install/dsr_moveit_config_m1509/share/colcon-core/packages/dsr_moveit_config_m1509)
[2.079s] colcon.colcon_core.environment Level 1 create_environment_scripts_only(dsr_moveit_config_m1509)
[2.079s] colcon.colcon_core.environment Level 1 checking '/home/jack/ros2_ws/install/dsr_moveit_config_m1509' for CMake module files
[2.080s] colcon.colcon_core.environment Level 1 checking '/home/jack/ros2_ws/install/dsr_moveit_config_m1509' for CMake config files
[2.080s] colcon.colcon_core.shell Level 1 create_environment_hook('dsr_moveit_config_m1509', 'cmake_prefix_path')
[2.080s] colcon.colcon_core.shell INFO Creating environment hook '/home/jack/ros2_ws/install/dsr_moveit_config_m1509/share/dsr_moveit_config_m1509/hook/cmake_prefix_path.ps1'
[2.081s] colcon.colcon_core.shell INFO Creating environment descriptor '/home/jack/ros2_ws/install/dsr_moveit_config_m1509/share/dsr_moveit_config_m1509/hook/cmake_prefix_path.dsv'
[2.081s] colcon.colcon_core.shell INFO Creating environment hook '/home/jack/ros2_ws/install/dsr_moveit_config_m1509/share/dsr_moveit_config_m1509/hook/cmake_prefix_path.sh'
[2.082s] colcon.colcon_core.environment Level 1 checking '/home/jack/ros2_ws/install/dsr_moveit_config_m1509/bin'
[2.082s] colcon.colcon_core.environment Level 1 checking '/home/jack/ros2_ws/install/dsr_moveit_config_m1509/lib/pkgconfig/dsr_moveit_config_m1509.pc'
[2.082s] colcon.colcon_core.environment Level 1 checking '/home/jack/ros2_ws/install/dsr_moveit_config_m1509/lib/python3.10/site-packages'
[2.082s] colcon.colcon_core.environment Level 1 checking '/home/jack/ros2_ws/install/dsr_moveit_config_m1509/bin'
[2.083s] colcon.colcon_core.shell INFO Creating package script '/home/jack/ros2_ws/install/dsr_moveit_config_m1509/share/dsr_moveit_config_m1509/package.ps1'
[2.083s] colcon.colcon_core.shell INFO Creating package descriptor '/home/jack/ros2_ws/install/dsr_moveit_config_m1509/share/dsr_moveit_config_m1509/package.dsv'
[2.084s] colcon.colcon_core.shell INFO Creating package script '/home/jack/ros2_ws/install/dsr_moveit_config_m1509/share/dsr_moveit_config_m1509/package.sh'
[2.085s] colcon.colcon_core.shell INFO Creating package script '/home/jack/ros2_ws/install/dsr_moveit_config_m1509/share/dsr_moveit_config_m1509/package.bash'
[2.085s] colcon.colcon_core.shell INFO Creating package script '/home/jack/ros2_ws/install/dsr_moveit_config_m1509/share/dsr_moveit_config_m1509/package.zsh'
[2.085s] colcon.colcon_core.environment Level 1 create_file_with_runtime_dependencies(/home/jack/ros2_ws/install/dsr_moveit_config_m1509/share/colcon-core/packages/dsr_moveit_config_m1509)
[2.086s] colcon.colcon_core.environment Level 1 create_environment_scripts_only(dsr_moveit_config_p3020)
[2.086s] colcon.colcon_core.environment Level 1 checking '/home/jack/ros2_ws/install/dsr_moveit_config_p3020' for CMake module files
[2.087s] colcon.colcon_core.event_handler.log_command DEBUG Invoked command in '/home/jack/ros2_ws/build/dsr_moveit_config_p3020' returned '0': CMAKE_PREFIX_PATH=/opt/ros/humble /usr/bin/cmake --install /home/jack/ros2_ws/build/dsr_moveit_config_p3020
[2.087s] colcon.colcon_core.environment Level 1 checking '/home/jack/ros2_ws/install/dsr_moveit_config_p3020' for CMake config files
[2.088s] colcon.colcon_core.shell Level 1 create_environment_hook('dsr_moveit_config_p3020', 'cmake_prefix_path')
[2.088s] colcon.colcon_core.shell INFO Creating environment hook '/home/jack/ros2_ws/install/dsr_moveit_config_p3020/share/dsr_moveit_config_p3020/hook/cmake_prefix_path.ps1'
[2.089s] colcon.colcon_core.shell INFO Creating environment descriptor '/home/jack/ros2_ws/install/dsr_moveit_config_p3020/share/dsr_moveit_config_p3020/hook/cmake_prefix_path.dsv'
[2.089s] colcon.colcon_core.shell INFO Creating environment hook '/home/jack/ros2_ws/install/dsr_moveit_config_p3020/share/dsr_moveit_config_p3020/hook/cmake_prefix_path.sh'
[2.090s] colcon.colcon_core.environment Level 1 checking '/home/jack/ros2_ws/install/dsr_moveit_config_p3020/bin'
[2.091s] colcon.colcon_core.environment Level 1 checking '/home/jack/ros2_ws/install/dsr_moveit_config_p3020/lib/pkgconfig/dsr_moveit_config_p3020.pc'
[2.091s] colcon.colcon_core.environment Level 1 checking '/home/jack/ros2_ws/install/dsr_moveit_config_p3020/lib/python3.10/site-packages'
[2.091s] colcon.colcon_core.environment Level 1 checking '/home/jack/ros2_ws/install/dsr_moveit_config_p3020/bin'
[2.092s] colcon.colcon_core.shell INFO Creating package script '/home/jack/ros2_ws/install/dsr_moveit_config_p3020/share/dsr_moveit_config_p3020/package.ps1'
[2.093s] colcon.colcon_core.shell INFO Creating package descriptor '/home/jack/ros2_ws/install/dsr_moveit_config_p3020/share/dsr_moveit_config_p3020/package.dsv'
[2.094s] colcon.colcon_core.shell INFO Creating package script '/home/jack/ros2_ws/install/dsr_moveit_config_p3020/share/dsr_moveit_config_p3020/package.sh'
[2.095s] colcon.colcon_core.shell INFO Creating package script '/home/jack/ros2_ws/install/dsr_moveit_config_p3020/share/dsr_moveit_config_p3020/package.bash'
[2.096s] colcon.colcon_core.shell INFO Creating package script '/home/jack/ros2_ws/install/dsr_moveit_config_p3020/share/dsr_moveit_config_p3020/package.zsh'
[2.097s] colcon.colcon_core.environment Level 1 create_file_with_runtime_dependencies(/home/jack/ros2_ws/install/dsr_moveit_config_p3020/share/colcon-core/packages/dsr_moveit_config_p3020)
[2.097s] colcon.colcon_core.environment Level 1 create_environment_scripts_only(dsr_moveit_config_p3020)
[2.098s] colcon.colcon_core.environment Level 1 checking '/home/jack/ros2_ws/install/dsr_moveit_config_p3020' for CMake module files
[2.098s] colcon.colcon_core.environment Level 1 checking '/home/jack/ros2_ws/install/dsr_moveit_config_p3020' for CMake config files
[2.099s] colcon.colcon_core.shell Level 1 create_environment_hook('dsr_moveit_config_p3020', 'cmake_prefix_path')
[2.099s] colcon.colcon_core.shell INFO Creating environment hook '/home/jack/ros2_ws/install/dsr_moveit_config_p3020/share/dsr_moveit_config_p3020/hook/cmake_prefix_path.ps1'
[2.099s] colcon.colcon_core.shell INFO Creating environment descriptor '/home/jack/ros2_ws/install/dsr_moveit_config_p3020/share/dsr_moveit_config_p3020/hook/cmake_prefix_path.dsv'
[2.100s] colcon.colcon_core.shell INFO Creating environment hook '/home/jack/ros2_ws/install/dsr_moveit_config_p3020/share/dsr_moveit_config_p3020/hook/cmake_prefix_path.sh'
[2.101s] colcon.colcon_core.environment Level 1 checking '/home/jack/ros2_ws/install/dsr_moveit_config_p3020/bin'
[2.101s] colcon.colcon_core.environment Level 1 checking '/home/jack/ros2_ws/install/dsr_moveit_config_p3020/lib/pkgconfig/dsr_moveit_config_p3020.pc'
[2.101s] colcon.colcon_core.environment Level 1 checking '/home/jack/ros2_ws/install/dsr_moveit_config_p3020/lib/python3.10/site-packages'
[2.101s] colcon.colcon_core.environment Level 1 checking '/home/jack/ros2_ws/install/dsr_moveit_config_p3020/bin'
[2.102s] colcon.colcon_core.shell INFO Creating package script '/home/jack/ros2_ws/install/dsr_moveit_config_p3020/share/dsr_moveit_config_p3020/package.ps1'
[2.102s] colcon.colcon_core.shell INFO Creating package descriptor '/home/jack/ros2_ws/install/dsr_moveit_config_p3020/share/dsr_moveit_config_p3020/package.dsv'
[2.103s] colcon.colcon_core.shell INFO Creating package script '/home/jack/ros2_ws/install/dsr_moveit_config_p3020/share/dsr_moveit_config_p3020/package.sh'
[2.103s] colcon.colcon_core.shell INFO Creating package script '/home/jack/ros2_ws/install/dsr_moveit_config_p3020/share/dsr_moveit_config_p3020/package.bash'
[2.104s] colcon.colcon_core.shell INFO Creating package script '/home/jack/ros2_ws/install/dsr_moveit_config_p3020/share/dsr_moveit_config_p3020/package.zsh'
[2.104s] colcon.colcon_core.environment Level 1 create_file_with_runtime_dependencies(/home/jack/ros2_ws/install/dsr_moveit_config_p3020/share/colcon-core/packages/dsr_moveit_config_p3020)
[2.109s] colcon.colcon_ros.task.ament_python.build INFO Building ROS package in '/home/jack/ros2_ws/src/DoosanBootcamp3rd/dsr_rokey/rokey' with build type 'ament_python'
[2.109s] colcon.colcon_core.shell Level 1 create_environment_hook('rokey', 'ament_prefix_path')
[2.109s] colcon.colcon_core.shell INFO Creating environment hook '/home/jack/ros2_ws/install/rokey/share/rokey/hook/ament_prefix_path.ps1'
[2.116s] colcon.colcon_core.shell INFO Creating environment descriptor '/home/jack/ros2_ws/install/rokey/share/rokey/hook/ament_prefix_path.dsv'
[2.120s] colcon.colcon_core.shell INFO Creating environment hook '/home/jack/ros2_ws/install/rokey/share/rokey/hook/ament_prefix_path.sh'
[2.123s] colcon.colcon_core.shell INFO Skip shell extension 'powershell' for command environment: Not usable outside of PowerShell
[2.123s] colcon.colcon_core.shell DEBUG Skip shell extension 'dsv' for command environment
[2.134s] colcon.colcon_ros.task.ament_python.build INFO Building ROS package in '/home/jack/ros2_ws/src/DoosanBootcamp3rd/somacube' with build type 'ament_python'
[2.134s] colcon.colcon_core.shell Level 1 create_environment_hook('somacube', 'ament_prefix_path')
[2.134s] colcon.colcon_core.shell INFO Creating environment hook '/home/jack/ros2_ws/install/somacube/share/somacube/hook/ament_prefix_path.ps1'
[2.137s] colcon.colcon_core.shell INFO Creating environment descriptor '/home/jack/ros2_ws/install/somacube/share/somacube/hook/ament_prefix_path.dsv'
[2.141s] colcon.colcon_core.shell INFO Creating environment hook '/home/jack/ros2_ws/install/somacube/share/somacube/hook/ament_prefix_path.sh'
[2.141s] colcon.colcon_core.shell INFO Skip shell extension 'powershell' for command environment: Not usable outside of PowerShell
[2.141s] colcon.colcon_core.shell DEBUG Skip shell extension 'dsv' for command environment
[2.158s] colcon.colcon_ros.task.ament_python.build INFO Building ROS package in '/home/jack/ros2_ws/src/DoosanBootcamp3rd/dsr_example2/dsr_example' with build type 'ament_python'
[2.158s] colcon.colcon_core.shell Level 1 create_environment_hook('dsr_example', 'ament_prefix_path')
[2.158s] colcon.colcon_core.shell INFO Creating environment hook '/home/jack/ros2_ws/install/dsr_example/share/dsr_example/hook/ament_prefix_path.ps1'
[2.159s] colcon.colcon_core.shell INFO Creating environment descriptor '/home/jack/ros2_ws/install/dsr_example/share/dsr_example/hook/ament_prefix_path.dsv'
[2.163s] colcon.colcon_core.shell INFO Creating environment hook '/home/jack/ros2_ws/install/dsr_example/share/dsr_example/hook/ament_prefix_path.sh'
[2.165s] colcon.colcon_core.shell INFO Skip shell extension 'powershell' for command environment: Not usable outside of PowerShell
[2.166s] colcon.colcon_core.shell DEBUG Skip shell extension 'dsv' for command environment
[2.598s] colcon.colcon_ros.task.ament_python.build WARNING Package 'pick_and_place_text' doesn't explicitly install a marker in the package index (colcon-ros currently does it implicitly but that fallback will be removed in the future)
[2.599s] colcon.colcon_core.task.python.build INFO Building Python package in '/home/jack/ros2_ws/src/DoosanBootcamp3rd/dsr_rokey/pick_and_place_text'
[2.599s] colcon.colcon_core.shell INFO Skip shell extension 'powershell' for command environment: Not usable outside of PowerShell
[2.599s] colcon.colcon_core.shell DEBUG Skip shell extension 'dsv' for command environment
[2.919s] colcon.colcon_ros.task.ament_python.build WARNING Package 'pick_and_place_voice' doesn't explicitly install a marker in the package index (colcon-ros currently does it implicitly but that fallback will be removed in the future)
[2.919s] colcon.colcon_core.task.python.build INFO Building Python package in '/home/jack/ros2_ws/src/DoosanBootcamp3rd/dsr_rokey/pick_and_place_voice'
[2.919s] colcon.colcon_core.shell INFO Skip shell extension 'powershell' for command environment: Not usable outside of PowerShell
[2.919s] colcon.colcon_core.shell DEBUG Skip shell extension 'dsv' for command environment
[3.217s] colcon.colcon_core.task.python.build INFO Building Python package in '/home/jack/ros2_ws/src/DoosanBootcamp3rd/dsr_rokey/rokey'
[3.217s] colcon.colcon_core.shell INFO Skip shell extension 'powershell' for command environment: Not usable outside of PowerShell
[3.217s] colcon.colcon_core.shell DEBUG Skip shell extension 'dsv' for command environment
[3.478s] colcon.colcon_ros.task.ament_python.build WARNING Package 'somacube' doesn't explicitly install a marker in the package index (colcon-ros currently does it implicitly but that fallback will be removed in the future)
[3.479s] colcon.colcon_core.task.python.build INFO Building Python package in '/home/jack/ros2_ws/src/DoosanBootcamp3rd/somacube'
[3.479s] colcon.colcon_core.shell INFO Skip shell extension 'powershell' for command environment: Not usable outside of PowerShell
[3.479s] colcon.colcon_core.shell DEBUG Skip shell extension 'dsv' for command environment
[3.834s] colcon.colcon_core.task.python.build INFO Building Python package in '/home/jack/ros2_ws/src/DoosanBootcamp3rd/dsr_example2/dsr_example'
[3.835s] colcon.colcon_core.shell INFO Skip shell extension 'powershell' for command environment: Not usable outside of PowerShell
[3.835s] colcon.colcon_core.shell DEBUG Skip shell extension 'dsv' for command environment
[3.839s] colcon.colcon_core.environment Level 1 create_environment_scripts_only(dsr_msgs2)
[3.840s] colcon.colcon_core.environment Level 1 checking '/home/jack/ros2_ws/install/dsr_msgs2' for CMake module files
[3.840s] colcon.colcon_core.event_handler.log_command DEBUG Invoked command in '/home/jack/ros2_ws/build/dsr_msgs2' returned '0': CMAKE_PREFIX_PATH=/opt/ros/humble /usr/bin/cmake --install /home/jack/ros2_ws/build/dsr_msgs2
[3.841s] colcon.colcon_core.environment Level 1 checking '/home/jack/ros2_ws/install/dsr_msgs2' for CMake config files
[3.852s] colcon.colcon_core.shell Level 1 create_environment_hook('dsr_msgs2', 'cmake_prefix_path')
[3.852s] colcon.colcon_core.shell INFO Creating environment hook '/home/jack/ros2_ws/install/dsr_msgs2/share/dsr_msgs2/hook/cmake_prefix_path.ps1'
[3.853s] colcon.colcon_core.shell INFO Creating environment descriptor '/home/jack/ros2_ws/install/dsr_msgs2/share/dsr_msgs2/hook/cmake_prefix_path.dsv'
[3.853s] colcon.colcon_core.shell INFO Creating environment hook '/home/jack/ros2_ws/install/dsr_msgs2/share/dsr_msgs2/hook/cmake_prefix_path.sh'
[3.853s] colcon.colcon_core.environment Level 1 checking '/home/jack/ros2_ws/install/dsr_msgs2/lib'
[3.853s] colcon.colcon_core.shell Level 1 create_environment_hook('dsr_msgs2', 'ld_library_path_lib')
[3.854s] colcon.colcon_core.shell INFO Creating environment hook '/home/jack/ros2_ws/install/dsr_msgs2/share/dsr_msgs2/hook/ld_library_path_lib.ps1'
[3.854s] colcon.colcon_core.shell INFO Creating environment descriptor '/home/jack/ros2_ws/install/dsr_msgs2/share/dsr_msgs2/hook/ld_library_path_lib.dsv'
[3.854s] colcon.colcon_core.shell INFO Creating environment hook '/home/jack/ros2_ws/install/dsr_msgs2/share/dsr_msgs2/hook/ld_library_path_lib.sh'
[3.855s] colcon.colcon_core.environment Level 1 checking '/home/jack/ros2_ws/install/dsr_msgs2/bin'
[3.855s] colcon.colcon_core.environment Level 1 checking '/home/jack/ros2_ws/install/dsr_msgs2/lib/pkgconfig/dsr_msgs2.pc'
[3.855s] colcon.colcon_core.environment Level 1 checking '/home/jack/ros2_ws/install/dsr_msgs2/lib/python3.10/site-packages'
[3.855s] colcon.colcon_core.environment Level 1 checking '/home/jack/ros2_ws/install/dsr_msgs2/bin'
[3.855s] colcon.colcon_core.shell INFO Creating package script '/home/jack/ros2_ws/install/dsr_msgs2/share/dsr_msgs2/package.ps1'
[3.856s] colcon.colcon_core.shell INFO Creating package descriptor '/home/jack/ros2_ws/install/dsr_msgs2/share/dsr_msgs2/package.dsv'
[3.857s] colcon.colcon_core.shell INFO Creating package script '/home/jack/ros2_ws/install/dsr_msgs2/share/dsr_msgs2/package.sh'
[3.857s] colcon.colcon_core.shell INFO Creating package script '/home/jack/ros2_ws/install/dsr_msgs2/share/dsr_msgs2/package.bash'
[3.857s] colcon.colcon_core.shell INFO Creating package script '/home/jack/ros2_ws/install/dsr_msgs2/share/dsr_msgs2/package.zsh'
[3.857s] colcon.colcon_core.environment Level 1 create_file_with_runtime_dependencies(/home/jack/ros2_ws/install/dsr_msgs2/share/colcon-core/packages/dsr_msgs2)
[3.859s] colcon.colcon_core.environment Level 1 create_environment_scripts_only(dsr_msgs2)
[3.860s] colcon.colcon_core.environment Level 1 checking '/home/jack/ros2_ws/install/dsr_msgs2' for CMake module files
[3.860s] colcon.colcon_core.environment Level 1 checking '/home/jack/ros2_ws/install/dsr_msgs2' for CMake config files
[3.864s] colcon.colcon_core.shell Level 1 create_environment_hook('dsr_msgs2', 'cmake_prefix_path')
[3.864s] colcon.colcon_core.shell INFO Creating environment hook '/home/jack/ros2_ws/install/dsr_msgs2/share/dsr_msgs2/hook/cmake_prefix_path.ps1'
[3.864s] colcon.colcon_core.shell INFO Creating environment descriptor '/home/jack/ros2_ws/install/dsr_msgs2/share/dsr_msgs2/hook/cmake_prefix_path.dsv'
[3.865s] colcon.colcon_core.shell INFO Creating environment hook '/home/jack/ros2_ws/install/dsr_msgs2/share/dsr_msgs2/hook/cmake_prefix_path.sh'
[3.865s] colcon.colcon_core.environment Level 1 checking '/home/jack/ros2_ws/install/dsr_msgs2/lib'
[3.865s] colcon.colcon_core.shell Level 1 create_environment_hook('dsr_msgs2', 'ld_library_path_lib')
[3.865s] colcon.colcon_core.shell INFO Creating environment hook '/home/jack/ros2_ws/install/dsr_msgs2/share/dsr_msgs2/hook/ld_library_path_lib.ps1'
[3.866s] colcon.colcon_core.shell INFO Creating environment descriptor '/home/jack/ros2_ws/install/dsr_msgs2/share/dsr_msgs2/hook/ld_library_path_lib.dsv'
[3.866s] colcon.colcon_core.shell INFO Creating environment hook '/home/jack/ros2_ws/install/dsr_msgs2/share/dsr_msgs2/hook/ld_library_path_lib.sh'
[3.866s] colcon.colcon_core.environment Level 1 checking '/home/jack/ros2_ws/install/dsr_msgs2/bin'
[3.866s] colcon.colcon_core.environment Level 1 checking '/home/jack/ros2_ws/install/dsr_msgs2/lib/pkgconfig/dsr_msgs2.pc'
[3.866s] colcon.colcon_core.environment Level 1 checking '/home/jack/ros2_ws/install/dsr_msgs2/lib/python3.10/site-packages'
[3.866s] colcon.colcon_core.environment Level 1 checking '/home/jack/ros2_ws/install/dsr_msgs2/bin'
[3.867s] colcon.colcon_core.shell INFO Creating package script '/home/jack/ros2_ws/install/dsr_msgs2/share/dsr_msgs2/package.ps1'
[3.867s] colcon.colcon_core.shell INFO Creating package descriptor '/home/jack/ros2_ws/install/dsr_msgs2/share/dsr_msgs2/package.dsv'
[3.867s] colcon.colcon_core.shell INFO Creating package script '/home/jack/ros2_ws/install/dsr_msgs2/share/dsr_msgs2/package.sh'
[3.868s] colcon.colcon_core.shell INFO Creating package script '/home/jack/ros2_ws/install/dsr_msgs2/share/dsr_msgs2/package.bash'
[3.868s] colcon.colcon_core.shell INFO Creating package script '/home/jack/ros2_ws/install/dsr_msgs2/share/dsr_msgs2/package.zsh'
[3.868s] colcon.colcon_core.environment Level 1 create_file_with_runtime_dependencies(/home/jack/ros2_ws/install/dsr_msgs2/share/colcon-core/packages/dsr_msgs2)
[3.869s] colcon.colcon_core.event_handler.log_command DEBUG Invoked command in '/home/jack/ros2_ws/build/od_msg' returned '0': /usr/bin/cmake --build /home/jack/ros2_ws/build/od_msg -- -j8 -l8
[3.872s] colcon.colcon_core.event_handler.log_command DEBUG Invoking command in '/home/jack/ros2_ws/build/od_msg': /usr/bin/cmake --install /home/jack/ros2_ws/build/od_msg
[3.875s] colcon.colcon_ros.task.ament_cmake.build INFO Building ROS package in '/home/jack/ros2_ws/src/DoosanBootcamp3rd/dsr_hardware2' with build type 'ament_cmake'
[3.875s] colcon.colcon_cmake.task.cmake.build INFO Building CMake package in '/home/jack/ros2_ws/src/DoosanBootcamp3rd/dsr_hardware2'
[3.875s] colcon.colcon_core.shell INFO Skip shell extension 'powershell' for command environment: Not usable outside of PowerShell
[3.876s] colcon.colcon_core.shell DEBUG Skip shell extension 'dsv' for command environment
[3.876s] colcon.colcon_core.event_handler.log_command DEBUG Invoking command in '/home/jack/ros2_ws/src/DoosanBootcamp3rd/dsr_example2/dsr_visualservoing': PYTHONPATH=/home/jack/ros2_ws/build/dsr_visualservoing/prefix_override:/home/jack/.local/lib/python3.10/site-packages/colcon_core/task/python/colcon_distutils_commands:/home/jack/ros2_ws/install/dsr_visualservoing/lib/python3.10/site-packages:${PYTHONPATH} /usr/bin/python3 -W ignore:setup.py install is deprecated -W ignore:easy_install command is deprecated setup.py egg_info --egg-base ../../../../build/dsr_visualservoing build --build-base /home/jack/ros2_ws/build/dsr_visualservoing/build install --record /home/jack/ros2_ws/build/dsr_visualservoing/install.log --single-version-externally-managed install_data
[3.901s] colcon.colcon_core.event_handler.log_command DEBUG Invoking command in '/home/jack/ros2_ws/build/dsr_hardware2': AMENT_PREFIX_PATH=/home/jack/ros2_ws/install/dsr_msgs2:${AMENT_PREFIX_PATH} CMAKE_PREFIX_PATH=/home/jack/ros2_ws/install/dsr_msgs2:/opt/ros/humble LD_LIBRARY_PATH=/home/jack/ros2_ws/install/dsr_msgs2/lib:${LD_LIBRARY_PATH} PYTHONPATH=/home/jack/ros2_ws/install/dsr_msgs2/local/lib/python3.10/dist-packages:${PYTHONPATH} /usr/bin/cmake --build /home/jack/ros2_ws/build/dsr_hardware2 -- -j8 -l8
[4.101s] colcon.colcon_core.event_handler.log_command DEBUG Invoked command in '/home/jack/ros2_ws/build/od_msg' returned '0': /usr/bin/cmake --install /home/jack/ros2_ws/build/od_msg
[4.105s] colcon.colcon_core.shell Level 1 create_environment_hook('od_msg', 'ros_package_path')
[4.105s] colcon.colcon_core.shell INFO Creating environment hook '/home/jack/ros2_ws/install/od_msg/share/od_msg/hook/ros_package_path.ps1'
[4.108s] colcon.colcon_core.shell INFO Creating environment descriptor '/home/jack/ros2_ws/install/od_msg/share/od_msg/hook/ros_package_path.dsv'
[4.110s] colcon.colcon_core.shell INFO Creating environment hook '/home/jack/ros2_ws/install/od_msg/share/od_msg/hook/ros_package_path.sh'
[4.111s] colcon.colcon_ros.task.catkin Level 1 checking '/home/jack/ros2_ws/install/od_msg/local/lib/python3.10/dist-packages'
[4.111s] colcon.colcon_core.shell Level 1 create_environment_hook('od_msg', 'catkin_pythonpath')
[4.112s] colcon.colcon_core.shell INFO Creating environment hook '/home/jack/ros2_ws/install/od_msg/share/od_msg/hook/catkin_pythonpath.ps1'
[4.112s] colcon.colcon_core.shell INFO Creating environment descriptor '/home/jack/ros2_ws/install/od_msg/share/od_msg/hook/catkin_pythonpath.dsv'
[4.113s] colcon.colcon_core.shell INFO Creating environment hook '/home/jack/ros2_ws/install/od_msg/share/od_msg/hook/catkin_pythonpath.sh'
[4.113s] colcon.colcon_core.shell Level 1 create_environment_hook('od_msg', 'pkg_config_path')
[4.114s] colcon.colcon_core.shell INFO Creating environment hook '/home/jack/ros2_ws/install/od_msg/share/od_msg/hook/pkg_config_path.ps1'
[4.114s] colcon.colcon_core.shell INFO Creating environment descriptor '/home/jack/ros2_ws/install/od_msg/share/od_msg/hook/pkg_config_path.dsv'
[4.115s] colcon.colcon_core.shell INFO Creating environment hook '/home/jack/ros2_ws/install/od_msg/share/od_msg/hook/pkg_config_path.sh'
[4.135s] colcon.colcon_core.shell Level 1 create_environment_hook('od_msg', 'pkg_config_path_multiarch')
[4.136s] colcon.colcon_core.shell INFO Creating environment hook '/home/jack/ros2_ws/install/od_msg/share/od_msg/hook/pkg_config_path_multiarch.ps1'
[4.136s] colcon.colcon_core.shell INFO Creating environment descriptor '/home/jack/ros2_ws/install/od_msg/share/od_msg/hook/pkg_config_path_multiarch.dsv'
[4.137s] colcon.colcon_core.shell INFO Creating environment hook '/home/jack/ros2_ws/install/od_msg/share/od_msg/hook/pkg_config_path_multiarch.sh'
[4.138s] colcon.colcon_core.environment Level 1 create_environment_scripts_only(od_msg)
[4.138s] colcon.colcon_core.environment Level 1 checking '/home/jack/ros2_ws/install/od_msg' for CMake module files
[4.139s] colcon.colcon_core.environment Level 1 checking '/home/jack/ros2_ws/install/od_msg' for CMake config files
[4.144s] colcon.colcon_core.shell Level 1 create_environment_hook('od_msg', 'cmake_prefix_path')
[4.145s] colcon.colcon_core.shell INFO Creating environment hook '/home/jack/ros2_ws/install/od_msg/share/od_msg/hook/cmake_prefix_path.ps1'
[4.145s] colcon.colcon_core.shell INFO Creating environment descriptor '/home/jack/ros2_ws/install/od_msg/share/od_msg/hook/cmake_prefix_path.dsv'
[4.146s] colcon.colcon_core.shell INFO Creating environment hook '/home/jack/ros2_ws/install/od_msg/share/od_msg/hook/cmake_prefix_path.sh'
[4.147s] colcon.colcon_core.environment Level 1 checking '/home/jack/ros2_ws/install/od_msg/lib'
[4.147s] colcon.colcon_core.shell Level 1 create_environment_hook('od_msg', 'ld_library_path_lib')
[4.147s] colcon.colcon_core.shell INFO Creating environment hook '/home/jack/ros2_ws/install/od_msg/share/od_msg/hook/ld_library_path_lib.ps1'
[4.147s] colcon.colcon_core.shell INFO Creating environment descriptor '/home/jack/ros2_ws/install/od_msg/share/od_msg/hook/ld_library_path_lib.dsv'
[4.148s] colcon.colcon_core.shell INFO Creating environment hook '/home/jack/ros2_ws/install/od_msg/share/od_msg/hook/ld_library_path_lib.sh'
[4.148s] colcon.colcon_core.environment Level 1 checking '/home/jack/ros2_ws/install/od_msg/bin'
[4.148s] colcon.colcon_core.environment Level 1 checking '/home/jack/ros2_ws/install/od_msg/lib/pkgconfig/od_msg.pc'
[4.149s] colcon.colcon_core.environment Level 1 checking '/home/jack/ros2_ws/install/od_msg/lib/python3.10/site-packages'
[4.149s] colcon.colcon_core.environment Level 1 checking '/home/jack/ros2_ws/install/od_msg/bin'
[4.150s] colcon.colcon_core.shell INFO Creating package script '/home/jack/ros2_ws/install/od_msg/share/od_msg/package.ps1'
[4.152s] colcon.colcon_core.shell INFO Creating package descriptor '/home/jack/ros2_ws/install/od_msg/share/od_msg/package.dsv'
[4.154s] colcon.colcon_core.shell INFO Creating package script '/home/jack/ros2_ws/install/od_msg/share/od_msg/package.sh'
[4.155s] colcon.colcon_core.shell INFO Creating package script '/home/jack/ros2_ws/install/od_msg/share/od_msg/package.bash'
[4.156s] colcon.colcon_core.shell INFO Creating package script '/home/jack/ros2_ws/install/od_msg/share/od_msg/package.zsh'
[4.159s] colcon.colcon_core.environment Level 1 create_file_with_runtime_dependencies(/home/jack/ros2_ws/install/od_msg/share/colcon-core/packages/od_msg)
[4.160s] colcon.colcon_ros.task.ament_python.build INFO Building ROS package in '/home/jack/ros2_ws/src/DoosanBootcamp3rd/dsr_bringup2' with build type 'ament_python'
[4.160s] colcon.colcon_core.shell Level 1 create_environment_hook('dsr_bringup2', 'ament_prefix_path')
[4.160s] colcon.colcon_core.shell INFO Creating environment hook '/home/jack/ros2_ws/install/dsr_bringup2/share/dsr_bringup2/hook/ament_prefix_path.ps1'
[4.162s] colcon.colcon_core.shell INFO Creating environment descriptor '/home/jack/ros2_ws/install/dsr_bringup2/share/dsr_bringup2/hook/ament_prefix_path.dsv'
[4.162s] colcon.colcon_core.shell INFO Creating environment hook '/home/jack/ros2_ws/install/dsr_bringup2/share/dsr_bringup2/hook/ament_prefix_path.sh'
[4.163s] colcon.colcon_core.shell INFO Skip shell extension 'powershell' for command environment: Not usable outside of PowerShell
[4.163s] colcon.colcon_core.shell DEBUG Skip shell extension 'dsv' for command environment
[4.172s] colcon.colcon_core.event_handler.log_command DEBUG Invoked command in '/home/jack/ros2_ws/build/dsr_hardware2' returned '0': AMENT_PREFIX_PATH=/home/jack/ros2_ws/install/dsr_msgs2:${AMENT_PREFIX_PATH} CMAKE_PREFIX_PATH=/home/jack/ros2_ws/install/dsr_msgs2:/opt/ros/humble LD_LIBRARY_PATH=/home/jack/ros2_ws/install/dsr_msgs2/lib:${LD_LIBRARY_PATH} PYTHONPATH=/home/jack/ros2_ws/install/dsr_msgs2/local/lib/python3.10/dist-packages:${PYTHONPATH} /usr/bin/cmake --build /home/jack/ros2_ws/build/dsr_hardware2 -- -j8 -l8
[4.174s] colcon.colcon_core.event_handler.log_command DEBUG Invoking command in '/home/jack/ros2_ws/build/dsr_hardware2': AMENT_PREFIX_PATH=/home/jack/ros2_ws/install/dsr_msgs2:${AMENT_PREFIX_PATH} CMAKE_PREFIX_PATH=/home/jack/ros2_ws/install/dsr_msgs2:/opt/ros/humble LD_LIBRARY_PATH=/home/jack/ros2_ws/install/dsr_msgs2/lib:${LD_LIBRARY_PATH} PYTHONPATH=/home/jack/ros2_ws/install/dsr_msgs2/local/lib/python3.10/dist-packages:${PYTHONPATH} /usr/bin/cmake --install /home/jack/ros2_ws/build/dsr_hardware2
[4.810s] colcon.colcon_core.task.python.build INFO Building Python package in '/home/jack/ros2_ws/src/DoosanBootcamp3rd/dsr_bringup2'
[4.813s] colcon.colcon_core.shell INFO Skip shell extension 'powershell' for command environment: Not usable outside of PowerShell
[4.813s] colcon.colcon_core.shell DEBUG Skip shell extension 'dsv' for command environment
[4.822s] colcon.colcon_core.environment Level 1 create_environment_scripts_only(dsr_hardware2)
[4.822s] colcon.colcon_core.environment Level 1 checking '/home/jack/ros2_ws/install/dsr_hardware2' for CMake module files
[4.824s] colcon.colcon_core.environment Level 1 checking '/home/jack/ros2_ws/install/dsr_hardware2' for CMake config files
[4.827s] colcon.colcon_core.event_handler.log_command DEBUG Invoked command in '/home/jack/ros2_ws/build/dsr_hardware2' returned '0': AMENT_PREFIX_PATH=/home/jack/ros2_ws/install/dsr_msgs2:${AMENT_PREFIX_PATH} CMAKE_PREFIX_PATH=/home/jack/ros2_ws/install/dsr_msgs2:/opt/ros/humble LD_LIBRARY_PATH=/home/jack/ros2_ws/install/dsr_msgs2/lib:${LD_LIBRARY_PATH} PYTHONPATH=/home/jack/ros2_ws/install/dsr_msgs2/local/lib/python3.10/dist-packages:${PYTHONPATH} /usr/bin/cmake --install /home/jack/ros2_ws/build/dsr_hardware2
[4.827s] colcon.colcon_core.shell Level 1 create_environment_hook('dsr_hardware2', 'cmake_prefix_path')
[4.827s] colcon.colcon_core.shell INFO Creating environment hook '/home/jack/ros2_ws/install/dsr_hardware2/share/dsr_hardware2/hook/cmake_prefix_path.ps1'
[4.830s] colcon.colcon_core.shell INFO Creating environment descriptor '/home/jack/ros2_ws/install/dsr_hardware2/share/dsr_hardware2/hook/cmake_prefix_path.dsv'
[4.830s] colcon.colcon_core.shell INFO Creating environment hook '/home/jack/ros2_ws/install/dsr_hardware2/share/dsr_hardware2/hook/cmake_prefix_path.sh'
[4.831s] colcon.colcon_core.environment Level 1 checking '/home/jack/ros2_ws/install/dsr_hardware2/bin'
[4.831s] colcon.colcon_core.environment Level 1 checking '/home/jack/ros2_ws/install/dsr_hardware2/lib/pkgconfig/dsr_hardware2.pc'
[4.831s] colcon.colcon_core.environment Level 1 checking '/home/jack/ros2_ws/install/dsr_hardware2/lib/python3.10/site-packages'
[4.831s] colcon.colcon_core.environment Level 1 checking '/home/jack/ros2_ws/install/dsr_hardware2/bin'
[4.831s] colcon.colcon_core.shell INFO Creating package script '/home/jack/ros2_ws/install/dsr_hardware2/share/dsr_hardware2/package.ps1'
[4.832s] colcon.colcon_core.shell INFO Creating package descriptor '/home/jack/ros2_ws/install/dsr_hardware2/share/dsr_hardware2/package.dsv'
[4.833s] colcon.colcon_core.shell INFO Creating package script '/home/jack/ros2_ws/install/dsr_hardware2/share/dsr_hardware2/package.sh'
[4.833s] colcon.colcon_core.shell INFO Creating package script '/home/jack/ros2_ws/install/dsr_hardware2/share/dsr_hardware2/package.bash'
[4.835s] colcon.colcon_core.shell INFO Creating package script '/home/jack/ros2_ws/install/dsr_hardware2/share/dsr_hardware2/package.zsh'
[4.838s] colcon.colcon_core.environment Level 1 create_file_with_runtime_dependencies(/home/jack/ros2_ws/install/dsr_hardware2/share/colcon-core/packages/dsr_hardware2)
[4.841s] colcon.colcon_core.environment Level 1 create_environment_scripts_only(dsr_hardware2)
[4.842s] colcon.colcon_core.environment Level 1 checking '/home/jack/ros2_ws/install/dsr_hardware2' for CMake module files
[4.842s] colcon.colcon_core.environment Level 1 checking '/home/jack/ros2_ws/install/dsr_hardware2' for CMake config files
[4.842s] colcon.colcon_core.shell Level 1 create_environment_hook('dsr_hardware2', 'cmake_prefix_path')
[4.843s] colcon.colcon_core.shell INFO Creating environment hook '/home/jack/ros2_ws/install/dsr_hardware2/share/dsr_hardware2/hook/cmake_prefix_path.ps1'
[4.843s] colcon.colcon_core.shell INFO Creating environment descriptor '/home/jack/ros2_ws/install/dsr_hardware2/share/dsr_hardware2/hook/cmake_prefix_path.dsv'
[4.844s] colcon.colcon_core.shell INFO Creating environment hook '/home/jack/ros2_ws/install/dsr_hardware2/share/dsr_hardware2/hook/cmake_prefix_path.sh'
[4.844s] colcon.colcon_core.environment Level 1 checking '/home/jack/ros2_ws/install/dsr_hardware2/bin'
[4.844s] colcon.colcon_core.environment Level 1 checking '/home/jack/ros2_ws/install/dsr_hardware2/lib/pkgconfig/dsr_hardware2.pc'
[4.844s] colcon.colcon_core.environment Level 1 checking '/home/jack/ros2_ws/install/dsr_hardware2/lib/python3.10/site-packages'
[4.845s] colcon.colcon_core.environment Level 1 checking '/home/jack/ros2_ws/install/dsr_hardware2/bin'
[4.845s] colcon.colcon_core.shell INFO Creating package script '/home/jack/ros2_ws/install/dsr_hardware2/share/dsr_hardware2/package.ps1'
[4.846s] colcon.colcon_core.shell INFO Creating package descriptor '/home/jack/ros2_ws/install/dsr_hardware2/share/dsr_hardware2/package.dsv'
[4.846s] colcon.colcon_core.shell INFO Creating package script '/home/jack/ros2_ws/install/dsr_hardware2/share/dsr_hardware2/package.sh'
[4.846s] colcon.colcon_core.shell INFO Creating package script '/home/jack/ros2_ws/install/dsr_hardware2/share/dsr_hardware2/package.bash'
[4.847s] colcon.colcon_core.shell INFO Creating package script '/home/jack/ros2_ws/install/dsr_hardware2/share/dsr_hardware2/package.zsh'
[4.847s] colcon.colcon_core.environment Level 1 create_file_with_runtime_dependencies(/home/jack/ros2_ws/install/dsr_hardware2/share/colcon-core/packages/dsr_hardware2)
[4.848s] colcon.colcon_ros.task.ament_cmake.build INFO Building ROS package in '/home/jack/ros2_ws/src/DoosanBootcamp3rd/dsr_gazebo2' with build type 'ament_cmake'
[4.848s] colcon.colcon_cmake.task.cmake.build INFO Building CMake package in '/home/jack/ros2_ws/src/DoosanBootcamp3rd/dsr_gazebo2'
[4.848s] colcon.colcon_core.shell INFO Skip shell extension 'powershell' for command environment: Not usable outside of PowerShell
[4.848s] colcon.colcon_core.shell DEBUG Skip shell extension 'dsv' for command environment
[4.878s] colcon.colcon_core.event_handler.log_command DEBUG Invoking command in '/home/jack/ros2_ws/build/dsr_gazebo2': AMENT_PREFIX_PATH=/home/jack/ros2_ws/install/dsr_description2:${AMENT_PREFIX_PATH} CMAKE_PREFIX_PATH=/home/jack/ros2_ws/install/dsr_description2:/opt/ros/humble /usr/bin/cmake --build /home/jack/ros2_ws/build/dsr_gazebo2 -- -j8 -l8
[4.925s] colcon.colcon_core.environment Level 1 checking '/home/jack/ros2_ws/install/dsr_visualservoing' for CMake module files
[4.926s] colcon.colcon_core.environment Level 1 checking '/home/jack/ros2_ws/install/dsr_visualservoing' for CMake config files
[4.928s] colcon.colcon_core.event_handler.log_command DEBUG Invoked command in '/home/jack/ros2_ws/src/DoosanBootcamp3rd/dsr_example2/dsr_visualservoing' returned '0': PYTHONPATH=/home/jack/ros2_ws/build/dsr_visualservoing/prefix_override:/home/jack/.local/lib/python3.10/site-packages/colcon_core/task/python/colcon_distutils_commands:/home/jack/ros2_ws/install/dsr_visualservoing/lib/python3.10/site-packages:${PYTHONPATH} /usr/bin/python3 -W ignore:setup.py install is deprecated -W ignore:easy_install command is deprecated setup.py egg_info --egg-base ../../../../build/dsr_visualservoing build --build-base /home/jack/ros2_ws/build/dsr_visualservoing/build install --record /home/jack/ros2_ws/build/dsr_visualservoing/install.log --single-version-externally-managed install_data
[4.929s] colcon.colcon_core.environment Level 1 checking '/home/jack/ros2_ws/install/dsr_visualservoing/lib'
[4.932s] colcon.colcon_core.environment Level 1 checking '/home/jack/ros2_ws/install/dsr_visualservoing/bin'
[4.933s] colcon.colcon_core.environment Level 1 checking '/home/jack/ros2_ws/install/dsr_visualservoing/lib/pkgconfig/dsr_visualservoing.pc'
[4.933s] colcon.colcon_core.environment Level 1 checking '/home/jack/ros2_ws/install/dsr_visualservoing/lib/python3.10/site-packages'
[4.933s] colcon.colcon_core.shell Level 1 create_environment_hook('dsr_visualservoing', 'pythonpath')
[4.934s] colcon.colcon_core.shell INFO Creating environment hook '/home/jack/ros2_ws/install/dsr_visualservoing/share/dsr_visualservoing/hook/pythonpath.ps1'
[4.937s] colcon.colcon_core.shell INFO Creating environment descriptor '/home/jack/ros2_ws/install/dsr_visualservoing/share/dsr_visualservoing/hook/pythonpath.dsv'
[4.937s] colcon.colcon_core.shell INFO Creating environment hook '/home/jack/ros2_ws/install/dsr_visualservoing/share/dsr_visualservoing/hook/pythonpath.sh'
[4.938s] colcon.colcon_core.environment Level 1 checking '/home/jack/ros2_ws/install/dsr_visualservoing/bin'
[4.938s] colcon.colcon_core.environment Level 1 create_environment_scripts_only(dsr_visualservoing)
[4.944s] colcon.colcon_core.shell INFO Creating package script '/home/jack/ros2_ws/install/dsr_visualservoing/share/dsr_visualservoing/package.ps1'
[4.945s] colcon.colcon_core.shell INFO Creating package descriptor '/home/jack/ros2_ws/install/dsr_visualservoing/share/dsr_visualservoing/package.dsv'
[4.945s] colcon.colcon_core.shell INFO Creating package script '/home/jack/ros2_ws/install/dsr_visualservoing/share/dsr_visualservoing/package.sh'
[4.946s] colcon.colcon_core.shell INFO Creating package script '/home/jack/ros2_ws/install/dsr_visualservoing/share/dsr_visualservoing/package.bash'
[4.946s] colcon.colcon_core.shell INFO Creating package script '/home/jack/ros2_ws/install/dsr_visualservoing/share/dsr_visualservoing/package.zsh'
[4.948s] colcon.colcon_core.environment Level 1 create_file_with_runtime_dependencies(/home/jack/ros2_ws/install/dsr_visualservoing/share/colcon-core/packages/dsr_visualservoing)
[4.948s] colcon.colcon_ros.task.ament_cmake.build INFO Building ROS package in '/home/jack/ros2_ws/src/DoosanBootcamp3rd/dsr_example2/dsr_realtime_control' with build type 'ament_cmake'
[4.949s] colcon.colcon_cmake.task.cmake.build INFO Building CMake package in '/home/jack/ros2_ws/src/DoosanBootcamp3rd/dsr_example2/dsr_realtime_control'
[4.949s] colcon.colcon_core.shell INFO Skip shell extension 'powershell' for command environment: Not usable outside of PowerShell
[4.949s] colcon.colcon_core.shell DEBUG Skip shell extension 'dsv' for command environment
[4.974s] colcon.colcon_core.event_handler.log_command DEBUG Invoking command in '/home/jack/ros2_ws/build/dsr_realtime_control': AMENT_PREFIX_PATH=/home/jack/ros2_ws/install/dsr_msgs2:${AMENT_PREFIX_PATH} CMAKE_PREFIX_PATH=/home/jack/ros2_ws/install/dsr_msgs2:/opt/ros/humble LD_LIBRARY_PATH=/home/jack/ros2_ws/install/dsr_msgs2/lib:${LD_LIBRARY_PATH} PYTHONPATH=/home/jack/ros2_ws/install/dsr_msgs2/local/lib/python3.10/dist-packages:${PYTHONPATH} /usr/bin/cmake --build /home/jack/ros2_ws/build/dsr_realtime_control -- -j8 -l8
[5.190s] colcon.colcon_core.event_handler.log_command DEBUG Invoking command in '/home/jack/ros2_ws/src/DoosanBootcamp3rd/somacube': PYTHONPATH=/home/jack/ros2_ws/build/somacube/prefix_override:/home/jack/.local/lib/python3.10/site-packages/colcon_core/task/python/colcon_distutils_commands:/home/jack/ros2_ws/install/somacube/lib/python3.10/site-packages:${PYTHONPATH} /usr/bin/python3 -W ignore:setup.py install is deprecated -W ignore:easy_install command is deprecated setup.py egg_info --egg-base ../../../build/somacube build --build-base /home/jack/ros2_ws/build/somacube/build install --record /home/jack/ros2_ws/build/somacube/install.log --single-version-externally-managed install_data
[5.191s] colcon.colcon_core.event_handler.log_command DEBUG Invoking command in '/home/jack/ros2_ws/build/rokey': PYTHONPATH=/home/jack/ros2_ws/build/rokey/prefix_override:/home/jack/.local/lib/python3.10/site-packages/colcon_core/task/python/colcon_distutils_commands:/home/jack/ros2_ws/install/rokey/lib/python3.10/site-packages:${PYTHONPATH} /usr/bin/python3 -W ignore:setup.py install is deprecated -W ignore:easy_install command is deprecated setup.py develop --uninstall --editable --build-directory /home/jack/ros2_ws/build/rokey/build
[5.207s] colcon.colcon_core.event_handler.log_command DEBUG Invoking command in '/home/jack/ros2_ws/src/DoosanBootcamp3rd/dsr_rokey/pick_and_place_voice': PYTHONPATH=/home/jack/ros2_ws/build/pick_and_place_voice/prefix_override:/home/jack/.local/lib/python3.10/site-packages/colcon_core/task/python/colcon_distutils_commands:/home/jack/ros2_ws/install/pick_and_place_voice/lib/python3.10/site-packages:${PYTHONPATH} /usr/bin/python3 -W ignore:setup.py install is deprecated -W ignore:easy_install command is deprecated setup.py egg_info --egg-base ../../../../build/pick_and_place_voice build --build-base /home/jack/ros2_ws/build/pick_and_place_voice/build install --record /home/jack/ros2_ws/build/pick_and_place_voice/install.log --single-version-externally-managed install_data
[5.216s] colcon.colcon_core.event_handler.log_command DEBUG Invoking command in '/home/jack/ros2_ws/src/DoosanBootcamp3rd/dsr_example2/dsr_example': AMENT_PREFIX_PATH=/home/jack/ros2_ws/install/dsr_common2:${AMENT_PREFIX_PATH} CMAKE_PREFIX_PATH=/home/jack/ros2_ws/install/dsr_common2 PYTHONPATH=/home/jack/ros2_ws/build/dsr_example/prefix_override:/home/jack/.local/lib/python3.10/site-packages/colcon_core/task/python/colcon_distutils_commands:/home/jack/ros2_ws/install/dsr_example/lib/python3.10/site-packages:${PYTHONPATH} /usr/bin/python3 -W ignore:setup.py install is deprecated -W ignore:easy_install command is deprecated setup.py egg_info --egg-base ../../../../build/dsr_example build --build-base /home/jack/ros2_ws/build/dsr_example/build install --record /home/jack/ros2_ws/build/dsr_example/install.log --single-version-externally-managed install_data
[5.225s] colcon.colcon_core.event_handler.log_command DEBUG Invoking command in '/home/jack/ros2_ws/src/DoosanBootcamp3rd/dsr_rokey/pick_and_place_text': PYTHONPATH=/home/jack/ros2_ws/build/pick_and_place_text/prefix_override:/home/jack/.local/lib/python3.10/site-packages/colcon_core/task/python/colcon_distutils_commands:/home/jack/ros2_ws/install/pick_and_place_text/lib/python3.10/site-packages:${PYTHONPATH} /usr/bin/python3 -W ignore:setup.py install is deprecated -W ignore:easy_install command is deprecated setup.py egg_info --egg-base ../../../../build/pick_and_place_text build --build-base /home/jack/ros2_ws/build/pick_and_place_text/build install --record /home/jack/ros2_ws/build/pick_and_place_text/install.log --single-version-externally-managed install_data
[5.233s] colcon.colcon_core.event_handler.log_command DEBUG Invoked command in '/home/jack/ros2_ws/build/dsr_gazebo2' returned '0': AMENT_PREFIX_PATH=/home/jack/ros2_ws/install/dsr_description2:${AMENT_PREFIX_PATH} CMAKE_PREFIX_PATH=/home/jack/ros2_ws/install/dsr_description2:/opt/ros/humble /usr/bin/cmake --build /home/jack/ros2_ws/build/dsr_gazebo2 -- -j8 -l8
[5.234s] colcon.colcon_core.event_handler.log_command DEBUG Invoking command in '/home/jack/ros2_ws/build/dsr_gazebo2': AMENT_PREFIX_PATH=/home/jack/ros2_ws/install/dsr_description2:${AMENT_PREFIX_PATH} CMAKE_PREFIX_PATH=/home/jack/ros2_ws/install/dsr_description2:/opt/ros/humble /usr/bin/cmake --install /home/jack/ros2_ws/build/dsr_gazebo2
[5.355s] colcon.colcon_core.environment Level 1 create_environment_scripts_only(dsr_gazebo2)
[5.356s] colcon.colcon_core.environment Level 1 checking '/home/jack/ros2_ws/install/dsr_gazebo2' for CMake module files
[5.356s] colcon.colcon_core.environment Level 1 checking '/home/jack/ros2_ws/install/dsr_gazebo2' for CMake config files
[5.357s] colcon.colcon_core.shell Level 1 create_environment_hook('dsr_gazebo2', 'cmake_prefix_path')
[5.357s] colcon.colcon_core.shell INFO Creating environment hook '/home/jack/ros2_ws/install/dsr_gazebo2/share/dsr_gazebo2/hook/cmake_prefix_path.ps1'
[5.358s] colcon.colcon_core.event_handler.log_command DEBUG Invoked command in '/home/jack/ros2_ws/build/dsr_gazebo2' returned '0': AMENT_PREFIX_PATH=/home/jack/ros2_ws/install/dsr_description2:${AMENT_PREFIX_PATH} CMAKE_PREFIX_PATH=/home/jack/ros2_ws/install/dsr_description2:/opt/ros/humble /usr/bin/cmake --install /home/jack/ros2_ws/build/dsr_gazebo2
[5.361s] colcon.colcon_core.shell INFO Creating environment descriptor '/home/jack/ros2_ws/install/dsr_gazebo2/share/dsr_gazebo2/hook/cmake_prefix_path.dsv'
[5.365s] colcon.colcon_core.shell INFO Creating environment hook '/home/jack/ros2_ws/install/dsr_gazebo2/share/dsr_gazebo2/hook/cmake_prefix_path.sh'
[5.366s] colcon.colcon_core.environment Level 1 checking '/home/jack/ros2_ws/install/dsr_gazebo2/bin'
[5.366s] colcon.colcon_core.environment Level 1 checking '/home/jack/ros2_ws/install/dsr_gazebo2/lib/pkgconfig/dsr_gazebo2.pc'
[5.367s] colcon.colcon_core.environment Level 1 checking '/home/jack/ros2_ws/install/dsr_gazebo2/lib/python3.10/site-packages'
[5.367s] colcon.colcon_core.environment Level 1 checking '/home/jack/ros2_ws/install/dsr_gazebo2/bin'
[5.367s] colcon.colcon_core.shell INFO Creating package script '/home/jack/ros2_ws/install/dsr_gazebo2/share/dsr_gazebo2/package.ps1'
[5.371s] colcon.colcon_core.shell INFO Creating package descriptor '/home/jack/ros2_ws/install/dsr_gazebo2/share/dsr_gazebo2/package.dsv'
[5.372s] colcon.colcon_core.shell INFO Creating package script '/home/jack/ros2_ws/install/dsr_gazebo2/share/dsr_gazebo2/package.sh'
[5.374s] colcon.colcon_core.shell INFO Creating package script '/home/jack/ros2_ws/install/dsr_gazebo2/share/dsr_gazebo2/package.bash'
[5.381s] colcon.colcon_core.shell INFO Creating package script '/home/jack/ros2_ws/install/dsr_gazebo2/share/dsr_gazebo2/package.zsh'
[5.383s] colcon.colcon_core.environment Level 1 create_file_with_runtime_dependencies(/home/jack/ros2_ws/install/dsr_gazebo2/share/colcon-core/packages/dsr_gazebo2)
[5.386s] colcon.colcon_core.environment Level 1 create_environment_scripts_only(dsr_gazebo2)
[5.387s] colcon.colcon_core.environment Level 1 checking '/home/jack/ros2_ws/install/dsr_gazebo2' for CMake module files
[5.387s] colcon.colcon_core.environment Level 1 checking '/home/jack/ros2_ws/install/dsr_gazebo2' for CMake config files
[5.387s] colcon.colcon_core.shell Level 1 create_environment_hook('dsr_gazebo2', 'cmake_prefix_path')
[5.388s] colcon.colcon_core.shell INFO Creating environment hook '/home/jack/ros2_ws/install/dsr_gazebo2/share/dsr_gazebo2/hook/cmake_prefix_path.ps1'
[5.388s] colcon.colcon_core.shell INFO Creating environment descriptor '/home/jack/ros2_ws/install/dsr_gazebo2/share/dsr_gazebo2/hook/cmake_prefix_path.dsv'
[5.389s] colcon.colcon_core.shell INFO Creating environment hook '/home/jack/ros2_ws/install/dsr_gazebo2/share/dsr_gazebo2/hook/cmake_prefix_path.sh'
[5.389s] colcon.colcon_core.environment Level 1 checking '/home/jack/ros2_ws/install/dsr_gazebo2/bin'
[5.389s] colcon.colcon_core.environment Level 1 checking '/home/jack/ros2_ws/install/dsr_gazebo2/lib/pkgconfig/dsr_gazebo2.pc'
[5.390s] colcon.colcon_core.environment Level 1 checking '/home/jack/ros2_ws/install/dsr_gazebo2/lib/python3.10/site-packages'
[5.390s] colcon.colcon_core.environment Level 1 checking '/home/jack/ros2_ws/install/dsr_gazebo2/bin'
[5.391s] colcon.colcon_core.shell INFO Creating package script '/home/jack/ros2_ws/install/dsr_gazebo2/share/dsr_gazebo2/package.ps1'
[5.391s] colcon.colcon_core.shell INFO Creating package descriptor '/home/jack/ros2_ws/install/dsr_gazebo2/share/dsr_gazebo2/package.dsv'
[5.392s] colcon.colcon_core.shell INFO Creating package script '/home/jack/ros2_ws/install/dsr_gazebo2/share/dsr_gazebo2/package.sh'
[5.392s] colcon.colcon_core.shell INFO Creating package script '/home/jack/ros2_ws/install/dsr_gazebo2/share/dsr_gazebo2/package.bash'
[5.393s] colcon.colcon_core.shell INFO Creating package script '/home/jack/ros2_ws/install/dsr_gazebo2/share/dsr_gazebo2/package.zsh'
[5.393s] colcon.colcon_core.environment Level 1 create_file_with_runtime_dependencies(/home/jack/ros2_ws/install/dsr_gazebo2/share/colcon-core/packages/dsr_gazebo2)
[5.394s] colcon.colcon_ros.task.ament_python.build INFO Building ROS package in '/home/jack/ros2_ws/src/DoosanBootcamp3rd/dsr_tests' with build type 'ament_python'
[5.394s] colcon.colcon_core.shell Level 1 create_environment_hook('dsr_tests', 'ament_prefix_path')
[5.395s] colcon.colcon_core.shell INFO Creating environment hook '/home/jack/ros2_ws/install/dsr_tests/share/dsr_tests/hook/ament_prefix_path.ps1'
[5.396s] colcon.colcon_core.shell INFO Creating environment descriptor '/home/jack/ros2_ws/install/dsr_tests/share/dsr_tests/hook/ament_prefix_path.dsv'
[5.397s] colcon.colcon_core.shell INFO Creating environment hook '/home/jack/ros2_ws/install/dsr_tests/share/dsr_tests/hook/ament_prefix_path.sh'
[5.398s] colcon.colcon_core.shell INFO Skip shell extension 'powershell' for command environment: Not usable outside of PowerShell
[5.398s] colcon.colcon_core.shell DEBUG Skip shell extension 'dsv' for command environment
[65.080s] colcon.colcon_core.task.python.build INFO Building Python package in '/home/jack/ros2_ws/src/DoosanBootcamp3rd/dsr_tests'
[65.082s] colcon.colcon_core.shell INFO Skip shell extension 'powershell' for command environment: Not usable outside of PowerShell
[65.083s] colcon.colcon_core.shell DEBUG Skip shell extension 'dsv' for command environment
[65.318s] colcon.colcon_core.environment Level 1 checking '/home/jack/ros2_ws/install/pick_and_place_voice' for CMake module files
[65.320s] colcon.colcon_core.event_handler.log_command DEBUG Invoked command in '/home/jack/ros2_ws/src/DoosanBootcamp3rd/dsr_rokey/pick_and_place_voice' returned '0': PYTHONPATH=/home/jack/ros2_ws/build/pick_and_place_voice/prefix_override:/home/jack/.local/lib/python3.10/site-packages/colcon_core/task/python/colcon_distutils_commands:/home/jack/ros2_ws/install/pick_and_place_voice/lib/python3.10/site-packages:${PYTHONPATH} /usr/bin/python3 -W ignore:setup.py install is deprecated -W ignore:easy_install command is deprecated setup.py egg_info --egg-base ../../../../build/pick_and_place_voice build --build-base /home/jack/ros2_ws/build/pick_and_place_voice/build install --record /home/jack/ros2_ws/build/pick_and_place_voice/install.log --single-version-externally-managed install_data
[65.321s] colcon.colcon_core.environment Level 1 checking '/home/jack/ros2_ws/install/pick_and_place_voice' for CMake config files
[65.325s] colcon.colcon_core.environment Level 1 checking '/home/jack/ros2_ws/install/pick_and_place_voice/lib'
[65.325s] colcon.colcon_core.environment Level 1 checking '/home/jack/ros2_ws/install/pick_and_place_voice/bin'
[65.325s] colcon.colcon_core.environment Level 1 checking '/home/jack/ros2_ws/install/pick_and_place_voice/lib/pkgconfig/pick_and_place_voice.pc'
[65.330s] colcon.colcon_core.environment Level 1 checking '/home/jack/ros2_ws/install/pick_and_place_voice/lib/python3.10/site-packages'
[65.330s] colcon.colcon_core.shell Level 1 create_environment_hook('pick_and_place_voice', 'pythonpath')
[65.330s] colcon.colcon_core.shell INFO Creating environment hook '/home/jack/ros2_ws/install/pick_and_place_voice/share/pick_and_place_voice/hook/pythonpath.ps1'
[65.337s] colcon.colcon_core.shell INFO Creating environment descriptor '/home/jack/ros2_ws/install/pick_and_place_voice/share/pick_and_place_voice/hook/pythonpath.dsv'
[65.338s] colcon.colcon_core.shell INFO Creating environment hook '/home/jack/ros2_ws/install/pick_and_place_voice/share/pick_and_place_voice/hook/pythonpath.sh'
[65.341s] colcon.colcon_core.environment Level 1 checking '/home/jack/ros2_ws/install/pick_and_place_voice/bin'
[65.341s] colcon.colcon_core.environment Level 1 create_environment_scripts_only(pick_and_place_voice)
[65.341s] colcon.colcon_core.shell INFO Creating package script '/home/jack/ros2_ws/install/pick_and_place_voice/share/pick_and_place_voice/package.ps1'
[65.347s] colcon.colcon_core.shell INFO Creating package descriptor '/home/jack/ros2_ws/install/pick_and_place_voice/share/pick_and_place_voice/package.dsv'
[65.351s] colcon.colcon_core.shell INFO Creating package script '/home/jack/ros2_ws/install/pick_and_place_voice/share/pick_and_place_voice/package.sh'
[65.352s] colcon.colcon_core.shell INFO Creating package script '/home/jack/ros2_ws/install/pick_and_place_voice/share/pick_and_place_voice/package.bash'
[65.356s] colcon.colcon_core.shell INFO Creating package script '/home/jack/ros2_ws/install/pick_and_place_voice/share/pick_and_place_voice/package.zsh'
[65.361s] colcon.colcon_core.environment Level 1 create_file_with_runtime_dependencies(/home/jack/ros2_ws/install/pick_and_place_voice/share/colcon-core/packages/pick_and_place_voice)
[65.362s] colcon.colcon_ros.task.ament_cmake.build INFO Building ROS package in '/home/jack/ros2_ws/src/DoosanBootcamp3rd/dsr_controller2' with build type 'ament_cmake'
[65.362s] colcon.colcon_cmake.task.cmake.build INFO Building CMake package in '/home/jack/ros2_ws/src/DoosanBootcamp3rd/dsr_controller2'
[65.362s] colcon.colcon_core.shell INFO Skip shell extension 'powershell' for command environment: Not usable outside of PowerShell
[65.363s] colcon.colcon_core.shell DEBUG Skip shell extension 'dsv' for command environment
[65.385s] colcon.colcon_core.environment Level 1 checking '/home/jack/ros2_ws/install/dsr_example' for CMake module files
[65.386s] colcon.colcon_core.event_handler.log_command DEBUG Invoked command in '/home/jack/ros2_ws/src/DoosanBootcamp3rd/dsr_example2/dsr_example' returned '0': AMENT_PREFIX_PATH=/home/jack/ros2_ws/install/dsr_common2:${AMENT_PREFIX_PATH} CMAKE_PREFIX_PATH=/home/jack/ros2_ws/install/dsr_common2 PYTHONPATH=/home/jack/ros2_ws/build/dsr_example/prefix_override:/home/jack/.local/lib/python3.10/site-packages/colcon_core/task/python/colcon_distutils_commands:/home/jack/ros2_ws/install/dsr_example/lib/python3.10/site-packages:${PYTHONPATH} /usr/bin/python3 -W ignore:setup.py install is deprecated -W ignore:easy_install command is deprecated setup.py egg_info --egg-base ../../../../build/dsr_example build --build-base /home/jack/ros2_ws/build/dsr_example/build install --record /home/jack/ros2_ws/build/dsr_example/install.log --single-version-externally-managed install_data
[65.390s] colcon.colcon_core.environment Level 1 checking '/home/jack/ros2_ws/install/dsr_example' for CMake config files
[65.394s] colcon.colcon_core.environment Level 1 checking '/home/jack/ros2_ws/install/dsr_example/lib'
[65.394s] colcon.colcon_core.environment Level 1 checking '/home/jack/ros2_ws/install/dsr_example/bin'
[65.394s] colcon.colcon_core.environment Level 1 checking '/home/jack/ros2_ws/install/dsr_example/lib/pkgconfig/dsr_example.pc'
[65.395s] colcon.colcon_core.environment Level 1 checking '/home/jack/ros2_ws/install/dsr_example/lib/python3.10/site-packages'
[65.395s] colcon.colcon_core.shell Level 1 create_environment_hook('dsr_example', 'pythonpath')
[65.395s] colcon.colcon_core.shell INFO Creating environment hook '/home/jack/ros2_ws/install/dsr_example/share/dsr_example/hook/pythonpath.ps1'
[65.396s] colcon.colcon_core.shell INFO Creating environment descriptor '/home/jack/ros2_ws/install/dsr_example/share/dsr_example/hook/pythonpath.dsv'
[65.396s] colcon.colcon_core.shell INFO Creating environment hook '/home/jack/ros2_ws/install/dsr_example/share/dsr_example/hook/pythonpath.sh'
[65.397s] colcon.colcon_core.environment Level 1 checking '/home/jack/ros2_ws/install/dsr_example/bin'
[65.397s] colcon.colcon_core.environment Level 1 create_environment_scripts_only(dsr_example)
[65.398s] colcon.colcon_core.shell INFO Creating package script '/home/jack/ros2_ws/install/dsr_example/share/dsr_example/package.ps1'
[65.398s] colcon.colcon_core.shell INFO Creating package descriptor '/home/jack/ros2_ws/install/dsr_example/share/dsr_example/package.dsv'
[65.399s] colcon.colcon_core.shell INFO Creating package script '/home/jack/ros2_ws/install/dsr_example/share/dsr_example/package.sh'
[65.399s] colcon.colcon_core.shell INFO Creating package script '/home/jack/ros2_ws/install/dsr_example/share/dsr_example/package.bash'
[65.400s] colcon.colcon_core.shell INFO Creating package script '/home/jack/ros2_ws/install/dsr_example/share/dsr_example/package.zsh'
[65.401s] colcon.colcon_core.environment Level 1 create_file_with_runtime_dependencies(/home/jack/ros2_ws/install/dsr_example/share/colcon-core/packages/dsr_example)
[65.403s] colcon.colcon_core.environment Level 1 checking '/home/jack/ros2_ws/install/pick_and_place_text' for CMake module files
[65.404s] colcon.colcon_core.event_handler.log_command DEBUG Invoked command in '/home/jack/ros2_ws/src/DoosanBootcamp3rd/dsr_rokey/pick_and_place_text' returned '0': PYTHONPATH=/home/jack/ros2_ws/build/pick_and_place_text/prefix_override:/home/jack/.local/lib/python3.10/site-packages/colcon_core/task/python/colcon_distutils_commands:/home/jack/ros2_ws/install/pick_and_place_text/lib/python3.10/site-packages:${PYTHONPATH} /usr/bin/python3 -W ignore:setup.py install is deprecated -W ignore:easy_install command is deprecated setup.py egg_info --egg-base ../../../../build/pick_and_place_text build --build-base /home/jack/ros2_ws/build/pick_and_place_text/build install --record /home/jack/ros2_ws/build/pick_and_place_text/install.log --single-version-externally-managed install_data
[65.406s] colcon.colcon_core.environment Level 1 checking '/home/jack/ros2_ws/install/pick_and_place_text' for CMake config files
[65.407s] colcon.colcon_core.environment Level 1 checking '/home/jack/ros2_ws/install/pick_and_place_text/lib'
[65.407s] colcon.colcon_core.environment Level 1 checking '/home/jack/ros2_ws/install/pick_and_place_text/bin'
[65.408s] colcon.colcon_core.environment Level 1 checking '/home/jack/ros2_ws/install/pick_and_place_text/lib/pkgconfig/pick_and_place_text.pc'
[65.408s] colcon.colcon_core.environment Level 1 checking '/home/jack/ros2_ws/install/pick_and_place_text/lib/python3.10/site-packages'
[65.408s] colcon.colcon_core.shell Level 1 create_environment_hook('pick_and_place_text', 'pythonpath')
[65.408s] colcon.colcon_core.shell INFO Creating environment hook '/home/jack/ros2_ws/install/pick_and_place_text/share/pick_and_place_text/hook/pythonpath.ps1'
[65.409s] colcon.colcon_core.shell INFO Creating environment descriptor '/home/jack/ros2_ws/install/pick_and_place_text/share/pick_and_place_text/hook/pythonpath.dsv'
[65.409s] colcon.colcon_core.shell INFO Creating environment hook '/home/jack/ros2_ws/install/pick_and_place_text/share/pick_and_place_text/hook/pythonpath.sh'
[65.410s] colcon.colcon_core.environment Level 1 checking '/home/jack/ros2_ws/install/pick_and_place_text/bin'
[65.410s] colcon.colcon_core.environment Level 1 create_environment_scripts_only(pick_and_place_text)
[65.411s] colcon.colcon_core.shell INFO Creating package script '/home/jack/ros2_ws/install/pick_and_place_text/share/pick_and_place_text/package.ps1'
[65.412s] colcon.colcon_core.shell INFO Creating package descriptor '/home/jack/ros2_ws/install/pick_and_place_text/share/pick_and_place_text/package.dsv'
[65.413s] colcon.colcon_core.shell INFO Creating package script '/home/jack/ros2_ws/install/pick_and_place_text/share/pick_and_place_text/package.sh'
[65.413s] colcon.colcon_core.shell INFO Creating package script '/home/jack/ros2_ws/install/pick_and_place_text/share/pick_and_place_text/package.bash'
[65.414s] colcon.colcon_core.shell INFO Creating package script '/home/jack/ros2_ws/install/pick_and_place_text/share/pick_and_place_text/package.zsh'
[65.414s] colcon.colcon_core.environment Level 1 create_file_with_runtime_dependencies(/home/jack/ros2_ws/install/pick_and_place_text/share/colcon-core/packages/pick_and_place_text)
[65.416s] colcon.colcon_core.environment Level 1 checking '/home/jack/ros2_ws/install/somacube' for CMake module files
[65.416s] colcon.colcon_core.environment Level 1 checking '/home/jack/ros2_ws/install/somacube' for CMake config files
[65.418s] colcon.colcon_core.event_handler.log_command DEBUG Invoked command in '/home/jack/ros2_ws/src/DoosanBootcamp3rd/somacube' returned '0': PYTHONPATH=/home/jack/ros2_ws/build/somacube/prefix_override:/home/jack/.local/lib/python3.10/site-packages/colcon_core/task/python/colcon_distutils_commands:/home/jack/ros2_ws/install/somacube/lib/python3.10/site-packages:${PYTHONPATH} /usr/bin/python3 -W ignore:setup.py install is deprecated -W ignore:easy_install command is deprecated setup.py egg_info --egg-base ../../../build/somacube build --build-base /home/jack/ros2_ws/build/somacube/build install --record /home/jack/ros2_ws/build/somacube/install.log --single-version-externally-managed install_data
[65.418s] colcon.colcon_core.environment Level 1 checking '/home/jack/ros2_ws/install/somacube/lib'
[65.418s] colcon.colcon_core.environment Level 1 checking '/home/jack/ros2_ws/install/somacube/bin'
[65.418s] colcon.colcon_core.environment Level 1 checking '/home/jack/ros2_ws/install/somacube/lib/pkgconfig/somacube.pc'
[65.418s] colcon.colcon_core.environment Level 1 checking '/home/jack/ros2_ws/install/somacube/lib/python3.10/site-packages'
[65.418s] colcon.colcon_core.shell Level 1 create_environment_hook('somacube', 'pythonpath')
[65.419s] colcon.colcon_core.shell INFO Creating environment hook '/home/jack/ros2_ws/install/somacube/share/somacube/hook/pythonpath.ps1'
[65.420s] colcon.colcon_core.shell INFO Creating environment descriptor '/home/jack/ros2_ws/install/somacube/share/somacube/hook/pythonpath.dsv'
[65.420s] colcon.colcon_core.shell INFO Creating environment hook '/home/jack/ros2_ws/install/somacube/share/somacube/hook/pythonpath.sh'
[65.421s] colcon.colcon_core.environment Level 1 checking '/home/jack/ros2_ws/install/somacube/bin'
[65.421s] colcon.colcon_core.environment Level 1 create_environment_scripts_only(somacube)
[65.421s] colcon.colcon_core.shell INFO Creating package script '/home/jack/ros2_ws/install/somacube/share/somacube/package.ps1'
[65.422s] colcon.colcon_core.shell INFO Creating package descriptor '/home/jack/ros2_ws/install/somacube/share/somacube/package.dsv'
[65.422s] colcon.colcon_core.shell INFO Creating package script '/home/jack/ros2_ws/install/somacube/share/somacube/package.sh'
[65.423s] colcon.colcon_core.shell INFO Creating package script '/home/jack/ros2_ws/install/somacube/share/somacube/package.bash'
[65.423s] colcon.colcon_core.shell INFO Creating package script '/home/jack/ros2_ws/install/somacube/share/somacube/package.zsh'
[65.424s] colcon.colcon_core.environment Level 1 create_file_with_runtime_dependencies(/home/jack/ros2_ws/install/somacube/share/colcon-core/packages/somacube)
[65.432s] colcon.colcon_core.event_handler.log_command DEBUG Invoking command in '/home/jack/ros2_ws/build/dsr_controller2': AMENT_PREFIX_PATH=/home/jack/ros2_ws/install/dsr_hardware2:/home/jack/ros2_ws/install/dsr_msgs2:${AMENT_PREFIX_PATH} CMAKE_PREFIX_PATH=/home/jack/ros2_ws/install/dsr_hardware2:/home/jack/ros2_ws/install/dsr_msgs2:/opt/ros/humble LD_LIBRARY_PATH=/home/jack/ros2_ws/install/dsr_msgs2/lib:${LD_LIBRARY_PATH} PYTHONPATH=/home/jack/ros2_ws/install/dsr_msgs2/local/lib/python3.10/dist-packages:${PYTHONPATH} /usr/bin/cmake --build /home/jack/ros2_ws/build/dsr_controller2 -- -j8 -l8
[65.566s] colcon.colcon_core.event_handler.log_command DEBUG Invoking command in '/home/jack/ros2_ws/src/DoosanBootcamp3rd/dsr_bringup2': AMENT_PREFIX_PATH=/home/jack/ros2_ws/install/dsr_msgs2:${AMENT_PREFIX_PATH} CMAKE_PREFIX_PATH=/home/jack/ros2_ws/install/dsr_msgs2 LD_LIBRARY_PATH=/home/jack/ros2_ws/install/dsr_msgs2/lib:${LD_LIBRARY_PATH} PYTHONPATH=/home/jack/ros2_ws/build/dsr_bringup2/prefix_override:/home/jack/.local/lib/python3.10/site-packages/colcon_core/task/python/colcon_distutils_commands:/home/jack/ros2_ws/install/dsr_bringup2/lib/python3.10/site-packages:/home/jack/ros2_ws/install/dsr_msgs2/local/lib/python3.10/dist-packages:${PYTHONPATH} /usr/bin/python3 -W ignore:setup.py install is deprecated -W ignore:easy_install command is deprecated setup.py egg_info --egg-base ../../../build/dsr_bringup2 build --build-base /home/jack/ros2_ws/build/dsr_bringup2/build install --record /home/jack/ros2_ws/build/dsr_bringup2/install.log --single-version-externally-managed install_data
[65.668s] colcon.colcon_core.event_handler.log_command DEBUG Invoked command in '/home/jack/ros2_ws/build/dsr_controller2' returned '0': AMENT_PREFIX_PATH=/home/jack/ros2_ws/install/dsr_hardware2:/home/jack/ros2_ws/install/dsr_msgs2:${AMENT_PREFIX_PATH} CMAKE_PREFIX_PATH=/home/jack/ros2_ws/install/dsr_hardware2:/home/jack/ros2_ws/install/dsr_msgs2:/opt/ros/humble LD_LIBRARY_PATH=/home/jack/ros2_ws/install/dsr_msgs2/lib:${LD_LIBRARY_PATH} PYTHONPATH=/home/jack/ros2_ws/install/dsr_msgs2/local/lib/python3.10/dist-packages:${PYTHONPATH} /usr/bin/cmake --build /home/jack/ros2_ws/build/dsr_controller2 -- -j8 -l8
[65.671s] colcon.colcon_core.event_handler.log_command DEBUG Invoking command in '/home/jack/ros2_ws/build/dsr_controller2': AMENT_PREFIX_PATH=/home/jack/ros2_ws/install/dsr_hardware2:/home/jack/ros2_ws/install/dsr_msgs2:${AMENT_PREFIX_PATH} CMAKE_PREFIX_PATH=/home/jack/ros2_ws/install/dsr_hardware2:/home/jack/ros2_ws/install/dsr_msgs2:/opt/ros/humble LD_LIBRARY_PATH=/home/jack/ros2_ws/install/dsr_msgs2/lib:${LD_LIBRARY_PATH} PYTHONPATH=/home/jack/ros2_ws/install/dsr_msgs2/local/lib/python3.10/dist-packages:${PYTHONPATH} /usr/bin/cmake --install /home/jack/ros2_ws/build/dsr_controller2
[65.705s] colcon.colcon_core.environment Level 1 create_environment_scripts_only(dsr_controller2)
[65.705s] colcon.colcon_core.environment Level 1 checking '/home/jack/ros2_ws/install/dsr_controller2' for CMake module files
[65.706s] colcon.colcon_core.environment Level 1 checking '/home/jack/ros2_ws/install/dsr_controller2' for CMake config files
[65.706s] colcon.colcon_core.shell Level 1 create_environment_hook('dsr_controller2', 'cmake_prefix_path')
[65.706s] colcon.colcon_core.shell INFO Creating environment hook '/home/jack/ros2_ws/install/dsr_controller2/share/dsr_controller2/hook/cmake_prefix_path.ps1'
[65.707s] colcon.colcon_core.shell INFO Creating environment descriptor '/home/jack/ros2_ws/install/dsr_controller2/share/dsr_controller2/hook/cmake_prefix_path.dsv'
[65.707s] colcon.colcon_core.shell INFO Creating environment hook '/home/jack/ros2_ws/install/dsr_controller2/share/dsr_controller2/hook/cmake_prefix_path.sh'
[65.708s] colcon.colcon_core.environment Level 1 checking '/home/jack/ros2_ws/install/dsr_controller2/bin'
[65.708s] colcon.colcon_core.environment Level 1 checking '/home/jack/ros2_ws/install/dsr_controller2/lib/pkgconfig/dsr_controller2.pc'
[65.708s] colcon.colcon_core.environment Level 1 checking '/home/jack/ros2_ws/install/dsr_controller2/lib/python3.10/site-packages'
[65.709s] colcon.colcon_core.environment Level 1 checking '/home/jack/ros2_ws/install/dsr_controller2/bin'
[65.709s] colcon.colcon_core.shell INFO Creating package script '/home/jack/ros2_ws/install/dsr_controller2/share/dsr_controller2/package.ps1'
[65.710s] colcon.colcon_core.shell INFO Creating package descriptor '/home/jack/ros2_ws/install/dsr_controller2/share/dsr_controller2/package.dsv'
[65.710s] colcon.colcon_core.shell INFO Creating package script '/home/jack/ros2_ws/install/dsr_controller2/share/dsr_controller2/package.sh'
[65.711s] colcon.colcon_core.event_handler.log_command DEBUG Invoked command in '/home/jack/ros2_ws/build/dsr_controller2' returned '0': AMENT_PREFIX_PATH=/home/jack/ros2_ws/install/dsr_hardware2:/home/jack/ros2_ws/install/dsr_msgs2:${AMENT_PREFIX_PATH} CMAKE_PREFIX_PATH=/home/jack/ros2_ws/install/dsr_hardware2:/home/jack/ros2_ws/install/dsr_msgs2:/opt/ros/humble LD_LIBRARY_PATH=/home/jack/ros2_ws/install/dsr_msgs2/lib:${LD_LIBRARY_PATH} PYTHONPATH=/home/jack/ros2_ws/install/dsr_msgs2/local/lib/python3.10/dist-packages:${PYTHONPATH} /usr/bin/cmake --install /home/jack/ros2_ws/build/dsr_controller2
[65.711s] colcon.colcon_core.shell INFO Creating package script '/home/jack/ros2_ws/install/dsr_controller2/share/dsr_controller2/package.bash'
[65.712s] colcon.colcon_core.shell INFO Creating package script '/home/jack/ros2_ws/install/dsr_controller2/share/dsr_controller2/package.zsh'
[65.712s] colcon.colcon_core.environment Level 1 create_file_with_runtime_dependencies(/home/jack/ros2_ws/install/dsr_controller2/share/colcon-core/packages/dsr_controller2)
[65.713s] colcon.colcon_core.environment Level 1 create_environment_scripts_only(dsr_controller2)
[65.713s] colcon.colcon_core.environment Level 1 checking '/home/jack/ros2_ws/install/dsr_controller2' for CMake module files
[65.714s] colcon.colcon_core.environment Level 1 checking '/home/jack/ros2_ws/install/dsr_controller2' for CMake config files
[65.714s] colcon.colcon_core.shell Level 1 create_environment_hook('dsr_controller2', 'cmake_prefix_path')
[65.715s] colcon.colcon_core.shell INFO Creating environment hook '/home/jack/ros2_ws/install/dsr_controller2/share/dsr_controller2/hook/cmake_prefix_path.ps1'
[65.715s] colcon.colcon_core.shell INFO Creating environment descriptor '/home/jack/ros2_ws/install/dsr_controller2/share/dsr_controller2/hook/cmake_prefix_path.dsv'
[65.716s] colcon.colcon_core.shell INFO Creating environment hook '/home/jack/ros2_ws/install/dsr_controller2/share/dsr_controller2/hook/cmake_prefix_path.sh'
[65.716s] colcon.colcon_core.environment Level 1 checking '/home/jack/ros2_ws/install/dsr_controller2/bin'
[65.717s] colcon.colcon_core.environment Level 1 checking '/home/jack/ros2_ws/install/dsr_controller2/lib/pkgconfig/dsr_controller2.pc'
[65.717s] colcon.colcon_core.environment Level 1 checking '/home/jack/ros2_ws/install/dsr_controller2/lib/python3.10/site-packages'
[65.717s] colcon.colcon_core.environment Level 1 checking '/home/jack/ros2_ws/install/dsr_controller2/bin'
[65.717s] colcon.colcon_core.shell INFO Creating package script '/home/jack/ros2_ws/install/dsr_controller2/share/dsr_controller2/package.ps1'
[65.718s] colcon.colcon_core.shell INFO Creating package descriptor '/home/jack/ros2_ws/install/dsr_controller2/share/dsr_controller2/package.dsv'
[65.719s] colcon.colcon_core.shell INFO Creating package script '/home/jack/ros2_ws/install/dsr_controller2/share/dsr_controller2/package.sh'
[65.719s] colcon.colcon_core.shell INFO Creating package script '/home/jack/ros2_ws/install/dsr_controller2/share/dsr_controller2/package.bash'
[65.720s] colcon.colcon_core.shell INFO Creating package script '/home/jack/ros2_ws/install/dsr_controller2/share/dsr_controller2/package.zsh'
[65.720s] colcon.colcon_core.environment Level 1 create_file_with_runtime_dependencies(/home/jack/ros2_ws/install/dsr_controller2/share/colcon-core/packages/dsr_controller2)
[65.998s] colcon.colcon_core.environment Level 1 checking '/home/jack/ros2_ws/install/dsr_bringup2' for CMake module files
[65.998s] colcon.colcon_core.event_handler.log_command DEBUG Invoked command in '/home/jack/ros2_ws/src/DoosanBootcamp3rd/dsr_bringup2' returned '0': AMENT_PREFIX_PATH=/home/jack/ros2_ws/install/dsr_msgs2:${AMENT_PREFIX_PATH} CMAKE_PREFIX_PATH=/home/jack/ros2_ws/install/dsr_msgs2 LD_LIBRARY_PATH=/home/jack/ros2_ws/install/dsr_msgs2/lib:${LD_LIBRARY_PATH} PYTHONPATH=/home/jack/ros2_ws/build/dsr_bringup2/prefix_override:/home/jack/.local/lib/python3.10/site-packages/colcon_core/task/python/colcon_distutils_commands:/home/jack/ros2_ws/install/dsr_bringup2/lib/python3.10/site-packages:/home/jack/ros2_ws/install/dsr_msgs2/local/lib/python3.10/dist-packages:${PYTHONPATH} /usr/bin/python3 -W ignore:setup.py install is deprecated -W ignore:easy_install command is deprecated setup.py egg_info --egg-base ../../../build/dsr_bringup2 build --build-base /home/jack/ros2_ws/build/dsr_bringup2/build install --record /home/jack/ros2_ws/build/dsr_bringup2/install.log --single-version-externally-managed install_data
[65.999s] colcon.colcon_core.environment Level 1 checking '/home/jack/ros2_ws/install/dsr_bringup2' for CMake config files
[65.999s] colcon.colcon_core.environment Level 1 checking '/home/jack/ros2_ws/install/dsr_bringup2/lib'
[65.999s] colcon.colcon_core.environment Level 1 checking '/home/jack/ros2_ws/install/dsr_bringup2/bin'
[65.999s] colcon.colcon_core.environment Level 1 checking '/home/jack/ros2_ws/install/dsr_bringup2/lib/pkgconfig/dsr_bringup2.pc'
[66.000s] colcon.colcon_core.environment Level 1 checking '/home/jack/ros2_ws/install/dsr_bringup2/lib/python3.10/site-packages'
[66.000s] colcon.colcon_core.shell Level 1 create_environment_hook('dsr_bringup2', 'pythonpath')
[66.000s] colcon.colcon_core.shell INFO Creating environment hook '/home/jack/ros2_ws/install/dsr_bringup2/share/dsr_bringup2/hook/pythonpath.ps1'
[66.000s] colcon.colcon_core.shell INFO Creating environment descriptor '/home/jack/ros2_ws/install/dsr_bringup2/share/dsr_bringup2/hook/pythonpath.dsv'
[66.000s] colcon.colcon_core.shell INFO Creating environment hook '/home/jack/ros2_ws/install/dsr_bringup2/share/dsr_bringup2/hook/pythonpath.sh'
[66.001s] colcon.colcon_core.environment Level 1 checking '/home/jack/ros2_ws/install/dsr_bringup2/bin'
[66.001s] colcon.colcon_core.environment Level 1 create_environment_scripts_only(dsr_bringup2)
[66.001s] colcon.colcon_core.shell INFO Creating package script '/home/jack/ros2_ws/install/dsr_bringup2/share/dsr_bringup2/package.ps1'
[66.001s] colcon.colcon_core.shell INFO Creating package descriptor '/home/jack/ros2_ws/install/dsr_bringup2/share/dsr_bringup2/package.dsv'
[66.002s] colcon.colcon_core.shell INFO Creating package script '/home/jack/ros2_ws/install/dsr_bringup2/share/dsr_bringup2/package.sh'
[66.002s] colcon.colcon_core.shell INFO Creating package script '/home/jack/ros2_ws/install/dsr_bringup2/share/dsr_bringup2/package.bash'
[66.003s] colcon.colcon_core.shell INFO Creating package script '/home/jack/ros2_ws/install/dsr_bringup2/share/dsr_bringup2/package.zsh'
[66.003s] colcon.colcon_core.environment Level 1 create_file_with_runtime_dependencies(/home/jack/ros2_ws/install/dsr_bringup2/share/colcon-core/packages/dsr_bringup2)
[66.014s] colcon.colcon_core.event_handler.log_command DEBUG Invoked command in '/home/jack/ros2_ws/build/rokey' returned '0': PYTHONPATH=/home/jack/ros2_ws/build/rokey/prefix_override:/home/jack/.local/lib/python3.10/site-packages/colcon_core/task/python/colcon_distutils_commands:/home/jack/ros2_ws/install/rokey/lib/python3.10/site-packages:${PYTHONPATH} /usr/bin/python3 -W ignore:setup.py install is deprecated -W ignore:easy_install command is deprecated setup.py develop --uninstall --editable --build-directory /home/jack/ros2_ws/build/rokey/build
[66.016s] colcon.colcon_core.event_handler.log_command DEBUG Invoking command in '/home/jack/ros2_ws/src/DoosanBootcamp3rd/dsr_rokey/rokey': PYTHONPATH=/home/jack/ros2_ws/build/rokey/prefix_override:/home/jack/.local/lib/python3.10/site-packages/colcon_core/task/python/colcon_distutils_commands:/home/jack/ros2_ws/install/rokey/lib/python3.10/site-packages:${PYTHONPATH} /usr/bin/python3 -W ignore:setup.py install is deprecated -W ignore:easy_install command is deprecated setup.py egg_info --egg-base ../../../../build/rokey build --build-base /home/jack/ros2_ws/build/rokey/build install --record /home/jack/ros2_ws/build/rokey/install.log --single-version-externally-managed install_data --force
[66.181s] colcon.colcon_core.event_handler.log_command DEBUG Invoking command in '/home/jack/ros2_ws/src/DoosanBootcamp3rd/dsr_tests': AMENT_PREFIX_PATH=/home/jack/ros2_ws/install/dsr_msgs2:/home/jack/ros2_ws/install/dsr_common2:${AMENT_PREFIX_PATH} CMAKE_PREFIX_PATH=/home/jack/ros2_ws/install/dsr_msgs2:/home/jack/ros2_ws/install/dsr_common2 LD_LIBRARY_PATH=/home/jack/ros2_ws/install/dsr_msgs2/lib:${LD_LIBRARY_PATH} PYTHONPATH=/home/jack/ros2_ws/build/dsr_tests/prefix_override:/home/jack/.local/lib/python3.10/site-packages/colcon_core/task/python/colcon_distutils_commands:/home/jack/ros2_ws/install/dsr_tests/lib/python3.10/site-packages:/home/jack/ros2_ws/install/dsr_msgs2/local/lib/python3.10/dist-packages:${PYTHONPATH} /usr/bin/python3 -W ignore:setup.py install is deprecated -W ignore:easy_install command is deprecated setup.py egg_info --egg-base ../../../build/dsr_tests build --build-base /home/jack/ros2_ws/build/dsr_tests/build install --record /home/jack/ros2_ws/build/dsr_tests/install.log --single-version-externally-managed install_data
[66.377s] colcon.colcon_core.environment Level 1 checking '/home/jack/ros2_ws/install/rokey' for CMake module files
[66.377s] colcon.colcon_core.event_handler.log_command DEBUG Invoked command in '/home/jack/ros2_ws/src/DoosanBootcamp3rd/dsr_rokey/rokey' returned '0': PYTHONPATH=/home/jack/ros2_ws/build/rokey/prefix_override:/home/jack/.local/lib/python3.10/site-packages/colcon_core/task/python/colcon_distutils_commands:/home/jack/ros2_ws/install/rokey/lib/python3.10/site-packages:${PYTHONPATH} /usr/bin/python3 -W ignore:setup.py install is deprecated -W ignore:easy_install command is deprecated setup.py egg_info --egg-base ../../../../build/rokey build --build-base /home/jack/ros2_ws/build/rokey/build install --record /home/jack/ros2_ws/build/rokey/install.log --single-version-externally-managed install_data --force
[66.378s] colcon.colcon_core.environment Level 1 checking '/home/jack/ros2_ws/install/rokey' for CMake config files
[66.379s] colcon.colcon_core.environment Level 1 checking '/home/jack/ros2_ws/install/rokey/lib'
[66.379s] colcon.colcon_core.environment Level 1 checking '/home/jack/ros2_ws/install/rokey/bin'
[66.379s] colcon.colcon_core.environment Level 1 checking '/home/jack/ros2_ws/install/rokey/lib/pkgconfig/rokey.pc'
[66.379s] colcon.colcon_core.environment Level 1 checking '/home/jack/ros2_ws/install/rokey/lib/python3.10/site-packages'
[66.379s] colcon.colcon_core.shell Level 1 create_environment_hook('rokey', 'pythonpath')
[66.379s] colcon.colcon_core.shell INFO Creating environment hook '/home/jack/ros2_ws/install/rokey/share/rokey/hook/pythonpath.ps1'
[66.380s] colcon.colcon_core.shell INFO Creating environment descriptor '/home/jack/ros2_ws/install/rokey/share/rokey/hook/pythonpath.dsv'
[66.380s] colcon.colcon_core.shell INFO Creating environment hook '/home/jack/ros2_ws/install/rokey/share/rokey/hook/pythonpath.sh'
[66.381s] colcon.colcon_core.environment Level 1 checking '/home/jack/ros2_ws/install/rokey/bin'
[66.381s] colcon.colcon_core.environment Level 1 create_environment_scripts_only(rokey)
[66.381s] colcon.colcon_core.shell INFO Creating package script '/home/jack/ros2_ws/install/rokey/share/rokey/package.ps1'
[66.381s] colcon.colcon_core.shell INFO Creating package descriptor '/home/jack/ros2_ws/install/rokey/share/rokey/package.dsv'
[66.382s] colcon.colcon_core.shell INFO Creating package script '/home/jack/ros2_ws/install/rokey/share/rokey/package.sh'
[66.382s] colcon.colcon_core.shell INFO Creating package script '/home/jack/ros2_ws/install/rokey/share/rokey/package.bash'
[66.382s] colcon.colcon_core.shell INFO Creating package script '/home/jack/ros2_ws/install/rokey/share/rokey/package.zsh'
[66.382s] colcon.colcon_core.environment Level 1 create_file_with_runtime_dependencies(/home/jack/ros2_ws/install/rokey/share/colcon-core/packages/rokey)
[66.649s] colcon.colcon_core.event_handler.log_command DEBUG Invoked command in '/home/jack/ros2_ws/src/DoosanBootcamp3rd/dsr_tests' returned '1': AMENT_PREFIX_PATH=/home/jack/ros2_ws/install/dsr_msgs2:/home/jack/ros2_ws/install/dsr_common2:${AMENT_PREFIX_PATH} CMAKE_PREFIX_PATH=/home/jack/ros2_ws/install/dsr_msgs2:/home/jack/ros2_ws/install/dsr_common2 LD_LIBRARY_PATH=/home/jack/ros2_ws/install/dsr_msgs2/lib:${LD_LIBRARY_PATH} PYTHONPATH=/home/jack/ros2_ws/build/dsr_tests/prefix_override:/home/jack/.local/lib/python3.10/site-packages/colcon_core/task/python/colcon_distutils_commands:/home/jack/ros2_ws/install/dsr_tests/lib/python3.10/site-packages:/home/jack/ros2_ws/install/dsr_msgs2/local/lib/python3.10/dist-packages:${PYTHONPATH} /usr/bin/python3 -W ignore:setup.py install is deprecated -W ignore:easy_install command is deprecated setup.py egg_info --egg-base ../../../build/dsr_tests build --build-base /home/jack/ros2_ws/build/dsr_tests/build install --record /home/jack/ros2_ws/build/dsr_tests/install.log --single-version-externally-managed install_data
[71.684s] colcon.colcon_parallel_executor.executor.parallel DEBUG closing loop
[71.684s] colcon.colcon_parallel_executor.executor.parallel DEBUG loop closed
[71.684s] colcon.colcon_parallel_executor.executor.parallel DEBUG run_until_complete finished with '1'
[71.684s] colcon.colcon_core.event_reactor DEBUG joining thread
[71.712s] colcon.colcon_core.plugin_system INFO Skipping extension 'colcon_notification.desktop_notification.terminal_notifier': Not used on non-Darwin systems
[71.712s] colcon.colcon_core.plugin_system INFO Skipping extension 'colcon_notification.desktop_notification.win32': Not used on non-Windows systems
[71.712s] colcon.colcon_notification.desktop_notification INFO Sending desktop notification using 'notify2'
[71.726s] colcon.colcon_core.event_reactor DEBUG joined thread
[71.727s] colcon.colcon_core.shell INFO Creating prefix script '/home/jack/ros2_ws/install/local_setup.ps1'
[71.728s] colcon.colcon_core.shell INFO Creating prefix util module '/home/jack/ros2_ws/install/_local_setup_util_ps1.py'
[71.730s] colcon.colcon_core.shell INFO Creating prefix chain script '/home/jack/ros2_ws/install/setup.ps1'
[71.732s] colcon.colcon_core.shell INFO Creating prefix script '/home/jack/ros2_ws/install/local_setup.sh'
[71.733s] colcon.colcon_core.shell INFO Creating prefix util module '/home/jack/ros2_ws/install/_local_setup_util_sh.py'
[71.734s] colcon.colcon_core.shell INFO Creating prefix chain script '/home/jack/ros2_ws/install/setup.sh'
[71.736s] colcon.colcon_core.shell INFO Creating prefix script '/home/jack/ros2_ws/install/local_setup.bash'
[71.737s] colcon.colcon_core.shell INFO Creating prefix chain script '/home/jack/ros2_ws/install/setup.bash'
[71.739s] colcon.colcon_core.shell INFO Creating prefix script '/home/jack/ros2_ws/install/local_setup.zsh'
[71.740s] colcon.colcon_core.shell INFO Creating prefix chain script '/home/jack/ros2_ws/install/setup.zsh'
