[0.032s] Invoking command in '/home/jack/ros2_ws/build/dsr_msgs2': CMAKE_PREFIX_PATH=/opt/ros/humble /usr/bin/cmake /home/jack/ros2_ws/src/DoosanBootcamp3rd/dsr_msgs2 -DCMAKE_INSTALL_PREFIX=/home/jack/ros2_ws/install/dsr_msgs2
[0.255s] -- The C compiler identification is GNU 11.4.0
[0.419s] -- The CXX compiler identification is GNU 11.4.0
[0.434s] -- Detecting C compiler ABI info
[0.526s] -- Detecting C compiler ABI info - done
[0.541s] -- Check for working C compiler: /usr/bin/cc - skipped
[0.541s] -- Detecting C compile features
[0.542s] -- Detecting C compile features - done
[0.546s] -- Detecting CXX compiler ABI info
[0.654s] -- Detecting CXX compiler ABI info - done
[0.667s] -- Check for working CXX compiler: /usr/bin/c++ - skipped
[0.668s] -- Detecting CXX compile features
[0.671s] -- Detecting CXX compile features - done
[0.672s] -- Found ament_cmake: 1.3.11 (/opt/ros/humble/share/ament_cmake/cmake)
[0.932s] -- Found Python3: /usr/bin/python3 (found version "3.10.12") found components: Interpreter 
[1.134s] -- Found rclcpp: 16.0.12 (/opt/ros/humble/share/rclcpp/cmake)
[1.198s] -- Found rosidl_generator_c: 3.1.6 (/opt/ros/humble/share/rosidl_generator_c/cmake)
[1.210s] -- Found rosidl_adapter: 3.1.6 (/opt/ros/humble/share/rosidl_adapter/cmake)
[1.237s] -- Found rosidl_generator_cpp: 3.1.6 (/opt/ros/humble/share/rosidl_generator_cpp/cmake)
[1.285s] -- Using all available rosidl_typesupport_c: rosidl_typesupport_fastrtps_c;rosidl_typesupport_introspection_c
[1.330s] -- Using all available rosidl_typesupport_cpp: rosidl_typesupport_fastrtps_cpp;rosidl_typesupport_introspection_cpp
[1.407s] -- Found rmw_implementation_cmake: 6.1.2 (/opt/ros/humble/share/rmw_implementation_cmake/cmake)
[1.416s] -- Found rmw_fastrtps_cpp: 6.2.7 (/opt/ros/humble/share/rmw_fastrtps_cpp/cmake)
[1.658s] -- Found OpenSSL: /usr/lib/x86_64-linux-gnu/libcrypto.so (found version "3.0.2")  
[1.720s] -- Found FastRTPS: /opt/ros/humble/include  
[1.826s] -- Using RMW implementation 'rmw_fastrtps_cpp' as default
[1.879s] -- Looking for pthread.h
[2.060s] -- Looking for pthread.h - found
[2.061s] -- Performing Test CMAKE_HAVE_LIBC_PTHREAD
[2.320s] -- Performing Test CMAKE_HAVE_LIBC_PTHREAD - Success
[2.321s] -- Found Threads: TRUE  
[3.235s] -- Found rosidl_default_generators: 1.2.0 (/opt/ros/humble/share/rosidl_default_generators/cmake)
[6.198s] -- Found ament_cmake_ros: 0.10.0 (/opt/ros/humble/share/ament_cmake_ros/cmake)
[7.145s] -- Using all available rosidl_typesupport_c: rosidl_typesupport_fastrtps_c;rosidl_typesupport_introspection_c
[7.568s] -- Using all available rosidl_typesupport_cpp: rosidl_typesupport_fastrtps_cpp;rosidl_typesupport_introspection_cpp
[7.624s] -- Found PythonInterp: /usr/bin/python3 (found suitable version "3.10.12", minimum required is "3.6") 
[7.626s] -- Found python_cmake_module: 0.10.0 (/opt/ros/humble/share/python_cmake_module/cmake)
[7.666s] -- Found PythonLibs: /usr/lib/x86_64-linux-gnu/libpython3.10.so (found suitable version "3.10.12", minimum required is "3.5") 
[7.666s] -- Using PYTHON_EXECUTABLE: /usr/bin/python3
[7.666s] -- Using PYTHON_INCLUDE_DIRS: /usr/include/python3.10
[7.666s] -- Using PYTHON_LIBRARIES: /usr/lib/x86_64-linux-gnu/libpython3.10.so
[7.697s] -- Found PythonExtra: .so  
[7.956s] -- Configuring done
[8.514s] -- Generating done
[8.572s] -- Build files have been written to: /home/jack/ros2_ws/build/dsr_msgs2
[8.601s] Invoked command in '/home/jack/ros2_ws/build/dsr_msgs2' returned '0': CMAKE_PREFIX_PATH=/opt/ros/humble /usr/bin/cmake /home/jack/ros2_ws/src/DoosanBootcamp3rd/dsr_msgs2 -DCMAKE_INSTALL_PREFIX=/home/jack/ros2_ws/install/dsr_msgs2
[8.602s] Invoking command in '/home/jack/ros2_ws/build/dsr_msgs2': CMAKE_PREFIX_PATH=/opt/ros/humble /usr/bin/cmake --build /home/jack/ros2_ws/build/dsr_msgs2 -- -j8 -l8
[8.858s] [  0%] Generating C code for ROS interfaces
[8.882s] [  0%] Generating C++ code for ROS interfaces
[8.884s] [  0%] Built target ament_cmake_python_copy_dsr_msgs2
[9.472s] running egg_info
[9.472s] creating dsr_msgs2.egg-info
[9.473s] writing dsr_msgs2.egg-info/PKG-INFO
[9.473s] writing dependency_links to dsr_msgs2.egg-info/dependency_links.txt
[9.476s] writing top-level names to dsr_msgs2.egg-info/top_level.txt
[9.476s] writing manifest file 'dsr_msgs2.egg-info/SOURCES.txt'
[9.478s] reading manifest file 'dsr_msgs2.egg-info/SOURCES.txt'
[9.484s] writing manifest file 'dsr_msgs2.egg-info/SOURCES.txt'
[9.558s] [  0%] Built target ament_cmake_python_build_dsr_msgs2_egg
[28.448s] [  0%] Built target dsr_msgs2__cpp
[28.494s] [  0%] Generating C++ type support dispatch for ROS interfaces
[28.494s] [  0%] Generating C++ type support for eProsima Fast-RTPS
[28.499s] [  0%] Generating C++ introspection for ROS interfaces
[30.123s] [  0%] Building C object CMakeFiles/dsr_msgs2__rosidl_generator_c.dir/rosidl_generator_c/dsr_msgs2/msg/detail/modbus_state__functions.c.o
[30.130s] [  0%] Building C object CMakeFiles/dsr_msgs2__rosidl_generator_c.dir/rosidl_generator_c/dsr_msgs2/msg/detail/robot_error__functions.c.o
[30.131s] [  0%] Building C object CMakeFiles/dsr_msgs2__rosidl_generator_c.dir/rosidl_generator_c/dsr_msgs2/msg/detail/log_alarm__functions.c.o
[30.138s] [  0%] Building C object CMakeFiles/dsr_msgs2__rosidl_generator_c.dir/rosidl_generator_c/dsr_msgs2/msg/detail/robot_stop__functions.c.o
[30.138s] [  0%] Building C object CMakeFiles/dsr_msgs2__rosidl_generator_c.dir/rosidl_generator_c/dsr_msgs2/msg/detail/robot_state__functions.c.o
[30.243s] [  0%] Building C object CMakeFiles/dsr_msgs2__rosidl_generator_c.dir/rosidl_generator_c/dsr_msgs2/msg/detail/jog_multi_axis__functions.c.o
[30.255s] [  0%] Building C object CMakeFiles/dsr_msgs2__rosidl_generator_c.dir/rosidl_generator_c/dsr_msgs2/msg/detail/alter_motion_stream__functions.c.o
[30.257s] [  0%] Building C object CMakeFiles/dsr_msgs2__rosidl_generator_c.dir/rosidl_generator_c/dsr_msgs2/msg/detail/servoj_stream__functions.c.o
[30.275s] [  1%] Building C object CMakeFiles/dsr_msgs2__rosidl_generator_c.dir/rosidl_generator_c/dsr_msgs2/msg/detail/servol_stream__functions.c.o
[30.367s] [  1%] Building C object CMakeFiles/dsr_msgs2__rosidl_generator_c.dir/rosidl_generator_c/dsr_msgs2/msg/detail/speedj_stream__functions.c.o
[30.374s] [  1%] Building C object CMakeFiles/dsr_msgs2__rosidl_generator_c.dir/rosidl_generator_c/dsr_msgs2/msg/detail/speedl_stream__functions.c.o
[30.377s] [  1%] Building C object CMakeFiles/dsr_msgs2__rosidl_generator_c.dir/rosidl_generator_c/dsr_msgs2/msg/detail/robot_state_rt__functions.c.o
[30.387s] [  1%] Building C object CMakeFiles/dsr_msgs2__rosidl_generator_c.dir/rosidl_generator_c/dsr_msgs2/msg/detail/servoj_rt_stream__functions.c.o
[30.416s] [  1%] Building C object CMakeFiles/dsr_msgs2__rosidl_generator_c.dir/rosidl_generator_c/dsr_msgs2/msg/detail/servol_rt_stream__functions.c.o
[30.485s] [  1%] Building C object CMakeFiles/dsr_msgs2__rosidl_generator_c.dir/rosidl_generator_c/dsr_msgs2/msg/detail/speedj_rt_stream__functions.c.o
[30.498s] [  1%] Building C object CMakeFiles/dsr_msgs2__rosidl_generator_c.dir/rosidl_generator_c/dsr_msgs2/msg/detail/speedl_rt_stream__functions.c.o
[30.521s] [  1%] Building C object CMakeFiles/dsr_msgs2__rosidl_generator_c.dir/rosidl_generator_c/dsr_msgs2/msg/detail/torque_rt_stream__functions.c.o
[30.537s] [  1%] Building C object CMakeFiles/dsr_msgs2__rosidl_generator_c.dir/rosidl_generator_c/dsr_msgs2/srv/detail/set_robot_mode__functions.c.o
[30.548s] [  1%] Building C object CMakeFiles/dsr_msgs2__rosidl_generator_c.dir/rosidl_generator_c/dsr_msgs2/srv/detail/get_robot_mode__functions.c.o
[30.622s] [  1%] Building C object CMakeFiles/dsr_msgs2__rosidl_generator_c.dir/rosidl_generator_c/dsr_msgs2/srv/detail/set_robot_system__functions.c.o
[30.627s] [  2%] Building C object CMakeFiles/dsr_msgs2__rosidl_generator_c.dir/rosidl_generator_c/dsr_msgs2/srv/detail/get_robot_system__functions.c.o
[30.644s] [  2%] Building C object CMakeFiles/dsr_msgs2__rosidl_generator_c.dir/rosidl_generator_c/dsr_msgs2/srv/detail/set_robot_speed_mode__functions.c.o
[30.681s] [  2%] Building C object CMakeFiles/dsr_msgs2__rosidl_generator_c.dir/rosidl_generator_c/dsr_msgs2/srv/detail/get_robot_speed_mode__functions.c.o
[30.705s] [  2%] Building C object CMakeFiles/dsr_msgs2__rosidl_generator_c.dir/rosidl_generator_c/dsr_msgs2/srv/detail/get_current_pose__functions.c.o
[30.757s] [  2%] Building C object CMakeFiles/dsr_msgs2__rosidl_generator_c.dir/rosidl_generator_c/dsr_msgs2/srv/detail/set_safe_stop_reset_type__functions.c.o
[30.774s] [  2%] Building C object CMakeFiles/dsr_msgs2__rosidl_generator_c.dir/rosidl_generator_c/dsr_msgs2/srv/detail/get_last_alarm__functions.c.o
[30.779s] [  2%] Building C object CMakeFiles/dsr_msgs2__rosidl_generator_c.dir/rosidl_generator_c/dsr_msgs2/srv/detail/get_robot_state__functions.c.o
[30.837s] [  2%] Building C object CMakeFiles/dsr_msgs2__rosidl_generator_c.dir/rosidl_generator_c/dsr_msgs2/srv/detail/servo_off__functions.c.o
[30.856s] [  2%] Building C object CMakeFiles/dsr_msgs2__rosidl_generator_c.dir/rosidl_generator_c/dsr_msgs2/srv/detail/set_robot_control__functions.c.o
[30.892s] [  2%] Building C object CMakeFiles/dsr_msgs2__rosidl_generator_c.dir/rosidl_generator_c/dsr_msgs2/srv/detail/change_collision_sensitivity__functions.c.o
[30.927s] [  2%] Building C object CMakeFiles/dsr_msgs2__rosidl_generator_c.dir/rosidl_generator_c/dsr_msgs2/srv/detail/set_safety_mode__functions.c.o
[30.950s] [  2%] Building C object CMakeFiles/dsr_msgs2__rosidl_generator_c.dir/rosidl_generator_c/dsr_msgs2/srv/detail/move_joint__functions.c.o
[30.984s] [  3%] Building C object CMakeFiles/dsr_msgs2__rosidl_generator_c.dir/rosidl_generator_c/dsr_msgs2/srv/detail/move_line__functions.c.o
[31.008s] [  3%] Building C object CMakeFiles/dsr_msgs2__rosidl_generator_c.dir/rosidl_generator_c/dsr_msgs2/srv/detail/move_jointx__functions.c.o
[31.030s] [  3%] Building C object CMakeFiles/dsr_msgs2__rosidl_generator_c.dir/rosidl_generator_c/dsr_msgs2/srv/detail/move_circle__functions.c.o
[31.106s] [  3%] Building C object CMakeFiles/dsr_msgs2__rosidl_generator_c.dir/rosidl_generator_c/dsr_msgs2/srv/detail/move_spline_joint__functions.c.o
[31.131s] [  3%] Building C object CMakeFiles/dsr_msgs2__rosidl_generator_c.dir/rosidl_generator_c/dsr_msgs2/srv/detail/move_spline_task__functions.c.o
[31.134s] [  3%] Building C object CMakeFiles/dsr_msgs2__rosidl_generator_c.dir/rosidl_generator_c/dsr_msgs2/srv/detail/move_blending__functions.c.o
[31.144s] [  3%] Building C object CMakeFiles/dsr_msgs2__rosidl_generator_c.dir/rosidl_generator_c/dsr_msgs2/srv/detail/move_spiral__functions.c.o
[31.152s] [  3%] Building C object CMakeFiles/dsr_msgs2__rosidl_generator_c.dir/rosidl_generator_c/dsr_msgs2/srv/detail/move_periodic__functions.c.o
[31.221s] [  3%] Building C object CMakeFiles/dsr_msgs2__rosidl_generator_c.dir/rosidl_generator_c/dsr_msgs2/srv/detail/move_wait__functions.c.o
[31.233s] [  3%] Building C object CMakeFiles/dsr_msgs2__rosidl_generator_c.dir/rosidl_generator_c/dsr_msgs2/srv/detail/jog__functions.c.o
[31.265s] [  3%] Building C object CMakeFiles/dsr_msgs2__rosidl_generator_c.dir/rosidl_generator_c/dsr_msgs2/srv/detail/move_stop__functions.c.o
[31.265s] [  3%] Building C object CMakeFiles/dsr_msgs2__rosidl_generator_c.dir/rosidl_generator_c/dsr_msgs2/srv/detail/jog_multi__functions.c.o
[31.273s] [  4%] Building C object CMakeFiles/dsr_msgs2__rosidl_generator_c.dir/rosidl_generator_c/dsr_msgs2/srv/detail/move_pause__functions.c.o
[31.312s] [  4%] Building C object CMakeFiles/dsr_msgs2__rosidl_generator_c.dir/rosidl_generator_c/dsr_msgs2/srv/detail/move_resume__functions.c.o
[31.366s] [  4%] Building C object CMakeFiles/dsr_msgs2__rosidl_generator_c.dir/rosidl_generator_c/dsr_msgs2/srv/detail/trans__functions.c.o
[31.378s] [  4%] Building C object CMakeFiles/dsr_msgs2__rosidl_generator_c.dir/rosidl_generator_c/dsr_msgs2/srv/detail/fkin__functions.c.o
[31.379s] [  4%] Building C object CMakeFiles/dsr_msgs2__rosidl_generator_c.dir/rosidl_generator_c/dsr_msgs2/srv/detail/ikin__functions.c.o
[31.386s] [  4%] Building C object CMakeFiles/dsr_msgs2__rosidl_generator_c.dir/rosidl_generator_c/dsr_msgs2/srv/detail/set_ref_coord__functions.c.o
[31.426s] [  4%] Building C object CMakeFiles/dsr_msgs2__rosidl_generator_c.dir/rosidl_generator_c/dsr_msgs2/srv/detail/move_home__functions.c.o
[31.472s] [  4%] Building C object CMakeFiles/dsr_msgs2__rosidl_generator_c.dir/rosidl_generator_c/dsr_msgs2/srv/detail/check_motion__functions.c.o
[31.480s] [  4%] Building C object CMakeFiles/dsr_msgs2__rosidl_generator_c.dir/rosidl_generator_c/dsr_msgs2/srv/detail/enable_alter_motion__functions.c.o
[31.482s] [  4%] Building C object CMakeFiles/dsr_msgs2__rosidl_generator_c.dir/rosidl_generator_c/dsr_msgs2/srv/detail/alter_motion__functions.c.o
[31.485s] [  4%] Building C object CMakeFiles/dsr_msgs2__rosidl_generator_c.dir/rosidl_generator_c/dsr_msgs2/srv/detail/change_operation_speed__functions.c.o
[31.534s] [  4%] Building C object CMakeFiles/dsr_msgs2__rosidl_generator_c.dir/rosidl_generator_c/dsr_msgs2/srv/detail/disable_alter_motion__functions.c.o
[31.568s] [  5%] Building C object CMakeFiles/dsr_msgs2__rosidl_generator_c.dir/rosidl_generator_c/dsr_msgs2/srv/detail/set_singularity_handling__functions.c.o
[31.577s] [  5%] Building C object CMakeFiles/dsr_msgs2__rosidl_generator_c.dir/rosidl_generator_c/dsr_msgs2/srv/detail/get_control_mode__functions.c.o
[31.606s] [  5%] Building C object CMakeFiles/dsr_msgs2__rosidl_generator_c.dir/rosidl_generator_c/dsr_msgs2/srv/detail/get_control_space__functions.c.o
[31.624s] [  5%] Building C object CMakeFiles/dsr_msgs2__rosidl_generator_c.dir/rosidl_generator_c/dsr_msgs2/srv/detail/get_current_posj__functions.c.o
[31.639s] [  5%] Building C object CMakeFiles/dsr_msgs2__rosidl_generator_c.dir/rosidl_generator_c/dsr_msgs2/srv/detail/get_desired_posj__functions.c.o
[31.665s] [  5%] Building C object CMakeFiles/dsr_msgs2__rosidl_generator_c.dir/rosidl_generator_c/dsr_msgs2/srv/detail/get_current_velj__functions.c.o
[31.667s] [  5%] Building C object CMakeFiles/dsr_msgs2__rosidl_generator_c.dir/rosidl_generator_c/dsr_msgs2/srv/detail/get_desired_velj__functions.c.o
[31.716s] [  5%] Building C object CMakeFiles/dsr_msgs2__rosidl_generator_c.dir/rosidl_generator_c/dsr_msgs2/srv/detail/get_current_posx__functions.c.o
[31.721s] [  5%] Building C object CMakeFiles/dsr_msgs2__rosidl_generator_c.dir/rosidl_generator_c/dsr_msgs2/srv/detail/get_current_tool_flange_posx__functions.c.o
[31.742s] [  5%] Building C object CMakeFiles/dsr_msgs2__rosidl_generator_c.dir/rosidl_generator_c/dsr_msgs2/srv/detail/get_current_velx__functions.c.o
[31.771s] [  5%] Building C object CMakeFiles/dsr_msgs2__rosidl_generator_c.dir/rosidl_generator_c/dsr_msgs2/srv/detail/get_desired_velx__functions.c.o
[31.781s] [  5%] Building C object CMakeFiles/dsr_msgs2__rosidl_generator_c.dir/rosidl_generator_c/dsr_msgs2/srv/detail/get_desired_posx__functions.c.o
[31.815s] [  6%] Building C object CMakeFiles/dsr_msgs2__rosidl_generator_c.dir/rosidl_generator_c/dsr_msgs2/srv/detail/get_current_solution_space__functions.c.o
[31.836s] [  6%] Building C object CMakeFiles/dsr_msgs2__rosidl_generator_c.dir/rosidl_generator_c/dsr_msgs2/srv/detail/get_current_rotm__functions.c.o
[31.836s] [  6%] Building C object CMakeFiles/dsr_msgs2__rosidl_generator_c.dir/rosidl_generator_c/dsr_msgs2/srv/detail/get_joint_torque__functions.c.o
[31.868s] [  6%] Building C object CMakeFiles/dsr_msgs2__rosidl_generator_c.dir/rosidl_generator_c/dsr_msgs2/srv/detail/get_external_torque__functions.c.o
[31.877s] [  6%] Building C object CMakeFiles/dsr_msgs2__rosidl_generator_c.dir/rosidl_generator_c/dsr_msgs2/srv/detail/get_tool_force__functions.c.o
[31.943s] [  6%] Building C object CMakeFiles/dsr_msgs2__rosidl_generator_c.dir/rosidl_generator_c/dsr_msgs2/srv/detail/get_solution_space__functions.c.o
[31.948s] [  6%] Building C object CMakeFiles/dsr_msgs2__rosidl_generator_c.dir/rosidl_generator_c/dsr_msgs2/srv/detail/get_orientation_error__functions.c.o
[31.966s] [  6%] Building C object CMakeFiles/dsr_msgs2__rosidl_generator_c.dir/rosidl_generator_c/dsr_msgs2/srv/detail/parallel_axis1__functions.c.o
[31.977s] [  6%] Building C object CMakeFiles/dsr_msgs2__rosidl_generator_c.dir/rosidl_generator_c/dsr_msgs2/srv/detail/parallel_axis2__functions.c.o
[31.982s] [  6%] Building C object CMakeFiles/dsr_msgs2__rosidl_generator_c.dir/rosidl_generator_c/dsr_msgs2/srv/detail/align_axis1__functions.c.o
[32.049s] [  6%] Building C object CMakeFiles/dsr_msgs2__rosidl_generator_c.dir/rosidl_generator_c/dsr_msgs2/srv/detail/align_axis2__functions.c.o
[32.063s] [  6%] Building C object CMakeFiles/dsr_msgs2__rosidl_generator_c.dir/rosidl_generator_c/dsr_msgs2/srv/detail/is_done_bolt_tightening__functions.c.o
[32.064s] [  7%] Building C object CMakeFiles/dsr_msgs2__rosidl_generator_c.dir/rosidl_generator_c/dsr_msgs2/srv/detail/release_compliance_ctrl__functions.c.o
[32.086s] [  7%] Building C object CMakeFiles/dsr_msgs2__rosidl_generator_c.dir/rosidl_generator_c/dsr_msgs2/srv/detail/set_stiffnessx__functions.c.o
[32.095s] [  7%] Building C object CMakeFiles/dsr_msgs2__rosidl_generator_c.dir/rosidl_generator_c/dsr_msgs2/srv/detail/task_compliance_ctrl__functions.c.o
[32.155s] [  7%] Building C object CMakeFiles/dsr_msgs2__rosidl_generator_c.dir/rosidl_generator_c/dsr_msgs2/srv/detail/calc_coord__functions.c.o
[32.159s] [  7%] Building C object CMakeFiles/dsr_msgs2__rosidl_generator_c.dir/rosidl_generator_c/dsr_msgs2/srv/detail/set_user_cart_coord1__functions.c.o
[32.161s] [  7%] Building C object CMakeFiles/dsr_msgs2__rosidl_generator_c.dir/rosidl_generator_c/dsr_msgs2/srv/detail/set_user_cart_coord2__functions.c.o
[32.178s] [  7%] Building C object CMakeFiles/dsr_msgs2__rosidl_generator_c.dir/rosidl_generator_c/dsr_msgs2/srv/detail/set_user_cart_coord3__functions.c.o
[32.220s] [  7%] Building C object CMakeFiles/dsr_msgs2__rosidl_generator_c.dir/rosidl_generator_c/dsr_msgs2/srv/detail/overwrite_user_cart_coord__functions.c.o
[32.257s] [  7%] Building C object CMakeFiles/dsr_msgs2__rosidl_generator_c.dir/rosidl_generator_c/dsr_msgs2/srv/detail/get_user_cart_coord__functions.c.o
[32.278s] [  7%] Building C object CMakeFiles/dsr_msgs2__rosidl_generator_c.dir/rosidl_generator_c/dsr_msgs2/srv/detail/release_force__functions.c.o
[32.282s] [  7%] Building C object CMakeFiles/dsr_msgs2__rosidl_generator_c.dir/rosidl_generator_c/dsr_msgs2/srv/detail/set_desired_force__functions.c.o
[32.293s] [  7%] Building C object CMakeFiles/dsr_msgs2__rosidl_generator_c.dir/rosidl_generator_c/dsr_msgs2/srv/detail/check_position_condition__functions.c.o
[32.327s] [  8%] Building C object CMakeFiles/dsr_msgs2__rosidl_generator_c.dir/rosidl_generator_c/dsr_msgs2/srv/detail/check_force_condition__functions.c.o
[32.376s] [  8%] Building C object CMakeFiles/dsr_msgs2__rosidl_generator_c.dir/rosidl_generator_c/dsr_msgs2/srv/detail/check_orientation_condition1__functions.c.o
[32.395s] [  8%] Building C object CMakeFiles/dsr_msgs2__rosidl_generator_c.dir/rosidl_generator_c/dsr_msgs2/srv/detail/check_orientation_condition2__functions.c.o
[32.412s] [  8%] Building C object CMakeFiles/dsr_msgs2__rosidl_generator_c.dir/rosidl_generator_c/dsr_msgs2/srv/detail/get_workpiece_weight__functions.c.o
[32.413s] [  8%] Building C object CMakeFiles/dsr_msgs2__rosidl_generator_c.dir/rosidl_generator_c/dsr_msgs2/srv/detail/coord_transform__functions.c.o
[32.462s] [  8%] Building C object CMakeFiles/dsr_msgs2__rosidl_generator_c.dir/rosidl_generator_c/dsr_msgs2/srv/detail/reset_workpiece_weight__functions.c.o
[32.514s] [  8%] Building C object CMakeFiles/dsr_msgs2__rosidl_generator_c.dir/rosidl_generator_c/dsr_msgs2/srv/detail/config_delete_tool__functions.c.o
[32.514s] [  8%] Building C object CMakeFiles/dsr_msgs2__rosidl_generator_c.dir/rosidl_generator_c/dsr_msgs2/srv/detail/config_create_tool__functions.c.o
[32.531s] [  8%] Building C object CMakeFiles/dsr_msgs2__rosidl_generator_c.dir/rosidl_generator_c/dsr_msgs2/srv/detail/set_current_tool__functions.c.o
[32.553s] [  8%] Building C object CMakeFiles/dsr_msgs2__rosidl_generator_c.dir/rosidl_generator_c/dsr_msgs2/srv/detail/get_current_tool__functions.c.o
[32.578s] [  8%] Building C object CMakeFiles/dsr_msgs2__rosidl_generator_c.dir/rosidl_generator_c/dsr_msgs2/srv/detail/set_tool_shape__functions.c.o
[32.649s] [  8%] Building C object CMakeFiles/dsr_msgs2__rosidl_generator_c.dir/rosidl_generator_c/dsr_msgs2/srv/detail/config_create_tcp__functions.c.o
[32.661s] [  9%] Building C object CMakeFiles/dsr_msgs2__rosidl_generator_c.dir/rosidl_generator_c/dsr_msgs2/srv/detail/config_delete_tcp__functions.c.o
[32.679s] [  9%] Building C object CMakeFiles/dsr_msgs2__rosidl_generator_c.dir/rosidl_generator_c/dsr_msgs2/srv/detail/set_current_tcp__functions.c.o
[32.704s] [  9%] Building C object CMakeFiles/dsr_msgs2__rosidl_generator_c.dir/rosidl_generator_c/dsr_msgs2/srv/detail/get_current_tcp__functions.c.o
[32.734s] [  9%] Building C object CMakeFiles/dsr_msgs2__rosidl_generator_c.dir/rosidl_generator_c/dsr_msgs2/srv/detail/set_tool_digital_output__functions.c.o
[32.770s] [  9%] Building C object CMakeFiles/dsr_msgs2__rosidl_generator_c.dir/rosidl_generator_c/dsr_msgs2/srv/detail/get_tool_digital_output__functions.c.o
[32.798s] [  9%] Building C object CMakeFiles/dsr_msgs2__rosidl_generator_c.dir/rosidl_generator_c/dsr_msgs2/srv/detail/get_tool_digital_input__functions.c.o
[32.824s] [  9%] Building C object CMakeFiles/dsr_msgs2__rosidl_generator_c.dir/rosidl_generator_c/dsr_msgs2/srv/detail/set_ctrl_box_digital_output__functions.c.o
[32.854s] [  9%] Building C object CMakeFiles/dsr_msgs2__rosidl_generator_c.dir/rosidl_generator_c/dsr_msgs2/srv/detail/get_ctrl_box_digital_output__functions.c.o
[32.872s] [  9%] Building C object CMakeFiles/dsr_msgs2__rosidl_generator_c.dir/rosidl_generator_c/dsr_msgs2/srv/detail/get_ctrl_box_digital_input__functions.c.o
[32.885s] [  9%] Building C object CMakeFiles/dsr_msgs2__rosidl_generator_c.dir/rosidl_generator_c/dsr_msgs2/srv/detail/set_ctrl_box_analog_input_type__functions.c.o
[32.903s] [  9%] Building C object CMakeFiles/dsr_msgs2__rosidl_generator_c.dir/rosidl_generator_c/dsr_msgs2/srv/detail/set_ctrl_box_analog_output_type__functions.c.o
[32.921s] [  9%] Building C object CMakeFiles/dsr_msgs2__rosidl_generator_c.dir/rosidl_generator_c/dsr_msgs2/srv/detail/set_ctrl_box_analog_output__functions.c.o
[32.965s] [ 10%] Building C object CMakeFiles/dsr_msgs2__rosidl_generator_c.dir/rosidl_generator_c/dsr_msgs2/srv/detail/get_ctrl_box_analog_input__functions.c.o
[32.982s] [ 10%] Building C object CMakeFiles/dsr_msgs2__rosidl_generator_c.dir/rosidl_generator_c/dsr_msgs2/srv/detail/config_create_modbus__functions.c.o
[33.002s] [ 10%] Building C object CMakeFiles/dsr_msgs2__rosidl_generator_c.dir/rosidl_generator_c/dsr_msgs2/srv/detail/config_delete_modbus__functions.c.o
[33.003s] [ 10%] Building C object CMakeFiles/dsr_msgs2__rosidl_generator_c.dir/rosidl_generator_c/dsr_msgs2/srv/detail/set_modbus_output__functions.c.o
[33.010s] [ 10%] Building C object CMakeFiles/dsr_msgs2__rosidl_generator_c.dir/rosidl_generator_c/dsr_msgs2/srv/detail/get_modbus_input__functions.c.o
[33.082s] [ 10%] Building C object CMakeFiles/dsr_msgs2__rosidl_generator_c.dir/rosidl_generator_c/dsr_msgs2/srv/detail/drl_start__functions.c.o
[33.093s] [ 10%] Building C object CMakeFiles/dsr_msgs2__rosidl_generator_c.dir/rosidl_generator_c/dsr_msgs2/srv/detail/drl_pause__functions.c.o
[33.101s] [ 10%] Building C object CMakeFiles/dsr_msgs2__rosidl_generator_c.dir/rosidl_generator_c/dsr_msgs2/srv/detail/drl_stop__functions.c.o
[33.107s] [ 10%] Building C object CMakeFiles/dsr_msgs2__rosidl_generator_c.dir/rosidl_generator_c/dsr_msgs2/srv/detail/drl_resume__functions.c.o
[33.120s] [ 10%] Building C object CMakeFiles/dsr_msgs2__rosidl_generator_c.dir/rosidl_generator_c/dsr_msgs2/srv/detail/get_drl_state__functions.c.o
[33.196s] [ 10%] Building C object CMakeFiles/dsr_msgs2__rosidl_generator_c.dir/rosidl_generator_c/dsr_msgs2/srv/detail/robotiq2_f_close__functions.c.o
[33.196s] [ 10%] Building C object CMakeFiles/dsr_msgs2__rosidl_generator_c.dir/rosidl_generator_c/dsr_msgs2/srv/detail/robotiq2_f_open__functions.c.o
[33.213s] [ 11%] Building C object CMakeFiles/dsr_msgs2__rosidl_generator_c.dir/rosidl_generator_c/dsr_msgs2/srv/detail/robotiq2_f_move__functions.c.o
[33.215s] [ 11%] Building C object CMakeFiles/dsr_msgs2__rosidl_generator_c.dir/rosidl_generator_c/dsr_msgs2/srv/detail/serial_send_data__functions.c.o
[33.248s] [ 11%] Building C object CMakeFiles/dsr_msgs2__rosidl_generator_c.dir/rosidl_generator_c/dsr_msgs2/srv/detail/connect_rt_control__functions.c.o
[33.292s] [ 11%] Building C object CMakeFiles/dsr_msgs2__rosidl_generator_c.dir/rosidl_generator_c/dsr_msgs2/srv/detail/disconnect_rt_control__functions.c.o
[33.295s] [ 11%] Building C object CMakeFiles/dsr_msgs2__rosidl_generator_c.dir/rosidl_generator_c/dsr_msgs2/srv/detail/get_rt_control_input_data_list__functions.c.o
[33.325s] [ 11%] Building C object CMakeFiles/dsr_msgs2__rosidl_generator_c.dir/rosidl_generator_c/dsr_msgs2/srv/detail/get_rt_control_input_version_list__functions.c.o
[33.343s] [ 11%] Building C object CMakeFiles/dsr_msgs2__rosidl_generator_c.dir/rosidl_generator_c/dsr_msgs2/srv/detail/get_rt_control_output_data_list__functions.c.o
[33.354s] [ 11%] Building C object CMakeFiles/dsr_msgs2__rosidl_generator_c.dir/rosidl_generator_c/dsr_msgs2/srv/detail/get_rt_control_output_version_list__functions.c.o
[33.407s] [ 11%] Building C object CMakeFiles/dsr_msgs2__rosidl_generator_c.dir/rosidl_generator_c/dsr_msgs2/srv/detail/read_data_rt__functions.c.o
[33.420s] [ 11%] Building C object CMakeFiles/dsr_msgs2__rosidl_generator_c.dir/rosidl_generator_c/dsr_msgs2/srv/detail/set_accj_rt__functions.c.o
[33.457s] [ 12%] Building C object CMakeFiles/dsr_msgs2__rosidl_generator_c.dir/rosidl_generator_c/dsr_msgs2/srv/detail/set_rt_control_input__functions.c.o
[33.457s] [ 12%] Building C object CMakeFiles/dsr_msgs2__rosidl_generator_c.dir/rosidl_generator_c/dsr_msgs2/srv/detail/set_accx_rt__functions.c.o
[33.462s] [ 12%] Building C object CMakeFiles/dsr_msgs2__rosidl_generator_c.dir/rosidl_generator_c/dsr_msgs2/srv/detail/set_rt_control_output__functions.c.o
[33.522s] [ 12%] Building C object CMakeFiles/dsr_msgs2__rosidl_generator_c.dir/rosidl_generator_c/dsr_msgs2/srv/detail/set_velj_rt__functions.c.o
[33.546s] [ 12%] Building C object CMakeFiles/dsr_msgs2__rosidl_generator_c.dir/rosidl_generator_c/dsr_msgs2/srv/detail/set_velx_rt__functions.c.o
[33.552s] [ 12%] Building C object CMakeFiles/dsr_msgs2__rosidl_generator_c.dir/rosidl_generator_c/dsr_msgs2/srv/detail/start_rt_control__functions.c.o
[33.575s] [ 12%] Building C object CMakeFiles/dsr_msgs2__rosidl_generator_c.dir/rosidl_generator_c/dsr_msgs2/srv/detail/stop_rt_control__functions.c.o
[33.606s] [ 12%] Building C object CMakeFiles/dsr_msgs2__rosidl_generator_c.dir/rosidl_generator_c/dsr_msgs2/srv/detail/write_data_rt__functions.c.o
[33.682s] [ 12%] Linking C shared library libdsr_msgs2__rosidl_generator_c.so
[33.755s] [ 12%] Built target dsr_msgs2__rosidl_generator_c
[33.776s] [ 13%] Generating C type support for eProsima Fast-RTPS
[33.778s] [ 14%] Generating C introspection for ROS interfaces
[33.781s] [ 15%] Generating C type support dispatch for ROS interfaces
[50.749s] [ 15%] Building CXX object CMakeFiles/dsr_msgs2__rosidl_typesupport_cpp.dir/rosidl_typesupport_cpp/dsr_msgs2/msg/log_alarm__type_support.cpp.o
[50.757s] [ 15%] Building CXX object CMakeFiles/dsr_msgs2__rosidl_typesupport_cpp.dir/rosidl_typesupport_cpp/dsr_msgs2/msg/modbus_state__type_support.cpp.o
[50.758s] [ 15%] Building CXX object CMakeFiles/dsr_msgs2__rosidl_typesupport_cpp.dir/rosidl_typesupport_cpp/dsr_msgs2/msg/robot_error__type_support.cpp.o
[51.234s] [ 15%] Building CXX object CMakeFiles/dsr_msgs2__rosidl_typesupport_cpp.dir/rosidl_typesupport_cpp/dsr_msgs2/msg/robot_state__type_support.cpp.o
[51.249s] [ 16%] Building CXX object CMakeFiles/dsr_msgs2__rosidl_typesupport_cpp.dir/rosidl_typesupport_cpp/dsr_msgs2/msg/robot_stop__type_support.cpp.o
[51.436s] [ 16%] Building CXX object CMakeFiles/dsr_msgs2__rosidl_typesupport_cpp.dir/rosidl_typesupport_cpp/dsr_msgs2/msg/jog_multi_axis__type_support.cpp.o
[51.686s] [ 16%] Building CXX object CMakeFiles/dsr_msgs2__rosidl_typesupport_cpp.dir/rosidl_typesupport_cpp/dsr_msgs2/msg/alter_motion_stream__type_support.cpp.o
[51.786s] [ 16%] Building CXX object CMakeFiles/dsr_msgs2__rosidl_typesupport_cpp.dir/rosidl_typesupport_cpp/dsr_msgs2/msg/servoj_stream__type_support.cpp.o
[51.955s] [ 16%] Building CXX object CMakeFiles/dsr_msgs2__rosidl_typesupport_cpp.dir/rosidl_typesupport_cpp/dsr_msgs2/msg/servol_stream__type_support.cpp.o
[52.328s] [ 16%] Building CXX object CMakeFiles/dsr_msgs2__rosidl_typesupport_cpp.dir/rosidl_typesupport_cpp/dsr_msgs2/msg/speedj_stream__type_support.cpp.o
[52.412s] [ 16%] Building CXX object CMakeFiles/dsr_msgs2__rosidl_typesupport_cpp.dir/rosidl_typesupport_cpp/dsr_msgs2/msg/speedl_stream__type_support.cpp.o
[52.552s] [ 16%] Building CXX object CMakeFiles/dsr_msgs2__rosidl_typesupport_cpp.dir/rosidl_typesupport_cpp/dsr_msgs2/msg/robot_state_rt__type_support.cpp.o
[53.008s] [ 16%] Building CXX object CMakeFiles/dsr_msgs2__rosidl_typesupport_cpp.dir/rosidl_typesupport_cpp/dsr_msgs2/msg/servoj_rt_stream__type_support.cpp.o
[53.057s] [ 16%] Building CXX object CMakeFiles/dsr_msgs2__rosidl_typesupport_cpp.dir/rosidl_typesupport_cpp/dsr_msgs2/msg/servol_rt_stream__type_support.cpp.o
[53.281s] [ 16%] Building CXX object CMakeFiles/dsr_msgs2__rosidl_typesupport_cpp.dir/rosidl_typesupport_cpp/dsr_msgs2/msg/speedj_rt_stream__type_support.cpp.o
[53.696s] [ 16%] Building CXX object CMakeFiles/dsr_msgs2__rosidl_typesupport_cpp.dir/rosidl_typesupport_cpp/dsr_msgs2/msg/speedl_rt_stream__type_support.cpp.o
[53.774s] [ 17%] Building CXX object CMakeFiles/dsr_msgs2__rosidl_typesupport_cpp.dir/rosidl_typesupport_cpp/dsr_msgs2/msg/torque_rt_stream__type_support.cpp.o
[53.847s] [ 17%] Building CXX object CMakeFiles/dsr_msgs2__rosidl_typesupport_cpp.dir/rosidl_typesupport_cpp/dsr_msgs2/srv/set_robot_mode__type_support.cpp.o
[54.279s] [ 17%] Building CXX object CMakeFiles/dsr_msgs2__rosidl_typesupport_cpp.dir/rosidl_typesupport_cpp/dsr_msgs2/srv/get_robot_mode__type_support.cpp.o
[54.400s] [ 17%] Building CXX object CMakeFiles/dsr_msgs2__rosidl_typesupport_cpp.dir/rosidl_typesupport_cpp/dsr_msgs2/srv/set_robot_system__type_support.cpp.o
[54.493s] [ 17%] Building CXX object CMakeFiles/dsr_msgs2__rosidl_typesupport_cpp.dir/rosidl_typesupport_cpp/dsr_msgs2/srv/get_robot_system__type_support.cpp.o
[54.923s] [ 17%] Building CXX object CMakeFiles/dsr_msgs2__rosidl_typesupport_cpp.dir/rosidl_typesupport_cpp/dsr_msgs2/srv/set_robot_speed_mode__type_support.cpp.o
[54.993s] [ 17%] Building CXX object CMakeFiles/dsr_msgs2__rosidl_typesupport_cpp.dir/rosidl_typesupport_cpp/dsr_msgs2/srv/get_robot_speed_mode__type_support.cpp.o
[55.009s] [ 17%] Building CXX object CMakeFiles/dsr_msgs2__rosidl_typesupport_cpp.dir/rosidl_typesupport_cpp/dsr_msgs2/srv/get_current_pose__type_support.cpp.o
[55.464s] [ 17%] Building CXX object CMakeFiles/dsr_msgs2__rosidl_typesupport_cpp.dir/rosidl_typesupport_cpp/dsr_msgs2/srv/set_safe_stop_reset_type__type_support.cpp.o
[55.584s] [ 17%] Building CXX object CMakeFiles/dsr_msgs2__rosidl_typesupport_cpp.dir/rosidl_typesupport_cpp/dsr_msgs2/srv/get_last_alarm__type_support.cpp.o
[55.643s] [ 17%] Building CXX object CMakeFiles/dsr_msgs2__rosidl_typesupport_cpp.dir/rosidl_typesupport_cpp/dsr_msgs2/srv/get_robot_state__type_support.cpp.o
[55.947s] [ 17%] Building CXX object CMakeFiles/dsr_msgs2__rosidl_typesupport_cpp.dir/rosidl_typesupport_cpp/dsr_msgs2/srv/servo_off__type_support.cpp.o
[56.185s] [ 18%] Building CXX object CMakeFiles/dsr_msgs2__rosidl_typesupport_cpp.dir/rosidl_typesupport_cpp/dsr_msgs2/srv/set_robot_control__type_support.cpp.o
[56.307s] [ 18%] Building CXX object CMakeFiles/dsr_msgs2__rosidl_typesupport_cpp.dir/rosidl_typesupport_cpp/dsr_msgs2/srv/change_collision_sensitivity__type_support.cpp.o
[56.441s] [ 18%] Building CXX object CMakeFiles/dsr_msgs2__rosidl_typesupport_cpp.dir/rosidl_typesupport_cpp/dsr_msgs2/srv/set_safety_mode__type_support.cpp.o
[56.636s] [ 18%] Building CXX object CMakeFiles/dsr_msgs2__rosidl_typesupport_cpp.dir/rosidl_typesupport_cpp/dsr_msgs2/srv/move_joint__type_support.cpp.o
[56.731s] [ 18%] Building CXX object CMakeFiles/dsr_msgs2__rosidl_typesupport_cpp.dir/rosidl_typesupport_cpp/dsr_msgs2/srv/move_line__type_support.cpp.o
[56.850s] [ 18%] Building CXX object CMakeFiles/dsr_msgs2__rosidl_typesupport_cpp.dir/rosidl_typesupport_cpp/dsr_msgs2/srv/move_jointx__type_support.cpp.o
[57.088s] [ 18%] Building CXX object CMakeFiles/dsr_msgs2__rosidl_typesupport_cpp.dir/rosidl_typesupport_cpp/dsr_msgs2/srv/move_circle__type_support.cpp.o
[57.206s] [ 18%] Building CXX object CMakeFiles/dsr_msgs2__rosidl_typesupport_cpp.dir/rosidl_typesupport_cpp/dsr_msgs2/srv/move_spline_joint__type_support.cpp.o
[57.248s] [ 18%] Building CXX object CMakeFiles/dsr_msgs2__rosidl_typesupport_c.dir/rosidl_typesupport_c/dsr_msgs2/msg/log_alarm__type_support.cpp.o
[57.327s] [ 18%] Building CXX object CMakeFiles/dsr_msgs2__rosidl_typesupport_c.dir/rosidl_typesupport_c/dsr_msgs2/msg/modbus_state__type_support.cpp.o
[57.348s] [ 18%] Building CXX object CMakeFiles/dsr_msgs2__rosidl_typesupport_c.dir/rosidl_typesupport_c/dsr_msgs2/msg/robot_error__type_support.cpp.o
[57.400s] [ 18%] Building CXX object CMakeFiles/dsr_msgs2__rosidl_typesupport_c.dir/rosidl_typesupport_c/dsr_msgs2/msg/robot_state__type_support.cpp.o
[57.418s] [ 18%] Building CXX object CMakeFiles/dsr_msgs2__rosidl_typesupport_c.dir/rosidl_typesupport_c/dsr_msgs2/msg/robot_stop__type_support.cpp.o
[57.466s] [ 18%] Building CXX object CMakeFiles/dsr_msgs2__rosidl_typesupport_c.dir/rosidl_typesupport_c/dsr_msgs2/msg/jog_multi_axis__type_support.cpp.o
[57.488s] [ 18%] Building CXX object CMakeFiles/dsr_msgs2__rosidl_typesupport_cpp.dir/rosidl_typesupport_cpp/dsr_msgs2/srv/move_spline_task__type_support.cpp.o
[57.535s] [ 18%] Building CXX object CMakeFiles/dsr_msgs2__rosidl_typesupport_c.dir/rosidl_typesupport_c/dsr_msgs2/msg/alter_motion_stream__type_support.cpp.o
[57.544s] [ 18%] Building CXX object CMakeFiles/dsr_msgs2__rosidl_typesupport_cpp.dir/rosidl_typesupport_cpp/dsr_msgs2/srv/move_blending__type_support.cpp.o
[57.583s] [ 18%] Building CXX object CMakeFiles/dsr_msgs2__rosidl_typesupport_c.dir/rosidl_typesupport_c/dsr_msgs2/msg/servoj_stream__type_support.cpp.o
[57.629s] [ 18%] Building CXX object CMakeFiles/dsr_msgs2__rosidl_typesupport_c.dir/rosidl_typesupport_c/dsr_msgs2/msg/servol_stream__type_support.cpp.o
[57.644s] [ 18%] Building CXX object CMakeFiles/dsr_msgs2__rosidl_typesupport_c.dir/rosidl_typesupport_c/dsr_msgs2/msg/speedj_stream__type_support.cpp.o
[57.691s] [ 18%] Building CXX object CMakeFiles/dsr_msgs2__rosidl_typesupport_c.dir/rosidl_typesupport_c/dsr_msgs2/msg/speedl_stream__type_support.cpp.o
[57.703s] [ 19%] Building CXX object CMakeFiles/dsr_msgs2__rosidl_typesupport_c.dir/rosidl_typesupport_c/dsr_msgs2/msg/robot_state_rt__type_support.cpp.o
[57.765s] [ 19%] Building CXX object CMakeFiles/dsr_msgs2__rosidl_typesupport_c.dir/rosidl_typesupport_c/dsr_msgs2/msg/servoj_rt_stream__type_support.cpp.o
[57.773s] [ 19%] Building CXX object CMakeFiles/dsr_msgs2__rosidl_typesupport_cpp.dir/rosidl_typesupport_cpp/dsr_msgs2/srv/move_spiral__type_support.cpp.o
[57.845s] [ 19%] Building CXX object CMakeFiles/dsr_msgs2__rosidl_typesupport_c.dir/rosidl_typesupport_c/dsr_msgs2/msg/servol_rt_stream__type_support.cpp.o
[57.925s] [ 19%] Building CXX object CMakeFiles/dsr_msgs2__rosidl_typesupport_c.dir/rosidl_typesupport_c/dsr_msgs2/msg/speedj_rt_stream__type_support.cpp.o
[57.939s] [ 19%] Building CXX object CMakeFiles/dsr_msgs2__rosidl_typesupport_cpp.dir/rosidl_typesupport_cpp/dsr_msgs2/srv/move_periodic__type_support.cpp.o
[57.993s] [ 19%] Building CXX object CMakeFiles/dsr_msgs2__rosidl_typesupport_c.dir/rosidl_typesupport_c/dsr_msgs2/msg/speedl_rt_stream__type_support.cpp.o
[58.011s] [ 20%] Building CXX object CMakeFiles/dsr_msgs2__rosidl_typesupport_cpp.dir/rosidl_typesupport_cpp/dsr_msgs2/srv/move_wait__type_support.cpp.o
[58.085s] [ 20%] Building CXX object CMakeFiles/dsr_msgs2__rosidl_typesupport_c.dir/rosidl_typesupport_c/dsr_msgs2/msg/torque_rt_stream__type_support.cpp.o
[58.157s] [ 20%] Building CXX object CMakeFiles/dsr_msgs2__rosidl_typesupport_c.dir/rosidl_typesupport_c/dsr_msgs2/srv/set_robot_mode__type_support.cpp.o
[58.214s] [ 20%] Building CXX object CMakeFiles/dsr_msgs2__rosidl_typesupport_cpp.dir/rosidl_typesupport_cpp/dsr_msgs2/srv/jog__type_support.cpp.o
[58.227s] [ 20%] Building CXX object CMakeFiles/dsr_msgs2__rosidl_typesupport_c.dir/rosidl_typesupport_c/dsr_msgs2/srv/get_robot_mode__type_support.cpp.o
[58.308s] [ 20%] Building CXX object CMakeFiles/dsr_msgs2__rosidl_typesupport_c.dir/rosidl_typesupport_c/dsr_msgs2/srv/set_robot_system__type_support.cpp.o
[58.378s] [ 20%] Building CXX object CMakeFiles/dsr_msgs2__rosidl_typesupport_c.dir/rosidl_typesupport_c/dsr_msgs2/srv/get_robot_system__type_support.cpp.o
[58.390s] [ 20%] Building CXX object CMakeFiles/dsr_msgs2__rosidl_typesupport_cpp.dir/rosidl_typesupport_cpp/dsr_msgs2/srv/jog_multi__type_support.cpp.o
[58.445s] [ 20%] Building CXX object CMakeFiles/dsr_msgs2__rosidl_typesupport_c.dir/rosidl_typesupport_c/dsr_msgs2/srv/set_robot_speed_mode__type_support.cpp.o
[58.478s] [ 20%] Building CXX object CMakeFiles/dsr_msgs2__rosidl_typesupport_c.dir/rosidl_typesupport_c/dsr_msgs2/srv/get_robot_speed_mode__type_support.cpp.o
[58.535s] [ 20%] Building CXX object CMakeFiles/dsr_msgs2__rosidl_typesupport_cpp.dir/rosidl_typesupport_cpp/dsr_msgs2/srv/move_stop__type_support.cpp.o
[58.552s] [ 21%] Building CXX object CMakeFiles/dsr_msgs2__rosidl_typesupport_c.dir/rosidl_typesupport_c/dsr_msgs2/srv/get_current_pose__type_support.cpp.o
[58.646s] [ 21%] Building CXX object CMakeFiles/dsr_msgs2__rosidl_typesupport_c.dir/rosidl_typesupport_c/dsr_msgs2/srv/set_safe_stop_reset_type__type_support.cpp.o
[58.667s] [ 21%] Building CXX object CMakeFiles/dsr_msgs2__rosidl_typesupport_c.dir/rosidl_typesupport_c/dsr_msgs2/srv/get_last_alarm__type_support.cpp.o
[58.724s] [ 21%] Building CXX object CMakeFiles/dsr_msgs2__rosidl_typesupport_c.dir/rosidl_typesupport_c/dsr_msgs2/srv/get_robot_state__type_support.cpp.o
[58.749s] [ 21%] Building CXX object CMakeFiles/dsr_msgs2__rosidl_typesupport_cpp.dir/rosidl_typesupport_cpp/dsr_msgs2/srv/move_pause__type_support.cpp.o
[58.810s] [ 21%] Building CXX object CMakeFiles/dsr_msgs2__rosidl_typesupport_c.dir/rosidl_typesupport_c/dsr_msgs2/srv/servo_off__type_support.cpp.o
[58.840s] [ 21%] Building CXX object CMakeFiles/dsr_msgs2__rosidl_typesupport_c.dir/rosidl_typesupport_c/dsr_msgs2/srv/set_robot_control__type_support.cpp.o
[58.891s] [ 21%] Building CXX object CMakeFiles/dsr_msgs2__rosidl_typesupport_c.dir/rosidl_typesupport_c/dsr_msgs2/srv/change_collision_sensitivity__type_support.cpp.o
[58.927s] [ 21%] Building CXX object CMakeFiles/dsr_msgs2__rosidl_typesupport_cpp.dir/rosidl_typesupport_cpp/dsr_msgs2/srv/move_resume__type_support.cpp.o
[58.961s] [ 21%] Building CXX object CMakeFiles/dsr_msgs2__rosidl_typesupport_c.dir/rosidl_typesupport_c/dsr_msgs2/srv/move_joint__type_support.cpp.o
[58.964s] [ 21%] Building CXX object CMakeFiles/dsr_msgs2__rosidl_typesupport_c.dir/rosidl_typesupport_c/dsr_msgs2/srv/set_safety_mode__type_support.cpp.o
[59.034s] [ 21%] Building CXX object CMakeFiles/dsr_msgs2__rosidl_typesupport_c.dir/rosidl_typesupport_c/dsr_msgs2/srv/move_line__type_support.cpp.o
[59.047s] [ 21%] Building CXX object CMakeFiles/dsr_msgs2__rosidl_typesupport_cpp.dir/rosidl_typesupport_cpp/dsr_msgs2/srv/trans__type_support.cpp.o
[59.123s] [ 21%] Building CXX object CMakeFiles/dsr_msgs2__rosidl_typesupport_c.dir/rosidl_typesupport_c/dsr_msgs2/srv/move_jointx__type_support.cpp.o
[59.169s] [ 21%] Building CXX object CMakeFiles/dsr_msgs2__rosidl_typesupport_cpp.dir/rosidl_typesupport_cpp/dsr_msgs2/srv/fkin__type_support.cpp.o
[59.194s] [ 21%] Building CXX object CMakeFiles/dsr_msgs2__rosidl_typesupport_c.dir/rosidl_typesupport_c/dsr_msgs2/srv/move_circle__type_support.cpp.o
[59.290s] [ 22%] Building CXX object CMakeFiles/dsr_msgs2__rosidl_typesupport_c.dir/rosidl_typesupport_c/dsr_msgs2/srv/move_spline_joint__type_support.cpp.o
[59.388s] [ 22%] Building CXX object CMakeFiles/dsr_msgs2__rosidl_typesupport_c.dir/rosidl_typesupport_c/dsr_msgs2/srv/move_spline_task__type_support.cpp.o
[59.456s] [ 22%] Building CXX object CMakeFiles/dsr_msgs2__rosidl_typesupport_c.dir/rosidl_typesupport_c/dsr_msgs2/srv/move_blending__type_support.cpp.o
[59.467s] [ 22%] Building CXX object CMakeFiles/dsr_msgs2__rosidl_typesupport_cpp.dir/rosidl_typesupport_cpp/dsr_msgs2/srv/ikin__type_support.cpp.o
[59.492s] [ 22%] Building CXX object CMakeFiles/dsr_msgs2__rosidl_typesupport_c.dir/rosidl_typesupport_c/dsr_msgs2/srv/move_spiral__type_support.cpp.o
[59.523s] [ 22%] Building CXX object CMakeFiles/dsr_msgs2__rosidl_typesupport_cpp.dir/rosidl_typesupport_cpp/dsr_msgs2/srv/set_ref_coord__type_support.cpp.o
[59.561s] [ 22%] Building CXX object CMakeFiles/dsr_msgs2__rosidl_typesupport_c.dir/rosidl_typesupport_c/dsr_msgs2/srv/move_periodic__type_support.cpp.o
[59.604s] [ 22%] Building CXX object CMakeFiles/dsr_msgs2__rosidl_typesupport_c.dir/rosidl_typesupport_c/dsr_msgs2/srv/move_wait__type_support.cpp.o
[59.654s] [ 22%] Building CXX object CMakeFiles/dsr_msgs2__rosidl_typesupport_c.dir/rosidl_typesupport_c/dsr_msgs2/srv/jog__type_support.cpp.o
[59.668s] [ 22%] Building CXX object CMakeFiles/dsr_msgs2__rosidl_typesupport_c.dir/rosidl_typesupport_c/dsr_msgs2/srv/jog_multi__type_support.cpp.o
[59.724s] [ 22%] Building CXX object CMakeFiles/dsr_msgs2__rosidl_typesupport_cpp.dir/rosidl_typesupport_cpp/dsr_msgs2/srv/move_home__type_support.cpp.o
[59.737s] [ 22%] Building CXX object CMakeFiles/dsr_msgs2__rosidl_typesupport_c.dir/rosidl_typesupport_c/dsr_msgs2/srv/move_stop__type_support.cpp.o
[59.813s] [ 22%] Building CXX object CMakeFiles/dsr_msgs2__rosidl_typesupport_c.dir/rosidl_typesupport_c/dsr_msgs2/srv/move_pause__type_support.cpp.o
[59.866s] [ 22%] Building CXX object CMakeFiles/dsr_msgs2__rosidl_typesupport_c.dir/rosidl_typesupport_c/dsr_msgs2/srv/move_resume__type_support.cpp.o
[59.897s] [ 22%] Building CXX object CMakeFiles/dsr_msgs2__rosidl_typesupport_cpp.dir/rosidl_typesupport_cpp/dsr_msgs2/srv/check_motion__type_support.cpp.o
[59.918s] [ 22%] Building CXX object CMakeFiles/dsr_msgs2__rosidl_typesupport_c.dir/rosidl_typesupport_c/dsr_msgs2/srv/trans__type_support.cpp.o
[59.940s] [ 23%] Building CXX object CMakeFiles/dsr_msgs2__rosidl_typesupport_c.dir/rosidl_typesupport_c/dsr_msgs2/srv/fkin__type_support.cpp.o
[59.992s] [ 24%] Building CXX object CMakeFiles/dsr_msgs2__rosidl_typesupport_cpp.dir/rosidl_typesupport_cpp/dsr_msgs2/srv/change_operation_speed__type_support.cpp.o
[60.003s] [ 24%] Building CXX object CMakeFiles/dsr_msgs2__rosidl_typesupport_c.dir/rosidl_typesupport_c/dsr_msgs2/srv/ikin__type_support.cpp.o
[60.050s] [ 24%] Building CXX object CMakeFiles/dsr_msgs2__rosidl_typesupport_c.dir/rosidl_typesupport_c/dsr_msgs2/srv/set_ref_coord__type_support.cpp.o
[60.106s] [ 24%] Building CXX object CMakeFiles/dsr_msgs2__rosidl_typesupport_c.dir/rosidl_typesupport_c/dsr_msgs2/srv/move_home__type_support.cpp.o
[60.163s] [ 24%] Building CXX object CMakeFiles/dsr_msgs2__rosidl_typesupport_c.dir/rosidl_typesupport_c/dsr_msgs2/srv/check_motion__type_support.cpp.o
[60.191s] [ 24%] Building CXX object CMakeFiles/dsr_msgs2__rosidl_typesupport_cpp.dir/rosidl_typesupport_cpp/dsr_msgs2/srv/enable_alter_motion__type_support.cpp.o
[60.214s] [ 24%] Building CXX object CMakeFiles/dsr_msgs2__rosidl_typesupport_c.dir/rosidl_typesupport_c/dsr_msgs2/srv/change_operation_speed__type_support.cpp.o
[60.268s] [ 24%] Building CXX object CMakeFiles/dsr_msgs2__rosidl_typesupport_c.dir/rosidl_typesupport_c/dsr_msgs2/srv/enable_alter_motion__type_support.cpp.o
[60.325s] [ 24%] Building CXX object CMakeFiles/dsr_msgs2__rosidl_typesupport_c.dir/rosidl_typesupport_c/dsr_msgs2/srv/alter_motion__type_support.cpp.o
[60.377s] [ 24%] Building CXX object CMakeFiles/dsr_msgs2__rosidl_typesupport_c.dir/rosidl_typesupport_c/dsr_msgs2/srv/disable_alter_motion__type_support.cpp.o
[60.378s] [ 24%] Building CXX object CMakeFiles/dsr_msgs2__rosidl_typesupport_c.dir/rosidl_typesupport_c/dsr_msgs2/srv/set_singularity_handling__type_support.cpp.o
[60.424s] [ 24%] Building CXX object CMakeFiles/dsr_msgs2__rosidl_typesupport_c.dir/rosidl_typesupport_c/dsr_msgs2/srv/get_control_mode__type_support.cpp.o
[60.430s] [ 24%] Building CXX object CMakeFiles/dsr_msgs2__rosidl_typesupport_cpp.dir/rosidl_typesupport_cpp/dsr_msgs2/srv/alter_motion__type_support.cpp.o
[60.447s] [ 24%] Building CXX object CMakeFiles/dsr_msgs2__rosidl_typesupport_introspection_cpp.dir/rosidl_typesupport_introspection_cpp/dsr_msgs2/msg/detail/log_alarm__type_support.cpp.o
[60.478s] [ 24%] Building CXX object CMakeFiles/dsr_msgs2__rosidl_typesupport_introspection_cpp.dir/rosidl_typesupport_introspection_cpp/dsr_msgs2/msg/detail/modbus_state__type_support.cpp.o
[60.487s] [ 24%] Building CXX object CMakeFiles/dsr_msgs2__rosidl_typesupport_c.dir/rosidl_typesupport_c/dsr_msgs2/srv/get_control_space__type_support.cpp.o
[60.579s] [ 25%] Building CXX object CMakeFiles/dsr_msgs2__rosidl_typesupport_c.dir/rosidl_typesupport_c/dsr_msgs2/srv/get_current_posj__type_support.cpp.o
[60.637s] [ 25%] Building CXX object CMakeFiles/dsr_msgs2__rosidl_typesupport_introspection_cpp.dir/rosidl_typesupport_introspection_cpp/dsr_msgs2/msg/detail/robot_error__type_support.cpp.o
[60.690s] [ 25%] Building CXX object CMakeFiles/dsr_msgs2__rosidl_typesupport_c.dir/rosidl_typesupport_c/dsr_msgs2/srv/get_desired_posj__type_support.cpp.o
[60.784s] [ 25%] Building CXX object CMakeFiles/dsr_msgs2__rosidl_typesupport_c.dir/rosidl_typesupport_c/dsr_msgs2/srv/get_current_velj__type_support.cpp.o
[60.877s] [ 25%] Building CXX object CMakeFiles/dsr_msgs2__rosidl_typesupport_c.dir/rosidl_typesupport_c/dsr_msgs2/srv/get_desired_velj__type_support.cpp.o
[60.983s] [ 25%] Building CXX object CMakeFiles/dsr_msgs2__rosidl_typesupport_c.dir/rosidl_typesupport_c/dsr_msgs2/srv/get_current_posx__type_support.cpp.o
[61.031s] [ 25%] Building CXX object CMakeFiles/dsr_msgs2__rosidl_typesupport_cpp.dir/rosidl_typesupport_cpp/dsr_msgs2/srv/disable_alter_motion__type_support.cpp.o
[61.059s] [ 25%] Building CXX object CMakeFiles/dsr_msgs2__rosidl_typesupport_c.dir/rosidl_typesupport_c/dsr_msgs2/srv/get_current_tool_flange_posx__type_support.cpp.o
[61.161s] [ 25%] Building CXX object CMakeFiles/dsr_msgs2__rosidl_typesupport_c.dir/rosidl_typesupport_c/dsr_msgs2/srv/get_current_velx__type_support.cpp.o
[61.243s] [ 25%] Building CXX object CMakeFiles/dsr_msgs2__rosidl_typesupport_c.dir/rosidl_typesupport_c/dsr_msgs2/srv/get_desired_posx__type_support.cpp.o
[61.245s] [ 25%] Building CXX object CMakeFiles/dsr_msgs2__rosidl_typesupport_cpp.dir/rosidl_typesupport_cpp/dsr_msgs2/srv/set_singularity_handling__type_support.cpp.o
[61.309s] [ 25%] Building CXX object CMakeFiles/dsr_msgs2__rosidl_typesupport_c.dir/rosidl_typesupport_c/dsr_msgs2/srv/get_desired_velx__type_support.cpp.o
[61.311s] [ 25%] Building CXX object CMakeFiles/dsr_msgs2__rosidl_typesupport_cpp.dir/rosidl_typesupport_cpp/dsr_msgs2/srv/get_control_mode__type_support.cpp.o
[61.365s] [ 25%] Building CXX object CMakeFiles/dsr_msgs2__rosidl_typesupport_c.dir/rosidl_typesupport_c/dsr_msgs2/srv/get_current_solution_space__type_support.cpp.o
[61.403s] [ 25%] Building CXX object CMakeFiles/dsr_msgs2__rosidl_typesupport_introspection_cpp.dir/rosidl_typesupport_introspection_cpp/dsr_msgs2/msg/detail/robot_state__type_support.cpp.o
[61.434s] [ 25%] Building CXX object CMakeFiles/dsr_msgs2__rosidl_typesupport_c.dir/rosidl_typesupport_c/dsr_msgs2/srv/get_current_rotm__type_support.cpp.o
[61.528s] [ 25%] Building CXX object CMakeFiles/dsr_msgs2__rosidl_typesupport_c.dir/rosidl_typesupport_c/dsr_msgs2/srv/get_joint_torque__type_support.cpp.o
[61.578s] [ 26%] Building CXX object CMakeFiles/dsr_msgs2__rosidl_typesupport_c.dir/rosidl_typesupport_c/dsr_msgs2/srv/get_external_torque__type_support.cpp.o
[61.642s] [ 26%] Building CXX object CMakeFiles/dsr_msgs2__rosidl_typesupport_c.dir/rosidl_typesupport_c/dsr_msgs2/srv/get_tool_force__type_support.cpp.o
[61.650s] [ 26%] Building CXX object CMakeFiles/dsr_msgs2__rosidl_typesupport_cpp.dir/rosidl_typesupport_cpp/dsr_msgs2/srv/get_control_space__type_support.cpp.o
[61.745s] [ 26%] Building CXX object CMakeFiles/dsr_msgs2__rosidl_typesupport_c.dir/rosidl_typesupport_c/dsr_msgs2/srv/get_solution_space__type_support.cpp.o
[61.748s] [ 26%] Building CXX object CMakeFiles/dsr_msgs2__rosidl_typesupport_c.dir/rosidl_typesupport_c/dsr_msgs2/srv/get_orientation_error__type_support.cpp.o
[61.822s] [ 27%] Building CXX object CMakeFiles/dsr_msgs2__rosidl_typesupport_introspection_cpp.dir/rosidl_typesupport_introspection_cpp/dsr_msgs2/msg/detail/robot_stop__type_support.cpp.o
[61.827s] [ 27%] Building CXX object CMakeFiles/dsr_msgs2__rosidl_typesupport_cpp.dir/rosidl_typesupport_cpp/dsr_msgs2/srv/get_current_posj__type_support.cpp.o
[61.835s] [ 27%] Building CXX object CMakeFiles/dsr_msgs2__rosidl_typesupport_c.dir/rosidl_typesupport_c/dsr_msgs2/srv/parallel_axis1__type_support.cpp.o
[61.921s] [ 27%] Building CXX object CMakeFiles/dsr_msgs2__rosidl_typesupport_c.dir/rosidl_typesupport_c/dsr_msgs2/srv/parallel_axis2__type_support.cpp.o
[62.018s] [ 27%] Building CXX object CMakeFiles/dsr_msgs2__rosidl_typesupport_c.dir/rosidl_typesupport_c/dsr_msgs2/srv/align_axis1__type_support.cpp.o
[62.099s] [ 27%] Building CXX object CMakeFiles/dsr_msgs2__rosidl_typesupport_c.dir/rosidl_typesupport_c/dsr_msgs2/srv/align_axis2__type_support.cpp.o
[62.188s] [ 27%] Building CXX object CMakeFiles/dsr_msgs2__rosidl_typesupport_c.dir/rosidl_typesupport_c/dsr_msgs2/srv/is_done_bolt_tightening__type_support.cpp.o
[62.235s] [ 27%] Building CXX object CMakeFiles/dsr_msgs2__rosidl_typesupport_c.dir/rosidl_typesupport_c/dsr_msgs2/srv/release_compliance_ctrl__type_support.cpp.o
[62.259s] [ 27%] Building CXX object CMakeFiles/dsr_msgs2__rosidl_typesupport_introspection_cpp.dir/rosidl_typesupport_introspection_cpp/dsr_msgs2/msg/detail/jog_multi_axis__type_support.cpp.o
[62.289s] [ 27%] Building CXX object CMakeFiles/dsr_msgs2__rosidl_typesupport_c.dir/rosidl_typesupport_c/dsr_msgs2/srv/task_compliance_ctrl__type_support.cpp.o
[62.349s] [ 27%] Building CXX object CMakeFiles/dsr_msgs2__rosidl_typesupport_c.dir/rosidl_typesupport_c/dsr_msgs2/srv/set_stiffnessx__type_support.cpp.o
[62.367s] [ 27%] Building CXX object CMakeFiles/dsr_msgs2__rosidl_typesupport_cpp.dir/rosidl_typesupport_cpp/dsr_msgs2/srv/get_desired_posj__type_support.cpp.o
[62.406s] [ 28%] Building CXX object CMakeFiles/dsr_msgs2__rosidl_typesupport_c.dir/rosidl_typesupport_c/dsr_msgs2/srv/calc_coord__type_support.cpp.o
[62.466s] [ 28%] Building CXX object CMakeFiles/dsr_msgs2__rosidl_typesupport_c.dir/rosidl_typesupport_c/dsr_msgs2/srv/set_user_cart_coord1__type_support.cpp.o
[62.529s] [ 28%] Building CXX object CMakeFiles/dsr_msgs2__rosidl_typesupport_c.dir/rosidl_typesupport_c/dsr_msgs2/srv/set_user_cart_coord2__type_support.cpp.o
[62.579s] [ 28%] Building CXX object CMakeFiles/dsr_msgs2__rosidl_typesupport_c.dir/rosidl_typesupport_c/dsr_msgs2/srv/set_user_cart_coord3__type_support.cpp.o
[62.633s] [ 28%] Building CXX object CMakeFiles/dsr_msgs2__rosidl_typesupport_c.dir/rosidl_typesupport_c/dsr_msgs2/srv/overwrite_user_cart_coord__type_support.cpp.o
[62.688s] [ 28%] Building CXX object CMakeFiles/dsr_msgs2__rosidl_typesupport_c.dir/rosidl_typesupport_c/dsr_msgs2/srv/get_user_cart_coord__type_support.cpp.o
[62.715s] [ 28%] Building CXX object CMakeFiles/dsr_msgs2__rosidl_typesupport_introspection_cpp.dir/rosidl_typesupport_introspection_cpp/dsr_msgs2/msg/detail/alter_motion_stream__type_support.cpp.o
[62.753s] [ 28%] Building CXX object CMakeFiles/dsr_msgs2__rosidl_typesupport_c.dir/rosidl_typesupport_c/dsr_msgs2/srv/set_desired_force__type_support.cpp.o
[62.766s] [ 28%] Building CXX object CMakeFiles/dsr_msgs2__rosidl_typesupport_introspection_cpp.dir/rosidl_typesupport_introspection_cpp/dsr_msgs2/msg/detail/servoj_stream__type_support.cpp.o
[62.811s] [ 28%] Building CXX object CMakeFiles/dsr_msgs2__rosidl_typesupport_c.dir/rosidl_typesupport_c/dsr_msgs2/srv/release_force__type_support.cpp.o
[62.884s] [ 28%] Building CXX object CMakeFiles/dsr_msgs2__rosidl_typesupport_c.dir/rosidl_typesupport_c/dsr_msgs2/srv/check_position_condition__type_support.cpp.o
[62.944s] [ 28%] Building CXX object CMakeFiles/dsr_msgs2__rosidl_typesupport_cpp.dir/rosidl_typesupport_cpp/dsr_msgs2/srv/get_current_velj__type_support.cpp.o
[62.957s] [ 28%] Building CXX object CMakeFiles/dsr_msgs2__rosidl_typesupport_c.dir/rosidl_typesupport_c/dsr_msgs2/srv/check_force_condition__type_support.cpp.o
[63.030s] [ 28%] Building CXX object CMakeFiles/dsr_msgs2__rosidl_typesupport_c.dir/rosidl_typesupport_c/dsr_msgs2/srv/check_orientation_condition1__type_support.cpp.o
[63.111s] [ 29%] Building CXX object CMakeFiles/dsr_msgs2__rosidl_typesupport_c.dir/rosidl_typesupport_c/dsr_msgs2/srv/check_orientation_condition2__type_support.cpp.o
[63.111s] [ 29%] Building CXX object CMakeFiles/dsr_msgs2__rosidl_typesupport_c.dir/rosidl_typesupport_c/dsr_msgs2/srv/coord_transform__type_support.cpp.o
[63.183s] [ 29%] Building CXX object CMakeFiles/dsr_msgs2__rosidl_typesupport_cpp.dir/rosidl_typesupport_cpp/dsr_msgs2/srv/get_desired_velj__type_support.cpp.o
[63.188s] [ 29%] Building CXX object CMakeFiles/dsr_msgs2__rosidl_typesupport_c.dir/rosidl_typesupport_c/dsr_msgs2/srv/get_workpiece_weight__type_support.cpp.o
[63.241s] [ 29%] Building CXX object CMakeFiles/dsr_msgs2__rosidl_typesupport_c.dir/rosidl_typesupport_c/dsr_msgs2/srv/reset_workpiece_weight__type_support.cpp.o
[63.321s] [ 29%] Building CXX object CMakeFiles/dsr_msgs2__rosidl_typesupport_c.dir/rosidl_typesupport_c/dsr_msgs2/srv/config_create_tool__type_support.cpp.o
[63.382s] [ 29%] Building CXX object CMakeFiles/dsr_msgs2__rosidl_typesupport_c.dir/rosidl_typesupport_c/dsr_msgs2/srv/config_delete_tool__type_support.cpp.o
[63.443s] [ 29%] Building CXX object CMakeFiles/dsr_msgs2__rosidl_typesupport_c.dir/rosidl_typesupport_c/dsr_msgs2/srv/set_current_tool__type_support.cpp.o
[63.455s] [ 29%] Building CXX object CMakeFiles/dsr_msgs2__rosidl_typesupport_cpp.dir/rosidl_typesupport_cpp/dsr_msgs2/srv/get_current_posx__type_support.cpp.o
[63.505s] [ 29%] Building CXX object CMakeFiles/dsr_msgs2__rosidl_typesupport_introspection_cpp.dir/rosidl_typesupport_introspection_cpp/dsr_msgs2/msg/detail/servol_stream__type_support.cpp.o
[63.539s] [ 29%] Building CXX object CMakeFiles/dsr_msgs2__rosidl_typesupport_c.dir/rosidl_typesupport_c/dsr_msgs2/srv/get_current_tool__type_support.cpp.o
[63.549s] [ 29%] Building CXX object CMakeFiles/dsr_msgs2__rosidl_typesupport_c.dir/rosidl_typesupport_c/dsr_msgs2/srv/set_tool_shape__type_support.cpp.o
[63.646s] [ 29%] Building CXX object CMakeFiles/dsr_msgs2__rosidl_typesupport_c.dir/rosidl_typesupport_c/dsr_msgs2/srv/config_create_tcp__type_support.cpp.o
[63.653s] [ 30%] Building CXX object CMakeFiles/dsr_msgs2__rosidl_typesupport_cpp.dir/rosidl_typesupport_cpp/dsr_msgs2/srv/get_current_tool_flange_posx__type_support.cpp.o
[63.717s] [ 30%] Building CXX object CMakeFiles/dsr_msgs2__rosidl_typesupport_c.dir/rosidl_typesupport_c/dsr_msgs2/srv/config_delete_tcp__type_support.cpp.o
[63.757s] [ 30%] Building CXX object CMakeFiles/dsr_msgs2__rosidl_typesupport_c.dir/rosidl_typesupport_c/dsr_msgs2/srv/set_current_tcp__type_support.cpp.o
[63.798s] [ 30%] Building CXX object CMakeFiles/dsr_msgs2__rosidl_typesupport_introspection_cpp.dir/rosidl_typesupport_introspection_cpp/dsr_msgs2/msg/detail/speedj_stream__type_support.cpp.o
[63.836s] [ 31%] Building CXX object CMakeFiles/dsr_msgs2__rosidl_typesupport_c.dir/rosidl_typesupport_c/dsr_msgs2/srv/get_current_tcp__type_support.cpp.o
[63.922s] [ 31%] Building CXX object CMakeFiles/dsr_msgs2__rosidl_typesupport_c.dir/rosidl_typesupport_c/dsr_msgs2/srv/set_tool_digital_output__type_support.cpp.o
[63.989s] [ 31%] Building CXX object CMakeFiles/dsr_msgs2__rosidl_typesupport_c.dir/rosidl_typesupport_c/dsr_msgs2/srv/get_tool_digital_output__type_support.cpp.o
[64.053s] [ 31%] Building CXX object CMakeFiles/dsr_msgs2__rosidl_typesupport_c.dir/rosidl_typesupport_c/dsr_msgs2/srv/get_tool_digital_input__type_support.cpp.o
[64.061s] [ 31%] Building CXX object CMakeFiles/dsr_msgs2__rosidl_typesupport_introspection_cpp.dir/rosidl_typesupport_introspection_cpp/dsr_msgs2/msg/detail/speedl_stream__type_support.cpp.o
[64.150s] [ 31%] Building CXX object CMakeFiles/dsr_msgs2__rosidl_typesupport_c.dir/rosidl_typesupport_c/dsr_msgs2/srv/set_ctrl_box_digital_output__type_support.cpp.o
[64.220s] [ 31%] Building CXX object CMakeFiles/dsr_msgs2__rosidl_typesupport_cpp.dir/rosidl_typesupport_cpp/dsr_msgs2/srv/get_current_velx__type_support.cpp.o
[64.246s] [ 31%] Building CXX object CMakeFiles/dsr_msgs2__rosidl_typesupport_c.dir/rosidl_typesupport_c/dsr_msgs2/srv/get_ctrl_box_digital_output__type_support.cpp.o
[64.280s] [ 31%] Building CXX object CMakeFiles/dsr_msgs2__rosidl_typesupport_cpp.dir/rosidl_typesupport_cpp/dsr_msgs2/srv/get_desired_posx__type_support.cpp.o
[64.318s] [ 31%] Building CXX object CMakeFiles/dsr_msgs2__rosidl_typesupport_c.dir/rosidl_typesupport_c/dsr_msgs2/srv/get_ctrl_box_digital_input__type_support.cpp.o
[64.392s] [ 31%] Building CXX object CMakeFiles/dsr_msgs2__rosidl_typesupport_c.dir/rosidl_typesupport_c/dsr_msgs2/srv/set_ctrl_box_analog_input_type__type_support.cpp.o
[64.462s] [ 31%] Building CXX object CMakeFiles/dsr_msgs2__rosidl_typesupport_c.dir/rosidl_typesupport_c/dsr_msgs2/srv/set_ctrl_box_analog_output_type__type_support.cpp.o
[64.516s] [ 31%] Building CXX object CMakeFiles/dsr_msgs2__rosidl_typesupport_introspection_cpp.dir/rosidl_typesupport_introspection_cpp/dsr_msgs2/msg/detail/robot_state_rt__type_support.cpp.o
[64.549s] [ 31%] Building CXX object CMakeFiles/dsr_msgs2__rosidl_typesupport_c.dir/rosidl_typesupport_c/dsr_msgs2/srv/set_ctrl_box_analog_output__type_support.cpp.o
[64.629s] [ 31%] Building CXX object CMakeFiles/dsr_msgs2__rosidl_typesupport_c.dir/rosidl_typesupport_c/dsr_msgs2/srv/get_ctrl_box_analog_input__type_support.cpp.o
[64.699s] [ 31%] Building CXX object CMakeFiles/dsr_msgs2__rosidl_typesupport_c.dir/rosidl_typesupport_c/dsr_msgs2/srv/config_create_modbus__type_support.cpp.o
[64.733s] [ 32%] Building CXX object CMakeFiles/dsr_msgs2__rosidl_typesupport_c.dir/rosidl_typesupport_c/dsr_msgs2/srv/config_delete_modbus__type_support.cpp.o
[64.735s] [ 32%] Building CXX object CMakeFiles/dsr_msgs2__rosidl_typesupport_introspection_cpp.dir/rosidl_typesupport_introspection_cpp/dsr_msgs2/msg/detail/servoj_rt_stream__type_support.cpp.o
[64.781s] [ 32%] Building CXX object CMakeFiles/dsr_msgs2__rosidl_typesupport_c.dir/rosidl_typesupport_c/dsr_msgs2/srv/set_modbus_output__type_support.cpp.o
[64.799s] [ 32%] Building CXX object CMakeFiles/dsr_msgs2__rosidl_typesupport_cpp.dir/rosidl_typesupport_cpp/dsr_msgs2/srv/get_desired_velx__type_support.cpp.o
[64.835s] [ 32%] Building CXX object CMakeFiles/dsr_msgs2__rosidl_typesupport_introspection_cpp.dir/rosidl_typesupport_introspection_cpp/dsr_msgs2/msg/detail/servol_rt_stream__type_support.cpp.o
[64.841s] [ 32%] Building CXX object CMakeFiles/dsr_msgs2__rosidl_typesupport_c.dir/rosidl_typesupport_c/dsr_msgs2/srv/get_modbus_input__type_support.cpp.o
[64.894s] [ 32%] Building CXX object CMakeFiles/dsr_msgs2__rosidl_typesupport_c.dir/rosidl_typesupport_c/dsr_msgs2/srv/drl_start__type_support.cpp.o
[64.928s] [ 32%] Building CXX object CMakeFiles/dsr_msgs2__rosidl_typesupport_fastrtps_cpp.dir/rosidl_typesupport_fastrtps_cpp/dsr_msgs2/msg/detail/dds_fastrtps/log_alarm__type_support.cpp.o
[64.943s] [ 32%] Building CXX object CMakeFiles/dsr_msgs2__rosidl_typesupport_c.dir/rosidl_typesupport_c/dsr_msgs2/srv/drl_stop__type_support.cpp.o
[64.997s] [ 32%] Building CXX object CMakeFiles/dsr_msgs2__rosidl_typesupport_c.dir/rosidl_typesupport_c/dsr_msgs2/srv/drl_pause__type_support.cpp.o
[65.054s] [ 32%] Building CXX object CMakeFiles/dsr_msgs2__rosidl_typesupport_c.dir/rosidl_typesupport_c/dsr_msgs2/srv/drl_resume__type_support.cpp.o
[65.106s] [ 32%] Building CXX object CMakeFiles/dsr_msgs2__rosidl_typesupport_c.dir/rosidl_typesupport_c/dsr_msgs2/srv/get_drl_state__type_support.cpp.o
[65.177s] [ 32%] Building CXX object CMakeFiles/dsr_msgs2__rosidl_typesupport_c.dir/rosidl_typesupport_c/dsr_msgs2/srv/robotiq2_f_close__type_support.cpp.o
[65.208s] [ 32%] Building CXX object CMakeFiles/dsr_msgs2__rosidl_typesupport_cpp.dir/rosidl_typesupport_cpp/dsr_msgs2/srv/get_current_solution_space__type_support.cpp.o
[65.220s] [ 32%] Building CXX object CMakeFiles/dsr_msgs2__rosidl_typesupport_c.dir/rosidl_typesupport_c/dsr_msgs2/srv/robotiq2_f_open__type_support.cpp.o
[65.273s] [ 32%] Building CXX object CMakeFiles/dsr_msgs2__rosidl_typesupport_c.dir/rosidl_typesupport_c/dsr_msgs2/srv/robotiq2_f_move__type_support.cpp.o
[65.322s] [ 32%] Building CXX object CMakeFiles/dsr_msgs2__rosidl_typesupport_introspection_cpp.dir/rosidl_typesupport_introspection_cpp/dsr_msgs2/msg/detail/speedj_rt_stream__type_support.cpp.o
[65.348s] [ 32%] Building CXX object CMakeFiles/dsr_msgs2__rosidl_typesupport_c.dir/rosidl_typesupport_c/dsr_msgs2/srv/serial_send_data__type_support.cpp.o
[65.404s] [ 33%] Building CXX object CMakeFiles/dsr_msgs2__rosidl_typesupport_c.dir/rosidl_typesupport_c/dsr_msgs2/srv/connect_rt_control__type_support.cpp.o
[65.460s] [ 33%] Building CXX object CMakeFiles/dsr_msgs2__rosidl_typesupport_c.dir/rosidl_typesupport_c/dsr_msgs2/srv/disconnect_rt_control__type_support.cpp.o
[65.475s] [ 33%] Building CXX object CMakeFiles/dsr_msgs2__rosidl_typesupport_cpp.dir/rosidl_typesupport_cpp/dsr_msgs2/srv/get_current_rotm__type_support.cpp.o
[65.506s] [ 33%] Building CXX object CMakeFiles/dsr_msgs2__rosidl_typesupport_c.dir/rosidl_typesupport_c/dsr_msgs2/srv/get_rt_control_input_data_list__type_support.cpp.o
[65.589s] [ 33%] Building CXX object CMakeFiles/dsr_msgs2__rosidl_typesupport_c.dir/rosidl_typesupport_c/dsr_msgs2/srv/get_rt_control_input_version_list__type_support.cpp.o
[65.600s] [ 33%] Building CXX object CMakeFiles/dsr_msgs2__rosidl_typesupport_c.dir/rosidl_typesupport_c/dsr_msgs2/srv/get_rt_control_output_data_list__type_support.cpp.o
[65.628s] [ 33%] Building CXX object CMakeFiles/dsr_msgs2__rosidl_typesupport_fastrtps_cpp.dir/rosidl_typesupport_fastrtps_cpp/dsr_msgs2/msg/detail/dds_fastrtps/modbus_state__type_support.cpp.o
[65.648s] [ 33%] Building CXX object CMakeFiles/dsr_msgs2__rosidl_typesupport_fastrtps_cpp.dir/rosidl_typesupport_fastrtps_cpp/dsr_msgs2/msg/detail/dds_fastrtps/robot_error__type_support.cpp.o
[65.651s] [ 33%] Building CXX object CMakeFiles/dsr_msgs2__rosidl_typesupport_c.dir/rosidl_typesupport_c/dsr_msgs2/srv/get_rt_control_output_version_list__type_support.cpp.o
[65.668s] [ 33%] Building CXX object CMakeFiles/dsr_msgs2__rosidl_typesupport_c.dir/rosidl_typesupport_c/dsr_msgs2/srv/read_data_rt__type_support.cpp.o
[65.705s] [ 33%] Building CXX object CMakeFiles/dsr_msgs2__rosidl_typesupport_fastrtps_cpp.dir/rosidl_typesupport_fastrtps_cpp/dsr_msgs2/msg/detail/dds_fastrtps/robot_state__type_support.cpp.o
[65.729s] [ 33%] Building CXX object CMakeFiles/dsr_msgs2__rosidl_typesupport_c.dir/rosidl_typesupport_c/dsr_msgs2/srv/set_accj_rt__type_support.cpp.o
[65.783s] [ 33%] Building CXX object CMakeFiles/dsr_msgs2__rosidl_typesupport_c.dir/rosidl_typesupport_c/dsr_msgs2/srv/set_accx_rt__type_support.cpp.o
[65.866s] [ 33%] Building CXX object CMakeFiles/dsr_msgs2__rosidl_typesupport_c.dir/rosidl_typesupport_c/dsr_msgs2/srv/set_rt_control_input__type_support.cpp.o
[65.878s] [ 33%] Building CXX object CMakeFiles/dsr_msgs2__rosidl_typesupport_cpp.dir/rosidl_typesupport_cpp/dsr_msgs2/srv/get_joint_torque__type_support.cpp.o
[65.878s] [ 34%] Building CXX object CMakeFiles/dsr_msgs2__rosidl_typesupport_introspection_cpp.dir/rosidl_typesupport_introspection_cpp/dsr_msgs2/msg/detail/speedl_rt_stream__type_support.cpp.o
[65.947s] [ 34%] Building CXX object CMakeFiles/dsr_msgs2__rosidl_typesupport_c.dir/rosidl_typesupport_c/dsr_msgs2/srv/set_rt_control_output__type_support.cpp.o
[66.006s] [ 34%] Building CXX object CMakeFiles/dsr_msgs2__rosidl_typesupport_c.dir/rosidl_typesupport_c/dsr_msgs2/srv/set_velj_rt__type_support.cpp.o
[66.069s] [ 35%] Building CXX object CMakeFiles/dsr_msgs2__rosidl_typesupport_c.dir/rosidl_typesupport_c/dsr_msgs2/srv/set_velx_rt__type_support.cpp.o
[66.135s] [ 35%] Building CXX object CMakeFiles/dsr_msgs2__rosidl_typesupport_c.dir/rosidl_typesupport_c/dsr_msgs2/srv/start_rt_control__type_support.cpp.o
[66.192s] [ 35%] Building CXX object CMakeFiles/dsr_msgs2__rosidl_typesupport_fastrtps_c.dir/rosidl_typesupport_fastrtps_c/dsr_msgs2/msg/detail/log_alarm__type_support_c.cpp.o
[66.196s] [ 35%] Building CXX object CMakeFiles/dsr_msgs2__rosidl_typesupport_c.dir/rosidl_typesupport_c/dsr_msgs2/srv/stop_rt_control__type_support.cpp.o
[66.254s] [ 35%] Building CXX object CMakeFiles/dsr_msgs2__rosidl_typesupport_c.dir/rosidl_typesupport_c/dsr_msgs2/srv/write_data_rt__type_support.cpp.o
[66.272s] [ 35%] Building CXX object CMakeFiles/dsr_msgs2__rosidl_typesupport_fastrtps_c.dir/rosidl_typesupport_fastrtps_c/dsr_msgs2/msg/detail/modbus_state__type_support_c.cpp.o
[66.293s] [ 35%] Building CXX object CMakeFiles/dsr_msgs2__rosidl_typesupport_introspection_cpp.dir/rosidl_typesupport_introspection_cpp/dsr_msgs2/msg/detail/torque_rt_stream__type_support.cpp.o
[66.302s] [ 35%] Linking CXX shared library libdsr_msgs2__rosidl_typesupport_c.so
[66.302s] [ 35%] Building CXX object CMakeFiles/dsr_msgs2__rosidl_typesupport_cpp.dir/rosidl_typesupport_cpp/dsr_msgs2/srv/get_external_torque__type_support.cpp.o
[66.502s] [ 35%] Building CXX object CMakeFiles/dsr_msgs2__rosidl_typesupport_cpp.dir/rosidl_typesupport_cpp/dsr_msgs2/srv/get_tool_force__type_support.cpp.o
[66.511s] [ 35%] Built target dsr_msgs2__rosidl_typesupport_c
[66.533s] [ 35%] Building CXX object CMakeFiles/dsr_msgs2__rosidl_typesupport_introspection_cpp.dir/rosidl_typesupport_introspection_cpp/dsr_msgs2/srv/detail/set_robot_mode__type_support.cpp.o
[66.732s] [ 35%] Building CXX object CMakeFiles/dsr_msgs2__rosidl_typesupport_cpp.dir/rosidl_typesupport_cpp/dsr_msgs2/srv/get_solution_space__type_support.cpp.o
[66.764s] [ 35%] Building CXX object CMakeFiles/dsr_msgs2__rosidl_typesupport_cpp.dir/rosidl_typesupport_cpp/dsr_msgs2/srv/get_orientation_error__type_support.cpp.o
[66.766s] [ 36%] Building CXX object CMakeFiles/dsr_msgs2__rosidl_typesupport_fastrtps_cpp.dir/rosidl_typesupport_fastrtps_cpp/dsr_msgs2/msg/detail/dds_fastrtps/robot_stop__type_support.cpp.o
[66.790s] [ 36%] Building CXX object CMakeFiles/dsr_msgs2__rosidl_typesupport_fastrtps_c.dir/rosidl_typesupport_fastrtps_c/dsr_msgs2/msg/detail/robot_error__type_support_c.cpp.o
[66.919s] [ 36%] Building CXX object CMakeFiles/dsr_msgs2__rosidl_typesupport_fastrtps_cpp.dir/rosidl_typesupport_fastrtps_cpp/dsr_msgs2/msg/detail/dds_fastrtps/jog_multi_axis__type_support.cpp.o
[66.937s] [ 36%] Building C object CMakeFiles/dsr_msgs2__rosidl_typesupport_introspection_c.dir/rosidl_typesupport_introspection_c/dsr_msgs2/msg/detail/log_alarm__type_support.c.o
[66.958s] [ 36%] Building C object CMakeFiles/dsr_msgs2__rosidl_typesupport_introspection_c.dir/rosidl_typesupport_introspection_c/dsr_msgs2/msg/detail/modbus_state__type_support.c.o
[67.029s] [ 36%] Building C object CMakeFiles/dsr_msgs2__rosidl_typesupport_introspection_c.dir/rosidl_typesupport_introspection_c/dsr_msgs2/msg/detail/robot_error__type_support.c.o
[67.038s] [ 36%] Building CXX object CMakeFiles/dsr_msgs2__rosidl_typesupport_introspection_cpp.dir/rosidl_typesupport_introspection_cpp/dsr_msgs2/srv/detail/get_robot_mode__type_support.cpp.o
[67.121s] [ 36%] Building C object CMakeFiles/dsr_msgs2__rosidl_typesupport_introspection_c.dir/rosidl_typesupport_introspection_c/dsr_msgs2/msg/detail/robot_state__type_support.c.o
[67.193s] [ 36%] Building CXX object CMakeFiles/dsr_msgs2__rosidl_typesupport_fastrtps_c.dir/rosidl_typesupport_fastrtps_c/dsr_msgs2/msg/detail/robot_state__type_support_c.cpp.o
[67.196s] [ 36%] Building CXX object CMakeFiles/dsr_msgs2__rosidl_typesupport_fastrtps_cpp.dir/rosidl_typesupport_fastrtps_cpp/dsr_msgs2/msg/detail/dds_fastrtps/alter_motion_stream__type_support.cpp.o
[67.247s] [ 36%] Building CXX object CMakeFiles/dsr_msgs2__rosidl_typesupport_cpp.dir/rosidl_typesupport_cpp/dsr_msgs2/srv/parallel_axis1__type_support.cpp.o
[67.326s] [ 36%] Building CXX object CMakeFiles/dsr_msgs2__rosidl_typesupport_introspection_cpp.dir/rosidl_typesupport_introspection_cpp/dsr_msgs2/srv/detail/set_robot_system__type_support.cpp.o
[67.412s] [ 36%] Building C object CMakeFiles/dsr_msgs2__rosidl_typesupport_introspection_c.dir/rosidl_typesupport_introspection_c/dsr_msgs2/msg/detail/robot_stop__type_support.c.o
[67.508s] [ 36%] Building CXX object CMakeFiles/dsr_msgs2__rosidl_typesupport_fastrtps_cpp.dir/rosidl_typesupport_fastrtps_cpp/dsr_msgs2/msg/detail/dds_fastrtps/servoj_stream__type_support.cpp.o
[67.514s] [ 36%] Building C object CMakeFiles/dsr_msgs2__rosidl_typesupport_introspection_c.dir/rosidl_typesupport_introspection_c/dsr_msgs2/msg/detail/jog_multi_axis__type_support.c.o
[67.518s] [ 37%] Building CXX object CMakeFiles/dsr_msgs2__rosidl_typesupport_cpp.dir/rosidl_typesupport_cpp/dsr_msgs2/srv/parallel_axis2__type_support.cpp.o
[67.623s] [ 37%] Building C object CMakeFiles/dsr_msgs2__rosidl_typesupport_introspection_c.dir/rosidl_typesupport_introspection_c/dsr_msgs2/msg/detail/alter_motion_stream__type_support.c.o
[67.664s] [ 37%] Building CXX object CMakeFiles/dsr_msgs2__rosidl_typesupport_fastrtps_c.dir/rosidl_typesupport_fastrtps_c/dsr_msgs2/msg/detail/robot_stop__type_support_c.cpp.o
[67.729s] [ 37%] Building C object CMakeFiles/dsr_msgs2__rosidl_typesupport_introspection_c.dir/rosidl_typesupport_introspection_c/dsr_msgs2/msg/detail/servoj_stream__type_support.c.o
[67.736s] [ 37%] Building CXX object CMakeFiles/dsr_msgs2__rosidl_typesupport_cpp.dir/rosidl_typesupport_cpp/dsr_msgs2/srv/align_axis1__type_support.cpp.o
[67.829s] [ 37%] Building C object CMakeFiles/dsr_msgs2__rosidl_typesupport_introspection_c.dir/rosidl_typesupport_introspection_c/dsr_msgs2/msg/detail/servol_stream__type_support.c.o
[67.856s] [ 37%] Building C object CMakeFiles/dsr_msgs2__rosidl_typesupport_introspection_c.dir/rosidl_typesupport_introspection_c/dsr_msgs2/msg/detail/speedj_stream__type_support.c.o
[67.884s] [ 37%] Building C object CMakeFiles/dsr_msgs2__rosidl_typesupport_introspection_c.dir/rosidl_typesupport_introspection_c/dsr_msgs2/msg/detail/speedl_stream__type_support.c.o
[67.901s] [ 37%] Building CXX object CMakeFiles/dsr_msgs2__rosidl_typesupport_introspection_cpp.dir/rosidl_typesupport_introspection_cpp/dsr_msgs2/srv/detail/get_robot_system__type_support.cpp.o
[67.929s] [ 37%] Building CXX object CMakeFiles/dsr_msgs2__rosidl_typesupport_cpp.dir/rosidl_typesupport_cpp/dsr_msgs2/srv/align_axis2__type_support.cpp.o
[67.959s] [ 38%] Building C object CMakeFiles/dsr_msgs2__rosidl_typesupport_introspection_c.dir/rosidl_typesupport_introspection_c/dsr_msgs2/msg/detail/robot_state_rt__type_support.c.o
[67.961s] [ 38%] Building CXX object CMakeFiles/dsr_msgs2__rosidl_typesupport_fastrtps_c.dir/rosidl_typesupport_fastrtps_c/dsr_msgs2/msg/detail/jog_multi_axis__type_support_c.cpp.o
[67.984s] [ 38%] Building CXX object CMakeFiles/dsr_msgs2__rosidl_typesupport_introspection_cpp.dir/rosidl_typesupport_introspection_cpp/dsr_msgs2/srv/detail/set_robot_speed_mode__type_support.cpp.o
[68.119s] [ 38%] Building C object CMakeFiles/dsr_msgs2__rosidl_typesupport_introspection_c.dir/rosidl_typesupport_introspection_c/dsr_msgs2/msg/detail/servoj_rt_stream__type_support.c.o
[68.168s] [ 38%] Building CXX object CMakeFiles/dsr_msgs2__rosidl_typesupport_fastrtps_cpp.dir/rosidl_typesupport_fastrtps_cpp/dsr_msgs2/msg/detail/dds_fastrtps/servol_stream__type_support.cpp.o
[68.221s] [ 38%] Building C object CMakeFiles/dsr_msgs2__rosidl_typesupport_introspection_c.dir/rosidl_typesupport_introspection_c/dsr_msgs2/msg/detail/servol_rt_stream__type_support.c.o
[68.231s] [ 38%] Building CXX object CMakeFiles/dsr_msgs2__rosidl_typesupport_fastrtps_c.dir/rosidl_typesupport_fastrtps_c/dsr_msgs2/msg/detail/alter_motion_stream__type_support_c.cpp.o
[68.240s] [ 38%] Building CXX object CMakeFiles/dsr_msgs2__rosidl_typesupport_fastrtps_c.dir/rosidl_typesupport_fastrtps_c/dsr_msgs2/msg/detail/servoj_stream__type_support_c.cpp.o
[68.306s] [ 38%] Building C object CMakeFiles/dsr_msgs2__rosidl_typesupport_introspection_c.dir/rosidl_typesupport_introspection_c/dsr_msgs2/msg/detail/speedj_rt_stream__type_support.c.o
[68.408s] [ 38%] Building C object CMakeFiles/dsr_msgs2__rosidl_typesupport_introspection_c.dir/rosidl_typesupport_introspection_c/dsr_msgs2/msg/detail/speedl_rt_stream__type_support.c.o
[68.408s] [ 38%] Building CXX object CMakeFiles/dsr_msgs2__rosidl_typesupport_cpp.dir/rosidl_typesupport_cpp/dsr_msgs2/srv/is_done_bolt_tightening__type_support.cpp.o
[68.516s] [ 38%] Building C object CMakeFiles/dsr_msgs2__rosidl_typesupport_introspection_c.dir/rosidl_typesupport_introspection_c/dsr_msgs2/msg/detail/torque_rt_stream__type_support.c.o
[68.530s] [ 38%] Building C object CMakeFiles/dsr_msgs2__rosidl_typesupport_introspection_c.dir/rosidl_typesupport_introspection_c/dsr_msgs2/srv/detail/set_robot_mode__type_support.c.o
[68.582s] [ 38%] Building CXX object CMakeFiles/dsr_msgs2__rosidl_typesupport_fastrtps_cpp.dir/rosidl_typesupport_fastrtps_cpp/dsr_msgs2/msg/detail/dds_fastrtps/speedj_stream__type_support.cpp.o
[68.625s] [ 38%] Building C object CMakeFiles/dsr_msgs2__rosidl_typesupport_introspection_c.dir/rosidl_typesupport_introspection_c/dsr_msgs2/srv/detail/get_robot_mode__type_support.c.o
[68.663s] [ 38%] Building CXX object CMakeFiles/dsr_msgs2__rosidl_typesupport_introspection_cpp.dir/rosidl_typesupport_introspection_cpp/dsr_msgs2/srv/detail/get_robot_speed_mode__type_support.cpp.o
[68.667s] [ 38%] Building CXX object CMakeFiles/dsr_msgs2__rosidl_typesupport_fastrtps_c.dir/rosidl_typesupport_fastrtps_c/dsr_msgs2/msg/detail/servol_stream__type_support_c.cpp.o
[68.708s] [ 38%] Building C object CMakeFiles/dsr_msgs2__rosidl_typesupport_introspection_c.dir/rosidl_typesupport_introspection_c/dsr_msgs2/srv/detail/set_robot_system__type_support.c.o
[68.793s] [ 38%] Building CXX object CMakeFiles/dsr_msgs2__rosidl_typesupport_cpp.dir/rosidl_typesupport_cpp/dsr_msgs2/srv/release_compliance_ctrl__type_support.cpp.o
[68.793s] [ 38%] Building CXX object CMakeFiles/dsr_msgs2__rosidl_typesupport_fastrtps_cpp.dir/rosidl_typesupport_fastrtps_cpp/dsr_msgs2/msg/detail/dds_fastrtps/speedl_stream__type_support.cpp.o
[68.796s] [ 38%] Building C object CMakeFiles/dsr_msgs2__rosidl_typesupport_introspection_c.dir/rosidl_typesupport_introspection_c/dsr_msgs2/srv/detail/get_robot_system__type_support.c.o
[68.825s] [ 38%] Building CXX object CMakeFiles/dsr_msgs2__rosidl_typesupport_fastrtps_c.dir/rosidl_typesupport_fastrtps_c/dsr_msgs2/msg/detail/speedj_stream__type_support_c.cpp.o
[68.879s] [ 38%] Building CXX object CMakeFiles/dsr_msgs2__rosidl_typesupport_cpp.dir/rosidl_typesupport_cpp/dsr_msgs2/srv/task_compliance_ctrl__type_support.cpp.o
[68.890s] [ 38%] Building C object CMakeFiles/dsr_msgs2__rosidl_typesupport_introspection_c.dir/rosidl_typesupport_introspection_c/dsr_msgs2/srv/detail/set_robot_speed_mode__type_support.c.o
[69.017s] [ 38%] Building C object CMakeFiles/dsr_msgs2__rosidl_typesupport_introspection_c.dir/rosidl_typesupport_introspection_c/dsr_msgs2/srv/detail/get_robot_speed_mode__type_support.c.o
[69.140s] [ 39%] Building C object CMakeFiles/dsr_msgs2__rosidl_typesupport_introspection_c.dir/rosidl_typesupport_introspection_c/dsr_msgs2/srv/detail/get_current_pose__type_support.c.o
[69.256s] [ 39%] Building C object CMakeFiles/dsr_msgs2__rosidl_typesupport_introspection_c.dir/rosidl_typesupport_introspection_c/dsr_msgs2/srv/detail/set_safe_stop_reset_type__type_support.c.o
[69.301s] [ 39%] Building CXX object CMakeFiles/dsr_msgs2__rosidl_typesupport_fastrtps_c.dir/rosidl_typesupport_fastrtps_c/dsr_msgs2/msg/detail/speedl_stream__type_support_c.cpp.o
[69.356s] [ 39%] Building CXX object CMakeFiles/dsr_msgs2__rosidl_typesupport_introspection_cpp.dir/rosidl_typesupport_introspection_cpp/dsr_msgs2/srv/detail/get_current_pose__type_support.cpp.o
[69.356s] [ 39%] Building C object CMakeFiles/dsr_msgs2__rosidl_typesupport_introspection_c.dir/rosidl_typesupport_introspection_c/dsr_msgs2/srv/detail/get_last_alarm__type_support.c.o
[69.371s] [ 39%] Building CXX object CMakeFiles/dsr_msgs2__rosidl_typesupport_cpp.dir/rosidl_typesupport_cpp/dsr_msgs2/srv/set_stiffnessx__type_support.cpp.o
[69.408s] [ 39%] Building CXX object CMakeFiles/dsr_msgs2__rosidl_typesupport_fastrtps_cpp.dir/rosidl_typesupport_fastrtps_cpp/dsr_msgs2/msg/detail/dds_fastrtps/robot_state_rt__type_support.cpp.o
[69.433s] [ 39%] Building C object CMakeFiles/dsr_msgs2__rosidl_typesupport_introspection_c.dir/rosidl_typesupport_introspection_c/dsr_msgs2/srv/detail/get_robot_state__type_support.c.o
[69.449s] [ 39%] Building CXX object CMakeFiles/dsr_msgs2__rosidl_typesupport_introspection_cpp.dir/rosidl_typesupport_introspection_cpp/dsr_msgs2/srv/detail/set_safe_stop_reset_type__type_support.cpp.o
[69.560s] [ 39%] Building C object CMakeFiles/dsr_msgs2__rosidl_typesupport_introspection_c.dir/rosidl_typesupport_introspection_c/dsr_msgs2/srv/detail/servo_off__type_support.c.o
[69.645s] [ 39%] Building CXX object CMakeFiles/dsr_msgs2__rosidl_typesupport_introspection_cpp.dir/rosidl_typesupport_introspection_cpp/dsr_msgs2/srv/detail/get_last_alarm__type_support.cpp.o
[69.693s] [ 39%] Building C object CMakeFiles/dsr_msgs2__rosidl_typesupport_introspection_c.dir/rosidl_typesupport_introspection_c/dsr_msgs2/srv/detail/set_robot_control__type_support.c.o
[69.739s] [ 39%] Building CXX object CMakeFiles/dsr_msgs2__rosidl_typesupport_introspection_cpp.dir/rosidl_typesupport_introspection_cpp/dsr_msgs2/srv/detail/get_robot_state__type_support.cpp.o
[69.821s] [ 39%] Building C object CMakeFiles/dsr_msgs2__rosidl_typesupport_introspection_c.dir/rosidl_typesupport_introspection_c/dsr_msgs2/srv/detail/change_collision_sensitivity__type_support.c.o
[69.961s] [ 39%] Building CXX object CMakeFiles/dsr_msgs2__rosidl_typesupport_cpp.dir/rosidl_typesupport_cpp/dsr_msgs2/srv/calc_coord__type_support.cpp.o
[70.001s] [ 39%] Building C object CMakeFiles/dsr_msgs2__rosidl_typesupport_introspection_c.dir/rosidl_typesupport_introspection_c/dsr_msgs2/srv/detail/set_safety_mode__type_support.c.o
[70.080s] [ 40%] Building CXX object CMakeFiles/dsr_msgs2__rosidl_typesupport_fastrtps_c.dir/rosidl_typesupport_fastrtps_c/dsr_msgs2/msg/detail/robot_state_rt__type_support_c.cpp.o
[70.132s] [ 40%] Building C object CMakeFiles/dsr_msgs2__rosidl_typesupport_introspection_c.dir/rosidl_typesupport_introspection_c/dsr_msgs2/srv/detail/move_joint__type_support.c.o
[70.241s] [ 40%] Building C object CMakeFiles/dsr_msgs2__rosidl_typesupport_introspection_c.dir/rosidl_typesupport_introspection_c/dsr_msgs2/srv/detail/move_line__type_support.c.o
[70.263s] [ 40%] Building CXX object CMakeFiles/dsr_msgs2__rosidl_typesupport_fastrtps_c.dir/rosidl_typesupport_fastrtps_c/dsr_msgs2/msg/detail/servoj_rt_stream__type_support_c.cpp.o
[70.283s] [ 40%] Building CXX object CMakeFiles/dsr_msgs2__rosidl_typesupport_cpp.dir/rosidl_typesupport_cpp/dsr_msgs2/srv/set_user_cart_coord1__type_support.cpp.o
[70.381s] [ 40%] Building C object CMakeFiles/dsr_msgs2__rosidl_typesupport_introspection_c.dir/rosidl_typesupport_introspection_c/dsr_msgs2/srv/detail/move_jointx__type_support.c.o
[70.398s] [ 40%] Building CXX object CMakeFiles/dsr_msgs2__rosidl_typesupport_fastrtps_cpp.dir/rosidl_typesupport_fastrtps_cpp/dsr_msgs2/msg/detail/dds_fastrtps/servoj_rt_stream__type_support.cpp.o
[70.511s] [ 41%] Building C object CMakeFiles/dsr_msgs2__rosidl_typesupport_introspection_c.dir/rosidl_typesupport_introspection_c/dsr_msgs2/srv/detail/move_circle__type_support.c.o
[70.518s] [ 42%] Building CXX object CMakeFiles/dsr_msgs2__rosidl_typesupport_introspection_cpp.dir/rosidl_typesupport_introspection_cpp/dsr_msgs2/srv/detail/servo_off__type_support.cpp.o
[70.629s] [ 42%] Building CXX object CMakeFiles/dsr_msgs2__rosidl_typesupport_fastrtps_cpp.dir/rosidl_typesupport_fastrtps_cpp/dsr_msgs2/msg/detail/dds_fastrtps/servol_rt_stream__type_support.cpp.o
[70.632s] [ 42%] Building C object CMakeFiles/dsr_msgs2__rosidl_typesupport_introspection_c.dir/rosidl_typesupport_introspection_c/dsr_msgs2/srv/detail/move_spline_joint__type_support.c.o
[70.723s] [ 42%] Building CXX object CMakeFiles/dsr_msgs2__rosidl_typesupport_fastrtps_c.dir/rosidl_typesupport_fastrtps_c/dsr_msgs2/msg/detail/servol_rt_stream__type_support_c.cpp.o
[70.796s] [ 42%] Building C object CMakeFiles/dsr_msgs2__rosidl_typesupport_introspection_c.dir/rosidl_typesupport_introspection_c/dsr_msgs2/srv/detail/move_spline_task__type_support.c.o
[70.902s] [ 42%] Building CXX object CMakeFiles/dsr_msgs2__rosidl_typesupport_cpp.dir/rosidl_typesupport_cpp/dsr_msgs2/srv/set_user_cart_coord2__type_support.cpp.o
[70.916s] [ 42%] Building C object CMakeFiles/dsr_msgs2__rosidl_typesupport_introspection_c.dir/rosidl_typesupport_introspection_c/dsr_msgs2/srv/detail/move_blending__type_support.c.o
[70.931s] [ 42%] Building CXX object CMakeFiles/dsr_msgs2__rosidl_typesupport_introspection_cpp.dir/rosidl_typesupport_introspection_cpp/dsr_msgs2/srv/detail/set_robot_control__type_support.cpp.o
[70.958s] [ 42%] Building CXX object CMakeFiles/dsr_msgs2__rosidl_typesupport_fastrtps_cpp.dir/rosidl_typesupport_fastrtps_cpp/dsr_msgs2/msg/detail/dds_fastrtps/speedj_rt_stream__type_support.cpp.o
[71.061s] [ 42%] Building C object CMakeFiles/dsr_msgs2__rosidl_typesupport_introspection_c.dir/rosidl_typesupport_introspection_c/dsr_msgs2/srv/detail/move_spiral__type_support.c.o
[71.205s] [ 42%] Building C object CMakeFiles/dsr_msgs2__rosidl_typesupport_introspection_c.dir/rosidl_typesupport_introspection_c/dsr_msgs2/srv/detail/move_periodic__type_support.c.o
[71.351s] [ 42%] Building C object CMakeFiles/dsr_msgs2__rosidl_typesupport_introspection_c.dir/rosidl_typesupport_introspection_c/dsr_msgs2/srv/detail/move_wait__type_support.c.o
[71.375s] [ 42%] Building CXX object CMakeFiles/dsr_msgs2__rosidl_typesupport_fastrtps_c.dir/rosidl_typesupport_fastrtps_c/dsr_msgs2/msg/detail/speedj_rt_stream__type_support_c.cpp.o
[71.388s] [ 42%] Building C object CMakeFiles/dsr_msgs2__rosidl_typesupport_introspection_c.dir/rosidl_typesupport_introspection_c/dsr_msgs2/srv/detail/jog__type_support.c.o
[71.451s] [ 42%] Building CXX object CMakeFiles/dsr_msgs2__rosidl_typesupport_cpp.dir/rosidl_typesupport_cpp/dsr_msgs2/srv/set_user_cart_coord3__type_support.cpp.o
[71.454s] [ 43%] Building CXX object CMakeFiles/dsr_msgs2__rosidl_typesupport_cpp.dir/rosidl_typesupport_cpp/dsr_msgs2/srv/overwrite_user_cart_coord__type_support.cpp.o
[71.471s] [ 43%] Building CXX object CMakeFiles/dsr_msgs2__rosidl_typesupport_fastrtps_cpp.dir/rosidl_typesupport_fastrtps_cpp/dsr_msgs2/msg/detail/dds_fastrtps/speedl_rt_stream__type_support.cpp.o
[71.478s] [ 43%] Building C object CMakeFiles/dsr_msgs2__rosidl_typesupport_introspection_c.dir/rosidl_typesupport_introspection_c/dsr_msgs2/srv/detail/jog_multi__type_support.c.o
[71.535s] [ 43%] Building C object CMakeFiles/dsr_msgs2__rosidl_typesupport_introspection_c.dir/rosidl_typesupport_introspection_c/dsr_msgs2/srv/detail/move_stop__type_support.c.o
[71.544s] [ 43%] Building CXX object CMakeFiles/dsr_msgs2__rosidl_typesupport_introspection_cpp.dir/rosidl_typesupport_introspection_cpp/dsr_msgs2/srv/detail/change_collision_sensitivity__type_support.cpp.o
[71.662s] [ 43%] Building C object CMakeFiles/dsr_msgs2__rosidl_typesupport_introspection_c.dir/rosidl_typesupport_introspection_c/dsr_msgs2/srv/detail/move_pause__type_support.c.o
[71.778s] [ 43%] Building C object CMakeFiles/dsr_msgs2__rosidl_typesupport_introspection_c.dir/rosidl_typesupport_introspection_c/dsr_msgs2/srv/detail/move_resume__type_support.c.o
[71.788s] [ 44%] Building C object CMakeFiles/dsr_msgs2__rosidl_typesupport_introspection_c.dir/rosidl_typesupport_introspection_c/dsr_msgs2/srv/detail/trans__type_support.c.o
[71.815s] [ 44%] Building C object CMakeFiles/dsr_msgs2__rosidl_typesupport_introspection_c.dir/rosidl_typesupport_introspection_c/dsr_msgs2/srv/detail/fkin__type_support.c.o
[71.886s] [ 44%] Building CXX object CMakeFiles/dsr_msgs2__rosidl_typesupport_fastrtps_c.dir/rosidl_typesupport_fastrtps_c/dsr_msgs2/msg/detail/speedl_rt_stream__type_support_c.cpp.o
[71.896s] [ 44%] Building CXX object CMakeFiles/dsr_msgs2__rosidl_typesupport_cpp.dir/rosidl_typesupport_cpp/dsr_msgs2/srv/get_user_cart_coord__type_support.cpp.o
[71.940s] [ 44%] Building C object CMakeFiles/dsr_msgs2__rosidl_typesupport_introspection_c.dir/rosidl_typesupport_introspection_c/dsr_msgs2/srv/detail/ikin__type_support.c.o
[71.953s] [ 45%] Building CXX object CMakeFiles/dsr_msgs2__rosidl_typesupport_fastrtps_cpp.dir/rosidl_typesupport_fastrtps_cpp/dsr_msgs2/msg/detail/dds_fastrtps/torque_rt_stream__type_support.cpp.o
[72.058s] [ 45%] Building CXX object CMakeFiles/dsr_msgs2__rosidl_typesupport_introspection_cpp.dir/rosidl_typesupport_introspection_cpp/dsr_msgs2/srv/detail/set_safety_mode__type_support.cpp.o
[72.079s] [ 45%] Building C object CMakeFiles/dsr_msgs2__rosidl_typesupport_introspection_c.dir/rosidl_typesupport_introspection_c/dsr_msgs2/srv/detail/set_ref_coord__type_support.c.o
[72.103s] [ 45%] Building CXX object CMakeFiles/dsr_msgs2__rosidl_typesupport_introspection_cpp.dir/rosidl_typesupport_introspection_cpp/dsr_msgs2/srv/detail/move_joint__type_support.cpp.o
[72.171s] [ 45%] Building C object CMakeFiles/dsr_msgs2__rosidl_typesupport_introspection_c.dir/rosidl_typesupport_introspection_c/dsr_msgs2/srv/detail/move_home__type_support.c.o
[72.278s] [ 45%] Building CXX object CMakeFiles/dsr_msgs2__rosidl_typesupport_introspection_cpp.dir/rosidl_typesupport_introspection_cpp/dsr_msgs2/srv/detail/move_line__type_support.cpp.o
[72.289s] [ 45%] Building CXX object CMakeFiles/dsr_msgs2__rosidl_typesupport_cpp.dir/rosidl_typesupport_cpp/dsr_msgs2/srv/set_desired_force__type_support.cpp.o
[72.291s] [ 45%] Building C object CMakeFiles/dsr_msgs2__rosidl_typesupport_introspection_c.dir/rosidl_typesupport_introspection_c/dsr_msgs2/srv/detail/check_motion__type_support.c.o
[72.419s] [ 45%] Building C object CMakeFiles/dsr_msgs2__rosidl_typesupport_introspection_c.dir/rosidl_typesupport_introspection_c/dsr_msgs2/srv/detail/change_operation_speed__type_support.c.o
[72.552s] [ 45%] Building C object CMakeFiles/dsr_msgs2__rosidl_typesupport_introspection_c.dir/rosidl_typesupport_introspection_c/dsr_msgs2/srv/detail/enable_alter_motion__type_support.c.o
[72.572s] [ 45%] Building CXX object CMakeFiles/dsr_msgs2__rosidl_typesupport_fastrtps_c.dir/rosidl_typesupport_fastrtps_c/dsr_msgs2/msg/detail/torque_rt_stream__type_support_c.cpp.o
[72.585s] [ 45%] Building CXX object CMakeFiles/dsr_msgs2__rosidl_typesupport_fastrtps_c.dir/rosidl_typesupport_fastrtps_c/dsr_msgs2/srv/detail/set_robot_mode__type_support_c.cpp.o
[72.638s] [ 45%] Building C object CMakeFiles/dsr_msgs2__rosidl_typesupport_introspection_c.dir/rosidl_typesupport_introspection_c/dsr_msgs2/srv/detail/alter_motion__type_support.c.o
[72.774s] [ 45%] Building C object CMakeFiles/dsr_msgs2__rosidl_typesupport_introspection_c.dir/rosidl_typesupport_introspection_c/dsr_msgs2/srv/detail/disable_alter_motion__type_support.c.o
[72.783s] [ 45%] Building CXX object CMakeFiles/dsr_msgs2__rosidl_typesupport_fastrtps_cpp.dir/rosidl_typesupport_fastrtps_cpp/dsr_msgs2/srv/detail/dds_fastrtps/set_robot_mode__type_support.cpp.o
[72.801s] [ 45%] Building CXX object CMakeFiles/dsr_msgs2__rosidl_typesupport_cpp.dir/rosidl_typesupport_cpp/dsr_msgs2/srv/release_force__type_support.cpp.o
[72.883s] [ 45%] Building CXX object CMakeFiles/dsr_msgs2__rosidl_typesupport_cpp.dir/rosidl_typesupport_cpp/dsr_msgs2/srv/check_position_condition__type_support.cpp.o
[72.888s] [ 45%] Building C object CMakeFiles/dsr_msgs2__rosidl_typesupport_introspection_c.dir/rosidl_typesupport_introspection_c/dsr_msgs2/srv/detail/set_singularity_handling__type_support.c.o
[72.943s] [ 45%] Building CXX object CMakeFiles/dsr_msgs2__rosidl_typesupport_fastrtps_c.dir/rosidl_typesupport_fastrtps_c/dsr_msgs2/srv/detail/get_robot_mode__type_support_c.cpp.o
[72.984s] [ 45%] Building C object CMakeFiles/dsr_msgs2__rosidl_typesupport_introspection_c.dir/rosidl_typesupport_introspection_c/dsr_msgs2/srv/detail/get_control_mode__type_support.c.o
[73.044s] [ 45%] Building CXX object CMakeFiles/dsr_msgs2__rosidl_typesupport_introspection_cpp.dir/rosidl_typesupport_introspection_cpp/dsr_msgs2/srv/detail/move_jointx__type_support.cpp.o
[73.052s] [ 46%] Building C object CMakeFiles/dsr_msgs2__rosidl_typesupport_introspection_c.dir/rosidl_typesupport_introspection_c/dsr_msgs2/srv/detail/get_control_space__type_support.c.o
[73.143s] [ 46%] Building C object CMakeFiles/dsr_msgs2__rosidl_typesupport_introspection_c.dir/rosidl_typesupport_introspection_c/dsr_msgs2/srv/detail/get_current_posj__type_support.c.o
[73.174s] [ 46%] Building CXX object CMakeFiles/dsr_msgs2__rosidl_typesupport_fastrtps_cpp.dir/rosidl_typesupport_fastrtps_cpp/dsr_msgs2/srv/detail/dds_fastrtps/get_robot_mode__type_support.cpp.o
[73.254s] [ 46%] Building C object CMakeFiles/dsr_msgs2__rosidl_typesupport_introspection_c.dir/rosidl_typesupport_introspection_c/dsr_msgs2/srv/detail/get_desired_posj__type_support.c.o
[73.282s] [ 46%] Building CXX object CMakeFiles/dsr_msgs2__rosidl_typesupport_cpp.dir/rosidl_typesupport_cpp/dsr_msgs2/srv/check_force_condition__type_support.cpp.o
[73.297s] [ 46%] Building CXX object CMakeFiles/dsr_msgs2__rosidl_typesupport_cpp.dir/rosidl_typesupport_cpp/dsr_msgs2/srv/check_orientation_condition1__type_support.cpp.o
[73.326s] [ 46%] Building C object CMakeFiles/dsr_msgs2__rosidl_typesupport_introspection_c.dir/rosidl_typesupport_introspection_c/dsr_msgs2/srv/detail/get_current_velj__type_support.c.o
[73.383s] [ 46%] Building CXX object CMakeFiles/dsr_msgs2__rosidl_typesupport_introspection_cpp.dir/rosidl_typesupport_introspection_cpp/dsr_msgs2/srv/detail/move_circle__type_support.cpp.o
[73.429s] [ 46%] Building C object CMakeFiles/dsr_msgs2__rosidl_typesupport_introspection_c.dir/rosidl_typesupport_introspection_c/dsr_msgs2/srv/detail/get_desired_velj__type_support.c.o
[73.470s] [ 46%] Building C object CMakeFiles/dsr_msgs2__rosidl_typesupport_introspection_c.dir/rosidl_typesupport_introspection_c/dsr_msgs2/srv/detail/get_current_posx__type_support.c.o
[73.527s] [ 46%] Building C object CMakeFiles/dsr_msgs2__rosidl_typesupport_introspection_c.dir/rosidl_typesupport_introspection_c/dsr_msgs2/srv/detail/get_current_tool_flange_posx__type_support.c.o
[73.528s] [ 46%] Building CXX object CMakeFiles/dsr_msgs2__rosidl_typesupport_fastrtps_c.dir/rosidl_typesupport_fastrtps_c/dsr_msgs2/srv/detail/set_robot_system__type_support_c.cpp.o
[73.581s] [ 46%] Building C object CMakeFiles/dsr_msgs2__rosidl_typesupport_introspection_c.dir/rosidl_typesupport_introspection_c/dsr_msgs2/srv/detail/get_current_velx__type_support.c.o
[73.638s] [ 46%] Building C object CMakeFiles/dsr_msgs2__rosidl_typesupport_introspection_c.dir/rosidl_typesupport_introspection_c/dsr_msgs2/srv/detail/get_desired_posx__type_support.c.o
[73.690s] [ 46%] Building C object CMakeFiles/dsr_msgs2__rosidl_typesupport_introspection_c.dir/rosidl_typesupport_introspection_c/dsr_msgs2/srv/detail/get_desired_velx__type_support.c.o
[73.702s] [ 46%] Building CXX object CMakeFiles/dsr_msgs2__rosidl_typesupport_cpp.dir/rosidl_typesupport_cpp/dsr_msgs2/srv/check_orientation_condition2__type_support.cpp.o
[73.708s] [ 46%] Building CXX object CMakeFiles/dsr_msgs2__rosidl_typesupport_introspection_cpp.dir/rosidl_typesupport_introspection_cpp/dsr_msgs2/srv/detail/move_spline_joint__type_support.cpp.o
[73.745s] [ 46%] Building CXX object CMakeFiles/dsr_msgs2__rosidl_typesupport_cpp.dir/rosidl_typesupport_cpp/dsr_msgs2/srv/coord_transform__type_support.cpp.o
[73.756s] [ 46%] Building CXX object CMakeFiles/dsr_msgs2__rosidl_typesupport_fastrtps_cpp.dir/rosidl_typesupport_fastrtps_cpp/dsr_msgs2/srv/detail/dds_fastrtps/set_robot_system__type_support.cpp.o
[73.759s] [ 46%] Building C object CMakeFiles/dsr_msgs2__rosidl_typesupport_introspection_c.dir/rosidl_typesupport_introspection_c/dsr_msgs2/srv/detail/get_current_solution_space__type_support.c.o
[73.812s] [ 46%] Building C object CMakeFiles/dsr_msgs2__rosidl_typesupport_introspection_c.dir/rosidl_typesupport_introspection_c/dsr_msgs2/srv/detail/get_current_rotm__type_support.c.o
[73.875s] [ 47%] Building C object CMakeFiles/dsr_msgs2__rosidl_typesupport_introspection_c.dir/rosidl_typesupport_introspection_c/dsr_msgs2/srv/detail/get_joint_torque__type_support.c.o
[73.934s] [ 47%] Building C object CMakeFiles/dsr_msgs2__rosidl_typesupport_introspection_c.dir/rosidl_typesupport_introspection_c/dsr_msgs2/srv/detail/get_external_torque__type_support.c.o
[73.987s] [ 47%] Building C object CMakeFiles/dsr_msgs2__rosidl_typesupport_introspection_c.dir/rosidl_typesupport_introspection_c/dsr_msgs2/srv/detail/get_tool_force__type_support.c.o
[74.049s] [ 47%] Building C object CMakeFiles/dsr_msgs2__rosidl_typesupport_introspection_c.dir/rosidl_typesupport_introspection_c/dsr_msgs2/srv/detail/get_solution_space__type_support.c.o
[74.074s] [ 47%] Building CXX object CMakeFiles/dsr_msgs2__rosidl_typesupport_fastrtps_c.dir/rosidl_typesupport_fastrtps_c/dsr_msgs2/srv/detail/get_robot_system__type_support_c.cpp.o
[74.113s] [ 47%] Building C object CMakeFiles/dsr_msgs2__rosidl_typesupport_introspection_c.dir/rosidl_typesupport_introspection_c/dsr_msgs2/srv/detail/get_orientation_error__type_support.c.o
[74.133s] [ 47%] Building CXX object CMakeFiles/dsr_msgs2__rosidl_typesupport_introspection_cpp.dir/rosidl_typesupport_introspection_cpp/dsr_msgs2/srv/detail/move_spline_task__type_support.cpp.o
[74.141s] [ 47%] Building CXX object CMakeFiles/dsr_msgs2__rosidl_typesupport_cpp.dir/rosidl_typesupport_cpp/dsr_msgs2/srv/get_workpiece_weight__type_support.cpp.o
[74.181s] [ 47%] Building CXX object CMakeFiles/dsr_msgs2__rosidl_typesupport_fastrtps_cpp.dir/rosidl_typesupport_fastrtps_cpp/dsr_msgs2/srv/detail/dds_fastrtps/get_robot_system__type_support.cpp.o
[74.202s] [ 47%] Building C object CMakeFiles/dsr_msgs2__rosidl_typesupport_introspection_c.dir/rosidl_typesupport_introspection_c/dsr_msgs2/srv/detail/parallel_axis1__type_support.c.o
[74.285s] [ 47%] Building C object CMakeFiles/dsr_msgs2__rosidl_typesupport_introspection_c.dir/rosidl_typesupport_introspection_c/dsr_msgs2/srv/detail/parallel_axis2__type_support.c.o
[74.295s] [ 47%] Building CXX object CMakeFiles/dsr_msgs2__rosidl_typesupport_fastrtps_c.dir/rosidl_typesupport_fastrtps_c/dsr_msgs2/srv/detail/set_robot_speed_mode__type_support_c.cpp.o
[74.397s] [ 47%] Building C object CMakeFiles/dsr_msgs2__rosidl_typesupport_introspection_c.dir/rosidl_typesupport_introspection_c/dsr_msgs2/srv/detail/align_axis1__type_support.c.o
[74.461s] [ 47%] Building CXX object CMakeFiles/dsr_msgs2__rosidl_typesupport_cpp.dir/rosidl_typesupport_cpp/dsr_msgs2/srv/reset_workpiece_weight__type_support.cpp.o
[74.481s] [ 47%] Building C object CMakeFiles/dsr_msgs2__rosidl_typesupport_introspection_c.dir/rosidl_typesupport_introspection_c/dsr_msgs2/srv/detail/align_axis2__type_support.c.o
[74.560s] [ 47%] Building CXX object CMakeFiles/dsr_msgs2__rosidl_typesupport_fastrtps_cpp.dir/rosidl_typesupport_fastrtps_cpp/dsr_msgs2/srv/detail/dds_fastrtps/set_robot_speed_mode__type_support.cpp.o
[74.574s] [ 47%] Building C object CMakeFiles/dsr_msgs2__rosidl_typesupport_introspection_c.dir/rosidl_typesupport_introspection_c/dsr_msgs2/srv/detail/is_done_bolt_tightening__type_support.c.o
[74.582s] [ 47%] Building C object CMakeFiles/dsr_msgs2__rosidl_typesupport_introspection_c.dir/rosidl_typesupport_introspection_c/dsr_msgs2/srv/detail/release_compliance_ctrl__type_support.c.o
[74.658s] [ 47%] Building CXX object CMakeFiles/dsr_msgs2__rosidl_typesupport_introspection_cpp.dir/rosidl_typesupport_introspection_cpp/dsr_msgs2/srv/detail/move_blending__type_support.cpp.o
[74.674s] [ 47%] Building C object CMakeFiles/dsr_msgs2__rosidl_typesupport_introspection_c.dir/rosidl_typesupport_introspection_c/dsr_msgs2/srv/detail/task_compliance_ctrl__type_support.c.o
[74.739s] [ 48%] Building C object CMakeFiles/dsr_msgs2__rosidl_typesupport_introspection_c.dir/rosidl_typesupport_introspection_c/dsr_msgs2/srv/detail/set_stiffnessx__type_support.c.o
[74.793s] [ 48%] Building C object CMakeFiles/dsr_msgs2__rosidl_typesupport_introspection_c.dir/rosidl_typesupport_introspection_c/dsr_msgs2/srv/detail/calc_coord__type_support.c.o
[74.829s] [ 48%] Building CXX object CMakeFiles/dsr_msgs2__rosidl_typesupport_fastrtps_c.dir/rosidl_typesupport_fastrtps_c/dsr_msgs2/srv/detail/get_robot_speed_mode__type_support_c.cpp.o
[74.848s] [ 48%] Building CXX object CMakeFiles/dsr_msgs2__rosidl_typesupport_cpp.dir/rosidl_typesupport_cpp/dsr_msgs2/srv/config_create_tool__type_support.cpp.o
[74.859s] [ 48%] Building C object CMakeFiles/dsr_msgs2__rosidl_typesupport_introspection_c.dir/rosidl_typesupport_introspection_c/dsr_msgs2/srv/detail/set_user_cart_coord1__type_support.c.o
[74.915s] [ 48%] Building C object CMakeFiles/dsr_msgs2__rosidl_typesupport_introspection_c.dir/rosidl_typesupport_introspection_c/dsr_msgs2/srv/detail/set_user_cart_coord2__type_support.c.o
[74.966s] [ 49%] Building CXX object CMakeFiles/dsr_msgs2__rosidl_typesupport_introspection_cpp.dir/rosidl_typesupport_introspection_cpp/dsr_msgs2/srv/detail/move_periodic__type_support.cpp.o
[74.969s] [ 50%] Building CXX object CMakeFiles/dsr_msgs2__rosidl_typesupport_fastrtps_c.dir/rosidl_typesupport_fastrtps_c/dsr_msgs2/srv/detail/get_current_pose__type_support_c.cpp.o
[74.978s] [ 50%] Building C object CMakeFiles/dsr_msgs2__rosidl_typesupport_introspection_c.dir/rosidl_typesupport_introspection_c/dsr_msgs2/srv/detail/set_user_cart_coord3__type_support.c.o
[75.045s] [ 50%] Building C object CMakeFiles/dsr_msgs2__rosidl_typesupport_introspection_c.dir/rosidl_typesupport_introspection_c/dsr_msgs2/srv/detail/overwrite_user_cart_coord__type_support.c.o
[75.099s] [ 50%] Building C object CMakeFiles/dsr_msgs2__rosidl_typesupport_introspection_c.dir/rosidl_typesupport_introspection_c/dsr_msgs2/srv/detail/get_user_cart_coord__type_support.c.o
[75.166s] [ 50%] Building C object CMakeFiles/dsr_msgs2__rosidl_typesupport_introspection_c.dir/rosidl_typesupport_introspection_c/dsr_msgs2/srv/detail/set_desired_force__type_support.c.o
[75.206s] [ 50%] Building CXX object CMakeFiles/dsr_msgs2__rosidl_typesupport_fastrtps_cpp.dir/rosidl_typesupport_fastrtps_cpp/dsr_msgs2/srv/detail/dds_fastrtps/get_robot_speed_mode__type_support.cpp.o
[75.248s] [ 50%] Building C object CMakeFiles/dsr_msgs2__rosidl_typesupport_introspection_c.dir/rosidl_typesupport_introspection_c/dsr_msgs2/srv/detail/release_force__type_support.c.o
[75.263s] [ 51%] Building CXX object CMakeFiles/dsr_msgs2__rosidl_typesupport_cpp.dir/rosidl_typesupport_cpp/dsr_msgs2/srv/config_delete_tool__type_support.cpp.o
[75.323s] [ 51%] Building C object CMakeFiles/dsr_msgs2__rosidl_typesupport_introspection_c.dir/rosidl_typesupport_introspection_c/dsr_msgs2/srv/detail/check_position_condition__type_support.c.o
[75.384s] [ 51%] Building C object CMakeFiles/dsr_msgs2__rosidl_typesupport_introspection_c.dir/rosidl_typesupport_introspection_c/dsr_msgs2/srv/detail/check_force_condition__type_support.c.o
[75.429s] [ 51%] Building CXX object CMakeFiles/dsr_msgs2__rosidl_typesupport_fastrtps_cpp.dir/rosidl_typesupport_fastrtps_cpp/dsr_msgs2/srv/detail/dds_fastrtps/get_current_pose__type_support.cpp.o
[75.431s] [ 51%] Building CXX object CMakeFiles/dsr_msgs2__rosidl_typesupport_introspection_cpp.dir/rosidl_typesupport_introspection_cpp/dsr_msgs2/srv/detail/move_wait__type_support.cpp.o
[75.436s] [ 51%] Building C object CMakeFiles/dsr_msgs2__rosidl_typesupport_introspection_c.dir/rosidl_typesupport_introspection_c/dsr_msgs2/srv/detail/check_orientation_condition1__type_support.c.o
[75.507s] [ 51%] Building CXX object CMakeFiles/dsr_msgs2__rosidl_typesupport_fastrtps_c.dir/rosidl_typesupport_fastrtps_c/dsr_msgs2/srv/detail/set_safe_stop_reset_type__type_support_c.cpp.o
[75.514s] [ 52%] Building C object CMakeFiles/dsr_msgs2__rosidl_typesupport_introspection_c.dir/rosidl_typesupport_introspection_c/dsr_msgs2/srv/detail/check_orientation_condition2__type_support.c.o
[75.571s] [ 52%] Building CXX object CMakeFiles/dsr_msgs2__rosidl_typesupport_introspection_cpp.dir/rosidl_typesupport_introspection_cpp/dsr_msgs2/srv/detail/move_spiral__type_support.cpp.o
[75.578s] [ 52%] Building C object CMakeFiles/dsr_msgs2__rosidl_typesupport_introspection_c.dir/rosidl_typesupport_introspection_c/dsr_msgs2/srv/detail/coord_transform__type_support.c.o
[75.637s] [ 52%] Building C object CMakeFiles/dsr_msgs2__rosidl_typesupport_introspection_c.dir/rosidl_typesupport_introspection_c/dsr_msgs2/srv/detail/get_workpiece_weight__type_support.c.o
[75.665s] [ 52%] Building CXX object CMakeFiles/dsr_msgs2__rosidl_typesupport_cpp.dir/rosidl_typesupport_cpp/dsr_msgs2/srv/set_current_tool__type_support.cpp.o
[75.693s] [ 52%] Building C object CMakeFiles/dsr_msgs2__rosidl_typesupport_introspection_c.dir/rosidl_typesupport_introspection_c/dsr_msgs2/srv/detail/reset_workpiece_weight__type_support.c.o
[75.755s] [ 52%] Building C object CMakeFiles/dsr_msgs2__rosidl_typesupport_introspection_c.dir/rosidl_typesupport_introspection_c/dsr_msgs2/srv/detail/config_create_tool__type_support.c.o
[75.815s] [ 52%] Building C object CMakeFiles/dsr_msgs2__rosidl_typesupport_introspection_c.dir/rosidl_typesupport_introspection_c/dsr_msgs2/srv/detail/config_delete_tool__type_support.c.o
[75.835s] [ 52%] Building CXX object CMakeFiles/dsr_msgs2__rosidl_typesupport_introspection_cpp.dir/rosidl_typesupport_introspection_cpp/dsr_msgs2/srv/detail/jog__type_support.cpp.o
[75.868s] [ 52%] Building C object CMakeFiles/dsr_msgs2__rosidl_typesupport_introspection_c.dir/rosidl_typesupport_introspection_c/dsr_msgs2/srv/detail/set_current_tool__type_support.c.o
[75.936s] [ 52%] Building C object CMakeFiles/dsr_msgs2__rosidl_typesupport_introspection_c.dir/rosidl_typesupport_introspection_c/dsr_msgs2/srv/detail/get_current_tool__type_support.c.o
[75.994s] [ 52%] Building C object CMakeFiles/dsr_msgs2__rosidl_typesupport_introspection_c.dir/rosidl_typesupport_introspection_c/dsr_msgs2/srv/detail/set_tool_shape__type_support.c.o
[76.029s] [ 52%] Building CXX object CMakeFiles/dsr_msgs2__rosidl_typesupport_fastrtps_c.dir/rosidl_typesupport_fastrtps_c/dsr_msgs2/srv/detail/get_last_alarm__type_support_c.cpp.o
[76.059s] [ 52%] Building C object CMakeFiles/dsr_msgs2__rosidl_typesupport_introspection_c.dir/rosidl_typesupport_introspection_c/dsr_msgs2/srv/detail/config_create_tcp__type_support.c.o
[76.067s] [ 52%] Building CXX object CMakeFiles/dsr_msgs2__rosidl_typesupport_fastrtps_cpp.dir/rosidl_typesupport_fastrtps_cpp/dsr_msgs2/srv/detail/dds_fastrtps/set_safe_stop_reset_type__type_support.cpp.o
[76.072s] [ 52%] Building CXX object CMakeFiles/dsr_msgs2__rosidl_typesupport_cpp.dir/rosidl_typesupport_cpp/dsr_msgs2/srv/get_current_tool__type_support.cpp.o
[76.074s] [ 52%] Building C object CMakeFiles/dsr_msgs2__rosidl_typesupport_introspection_c.dir/rosidl_typesupport_introspection_c/dsr_msgs2/srv/detail/config_delete_tcp__type_support.c.o
[76.080s] [ 52%] Building CXX object CMakeFiles/dsr_msgs2__rosidl_typesupport_introspection_cpp.dir/rosidl_typesupport_introspection_cpp/dsr_msgs2/srv/detail/jog_multi__type_support.cpp.o
[76.129s] [ 52%] Building C object CMakeFiles/dsr_msgs2__rosidl_typesupport_introspection_c.dir/rosidl_typesupport_introspection_c/dsr_msgs2/srv/detail/set_current_tcp__type_support.c.o
[76.152s] [ 52%] Building CXX object CMakeFiles/dsr_msgs2__rosidl_typesupport_fastrtps_c.dir/rosidl_typesupport_fastrtps_c/dsr_msgs2/srv/detail/get_robot_state__type_support_c.cpp.o
[76.182s] [ 52%] Building CXX object CMakeFiles/dsr_msgs2__rosidl_typesupport_fastrtps_cpp.dir/rosidl_typesupport_fastrtps_cpp/dsr_msgs2/srv/detail/dds_fastrtps/get_last_alarm__type_support.cpp.o
[76.199s] [ 53%] Building C object CMakeFiles/dsr_msgs2__rosidl_typesupport_introspection_c.dir/rosidl_typesupport_introspection_c/dsr_msgs2/srv/detail/get_current_tcp__type_support.c.o
[76.308s] [ 53%] Building C object CMakeFiles/dsr_msgs2__rosidl_typesupport_introspection_c.dir/rosidl_typesupport_introspection_c/dsr_msgs2/srv/detail/set_tool_digital_output__type_support.c.o
[76.412s] [ 53%] Building C object CMakeFiles/dsr_msgs2__rosidl_typesupport_introspection_c.dir/rosidl_typesupport_introspection_c/dsr_msgs2/srv/detail/get_tool_digital_output__type_support.c.o
[76.484s] [ 53%] Building CXX object CMakeFiles/dsr_msgs2__rosidl_typesupport_introspection_cpp.dir/rosidl_typesupport_introspection_cpp/dsr_msgs2/srv/detail/move_stop__type_support.cpp.o
[76.488s] [ 53%] Building C object CMakeFiles/dsr_msgs2__rosidl_typesupport_introspection_c.dir/rosidl_typesupport_introspection_c/dsr_msgs2/srv/detail/get_tool_digital_input__type_support.c.o
[76.534s] [ 53%] Building CXX object CMakeFiles/dsr_msgs2__rosidl_typesupport_cpp.dir/rosidl_typesupport_cpp/dsr_msgs2/srv/set_tool_shape__type_support.cpp.o
[76.548s] [ 53%] Building C object CMakeFiles/dsr_msgs2__rosidl_typesupport_introspection_c.dir/rosidl_typesupport_introspection_c/dsr_msgs2/srv/detail/set_ctrl_box_digital_output__type_support.c.o
[76.617s] [ 53%] Building CXX object CMakeFiles/dsr_msgs2__rosidl_typesupport_introspection_cpp.dir/rosidl_typesupport_introspection_cpp/dsr_msgs2/srv/detail/move_pause__type_support.cpp.o
[76.637s] [ 53%] Building C object CMakeFiles/dsr_msgs2__rosidl_typesupport_introspection_c.dir/rosidl_typesupport_introspection_c/dsr_msgs2/srv/detail/get_ctrl_box_digital_output__type_support.c.o
[76.702s] [ 53%] Building CXX object CMakeFiles/dsr_msgs2__rosidl_typesupport_fastrtps_c.dir/rosidl_typesupport_fastrtps_c/dsr_msgs2/srv/detail/servo_off__type_support_c.cpp.o
[76.733s] [ 53%] Building C object CMakeFiles/dsr_msgs2__rosidl_typesupport_introspection_c.dir/rosidl_typesupport_introspection_c/dsr_msgs2/srv/detail/get_ctrl_box_digital_input__type_support.c.o
[76.742s] [ 53%] Building CXX object CMakeFiles/dsr_msgs2__rosidl_typesupport_fastrtps_cpp.dir/rosidl_typesupport_fastrtps_cpp/dsr_msgs2/srv/detail/dds_fastrtps/get_robot_state__type_support.cpp.o
[76.794s] [ 53%] Building C object CMakeFiles/dsr_msgs2__rosidl_typesupport_introspection_c.dir/rosidl_typesupport_introspection_c/dsr_msgs2/srv/detail/set_ctrl_box_analog_input_type__type_support.c.o
[76.808s] [ 53%] Building CXX object CMakeFiles/dsr_msgs2__rosidl_typesupport_cpp.dir/rosidl_typesupport_cpp/dsr_msgs2/srv/config_create_tcp__type_support.cpp.o
[76.810s] [ 53%] Building CXX object CMakeFiles/dsr_msgs2__rosidl_typesupport_fastrtps_c.dir/rosidl_typesupport_fastrtps_c/dsr_msgs2/srv/detail/set_robot_control__type_support_c.cpp.o
[76.894s] [ 53%] Building C object CMakeFiles/dsr_msgs2__rosidl_typesupport_introspection_c.dir/rosidl_typesupport_introspection_c/dsr_msgs2/srv/detail/set_ctrl_box_analog_output_type__type_support.c.o
[76.957s] [ 53%] Building C object CMakeFiles/dsr_msgs2__rosidl_typesupport_introspection_c.dir/rosidl_typesupport_introspection_c/dsr_msgs2/srv/detail/set_ctrl_box_analog_output__type_support.c.o
[76.998s] [ 53%] Building C object CMakeFiles/dsr_msgs2__rosidl_typesupport_introspection_c.dir/rosidl_typesupport_introspection_c/dsr_msgs2/srv/detail/get_ctrl_box_analog_input__type_support.c.o
[77.017s] [ 53%] Building CXX object CMakeFiles/dsr_msgs2__rosidl_typesupport_introspection_cpp.dir/rosidl_typesupport_introspection_cpp/dsr_msgs2/srv/detail/move_resume__type_support.cpp.o
[77.113s] [ 53%] Building C object CMakeFiles/dsr_msgs2__rosidl_typesupport_introspection_c.dir/rosidl_typesupport_introspection_c/dsr_msgs2/srv/detail/config_create_modbus__type_support.c.o
[77.142s] [ 53%] Building CXX object CMakeFiles/dsr_msgs2__rosidl_typesupport_introspection_cpp.dir/rosidl_typesupport_introspection_cpp/dsr_msgs2/srv/detail/trans__type_support.cpp.o
[77.214s] [ 54%] Building C object CMakeFiles/dsr_msgs2__rosidl_typesupport_introspection_c.dir/rosidl_typesupport_introspection_c/dsr_msgs2/srv/detail/config_delete_modbus__type_support.c.o
[77.290s] [ 54%] Building CXX object CMakeFiles/dsr_msgs2__rosidl_typesupport_cpp.dir/rosidl_typesupport_cpp/dsr_msgs2/srv/config_delete_tcp__type_support.cpp.o
[77.326s] [ 54%] Building C object CMakeFiles/dsr_msgs2__rosidl_typesupport_introspection_c.dir/rosidl_typesupport_introspection_c/dsr_msgs2/srv/detail/set_modbus_output__type_support.c.o
[77.338s] [ 54%] Building CXX object CMakeFiles/dsr_msgs2__rosidl_typesupport_fastrtps_cpp.dir/rosidl_typesupport_fastrtps_cpp/dsr_msgs2/srv/detail/dds_fastrtps/servo_off__type_support.cpp.o
[77.348s] [ 54%] Building CXX object CMakeFiles/dsr_msgs2__rosidl_typesupport_introspection_cpp.dir/rosidl_typesupport_introspection_cpp/dsr_msgs2/srv/detail/fkin__type_support.cpp.o
[77.409s] [ 54%] Building C object CMakeFiles/dsr_msgs2__rosidl_typesupport_introspection_c.dir/rosidl_typesupport_introspection_c/dsr_msgs2/srv/detail/get_modbus_input__type_support.c.o
[77.444s] [ 54%] Building CXX object CMakeFiles/dsr_msgs2__rosidl_typesupport_fastrtps_c.dir/rosidl_typesupport_fastrtps_c/dsr_msgs2/srv/detail/change_collision_sensitivity__type_support_c.cpp.o
[77.515s] [ 54%] Building C object CMakeFiles/dsr_msgs2__rosidl_typesupport_introspection_c.dir/rosidl_typesupport_introspection_c/dsr_msgs2/srv/detail/drl_start__type_support.c.o
[77.606s] [ 54%] Building C object CMakeFiles/dsr_msgs2__rosidl_typesupport_introspection_c.dir/rosidl_typesupport_introspection_c/dsr_msgs2/srv/detail/drl_stop__type_support.c.o
[77.669s] [ 54%] Building C object CMakeFiles/dsr_msgs2__rosidl_typesupport_introspection_c.dir/rosidl_typesupport_introspection_c/dsr_msgs2/srv/detail/drl_pause__type_support.c.o
[77.679s] [ 54%] Building CXX object CMakeFiles/dsr_msgs2__rosidl_typesupport_fastrtps_c.dir/rosidl_typesupport_fastrtps_c/dsr_msgs2/srv/detail/set_safety_mode__type_support_c.cpp.o
[77.697s] [ 54%] Building CXX object CMakeFiles/dsr_msgs2__rosidl_typesupport_introspection_cpp.dir/rosidl_typesupport_introspection_cpp/dsr_msgs2/srv/detail/ikin__type_support.cpp.o
[77.757s] [ 54%] Building C object CMakeFiles/dsr_msgs2__rosidl_typesupport_introspection_c.dir/rosidl_typesupport_introspection_c/dsr_msgs2/srv/detail/drl_resume__type_support.c.o
[77.869s] [ 54%] Building C object CMakeFiles/dsr_msgs2__rosidl_typesupport_introspection_c.dir/rosidl_typesupport_introspection_c/dsr_msgs2/srv/detail/get_drl_state__type_support.c.o
[77.896s] [ 55%] Building CXX object CMakeFiles/dsr_msgs2__rosidl_typesupport_fastrtps_cpp.dir/rosidl_typesupport_fastrtps_cpp/dsr_msgs2/srv/detail/dds_fastrtps/set_robot_control__type_support.cpp.o
[77.915s] [ 55%] Building CXX object CMakeFiles/dsr_msgs2__rosidl_typesupport_cpp.dir/rosidl_typesupport_cpp/dsr_msgs2/srv/set_current_tcp__type_support.cpp.o
[77.986s] [ 55%] Building C object CMakeFiles/dsr_msgs2__rosidl_typesupport_introspection_c.dir/rosidl_typesupport_introspection_c/dsr_msgs2/srv/detail/robotiq2_f_close__type_support.c.o
[78.115s] [ 55%] Building C object CMakeFiles/dsr_msgs2__rosidl_typesupport_introspection_c.dir/rosidl_typesupport_introspection_c/dsr_msgs2/srv/detail/robotiq2_f_open__type_support.c.o
[78.150s] [ 55%] Building CXX object CMakeFiles/dsr_msgs2__rosidl_typesupport_cpp.dir/rosidl_typesupport_cpp/dsr_msgs2/srv/get_current_tcp__type_support.cpp.o
[78.193s] [ 55%] Building CXX object CMakeFiles/dsr_msgs2__rosidl_typesupport_introspection_cpp.dir/rosidl_typesupport_introspection_cpp/dsr_msgs2/srv/detail/set_ref_coord__type_support.cpp.o
[78.207s] [ 55%] Building C object CMakeFiles/dsr_msgs2__rosidl_typesupport_introspection_c.dir/rosidl_typesupport_introspection_c/dsr_msgs2/srv/detail/robotiq2_f_move__type_support.c.o
[78.278s] [ 55%] Building C object CMakeFiles/dsr_msgs2__rosidl_typesupport_introspection_c.dir/rosidl_typesupport_introspection_c/dsr_msgs2/srv/detail/serial_send_data__type_support.c.o
[78.287s] [ 55%] Building CXX object CMakeFiles/dsr_msgs2__rosidl_typesupport_fastrtps_cpp.dir/rosidl_typesupport_fastrtps_cpp/dsr_msgs2/srv/detail/dds_fastrtps/change_collision_sensitivity__type_support.cpp.o
[78.354s] [ 56%] Building C object CMakeFiles/dsr_msgs2__rosidl_typesupport_introspection_c.dir/rosidl_typesupport_introspection_c/dsr_msgs2/srv/detail/connect_rt_control__type_support.c.o
[78.372s] [ 56%] Building CXX object CMakeFiles/dsr_msgs2__rosidl_typesupport_fastrtps_c.dir/rosidl_typesupport_fastrtps_c/dsr_msgs2/srv/detail/move_joint__type_support_c.cpp.o
[78.427s] [ 56%] Building C object CMakeFiles/dsr_msgs2__rosidl_typesupport_introspection_c.dir/rosidl_typesupport_introspection_c/dsr_msgs2/srv/detail/disconnect_rt_control__type_support.c.o
[78.489s] [ 56%] Building C object CMakeFiles/dsr_msgs2__rosidl_typesupport_introspection_c.dir/rosidl_typesupport_introspection_c/dsr_msgs2/srv/detail/get_rt_control_input_data_list__type_support.c.o
[78.557s] [ 56%] Building C object CMakeFiles/dsr_msgs2__rosidl_typesupport_introspection_c.dir/rosidl_typesupport_introspection_c/dsr_msgs2/srv/detail/get_rt_control_input_version_list__type_support.c.o
[78.639s] [ 56%] Building C object CMakeFiles/dsr_msgs2__rosidl_typesupport_introspection_c.dir/rosidl_typesupport_introspection_c/dsr_msgs2/srv/detail/get_rt_control_output_data_list__type_support.c.o
[78.707s] [ 56%] Building CXX object CMakeFiles/dsr_msgs2__rosidl_typesupport_cpp.dir/rosidl_typesupport_cpp/dsr_msgs2/srv/set_tool_digital_output__type_support.cpp.o
[78.709s] [ 56%] Building C object CMakeFiles/dsr_msgs2__rosidl_typesupport_introspection_c.dir/rosidl_typesupport_introspection_c/dsr_msgs2/srv/detail/get_rt_control_output_version_list__type_support.c.o
[78.769s] [ 56%] Building C object CMakeFiles/dsr_msgs2__rosidl_typesupport_introspection_c.dir/rosidl_typesupport_introspection_c/dsr_msgs2/srv/detail/read_data_rt__type_support.c.o
[78.829s] [ 56%] Building C object CMakeFiles/dsr_msgs2__rosidl_typesupport_introspection_c.dir/rosidl_typesupport_introspection_c/dsr_msgs2/srv/detail/set_accj_rt__type_support.c.o
[78.872s] [ 56%] Building C object CMakeFiles/dsr_msgs2__rosidl_typesupport_introspection_c.dir/rosidl_typesupport_introspection_c/dsr_msgs2/srv/detail/set_accx_rt__type_support.c.o
[78.915s] [ 56%] Building C object CMakeFiles/dsr_msgs2__rosidl_typesupport_introspection_c.dir/rosidl_typesupport_introspection_c/dsr_msgs2/srv/detail/set_rt_control_input__type_support.c.o
[78.944s] [ 56%] Building CXX object CMakeFiles/dsr_msgs2__rosidl_typesupport_fastrtps_cpp.dir/rosidl_typesupport_fastrtps_cpp/dsr_msgs2/srv/detail/dds_fastrtps/set_safety_mode__type_support.cpp.o
[78.958s] [ 56%] Building C object CMakeFiles/dsr_msgs2__rosidl_typesupport_introspection_c.dir/rosidl_typesupport_introspection_c/dsr_msgs2/srv/detail/set_rt_control_output__type_support.c.o
[79.014s] [ 56%] Building CXX object CMakeFiles/dsr_msgs2__rosidl_typesupport_fastrtps_c.dir/rosidl_typesupport_fastrtps_c/dsr_msgs2/srv/detail/move_jointx__type_support_c.cpp.o
[79.018s] [ 56%] Building C object CMakeFiles/dsr_msgs2__rosidl_typesupport_introspection_c.dir/rosidl_typesupport_introspection_c/dsr_msgs2/srv/detail/set_velj_rt__type_support.c.o
[79.020s] [ 57%] Building CXX object CMakeFiles/dsr_msgs2__rosidl_typesupport_introspection_cpp.dir/rosidl_typesupport_introspection_cpp/dsr_msgs2/srv/detail/check_motion__type_support.cpp.o
[79.083s] [ 58%] Building C object CMakeFiles/dsr_msgs2__rosidl_typesupport_introspection_c.dir/rosidl_typesupport_introspection_c/dsr_msgs2/srv/detail/set_velx_rt__type_support.c.o
[79.144s] [ 58%] Building C object CMakeFiles/dsr_msgs2__rosidl_typesupport_introspection_c.dir/rosidl_typesupport_introspection_c/dsr_msgs2/srv/detail/start_rt_control__type_support.c.o
[79.151s] [ 58%] Building CXX object CMakeFiles/dsr_msgs2__rosidl_typesupport_cpp.dir/rosidl_typesupport_cpp/dsr_msgs2/srv/get_tool_digital_output__type_support.cpp.o
[79.208s] [ 58%] Building C object CMakeFiles/dsr_msgs2__rosidl_typesupport_introspection_c.dir/rosidl_typesupport_introspection_c/dsr_msgs2/srv/detail/stop_rt_control__type_support.c.o
[79.287s] [ 58%] Building C object CMakeFiles/dsr_msgs2__rosidl_typesupport_introspection_c.dir/rosidl_typesupport_introspection_c/dsr_msgs2/srv/detail/write_data_rt__type_support.c.o
[79.361s] [ 58%] Linking C shared library libdsr_msgs2__rosidl_typesupport_introspection_c.so
[79.493s] [ 58%] Building CXX object CMakeFiles/dsr_msgs2__rosidl_typesupport_fastrtps_c.dir/rosidl_typesupport_fastrtps_c/dsr_msgs2/srv/detail/move_circle__type_support_c.cpp.o
[79.515s] [ 58%] Building CXX object CMakeFiles/dsr_msgs2__rosidl_typesupport_introspection_cpp.dir/rosidl_typesupport_introspection_cpp/dsr_msgs2/srv/detail/change_operation_speed__type_support.cpp.o
[79.515s] [ 58%] Built target dsr_msgs2__rosidl_typesupport_introspection_c
[79.536s] [ 58%] Building CXX object CMakeFiles/dsr_msgs2__rosidl_typesupport_fastrtps_cpp.dir/rosidl_typesupport_fastrtps_cpp/dsr_msgs2/srv/detail/dds_fastrtps/move_joint__type_support.cpp.o
[79.615s] [ 58%] Building CXX object CMakeFiles/dsr_msgs2__rosidl_typesupport_cpp.dir/rosidl_typesupport_cpp/dsr_msgs2/srv/get_tool_digital_input__type_support.cpp.o
[79.958s] [ 58%] Building CXX object CMakeFiles/dsr_msgs2__rosidl_typesupport_introspection_cpp.dir/rosidl_typesupport_introspection_cpp/dsr_msgs2/srv/detail/move_home__type_support.cpp.o
[80.043s] [ 58%] Building CXX object CMakeFiles/dsr_msgs2__rosidl_typesupport_fastrtps_cpp.dir/rosidl_typesupport_fastrtps_cpp/dsr_msgs2/srv/detail/dds_fastrtps/move_line__type_support.cpp.o
[80.060s] [ 58%] Building CXX object CMakeFiles/dsr_msgs2__rosidl_typesupport_fastrtps_c.dir/rosidl_typesupport_fastrtps_c/dsr_msgs2/srv/detail/move_blending__type_support_c.cpp.o
[80.089s] [ 58%] Building CXX object CMakeFiles/dsr_msgs2__rosidl_typesupport_cpp.dir/rosidl_typesupport_cpp/dsr_msgs2/srv/set_ctrl_box_digital_output__type_support.cpp.o
[80.395s] [ 58%] Building CXX object CMakeFiles/dsr_msgs2__rosidl_typesupport_introspection_cpp.dir/rosidl_typesupport_introspection_cpp/dsr_msgs2/srv/detail/enable_alter_motion__type_support.cpp.o
[80.559s] [ 59%] Building CXX object CMakeFiles/dsr_msgs2__rosidl_typesupport_cpp.dir/rosidl_typesupport_cpp/dsr_msgs2/srv/get_ctrl_box_digital_output__type_support.cpp.o
[80.572s] [ 59%] Building CXX object CMakeFiles/dsr_msgs2__rosidl_typesupport_fastrtps_cpp.dir/rosidl_typesupport_fastrtps_cpp/dsr_msgs2/srv/detail/dds_fastrtps/move_jointx__type_support.cpp.o
[80.624s] [ 59%] Building CXX object CMakeFiles/dsr_msgs2__rosidl_typesupport_fastrtps_c.dir/rosidl_typesupport_fastrtps_c/dsr_msgs2/srv/detail/move_spline_task__type_support_c.cpp.o
[80.865s] [ 59%] Building CXX object CMakeFiles/dsr_msgs2__rosidl_typesupport_cpp.dir/rosidl_typesupport_cpp/dsr_msgs2/srv/get_ctrl_box_digital_input__type_support.cpp.o
[81.036s] [ 59%] Building CXX object CMakeFiles/dsr_msgs2__rosidl_typesupport_fastrtps_c.dir/rosidl_typesupport_fastrtps_c/dsr_msgs2/srv/detail/move_spiral__type_support_c.cpp.o
[81.042s] [ 59%] Building CXX object CMakeFiles/dsr_msgs2__rosidl_typesupport_introspection_cpp.dir/rosidl_typesupport_introspection_cpp/dsr_msgs2/srv/detail/alter_motion__type_support.cpp.o
[81.082s] [ 59%] Building CXX object CMakeFiles/dsr_msgs2__rosidl_typesupport_fastrtps_cpp.dir/rosidl_typesupport_fastrtps_cpp/dsr_msgs2/srv/detail/dds_fastrtps/move_circle__type_support.cpp.o
[81.175s] [ 59%] Building CXX object CMakeFiles/dsr_msgs2__rosidl_typesupport_cpp.dir/rosidl_typesupport_cpp/dsr_msgs2/srv/set_ctrl_box_analog_input_type__type_support.cpp.o
[81.474s] [ 59%] Building CXX object CMakeFiles/dsr_msgs2__rosidl_typesupport_cpp.dir/rosidl_typesupport_cpp/dsr_msgs2/srv/set_ctrl_box_analog_output_type__type_support.cpp.o
[81.596s] [ 59%] Building CXX object CMakeFiles/dsr_msgs2__rosidl_typesupport_fastrtps_c.dir/rosidl_typesupport_fastrtps_c/dsr_msgs2/srv/detail/move_periodic__type_support_c.cpp.o
[81.627s] [ 59%] Building CXX object CMakeFiles/dsr_msgs2__rosidl_typesupport_fastrtps_cpp.dir/rosidl_typesupport_fastrtps_cpp/dsr_msgs2/srv/detail/dds_fastrtps/move_spline_joint__type_support.cpp.o
[81.640s] [ 59%] Building CXX object CMakeFiles/dsr_msgs2__rosidl_typesupport_introspection_cpp.dir/rosidl_typesupport_introspection_cpp/dsr_msgs2/srv/detail/disable_alter_motion__type_support.cpp.o
[81.712s] [ 59%] Building CXX object CMakeFiles/dsr_msgs2__rosidl_typesupport_cpp.dir/rosidl_typesupport_cpp/dsr_msgs2/srv/get_ctrl_box_analog_input__type_support.cpp.o
[81.953s] [ 59%] Building CXX object CMakeFiles/dsr_msgs2__rosidl_typesupport_cpp.dir/rosidl_typesupport_cpp/dsr_msgs2/srv/set_ctrl_box_analog_output__type_support.cpp.o
[81.993s] [ 59%] Building CXX object CMakeFiles/dsr_msgs2__rosidl_typesupport_introspection_cpp.dir/rosidl_typesupport_introspection_cpp/dsr_msgs2/srv/detail/set_singularity_handling__type_support.cpp.o
[82.076s] [ 60%] Building CXX object CMakeFiles/dsr_msgs2__rosidl_typesupport_fastrtps_c.dir/rosidl_typesupport_fastrtps_c/dsr_msgs2/srv/detail/move_spline_joint__type_support_c.cpp.o
[82.226s] [ 60%] Building CXX object CMakeFiles/dsr_msgs2__rosidl_typesupport_fastrtps_cpp.dir/rosidl_typesupport_fastrtps_cpp/dsr_msgs2/srv/detail/dds_fastrtps/move_spline_task__type_support.cpp.o
[82.257s] [ 60%] Building CXX object CMakeFiles/dsr_msgs2__rosidl_typesupport_cpp.dir/rosidl_typesupport_cpp/dsr_msgs2/srv/config_create_modbus__type_support.cpp.o
[82.343s] [ 60%] Building CXX object CMakeFiles/dsr_msgs2__rosidl_typesupport_introspection_cpp.dir/rosidl_typesupport_introspection_cpp/dsr_msgs2/srv/detail/get_control_mode__type_support.cpp.o
[82.456s] [ 60%] Building CXX object CMakeFiles/dsr_msgs2__rosidl_typesupport_fastrtps_c.dir/rosidl_typesupport_fastrtps_c/dsr_msgs2/srv/detail/jog__type_support_c.cpp.o
[82.633s] [ 60%] Building CXX object CMakeFiles/dsr_msgs2__rosidl_typesupport_cpp.dir/rosidl_typesupport_cpp/dsr_msgs2/srv/set_modbus_output__type_support.cpp.o
[82.692s] [ 60%] Building CXX object CMakeFiles/dsr_msgs2__rosidl_typesupport_introspection_cpp.dir/rosidl_typesupport_introspection_cpp/dsr_msgs2/srv/detail/get_control_space__type_support.cpp.o
[82.782s] [ 60%] Building CXX object CMakeFiles/dsr_msgs2__rosidl_typesupport_fastrtps_c.dir/rosidl_typesupport_fastrtps_c/dsr_msgs2/srv/detail/jog_multi__type_support_c.cpp.o
[82.897s] [ 60%] Building CXX object CMakeFiles/dsr_msgs2__rosidl_typesupport_fastrtps_cpp.dir/rosidl_typesupport_fastrtps_cpp/dsr_msgs2/srv/detail/dds_fastrtps/move_blending__type_support.cpp.o
[82.999s] [ 60%] Building CXX object CMakeFiles/dsr_msgs2__rosidl_typesupport_cpp.dir/rosidl_typesupport_cpp/dsr_msgs2/srv/config_delete_modbus__type_support.cpp.o
[83.106s] [ 60%] Building CXX object CMakeFiles/dsr_msgs2__rosidl_typesupport_introspection_cpp.dir/rosidl_typesupport_introspection_cpp/dsr_msgs2/srv/detail/get_current_posj__type_support.cpp.o
[83.110s] [ 60%] Building CXX object CMakeFiles/dsr_msgs2__rosidl_typesupport_fastrtps_c.dir/rosidl_typesupport_fastrtps_c/dsr_msgs2/srv/detail/move_wait__type_support_c.cpp.o
[83.372s] [ 60%] Building CXX object CMakeFiles/dsr_msgs2__rosidl_typesupport_cpp.dir/rosidl_typesupport_cpp/dsr_msgs2/srv/get_modbus_input__type_support.cpp.o
[83.426s] [ 60%] Building CXX object CMakeFiles/dsr_msgs2__rosidl_typesupport_fastrtps_c.dir/rosidl_typesupport_fastrtps_c/dsr_msgs2/srv/detail/move_stop__type_support_c.cpp.o
[83.502s] [ 60%] Building CXX object CMakeFiles/dsr_msgs2__rosidl_typesupport_fastrtps_cpp.dir/rosidl_typesupport_fastrtps_cpp/dsr_msgs2/srv/detail/dds_fastrtps/move_spiral__type_support.cpp.o
[83.630s] [ 60%] Building CXX object CMakeFiles/dsr_msgs2__rosidl_typesupport_cpp.dir/rosidl_typesupport_cpp/dsr_msgs2/srv/drl_start__type_support.cpp.o
[83.630s] [ 60%] Building CXX object CMakeFiles/dsr_msgs2__rosidl_typesupport_fastrtps_c.dir/rosidl_typesupport_fastrtps_c/dsr_msgs2/srv/detail/move_resume__type_support_c.cpp.o
[83.631s] [ 60%] Building CXX object CMakeFiles/dsr_msgs2__rosidl_typesupport_fastrtps_cpp.dir/rosidl_typesupport_fastrtps_cpp/dsr_msgs2/srv/detail/dds_fastrtps/move_periodic__type_support.cpp.o
[83.631s] [ 60%] Building CXX object CMakeFiles/dsr_msgs2__rosidl_typesupport_introspection_cpp.dir/rosidl_typesupport_introspection_cpp/dsr_msgs2/srv/detail/get_desired_posj__type_support.cpp.o
[83.833s] [ 60%] Building CXX object CMakeFiles/dsr_msgs2__rosidl_typesupport_fastrtps_c.dir/rosidl_typesupport_fastrtps_c/dsr_msgs2/srv/detail/move_pause__type_support_c.cpp.o
[83.839s] [ 60%] Building CXX object CMakeFiles/dsr_msgs2__rosidl_typesupport_introspection_cpp.dir/rosidl_typesupport_introspection_cpp/dsr_msgs2/srv/detail/get_current_velj__type_support.cpp.o
[83.993s] [ 60%] Building CXX object CMakeFiles/dsr_msgs2__rosidl_typesupport_cpp.dir/rosidl_typesupport_cpp/dsr_msgs2/srv/drl_stop__type_support.cpp.o
[84.134s] [ 61%] Building CXX object CMakeFiles/dsr_msgs2__rosidl_typesupport_cpp.dir/rosidl_typesupport_cpp/dsr_msgs2/srv/drl_pause__type_support.cpp.o
[84.140s] [ 61%] Building CXX object CMakeFiles/dsr_msgs2__rosidl_typesupport_fastrtps_c.dir/rosidl_typesupport_fastrtps_c/dsr_msgs2/srv/detail/move_line__type_support_c.cpp.o
[84.176s] [ 61%] Building CXX object CMakeFiles/dsr_msgs2__rosidl_typesupport_introspection_cpp.dir/rosidl_typesupport_introspection_cpp/dsr_msgs2/srv/detail/get_desired_velj__type_support.cpp.o
[84.226s] [ 62%] Building CXX object CMakeFiles/dsr_msgs2__rosidl_typesupport_fastrtps_cpp.dir/rosidl_typesupport_fastrtps_cpp/dsr_msgs2/srv/detail/dds_fastrtps/move_wait__type_support.cpp.o
[84.403s] [ 62%] Building CXX object CMakeFiles/dsr_msgs2__rosidl_typesupport_cpp.dir/rosidl_typesupport_cpp/dsr_msgs2/srv/drl_resume__type_support.cpp.o
[84.458s] [ 62%] Building CXX object CMakeFiles/dsr_msgs2__rosidl_typesupport_introspection_cpp.dir/rosidl_typesupport_introspection_cpp/dsr_msgs2/srv/detail/get_current_tool_flange_posx__type_support.cpp.o
[84.520s] [ 62%] Building CXX object CMakeFiles/dsr_msgs2__rosidl_typesupport_cpp.dir/rosidl_typesupport_cpp/dsr_msgs2/srv/get_drl_state__type_support.cpp.o
[84.689s] [ 62%] Building CXX object CMakeFiles/dsr_msgs2__rosidl_typesupport_fastrtps_c.dir/rosidl_typesupport_fastrtps_c/dsr_msgs2/srv/detail/trans__type_support_c.cpp.o
[84.763s] [ 63%] Building CXX object CMakeFiles/dsr_msgs2__rosidl_typesupport_introspection_cpp.dir/rosidl_typesupport_introspection_cpp/dsr_msgs2/srv/detail/get_current_posx__type_support.cpp.o
[84.763s] [ 64%] Building CXX object CMakeFiles/dsr_msgs2__rosidl_typesupport_fastrtps_c.dir/rosidl_typesupport_fastrtps_c/dsr_msgs2/srv/detail/fkin__type_support_c.cpp.o
[84.790s] [ 64%] Building CXX object CMakeFiles/dsr_msgs2__rosidl_typesupport_fastrtps_cpp.dir/rosidl_typesupport_fastrtps_cpp/dsr_msgs2/srv/detail/dds_fastrtps/jog_multi__type_support.cpp.o
[84.804s] [ 64%] Building CXX object CMakeFiles/dsr_msgs2__rosidl_typesupport_cpp.dir/rosidl_typesupport_cpp/dsr_msgs2/srv/robotiq2_f_close__type_support.cpp.o
[84.814s] [ 64%] Building CXX object CMakeFiles/dsr_msgs2__rosidl_typesupport_fastrtps_cpp.dir/rosidl_typesupport_fastrtps_cpp/dsr_msgs2/srv/detail/dds_fastrtps/jog__type_support.cpp.o
[85.204s] [ 64%] Building CXX object CMakeFiles/dsr_msgs2__rosidl_typesupport_cpp.dir/rosidl_typesupport_cpp/dsr_msgs2/srv/robotiq2_f_open__type_support.cpp.o
[85.230s] [ 64%] Building CXX object CMakeFiles/dsr_msgs2__rosidl_typesupport_fastrtps_c.dir/rosidl_typesupport_fastrtps_c/dsr_msgs2/srv/detail/set_ref_coord__type_support_c.cpp.o
[85.245s] [ 64%] Building CXX object CMakeFiles/dsr_msgs2__rosidl_typesupport_fastrtps_c.dir/rosidl_typesupport_fastrtps_c/dsr_msgs2/srv/detail/ikin__type_support_c.cpp.o
[85.408s] [ 64%] Building CXX object CMakeFiles/dsr_msgs2__rosidl_typesupport_introspection_cpp.dir/rosidl_typesupport_introspection_cpp/dsr_msgs2/srv/detail/get_current_velx__type_support.cpp.o
[85.408s] [ 64%] Building CXX object CMakeFiles/dsr_msgs2__rosidl_typesupport_fastrtps_cpp.dir/rosidl_typesupport_fastrtps_cpp/dsr_msgs2/srv/detail/dds_fastrtps/move_pause__type_support.cpp.o
[85.465s] [ 64%] Building CXX object CMakeFiles/dsr_msgs2__rosidl_typesupport_fastrtps_cpp.dir/rosidl_typesupport_fastrtps_cpp/dsr_msgs2/srv/detail/dds_fastrtps/move_stop__type_support.cpp.o
[85.630s] [ 64%] Building CXX object CMakeFiles/dsr_msgs2__rosidl_typesupport_cpp.dir/rosidl_typesupport_cpp/dsr_msgs2/srv/robotiq2_f_move__type_support.cpp.o
[85.635s] [ 64%] Building CXX object CMakeFiles/dsr_msgs2__rosidl_typesupport_fastrtps_c.dir/rosidl_typesupport_fastrtps_c/dsr_msgs2/srv/detail/check_motion__type_support_c.cpp.o
[85.726s] [ 64%] Building CXX object CMakeFiles/dsr_msgs2__rosidl_typesupport_cpp.dir/rosidl_typesupport_cpp/dsr_msgs2/srv/serial_send_data__type_support.cpp.o
[85.747s] [ 64%] Building CXX object CMakeFiles/dsr_msgs2__rosidl_typesupport_fastrtps_c.dir/rosidl_typesupport_fastrtps_c/dsr_msgs2/srv/detail/move_home__type_support_c.cpp.o
[85.822s] [ 64%] Building CXX object CMakeFiles/dsr_msgs2__rosidl_typesupport_introspection_cpp.dir/rosidl_typesupport_introspection_cpp/dsr_msgs2/srv/detail/get_desired_posx__type_support.cpp.o
[86.080s] [ 64%] Building CXX object CMakeFiles/dsr_msgs2__rosidl_typesupport_fastrtps_cpp.dir/rosidl_typesupport_fastrtps_cpp/dsr_msgs2/srv/detail/dds_fastrtps/move_resume__type_support.cpp.o
[86.150s] [ 64%] Building CXX object CMakeFiles/dsr_msgs2__rosidl_typesupport_fastrtps_c.dir/rosidl_typesupport_fastrtps_c/dsr_msgs2/srv/detail/change_operation_speed__type_support_c.cpp.o
[86.207s] [ 64%] Building CXX object CMakeFiles/dsr_msgs2__rosidl_typesupport_cpp.dir/rosidl_typesupport_cpp/dsr_msgs2/srv/connect_rt_control__type_support.cpp.o
[86.329s] [ 64%] Building CXX object CMakeFiles/dsr_msgs2__rosidl_typesupport_introspection_cpp.dir/rosidl_typesupport_introspection_cpp/dsr_msgs2/srv/detail/get_desired_velx__type_support.cpp.o
[86.337s] [ 64%] Building CXX object CMakeFiles/dsr_msgs2__rosidl_typesupport_fastrtps_cpp.dir/rosidl_typesupport_fastrtps_cpp/dsr_msgs2/srv/detail/dds_fastrtps/trans__type_support.cpp.o
[86.381s] [ 64%] Building CXX object CMakeFiles/dsr_msgs2__rosidl_typesupport_cpp.dir/rosidl_typesupport_cpp/dsr_msgs2/srv/disconnect_rt_control__type_support.cpp.o
[86.627s] [ 64%] Building CXX object CMakeFiles/dsr_msgs2__rosidl_typesupport_cpp.dir/rosidl_typesupport_cpp/dsr_msgs2/srv/get_rt_control_input_data_list__type_support.cpp.o
[86.754s] [ 64%] Building CXX object CMakeFiles/dsr_msgs2__rosidl_typesupport_cpp.dir/rosidl_typesupport_cpp/dsr_msgs2/srv/get_rt_control_input_version_list__type_support.cpp.o
[86.864s] [ 64%] Building CXX object CMakeFiles/dsr_msgs2__rosidl_typesupport_introspection_cpp.dir/rosidl_typesupport_introspection_cpp/dsr_msgs2/srv/detail/get_current_solution_space__type_support.cpp.o
[86.878s] [ 64%] Building CXX object CMakeFiles/dsr_msgs2__rosidl_typesupport_fastrtps_cpp.dir/rosidl_typesupport_fastrtps_cpp/dsr_msgs2/srv/detail/dds_fastrtps/fkin__type_support.cpp.o
[86.906s] [ 64%] Building CXX object CMakeFiles/dsr_msgs2__rosidl_typesupport_fastrtps_c.dir/rosidl_typesupport_fastrtps_c/dsr_msgs2/srv/detail/enable_alter_motion__type_support_c.cpp.o
[87.149s] [ 64%] Building CXX object CMakeFiles/dsr_msgs2__rosidl_typesupport_cpp.dir/rosidl_typesupport_cpp/dsr_msgs2/srv/get_rt_control_output_data_list__type_support.cpp.o
[87.149s] [ 64%] Building CXX object CMakeFiles/dsr_msgs2__rosidl_typesupport_fastrtps_c.dir/rosidl_typesupport_fastrtps_c/dsr_msgs2/srv/detail/alter_motion__type_support_c.cpp.o
[87.183s] [ 64%] Building CXX object CMakeFiles/dsr_msgs2__rosidl_typesupport_introspection_cpp.dir/rosidl_typesupport_introspection_cpp/dsr_msgs2/srv/detail/get_current_rotm__type_support.cpp.o
[87.183s] [ 64%] Building CXX object CMakeFiles/dsr_msgs2__rosidl_typesupport_fastrtps_cpp.dir/rosidl_typesupport_fastrtps_cpp/dsr_msgs2/srv/detail/dds_fastrtps/ikin__type_support.cpp.o
[87.630s] [ 64%] Building CXX object CMakeFiles/dsr_msgs2__rosidl_typesupport_fastrtps_c.dir/rosidl_typesupport_fastrtps_c/dsr_msgs2/srv/detail/disable_alter_motion__type_support_c.cpp.o
[87.654s] [ 64%] Building CXX object CMakeFiles/dsr_msgs2__rosidl_typesupport_introspection_cpp.dir/rosidl_typesupport_introspection_cpp/dsr_msgs2/srv/detail/get_joint_torque__type_support.cpp.o
[87.655s] [ 64%] Building CXX object CMakeFiles/dsr_msgs2__rosidl_typesupport_fastrtps_cpp.dir/rosidl_typesupport_fastrtps_cpp/dsr_msgs2/srv/detail/dds_fastrtps/set_ref_coord__type_support.cpp.o
[87.694s] [ 65%] Building CXX object CMakeFiles/dsr_msgs2__rosidl_typesupport_cpp.dir/rosidl_typesupport_cpp/dsr_msgs2/srv/get_rt_control_output_version_list__type_support.cpp.o
[87.696s] [ 65%] Building CXX object CMakeFiles/dsr_msgs2__rosidl_typesupport_fastrtps_c.dir/rosidl_typesupport_fastrtps_c/dsr_msgs2/srv/detail/set_singularity_handling__type_support_c.cpp.o
[88.021s] [ 65%] Building CXX object CMakeFiles/dsr_msgs2__rosidl_typesupport_cpp.dir/rosidl_typesupport_cpp/dsr_msgs2/srv/read_data_rt__type_support.cpp.o
[88.233s] [ 65%] Building CXX object CMakeFiles/dsr_msgs2__rosidl_typesupport_fastrtps_c.dir/rosidl_typesupport_fastrtps_c/dsr_msgs2/srv/detail/get_control_mode__type_support_c.cpp.o
[88.235s] [ 65%] Building CXX object CMakeFiles/dsr_msgs2__rosidl_typesupport_introspection_cpp.dir/rosidl_typesupport_introspection_cpp/dsr_msgs2/srv/detail/get_external_torque__type_support.cpp.o
[88.407s] [ 65%] Building CXX object CMakeFiles/dsr_msgs2__rosidl_typesupport_fastrtps_cpp.dir/rosidl_typesupport_fastrtps_cpp/dsr_msgs2/srv/detail/dds_fastrtps/move_home__type_support.cpp.o
[88.517s] [ 65%] Building CXX object CMakeFiles/dsr_msgs2__rosidl_typesupport_cpp.dir/rosidl_typesupport_cpp/dsr_msgs2/srv/set_accj_rt__type_support.cpp.o
[88.731s] [ 65%] Building CXX object CMakeFiles/dsr_msgs2__rosidl_typesupport_fastrtps_c.dir/rosidl_typesupport_fastrtps_c/dsr_msgs2/srv/detail/get_control_space__type_support_c.cpp.o
[88.784s] [ 65%] Building CXX object CMakeFiles/dsr_msgs2__rosidl_typesupport_introspection_cpp.dir/rosidl_typesupport_introspection_cpp/dsr_msgs2/srv/detail/get_orientation_error__type_support.cpp.o
[88.902s] [ 66%] Building CXX object CMakeFiles/dsr_msgs2__rosidl_typesupport_fastrtps_cpp.dir/rosidl_typesupport_fastrtps_cpp/dsr_msgs2/srv/detail/dds_fastrtps/check_motion__type_support.cpp.o
[88.983s] [ 66%] Building CXX object CMakeFiles/dsr_msgs2__rosidl_typesupport_cpp.dir/rosidl_typesupport_cpp/dsr_msgs2/srv/set_accx_rt__type_support.cpp.o
[89.220s] [ 67%] Building CXX object CMakeFiles/dsr_msgs2__rosidl_typesupport_fastrtps_c.dir/rosidl_typesupport_fastrtps_c/dsr_msgs2/srv/detail/get_current_posj__type_support_c.cpp.o
[89.251s] [ 68%] Building CXX object CMakeFiles/dsr_msgs2__rosidl_typesupport_introspection_cpp.dir/rosidl_typesupport_introspection_cpp/dsr_msgs2/srv/detail/parallel_axis1__type_support.cpp.o
[89.392s] [ 68%] Building CXX object CMakeFiles/dsr_msgs2__rosidl_typesupport_fastrtps_cpp.dir/rosidl_typesupport_fastrtps_cpp/dsr_msgs2/srv/detail/dds_fastrtps/change_operation_speed__type_support.cpp.o
[89.440s] [ 68%] Building CXX object CMakeFiles/dsr_msgs2__rosidl_typesupport_cpp.dir/rosidl_typesupport_cpp/dsr_msgs2/srv/set_rt_control_input__type_support.cpp.o
[89.633s] [ 68%] Building CXX object CMakeFiles/dsr_msgs2__rosidl_typesupport_fastrtps_c.dir/rosidl_typesupport_fastrtps_c/dsr_msgs2/srv/detail/get_desired_posj__type_support_c.cpp.o
[89.756s] [ 68%] Building CXX object CMakeFiles/dsr_msgs2__rosidl_typesupport_cpp.dir/rosidl_typesupport_cpp/dsr_msgs2/srv/set_rt_control_output__type_support.cpp.o
[89.857s] [ 68%] Building CXX object CMakeFiles/dsr_msgs2__rosidl_typesupport_fastrtps_cpp.dir/rosidl_typesupport_fastrtps_cpp/dsr_msgs2/srv/detail/dds_fastrtps/enable_alter_motion__type_support.cpp.o
[89.901s] [ 68%] Building CXX object CMakeFiles/dsr_msgs2__rosidl_typesupport_introspection_cpp.dir/rosidl_typesupport_introspection_cpp/dsr_msgs2/srv/detail/parallel_axis2__type_support.cpp.o
[89.978s] [ 68%] Building CXX object CMakeFiles/dsr_msgs2__rosidl_typesupport_fastrtps_c.dir/rosidl_typesupport_fastrtps_c/dsr_msgs2/srv/detail/get_current_velj__type_support_c.cpp.o
[90.008s] [ 68%] Building CXX object CMakeFiles/dsr_msgs2__rosidl_typesupport_cpp.dir/rosidl_typesupport_cpp/dsr_msgs2/srv/set_velj_rt__type_support.cpp.o
[90.204s] [ 68%] Building CXX object CMakeFiles/dsr_msgs2__rosidl_typesupport_fastrtps_cpp.dir/rosidl_typesupport_fastrtps_cpp/dsr_msgs2/srv/detail/dds_fastrtps/alter_motion__type_support.cpp.o
[90.248s] [ 68%] Building CXX object CMakeFiles/dsr_msgs2__rosidl_typesupport_cpp.dir/rosidl_typesupport_cpp/dsr_msgs2/srv/set_velx_rt__type_support.cpp.o
[90.281s] [ 68%] Building CXX object CMakeFiles/dsr_msgs2__rosidl_typesupport_fastrtps_c.dir/rosidl_typesupport_fastrtps_c/dsr_msgs2/srv/detail/get_desired_velj__type_support_c.cpp.o
[90.407s] [ 68%] Building CXX object CMakeFiles/dsr_msgs2__rosidl_typesupport_introspection_cpp.dir/rosidl_typesupport_introspection_cpp/dsr_msgs2/srv/detail/align_axis2__type_support.cpp.o
[90.488s] [ 68%] Building CXX object CMakeFiles/dsr_msgs2__rosidl_typesupport_cpp.dir/rosidl_typesupport_cpp/dsr_msgs2/srv/start_rt_control__type_support.cpp.o
[90.582s] [ 68%] Building CXX object CMakeFiles/dsr_msgs2__rosidl_typesupport_fastrtps_cpp.dir/rosidl_typesupport_fastrtps_cpp/dsr_msgs2/srv/detail/dds_fastrtps/disable_alter_motion__type_support.cpp.o
[90.591s] [ 68%] Building CXX object CMakeFiles/dsr_msgs2__rosidl_typesupport_fastrtps_c.dir/rosidl_typesupport_fastrtps_c/dsr_msgs2/srv/detail/get_current_posx__type_support_c.cpp.o
[90.751s] [ 68%] Building CXX object CMakeFiles/dsr_msgs2__rosidl_typesupport_cpp.dir/rosidl_typesupport_cpp/dsr_msgs2/srv/stop_rt_control__type_support.cpp.o
[90.903s] [ 68%] Building CXX object CMakeFiles/dsr_msgs2__rosidl_typesupport_fastrtps_c.dir/rosidl_typesupport_fastrtps_c/dsr_msgs2/srv/detail/get_current_tool_flange_posx__type_support_c.cpp.o
[90.905s] [ 68%] Building CXX object CMakeFiles/dsr_msgs2__rosidl_typesupport_introspection_cpp.dir/rosidl_typesupport_introspection_cpp/dsr_msgs2/srv/detail/align_axis1__type_support.cpp.o
[90.948s] [ 68%] Building CXX object CMakeFiles/dsr_msgs2__rosidl_typesupport_fastrtps_cpp.dir/rosidl_typesupport_fastrtps_cpp/dsr_msgs2/srv/detail/dds_fastrtps/set_singularity_handling__type_support.cpp.o
[91.041s] [ 68%] Building CXX object CMakeFiles/dsr_msgs2__rosidl_typesupport_cpp.dir/rosidl_typesupport_cpp/dsr_msgs2/srv/write_data_rt__type_support.cpp.o
[91.224s] [ 68%] Building CXX object CMakeFiles/dsr_msgs2__rosidl_typesupport_fastrtps_c.dir/rosidl_typesupport_fastrtps_c/dsr_msgs2/srv/detail/get_current_velx__type_support_c.cpp.o
[91.265s] [ 68%] Building CXX object CMakeFiles/dsr_msgs2__rosidl_typesupport_introspection_cpp.dir/rosidl_typesupport_introspection_cpp/dsr_msgs2/srv/detail/release_compliance_ctrl__type_support.cpp.o
[91.412s] [ 68%] Linking CXX shared library libdsr_msgs2__rosidl_typesupport_cpp.so
[91.419s] [ 68%] Building CXX object CMakeFiles/dsr_msgs2__rosidl_typesupport_fastrtps_cpp.dir/rosidl_typesupport_fastrtps_cpp/dsr_msgs2/srv/detail/dds_fastrtps/get_control_mode__type_support.cpp.o
[91.519s] [ 68%] Built target dsr_msgs2__rosidl_typesupport_cpp
[91.562s] [ 68%] Building CXX object CMakeFiles/dsr_msgs2__rosidl_typesupport_fastrtps_c.dir/rosidl_typesupport_fastrtps_c/dsr_msgs2/srv/detail/get_desired_posx__type_support_c.cpp.o
[91.617s] [ 68%] Building CXX object CMakeFiles/dsr_msgs2__rosidl_typesupport_introspection_cpp.dir/rosidl_typesupport_introspection_cpp/dsr_msgs2/srv/detail/is_done_bolt_tightening__type_support.cpp.o
[91.778s] [ 68%] Building CXX object CMakeFiles/dsr_msgs2__rosidl_typesupport_fastrtps_cpp.dir/rosidl_typesupport_fastrtps_cpp/dsr_msgs2/srv/detail/dds_fastrtps/get_current_posj__type_support.cpp.o
[91.855s] [ 68%] Building CXX object CMakeFiles/dsr_msgs2__rosidl_typesupport_fastrtps_c.dir/rosidl_typesupport_fastrtps_c/dsr_msgs2/srv/detail/get_current_solution_space__type_support_c.cpp.o
[91.955s] [ 68%] Building CXX object CMakeFiles/dsr_msgs2__rosidl_typesupport_introspection_cpp.dir/rosidl_typesupport_introspection_cpp/dsr_msgs2/srv/detail/task_compliance_ctrl__type_support.cpp.o
[92.139s] [ 68%] Building CXX object CMakeFiles/dsr_msgs2__rosidl_typesupport_fastrtps_cpp.dir/rosidl_typesupport_fastrtps_cpp/dsr_msgs2/srv/detail/dds_fastrtps/get_control_space__type_support.cpp.o
[92.159s] [ 68%] Building CXX object CMakeFiles/dsr_msgs2__rosidl_typesupport_fastrtps_c.dir/rosidl_typesupport_fastrtps_c/dsr_msgs2/srv/detail/get_current_rotm__type_support_c.cpp.o
[92.297s] [ 68%] Building CXX object CMakeFiles/dsr_msgs2__rosidl_typesupport_introspection_cpp.dir/rosidl_typesupport_introspection_cpp/dsr_msgs2/srv/detail/calc_coord__type_support.cpp.o
[92.465s] [ 68%] Building CXX object CMakeFiles/dsr_msgs2__rosidl_typesupport_fastrtps_c.dir/rosidl_typesupport_fastrtps_c/dsr_msgs2/srv/detail/get_desired_velx__type_support_c.cpp.o
[92.494s] [ 68%] Building CXX object CMakeFiles/dsr_msgs2__rosidl_typesupport_fastrtps_cpp.dir/rosidl_typesupport_fastrtps_cpp/dsr_msgs2/srv/detail/dds_fastrtps/get_desired_posj__type_support.cpp.o
[92.718s] [ 68%] Building CXX object CMakeFiles/dsr_msgs2__rosidl_typesupport_introspection_cpp.dir/rosidl_typesupport_introspection_cpp/dsr_msgs2/srv/detail/set_user_cart_coord2__type_support.cpp.o
[92.829s] [ 69%] Building CXX object CMakeFiles/dsr_msgs2__rosidl_typesupport_fastrtps_c.dir/rosidl_typesupport_fastrtps_c/dsr_msgs2/srv/detail/get_joint_torque__type_support_c.cpp.o
[92.996s] [ 69%] Building CXX object CMakeFiles/dsr_msgs2__rosidl_typesupport_fastrtps_cpp.dir/rosidl_typesupport_fastrtps_cpp/dsr_msgs2/srv/detail/dds_fastrtps/get_current_velj__type_support.cpp.o
[93.124s] [ 69%] Building CXX object CMakeFiles/dsr_msgs2__rosidl_typesupport_introspection_cpp.dir/rosidl_typesupport_introspection_cpp/dsr_msgs2/srv/detail/set_user_cart_coord3__type_support.cpp.o
[93.126s] [ 69%] Building CXX object CMakeFiles/dsr_msgs2__rosidl_typesupport_fastrtps_c.dir/rosidl_typesupport_fastrtps_c/dsr_msgs2/srv/detail/get_external_torque__type_support_c.cpp.o
[93.356s] [ 69%] Building CXX object CMakeFiles/dsr_msgs2__rosidl_typesupport_fastrtps_cpp.dir/rosidl_typesupport_fastrtps_cpp/dsr_msgs2/srv/detail/dds_fastrtps/get_desired_velj__type_support.cpp.o
[93.428s] [ 69%] Building CXX object CMakeFiles/dsr_msgs2__rosidl_typesupport_fastrtps_c.dir/rosidl_typesupport_fastrtps_c/dsr_msgs2/srv/detail/get_tool_force__type_support_c.cpp.o
[93.469s] [ 70%] Building CXX object CMakeFiles/dsr_msgs2__rosidl_typesupport_introspection_cpp.dir/rosidl_typesupport_introspection_cpp/dsr_msgs2/srv/detail/overwrite_user_cart_coord__type_support.cpp.o
[93.715s] [ 71%] Building CXX object CMakeFiles/dsr_msgs2__rosidl_typesupport_fastrtps_cpp.dir/rosidl_typesupport_fastrtps_cpp/dsr_msgs2/srv/detail/dds_fastrtps/get_current_posx__type_support.cpp.o
[93.739s] [ 71%] Building CXX object CMakeFiles/dsr_msgs2__rosidl_typesupport_fastrtps_c.dir/rosidl_typesupport_fastrtps_c/dsr_msgs2/srv/detail/get_solution_space__type_support_c.cpp.o
[93.798s] [ 71%] Building CXX object CMakeFiles/dsr_msgs2__rosidl_typesupport_introspection_cpp.dir/rosidl_typesupport_introspection_cpp/dsr_msgs2/srv/detail/set_user_cart_coord1__type_support.cpp.o
[94.109s] [ 71%] Building CXX object CMakeFiles/dsr_msgs2__rosidl_typesupport_fastrtps_c.dir/rosidl_typesupport_fastrtps_c/dsr_msgs2/srv/detail/get_orientation_error__type_support_c.cpp.o
[94.229s] [ 71%] Building CXX object CMakeFiles/dsr_msgs2__rosidl_typesupport_introspection_cpp.dir/rosidl_typesupport_introspection_cpp/dsr_msgs2/srv/detail/set_stiffnessx__type_support.cpp.o
[94.242s] [ 71%] Building CXX object CMakeFiles/dsr_msgs2__rosidl_typesupport_fastrtps_cpp.dir/rosidl_typesupport_fastrtps_cpp/dsr_msgs2/srv/detail/dds_fastrtps/get_desired_posx__type_support.cpp.o
[94.518s] [ 71%] Building CXX object CMakeFiles/dsr_msgs2__rosidl_typesupport_fastrtps_c.dir/rosidl_typesupport_fastrtps_c/dsr_msgs2/srv/detail/parallel_axis1__type_support_c.cpp.o
[94.676s] [ 71%] Building CXX object CMakeFiles/dsr_msgs2__rosidl_typesupport_introspection_cpp.dir/rosidl_typesupport_introspection_cpp/dsr_msgs2/srv/detail/get_user_cart_coord__type_support.cpp.o
[94.703s] [ 71%] Building CXX object CMakeFiles/dsr_msgs2__rosidl_typesupport_fastrtps_cpp.dir/rosidl_typesupport_fastrtps_cpp/dsr_msgs2/srv/detail/dds_fastrtps/get_current_velx__type_support.cpp.o
[94.921s] [ 71%] Building CXX object CMakeFiles/dsr_msgs2__rosidl_typesupport_fastrtps_c.dir/rosidl_typesupport_fastrtps_c/dsr_msgs2/srv/detail/align_axis1__type_support_c.cpp.o
[95.112s] [ 71%] Building CXX object CMakeFiles/dsr_msgs2__rosidl_typesupport_introspection_cpp.dir/rosidl_typesupport_introspection_cpp/dsr_msgs2/srv/detail/get_solution_space__type_support.cpp.o
[95.161s] [ 71%] Building CXX object CMakeFiles/dsr_msgs2__rosidl_typesupport_fastrtps_cpp.dir/rosidl_typesupport_fastrtps_cpp/dsr_msgs2/srv/detail/dds_fastrtps/get_desired_velx__type_support.cpp.o
[95.410s] [ 71%] Building CXX object CMakeFiles/dsr_msgs2__rosidl_typesupport_fastrtps_c.dir/rosidl_typesupport_fastrtps_c/dsr_msgs2/srv/detail/align_axis2__type_support_c.cpp.o
[95.633s] [ 71%] Building CXX object CMakeFiles/dsr_msgs2__rosidl_typesupport_fastrtps_cpp.dir/rosidl_typesupport_fastrtps_cpp/dsr_msgs2/srv/detail/dds_fastrtps/get_current_tool_flange_posx__type_support.cpp.o
[95.671s] [ 71%] Building CXX object CMakeFiles/dsr_msgs2__rosidl_typesupport_introspection_cpp.dir/rosidl_typesupport_introspection_cpp/dsr_msgs2/srv/detail/release_force__type_support.cpp.o
[95.804s] [ 71%] Building CXX object CMakeFiles/dsr_msgs2__rosidl_typesupport_fastrtps_c.dir/rosidl_typesupport_fastrtps_c/dsr_msgs2/srv/detail/release_compliance_ctrl__type_support_c.cpp.o
[96.096s] [ 71%] Building CXX object CMakeFiles/dsr_msgs2__rosidl_typesupport_introspection_cpp.dir/rosidl_typesupport_introspection_cpp/dsr_msgs2/srv/detail/check_position_condition__type_support.cpp.o
[96.113s] [ 71%] Building CXX object CMakeFiles/dsr_msgs2__rosidl_typesupport_fastrtps_cpp.dir/rosidl_typesupport_fastrtps_cpp/dsr_msgs2/srv/detail/dds_fastrtps/get_current_solution_space__type_support.cpp.o
[96.200s] [ 71%] Building CXX object CMakeFiles/dsr_msgs2__rosidl_typesupport_fastrtps_c.dir/rosidl_typesupport_fastrtps_c/dsr_msgs2/srv/detail/task_compliance_ctrl__type_support_c.cpp.o
[96.549s] [ 71%] Building CXX object CMakeFiles/dsr_msgs2__rosidl_typesupport_introspection_cpp.dir/rosidl_typesupport_introspection_cpp/dsr_msgs2/srv/detail/set_desired_force__type_support.cpp.o
[96.580s] [ 71%] Building CXX object CMakeFiles/dsr_msgs2__rosidl_typesupport_fastrtps_cpp.dir/rosidl_typesupport_fastrtps_cpp/dsr_msgs2/srv/detail/dds_fastrtps/get_joint_torque__type_support.cpp.o
[96.596s] [ 72%] Building CXX object CMakeFiles/dsr_msgs2__rosidl_typesupport_fastrtps_c.dir/rosidl_typesupport_fastrtps_c/dsr_msgs2/srv/detail/set_stiffnessx__type_support_c.cpp.o
[97.027s] [ 72%] Building CXX object CMakeFiles/dsr_msgs2__rosidl_typesupport_fastrtps_c.dir/rosidl_typesupport_fastrtps_c/dsr_msgs2/srv/detail/is_done_bolt_tightening__type_support_c.cpp.o
[97.061s] [ 72%] Building CXX object CMakeFiles/dsr_msgs2__rosidl_typesupport_introspection_cpp.dir/rosidl_typesupport_introspection_cpp/dsr_msgs2/srv/detail/check_orientation_condition1__type_support.cpp.o
[97.087s] [ 72%] Building CXX object CMakeFiles/dsr_msgs2__rosidl_typesupport_fastrtps_cpp.dir/rosidl_typesupport_fastrtps_cpp/dsr_msgs2/srv/detail/dds_fastrtps/get_external_torque__type_support.cpp.o
[97.471s] [ 72%] Building CXX object CMakeFiles/dsr_msgs2__rosidl_typesupport_fastrtps_c.dir/rosidl_typesupport_fastrtps_c/dsr_msgs2/srv/detail/parallel_axis2__type_support_c.cpp.o
[97.571s] [ 72%] Building CXX object CMakeFiles/dsr_msgs2__rosidl_typesupport_fastrtps_cpp.dir/rosidl_typesupport_fastrtps_cpp/dsr_msgs2/srv/detail/dds_fastrtps/get_tool_force__type_support.cpp.o
[97.573s] [ 72%] Building CXX object CMakeFiles/dsr_msgs2__rosidl_typesupport_introspection_cpp.dir/rosidl_typesupport_introspection_cpp/dsr_msgs2/srv/detail/check_orientation_condition2__type_support.cpp.o
[97.879s] [ 72%] Building CXX object CMakeFiles/dsr_msgs2__rosidl_typesupport_fastrtps_c.dir/rosidl_typesupport_fastrtps_c/dsr_msgs2/srv/detail/calc_coord__type_support_c.cpp.o
[98.037s] [ 72%] Building CXX object CMakeFiles/dsr_msgs2__rosidl_typesupport_introspection_cpp.dir/rosidl_typesupport_introspection_cpp/dsr_msgs2/srv/detail/coord_transform__type_support.cpp.o
[98.038s] [ 72%] Building CXX object CMakeFiles/dsr_msgs2__rosidl_typesupport_fastrtps_cpp.dir/rosidl_typesupport_fastrtps_cpp/dsr_msgs2/srv/detail/dds_fastrtps/get_solution_space__type_support.cpp.o
[98.253s] [ 72%] Building CXX object CMakeFiles/dsr_msgs2__rosidl_typesupport_fastrtps_c.dir/rosidl_typesupport_fastrtps_c/dsr_msgs2/srv/detail/set_user_cart_coord1__type_support_c.cpp.o
[98.402s] [ 72%] Building CXX object CMakeFiles/dsr_msgs2__rosidl_typesupport_introspection_cpp.dir/rosidl_typesupport_introspection_cpp/dsr_msgs2/srv/detail/get_workpiece_weight__type_support.cpp.o
[98.421s] [ 72%] Building CXX object CMakeFiles/dsr_msgs2__rosidl_typesupport_fastrtps_cpp.dir/rosidl_typesupport_fastrtps_cpp/dsr_msgs2/srv/detail/dds_fastrtps/get_orientation_error__type_support.cpp.o
[98.535s] [ 72%] Building CXX object CMakeFiles/dsr_msgs2__rosidl_typesupport_fastrtps_c.dir/rosidl_typesupport_fastrtps_c/dsr_msgs2/srv/detail/set_user_cart_coord3__type_support_c.cpp.o
[98.730s] [ 72%] Building CXX object CMakeFiles/dsr_msgs2__rosidl_typesupport_introspection_cpp.dir/rosidl_typesupport_introspection_cpp/dsr_msgs2/srv/detail/get_tool_force__type_support.cpp.o
[98.731s] [ 72%] Building CXX object CMakeFiles/dsr_msgs2__rosidl_typesupport_fastrtps_c.dir/rosidl_typesupport_fastrtps_c/dsr_msgs2/srv/detail/overwrite_user_cart_coord__type_support_c.cpp.o
[98.731s] [ 72%] Building CXX object CMakeFiles/dsr_msgs2__rosidl_typesupport_introspection_cpp.dir/rosidl_typesupport_introspection_cpp/dsr_msgs2/srv/detail/check_force_condition__type_support.cpp.o
[98.788s] [ 72%] Building CXX object CMakeFiles/dsr_msgs2__rosidl_typesupport_fastrtps_cpp.dir/rosidl_typesupport_fastrtps_cpp/dsr_msgs2/srv/detail/dds_fastrtps/get_current_rotm__type_support.cpp.o
[98.790s] [ 73%] Building CXX object CMakeFiles/dsr_msgs2__rosidl_typesupport_fastrtps_cpp.dir/rosidl_typesupport_fastrtps_cpp/dsr_msgs2/srv/detail/dds_fastrtps/parallel_axis1__type_support.cpp.o
[98.881s] [ 73%] Building CXX object CMakeFiles/dsr_msgs2__rosidl_typesupport_fastrtps_c.dir/rosidl_typesupport_fastrtps_c/dsr_msgs2/srv/detail/set_user_cart_coord2__type_support_c.cpp.o
[99.258s] [ 73%] Building CXX object CMakeFiles/dsr_msgs2__rosidl_typesupport_fastrtps_c.dir/rosidl_typesupport_fastrtps_c/dsr_msgs2/srv/detail/get_user_cart_coord__type_support_c.cpp.o
[99.260s] [ 73%] Building CXX object CMakeFiles/dsr_msgs2__rosidl_typesupport_introspection_cpp.dir/rosidl_typesupport_introspection_cpp/dsr_msgs2/srv/detail/reset_workpiece_weight__type_support.cpp.o
[99.262s] [ 73%] Building CXX object CMakeFiles/dsr_msgs2__rosidl_typesupport_introspection_cpp.dir/rosidl_typesupport_introspection_cpp/dsr_msgs2/srv/detail/config_create_tool__type_support.cpp.o
[99.296s] [ 73%] Building CXX object CMakeFiles/dsr_msgs2__rosidl_typesupport_fastrtps_cpp.dir/rosidl_typesupport_fastrtps_cpp/dsr_msgs2/srv/detail/dds_fastrtps/align_axis1__type_support.cpp.o
[99.516s] [ 73%] Building CXX object CMakeFiles/dsr_msgs2__rosidl_typesupport_fastrtps_cpp.dir/rosidl_typesupport_fastrtps_cpp/dsr_msgs2/srv/detail/dds_fastrtps/align_axis2__type_support.cpp.o
[99.698s] [ 73%] Building CXX object CMakeFiles/dsr_msgs2__rosidl_typesupport_fastrtps_c.dir/rosidl_typesupport_fastrtps_c/dsr_msgs2/srv/detail/set_desired_force__type_support_c.cpp.o
[99.857s] [ 73%] Building CXX object CMakeFiles/dsr_msgs2__rosidl_typesupport_fastrtps_c.dir/rosidl_typesupport_fastrtps_c/dsr_msgs2/srv/detail/release_force__type_support_c.cpp.o
[99.858s] [ 73%] Building CXX object CMakeFiles/dsr_msgs2__rosidl_typesupport_fastrtps_cpp.dir/rosidl_typesupport_fastrtps_cpp/dsr_msgs2/srv/detail/dds_fastrtps/parallel_axis2__type_support.cpp.o
[99.916s] [ 73%] Building CXX object CMakeFiles/dsr_msgs2__rosidl_typesupport_introspection_cpp.dir/rosidl_typesupport_introspection_cpp/dsr_msgs2/srv/detail/set_current_tool__type_support.cpp.o
[99.946s] [ 74%] Building CXX object CMakeFiles/dsr_msgs2__rosidl_typesupport_introspection_cpp.dir/rosidl_typesupport_introspection_cpp/dsr_msgs2/srv/detail/config_delete_tool__type_support.cpp.o
[100.237s] [ 74%] Building CXX object CMakeFiles/dsr_msgs2__rosidl_typesupport_fastrtps_c.dir/rosidl_typesupport_fastrtps_c/dsr_msgs2/srv/detail/check_position_condition__type_support_c.cpp.o
[100.249s] [ 74%] Building CXX object CMakeFiles/dsr_msgs2__rosidl_typesupport_fastrtps_cpp.dir/rosidl_typesupport_fastrtps_cpp/dsr_msgs2/srv/detail/dds_fastrtps/is_done_bolt_tightening__type_support.cpp.o
[100.436s] [ 74%] Building CXX object CMakeFiles/dsr_msgs2__rosidl_typesupport_fastrtps_c.dir/rosidl_typesupport_fastrtps_c/dsr_msgs2/srv/detail/check_force_condition__type_support_c.cpp.o
[100.562s] [ 74%] Building CXX object CMakeFiles/dsr_msgs2__rosidl_typesupport_fastrtps_cpp.dir/rosidl_typesupport_fastrtps_cpp/dsr_msgs2/srv/detail/dds_fastrtps/release_compliance_ctrl__type_support.cpp.o
[100.598s] [ 74%] Building CXX object CMakeFiles/dsr_msgs2__rosidl_typesupport_introspection_cpp.dir/rosidl_typesupport_introspection_cpp/dsr_msgs2/srv/detail/set_tool_shape__type_support.cpp.o
[100.598s] [ 74%] Building CXX object CMakeFiles/dsr_msgs2__rosidl_typesupport_fastrtps_cpp.dir/rosidl_typesupport_fastrtps_cpp/dsr_msgs2/srv/detail/dds_fastrtps/task_compliance_ctrl__type_support.cpp.o
[100.659s] [ 74%] Building CXX object CMakeFiles/dsr_msgs2__rosidl_typesupport_introspection_cpp.dir/rosidl_typesupport_introspection_cpp/dsr_msgs2/srv/detail/get_current_tool__type_support.cpp.o
[100.849s] [ 74%] Building CXX object CMakeFiles/dsr_msgs2__rosidl_typesupport_fastrtps_c.dir/rosidl_typesupport_fastrtps_c/dsr_msgs2/srv/detail/check_orientation_condition1__type_support_c.cpp.o
[100.953s] [ 74%] Building CXX object CMakeFiles/dsr_msgs2__rosidl_typesupport_fastrtps_cpp.dir/rosidl_typesupport_fastrtps_cpp/dsr_msgs2/srv/detail/dds_fastrtps/set_stiffnessx__type_support.cpp.o
[101.130s] [ 75%] Building CXX object CMakeFiles/dsr_msgs2__rosidl_typesupport_fastrtps_c.dir/rosidl_typesupport_fastrtps_c/dsr_msgs2/srv/detail/check_orientation_condition2__type_support_c.cpp.o
[101.416s] [ 75%] Building CXX object CMakeFiles/dsr_msgs2__rosidl_typesupport_introspection_cpp.dir/rosidl_typesupport_introspection_cpp/dsr_msgs2/srv/detail/config_create_tcp__type_support.cpp.o
[101.437s] [ 75%] Building CXX object CMakeFiles/dsr_msgs2__rosidl_typesupport_fastrtps_cpp.dir/rosidl_typesupport_fastrtps_cpp/dsr_msgs2/srv/detail/dds_fastrtps/calc_coord__type_support.cpp.o
[101.551s] [ 75%] Building CXX object CMakeFiles/dsr_msgs2__rosidl_typesupport_fastrtps_c.dir/rosidl_typesupport_fastrtps_c/dsr_msgs2/srv/detail/reset_workpiece_weight__type_support_c.cpp.o
[101.697s] [ 75%] Building CXX object CMakeFiles/dsr_msgs2__rosidl_typesupport_fastrtps_cpp.dir/rosidl_typesupport_fastrtps_cpp/dsr_msgs2/srv/detail/dds_fastrtps/set_user_cart_coord2__type_support.cpp.o
[101.700s] [ 75%] Building CXX object CMakeFiles/dsr_msgs2__rosidl_typesupport_fastrtps_c.dir/rosidl_typesupport_fastrtps_c/dsr_msgs2/srv/detail/get_workpiece_weight__type_support_c.cpp.o
[101.706s] [ 75%] Building CXX object CMakeFiles/dsr_msgs2__rosidl_typesupport_fastrtps_cpp.dir/rosidl_typesupport_fastrtps_cpp/dsr_msgs2/srv/detail/dds_fastrtps/set_user_cart_coord1__type_support.cpp.o
[101.706s] [ 75%] Building CXX object CMakeFiles/dsr_msgs2__rosidl_typesupport_introspection_cpp.dir/rosidl_typesupport_introspection_cpp/dsr_msgs2/srv/detail/config_delete_tcp__type_support.cpp.o
[102.181s] [ 75%] Building CXX object CMakeFiles/dsr_msgs2__rosidl_typesupport_fastrtps_c.dir/rosidl_typesupport_fastrtps_c/dsr_msgs2/srv/detail/config_delete_tool__type_support_c.cpp.o
[102.181s] [ 75%] Building CXX object CMakeFiles/dsr_msgs2__rosidl_typesupport_fastrtps_cpp.dir/rosidl_typesupport_fastrtps_cpp/dsr_msgs2/srv/detail/dds_fastrtps/set_user_cart_coord3__type_support.cpp.o
[102.329s] [ 75%] Building CXX object CMakeFiles/dsr_msgs2__rosidl_typesupport_fastrtps_c.dir/rosidl_typesupport_fastrtps_c/dsr_msgs2/srv/detail/config_create_tool__type_support_c.cpp.o
[102.443s] [ 75%] Building CXX object CMakeFiles/dsr_msgs2__rosidl_typesupport_introspection_cpp.dir/rosidl_typesupport_introspection_cpp/dsr_msgs2/srv/detail/set_current_tcp__type_support.cpp.o
[102.481s] [ 76%] Building CXX object CMakeFiles/dsr_msgs2__rosidl_typesupport_fastrtps_cpp.dir/rosidl_typesupport_fastrtps_cpp/dsr_msgs2/srv/detail/dds_fastrtps/overwrite_user_cart_coord__type_support.cpp.o
[102.786s] [ 76%] Building CXX object CMakeFiles/dsr_msgs2__rosidl_typesupport_introspection_cpp.dir/rosidl_typesupport_introspection_cpp/dsr_msgs2/srv/detail/get_current_tcp__type_support.cpp.o
[102.816s] [ 76%] Building CXX object CMakeFiles/dsr_msgs2__rosidl_typesupport_fastrtps_c.dir/rosidl_typesupport_fastrtps_c/dsr_msgs2/srv/detail/get_current_tool__type_support_c.cpp.o
[102.837s] [ 76%] Building CXX object CMakeFiles/dsr_msgs2__rosidl_typesupport_fastrtps_c.dir/rosidl_typesupport_fastrtps_c/dsr_msgs2/srv/detail/set_current_tool__type_support_c.cpp.o
[103.096s] [ 76%] Building CXX object CMakeFiles/dsr_msgs2__rosidl_typesupport_introspection_cpp.dir/rosidl_typesupport_introspection_cpp/dsr_msgs2/srv/detail/get_tool_digital_output__type_support.cpp.o
[103.212s] [ 76%] Building CXX object CMakeFiles/dsr_msgs2__rosidl_typesupport_fastrtps_cpp.dir/rosidl_typesupport_fastrtps_cpp/dsr_msgs2/srv/detail/dds_fastrtps/get_user_cart_coord__type_support.cpp.o
[103.265s] [ 76%] Building CXX object CMakeFiles/dsr_msgs2__rosidl_typesupport_introspection_cpp.dir/rosidl_typesupport_introspection_cpp/dsr_msgs2/srv/detail/set_tool_digital_output__type_support.cpp.o
[103.334s] [ 76%] Building CXX object CMakeFiles/dsr_msgs2__rosidl_typesupport_fastrtps_c.dir/rosidl_typesupport_fastrtps_c/dsr_msgs2/srv/detail/config_create_tcp__type_support_c.cpp.o
[103.341s] [ 76%] Building CXX object CMakeFiles/dsr_msgs2__rosidl_typesupport_fastrtps_cpp.dir/rosidl_typesupport_fastrtps_cpp/dsr_msgs2/srv/detail/dds_fastrtps/set_desired_force__type_support.cpp.o
[103.455s] [ 76%] Building CXX object CMakeFiles/dsr_msgs2__rosidl_typesupport_fastrtps_c.dir/rosidl_typesupport_fastrtps_c/dsr_msgs2/srv/detail/set_tool_shape__type_support_c.cpp.o
[103.614s] [ 76%] Building CXX object CMakeFiles/dsr_msgs2__rosidl_typesupport_fastrtps_cpp.dir/rosidl_typesupport_fastrtps_cpp/dsr_msgs2/srv/detail/dds_fastrtps/check_position_condition__type_support.cpp.o
[103.872s] [ 76%] Building CXX object CMakeFiles/dsr_msgs2__rosidl_typesupport_introspection_cpp.dir/rosidl_typesupport_introspection_cpp/dsr_msgs2/srv/detail/get_tool_digital_input__type_support.cpp.o
[103.938s] [ 76%] Building CXX object CMakeFiles/dsr_msgs2__rosidl_typesupport_fastrtps_cpp.dir/rosidl_typesupport_fastrtps_cpp/dsr_msgs2/srv/detail/dds_fastrtps/release_force__type_support.cpp.o
[103.940s] [ 76%] Building CXX object CMakeFiles/dsr_msgs2__rosidl_typesupport_fastrtps_c.dir/rosidl_typesupport_fastrtps_c/dsr_msgs2/srv/detail/config_delete_tcp__type_support_c.cpp.o
[103.957s] [ 76%] Building CXX object CMakeFiles/dsr_msgs2__rosidl_typesupport_fastrtps_c.dir/rosidl_typesupport_fastrtps_c/dsr_msgs2/srv/detail/coord_transform__type_support_c.cpp.o
[104.118s] [ 76%] Building CXX object CMakeFiles/dsr_msgs2__rosidl_typesupport_fastrtps_c.dir/rosidl_typesupport_fastrtps_c/dsr_msgs2/srv/detail/set_current_tcp__type_support_c.cpp.o
[104.118s] [ 76%] Building CXX object CMakeFiles/dsr_msgs2__rosidl_typesupport_fastrtps_cpp.dir/rosidl_typesupport_fastrtps_cpp/dsr_msgs2/srv/detail/dds_fastrtps/check_force_condition__type_support.cpp.o
[104.129s] [ 76%] Building CXX object CMakeFiles/dsr_msgs2__rosidl_typesupport_introspection_cpp.dir/rosidl_typesupport_introspection_cpp/dsr_msgs2/srv/detail/set_ctrl_box_digital_output__type_support.cpp.o
[104.379s] [ 76%] Building CXX object CMakeFiles/dsr_msgs2__rosidl_typesupport_fastrtps_cpp.dir/rosidl_typesupport_fastrtps_cpp/dsr_msgs2/srv/detail/dds_fastrtps/check_orientation_condition1__type_support.cpp.o
[104.600s] [ 77%] Building CXX object CMakeFiles/dsr_msgs2__rosidl_typesupport_fastrtps_c.dir/rosidl_typesupport_fastrtps_c/dsr_msgs2/srv/detail/get_current_tcp__type_support_c.cpp.o
[104.686s] [ 78%] Building CXX object CMakeFiles/dsr_msgs2__rosidl_typesupport_introspection_cpp.dir/rosidl_typesupport_introspection_cpp/dsr_msgs2/srv/detail/get_ctrl_box_digital_output__type_support.cpp.o
[104.733s] [ 78%] Building CXX object CMakeFiles/dsr_msgs2__rosidl_typesupport_fastrtps_cpp.dir/rosidl_typesupport_fastrtps_cpp/dsr_msgs2/srv/detail/dds_fastrtps/check_orientation_condition2__type_support.cpp.o
[104.792s] [ 78%] Building CXX object CMakeFiles/dsr_msgs2__rosidl_typesupport_fastrtps_cpp.dir/rosidl_typesupport_fastrtps_cpp/dsr_msgs2/srv/detail/dds_fastrtps/coord_transform__type_support.cpp.o
[104.897s] [ 78%] Building CXX object CMakeFiles/dsr_msgs2__rosidl_typesupport_introspection_cpp.dir/rosidl_typesupport_introspection_cpp/dsr_msgs2/srv/detail/get_ctrl_box_digital_input__type_support.cpp.o
[105.155s] [ 78%] Building CXX object CMakeFiles/dsr_msgs2__rosidl_typesupport_fastrtps_cpp.dir/rosidl_typesupport_fastrtps_cpp/dsr_msgs2/srv/detail/dds_fastrtps/get_workpiece_weight__type_support.cpp.o
[105.222s] [ 78%] Building CXX object CMakeFiles/dsr_msgs2__rosidl_typesupport_fastrtps_cpp.dir/rosidl_typesupport_fastrtps_cpp/dsr_msgs2/srv/detail/dds_fastrtps/reset_workpiece_weight__type_support.cpp.o
[105.354s] [ 78%] Building CXX object CMakeFiles/dsr_msgs2__rosidl_typesupport_fastrtps_c.dir/rosidl_typesupport_fastrtps_c/dsr_msgs2/srv/detail/set_tool_digital_output__type_support_c.cpp.o
[105.459s] [ 78%] Building CXX object CMakeFiles/dsr_msgs2__rosidl_typesupport_introspection_cpp.dir/rosidl_typesupport_introspection_cpp/dsr_msgs2/srv/detail/set_ctrl_box_analog_input_type__type_support.cpp.o
[105.518s] [ 78%] Building CXX object CMakeFiles/dsr_msgs2__rosidl_typesupport_fastrtps_cpp.dir/rosidl_typesupport_fastrtps_cpp/dsr_msgs2/srv/detail/dds_fastrtps/config_create_tool__type_support.cpp.o
[105.603s] [ 79%] Building CXX object CMakeFiles/dsr_msgs2__rosidl_typesupport_fastrtps_cpp.dir/rosidl_typesupport_fastrtps_cpp/dsr_msgs2/srv/detail/dds_fastrtps/config_delete_tool__type_support.cpp.o
[105.702s] [ 79%] Building CXX object CMakeFiles/dsr_msgs2__rosidl_typesupport_fastrtps_c.dir/rosidl_typesupport_fastrtps_c/dsr_msgs2/srv/detail/get_tool_digital_input__type_support_c.cpp.o
[105.966s] [ 79%] Building CXX object CMakeFiles/dsr_msgs2__rosidl_typesupport_introspection_cpp.dir/rosidl_typesupport_introspection_cpp/dsr_msgs2/srv/detail/set_ctrl_box_analog_output_type__type_support.cpp.o
[106.054s] [ 79%] Building CXX object CMakeFiles/dsr_msgs2__rosidl_typesupport_fastrtps_c.dir/rosidl_typesupport_fastrtps_c/dsr_msgs2/srv/detail/set_ctrl_box_digital_output__type_support_c.cpp.o
[106.064s] [ 79%] Building CXX object CMakeFiles/dsr_msgs2__rosidl_typesupport_fastrtps_cpp.dir/rosidl_typesupport_fastrtps_cpp/dsr_msgs2/srv/detail/dds_fastrtps/set_current_tool__type_support.cpp.o
[106.377s] [ 79%] Building CXX object CMakeFiles/dsr_msgs2__rosidl_typesupport_fastrtps_cpp.dir/rosidl_typesupport_fastrtps_cpp/dsr_msgs2/srv/detail/dds_fastrtps/get_current_tool__type_support.cpp.o
[106.377s] [ 79%] Building CXX object CMakeFiles/dsr_msgs2__rosidl_typesupport_fastrtps_c.dir/rosidl_typesupport_fastrtps_c/dsr_msgs2/srv/detail/set_ctrl_box_analog_input_type__type_support_c.cpp.o
[106.638s] [ 79%] Building CXX object CMakeFiles/dsr_msgs2__rosidl_typesupport_fastrtps_c.dir/rosidl_typesupport_fastrtps_c/dsr_msgs2/srv/detail/get_ctrl_box_digital_input__type_support_c.cpp.o
[106.638s] [ 79%] Building CXX object CMakeFiles/dsr_msgs2__rosidl_typesupport_introspection_cpp.dir/rosidl_typesupport_introspection_cpp/dsr_msgs2/srv/detail/set_ctrl_box_analog_output__type_support.cpp.o
[106.657s] [ 79%] Building CXX object CMakeFiles/dsr_msgs2__rosidl_typesupport_introspection_cpp.dir/rosidl_typesupport_introspection_cpp/dsr_msgs2/srv/detail/get_ctrl_box_analog_input__type_support.cpp.o
[106.801s] [ 79%] Building CXX object CMakeFiles/dsr_msgs2__rosidl_typesupport_fastrtps_cpp.dir/rosidl_typesupport_fastrtps_cpp/dsr_msgs2/srv/detail/dds_fastrtps/set_tool_shape__type_support.cpp.o
[106.877s] [ 79%] Building CXX object CMakeFiles/dsr_msgs2__rosidl_typesupport_fastrtps_c.dir/rosidl_typesupport_fastrtps_c/dsr_msgs2/srv/detail/get_ctrl_box_digital_output__type_support_c.cpp.o
[107.098s] [ 79%] Building CXX object CMakeFiles/dsr_msgs2__rosidl_typesupport_fastrtps_cpp.dir/rosidl_typesupport_fastrtps_cpp/dsr_msgs2/srv/detail/dds_fastrtps/config_create_tcp__type_support.cpp.o
[107.249s] [ 79%] Building CXX object CMakeFiles/dsr_msgs2__rosidl_typesupport_fastrtps_c.dir/rosidl_typesupport_fastrtps_c/dsr_msgs2/srv/detail/get_tool_digital_output__type_support_c.cpp.o
[107.267s] [ 79%] Building CXX object CMakeFiles/dsr_msgs2__rosidl_typesupport_introspection_cpp.dir/rosidl_typesupport_introspection_cpp/dsr_msgs2/srv/detail/config_delete_modbus__type_support.cpp.o
[107.375s] [ 79%] Building CXX object CMakeFiles/dsr_msgs2__rosidl_typesupport_introspection_cpp.dir/rosidl_typesupport_introspection_cpp/dsr_msgs2/srv/detail/config_create_modbus__type_support.cpp.o
[107.532s] [ 79%] Building CXX object CMakeFiles/dsr_msgs2__rosidl_typesupport_fastrtps_cpp.dir/rosidl_typesupport_fastrtps_cpp/dsr_msgs2/srv/detail/dds_fastrtps/get_current_tcp__type_support.cpp.o
[107.533s] [ 79%] Building CXX object CMakeFiles/dsr_msgs2__rosidl_typesupport_fastrtps_c.dir/rosidl_typesupport_fastrtps_c/dsr_msgs2/srv/detail/set_ctrl_box_analog_output_type__type_support_c.cpp.o
[107.846s] [ 79%] Building CXX object CMakeFiles/dsr_msgs2__rosidl_typesupport_fastrtps_cpp.dir/rosidl_typesupport_fastrtps_cpp/dsr_msgs2/srv/detail/dds_fastrtps/set_current_tcp__type_support.cpp.o
[107.846s] [ 79%] Building CXX object CMakeFiles/dsr_msgs2__rosidl_typesupport_fastrtps_c.dir/rosidl_typesupport_fastrtps_c/dsr_msgs2/srv/detail/set_ctrl_box_analog_output__type_support_c.cpp.o
[108.066s] [ 79%] Building CXX object CMakeFiles/dsr_msgs2__rosidl_typesupport_introspection_cpp.dir/rosidl_typesupport_introspection_cpp/dsr_msgs2/srv/detail/set_modbus_output__type_support.cpp.o
[108.149s] [ 79%] Building CXX object CMakeFiles/dsr_msgs2__rosidl_typesupport_fastrtps_cpp.dir/rosidl_typesupport_fastrtps_cpp/dsr_msgs2/srv/detail/dds_fastrtps/get_tool_digital_input__type_support.cpp.o
[108.155s] [ 79%] Building CXX object CMakeFiles/dsr_msgs2__rosidl_typesupport_fastrtps_c.dir/rosidl_typesupport_fastrtps_c/dsr_msgs2/srv/detail/get_ctrl_box_analog_input__type_support_c.cpp.o
[108.429s] [ 79%] Building CXX object CMakeFiles/dsr_msgs2__rosidl_typesupport_fastrtps_c.dir/rosidl_typesupport_fastrtps_c/dsr_msgs2/srv/detail/config_create_modbus__type_support_c.cpp.o
[108.693s] [ 79%] Building CXX object CMakeFiles/dsr_msgs2__rosidl_typesupport_introspection_cpp.dir/rosidl_typesupport_introspection_cpp/dsr_msgs2/srv/detail/get_modbus_input__type_support.cpp.o
[108.693s] [ 79%] Building CXX object CMakeFiles/dsr_msgs2__rosidl_typesupport_fastrtps_cpp.dir/rosidl_typesupport_fastrtps_cpp/dsr_msgs2/srv/detail/dds_fastrtps/set_ctrl_box_digital_output__type_support.cpp.o
[108.944s] [ 80%] Building CXX object CMakeFiles/dsr_msgs2__rosidl_typesupport_fastrtps_c.dir/rosidl_typesupport_fastrtps_c/dsr_msgs2/srv/detail/config_delete_modbus__type_support_c.cpp.o
[109.231s] [ 81%] Building CXX object CMakeFiles/dsr_msgs2__rosidl_typesupport_fastrtps_cpp.dir/rosidl_typesupport_fastrtps_cpp/dsr_msgs2/srv/detail/dds_fastrtps/get_ctrl_box_digital_output__type_support.cpp.o
[109.267s] [ 81%] Building CXX object CMakeFiles/dsr_msgs2__rosidl_typesupport_introspection_cpp.dir/rosidl_typesupport_introspection_cpp/dsr_msgs2/srv/detail/drl_stop__type_support.cpp.o
[109.461s] [ 81%] Building CXX object CMakeFiles/dsr_msgs2__rosidl_typesupport_fastrtps_c.dir/rosidl_typesupport_fastrtps_c/dsr_msgs2/srv/detail/set_modbus_output__type_support_c.cpp.o
[109.751s] [ 81%] Building CXX object CMakeFiles/dsr_msgs2__rosidl_typesupport_fastrtps_cpp.dir/rosidl_typesupport_fastrtps_cpp/dsr_msgs2/srv/detail/dds_fastrtps/get_ctrl_box_digital_input__type_support.cpp.o
[109.751s] [ 81%] Building CXX object CMakeFiles/dsr_msgs2__rosidl_typesupport_introspection_cpp.dir/rosidl_typesupport_introspection_cpp/dsr_msgs2/srv/detail/drl_start__type_support.cpp.o
[109.934s] [ 81%] Building CXX object CMakeFiles/dsr_msgs2__rosidl_typesupport_fastrtps_c.dir/rosidl_typesupport_fastrtps_c/dsr_msgs2/srv/detail/drl_start__type_support_c.cpp.o
[110.231s] [ 81%] Building CXX object CMakeFiles/dsr_msgs2__rosidl_typesupport_fastrtps_cpp.dir/rosidl_typesupport_fastrtps_cpp/dsr_msgs2/srv/detail/dds_fastrtps/get_tool_digital_output__type_support.cpp.o
[110.312s] [ 82%] Building CXX object CMakeFiles/dsr_msgs2__rosidl_typesupport_introspection_cpp.dir/rosidl_typesupport_introspection_cpp/dsr_msgs2/srv/detail/drl_pause__type_support.cpp.o
[110.349s] [ 82%] Building CXX object CMakeFiles/dsr_msgs2__rosidl_typesupport_fastrtps_c.dir/rosidl_typesupport_fastrtps_c/dsr_msgs2/srv/detail/drl_pause__type_support_c.cpp.o
[110.712s] [ 82%] Building CXX object CMakeFiles/dsr_msgs2__rosidl_typesupport_fastrtps_cpp.dir/rosidl_typesupport_fastrtps_cpp/dsr_msgs2/srv/detail/dds_fastrtps/set_ctrl_box_analog_input_type__type_support.cpp.o
[110.747s] [ 82%] Building CXX object CMakeFiles/dsr_msgs2__rosidl_typesupport_introspection_cpp.dir/rosidl_typesupport_introspection_cpp/dsr_msgs2/srv/detail/drl_resume__type_support.cpp.o
[110.765s] [ 82%] Building CXX object CMakeFiles/dsr_msgs2__rosidl_typesupport_fastrtps_c.dir/rosidl_typesupport_fastrtps_c/dsr_msgs2/srv/detail/drl_stop__type_support_c.cpp.o
[111.198s] [ 82%] Building CXX object CMakeFiles/dsr_msgs2__rosidl_typesupport_fastrtps_c.dir/rosidl_typesupport_fastrtps_c/dsr_msgs2/srv/detail/get_modbus_input__type_support_c.cpp.o
[111.212s] [ 82%] Building CXX object CMakeFiles/dsr_msgs2__rosidl_typesupport_introspection_cpp.dir/rosidl_typesupport_introspection_cpp/dsr_msgs2/srv/detail/get_drl_state__type_support.cpp.o
[111.212s] [ 82%] Building CXX object CMakeFiles/dsr_msgs2__rosidl_typesupport_fastrtps_cpp.dir/rosidl_typesupport_fastrtps_cpp/dsr_msgs2/srv/detail/dds_fastrtps/get_ctrl_box_analog_input__type_support.cpp.o
[111.633s] [ 82%] Building CXX object CMakeFiles/dsr_msgs2__rosidl_typesupport_fastrtps_c.dir/rosidl_typesupport_fastrtps_c/dsr_msgs2/srv/detail/drl_resume__type_support_c.cpp.o
[111.672s] [ 82%] Building CXX object CMakeFiles/dsr_msgs2__rosidl_typesupport_introspection_cpp.dir/rosidl_typesupport_introspection_cpp/dsr_msgs2/srv/detail/robotiq2_f_close__type_support.cpp.o
[111.691s] [ 82%] Building CXX object CMakeFiles/dsr_msgs2__rosidl_typesupport_fastrtps_cpp.dir/rosidl_typesupport_fastrtps_cpp/dsr_msgs2/srv/detail/dds_fastrtps/set_ctrl_box_analog_output__type_support.cpp.o
[112.072s] [ 82%] Building CXX object CMakeFiles/dsr_msgs2__rosidl_typesupport_fastrtps_c.dir/rosidl_typesupport_fastrtps_c/dsr_msgs2/srv/detail/robotiq2_f_close__type_support_c.cpp.o
[112.147s] [ 82%] Building CXX object CMakeFiles/dsr_msgs2__rosidl_typesupport_introspection_cpp.dir/rosidl_typesupport_introspection_cpp/dsr_msgs2/srv/detail/robotiq2_f_open__type_support.cpp.o
[112.206s] [ 82%] Building CXX object CMakeFiles/dsr_msgs2__rosidl_typesupport_fastrtps_cpp.dir/rosidl_typesupport_fastrtps_cpp/dsr_msgs2/srv/detail/dds_fastrtps/config_create_modbus__type_support.cpp.o
[112.565s] [ 82%] Building CXX object CMakeFiles/dsr_msgs2__rosidl_typesupport_fastrtps_c.dir/rosidl_typesupport_fastrtps_c/dsr_msgs2/srv/detail/robotiq2_f_open__type_support_c.cpp.o
[112.638s] [ 82%] Building CXX object CMakeFiles/dsr_msgs2__rosidl_typesupport_introspection_cpp.dir/rosidl_typesupport_introspection_cpp/dsr_msgs2/srv/detail/robotiq2_f_move__type_support.cpp.o
[112.738s] [ 82%] Building CXX object CMakeFiles/dsr_msgs2__rosidl_typesupport_fastrtps_cpp.dir/rosidl_typesupport_fastrtps_cpp/dsr_msgs2/srv/detail/dds_fastrtps/set_ctrl_box_analog_output_type__type_support.cpp.o
[112.986s] [ 82%] Building CXX object CMakeFiles/dsr_msgs2__rosidl_typesupport_fastrtps_c.dir/rosidl_typesupport_fastrtps_c/dsr_msgs2/srv/detail/robotiq2_f_move__type_support_c.cpp.o
[113.093s] [ 82%] Building CXX object CMakeFiles/dsr_msgs2__rosidl_typesupport_introspection_cpp.dir/rosidl_typesupport_introspection_cpp/dsr_msgs2/srv/detail/connect_rt_control__type_support.cpp.o
[113.211s] [ 82%] Building CXX object CMakeFiles/dsr_msgs2__rosidl_typesupport_fastrtps_cpp.dir/rosidl_typesupport_fastrtps_cpp/dsr_msgs2/srv/detail/dds_fastrtps/config_delete_modbus__type_support.cpp.o
[113.377s] [ 82%] Building CXX object CMakeFiles/dsr_msgs2__rosidl_typesupport_fastrtps_c.dir/rosidl_typesupport_fastrtps_c/dsr_msgs2/srv/detail/get_drl_state__type_support_c.cpp.o
[113.542s] [ 82%] Building CXX object CMakeFiles/dsr_msgs2__rosidl_typesupport_introspection_cpp.dir/rosidl_typesupport_introspection_cpp/dsr_msgs2/srv/detail/disconnect_rt_control__type_support.cpp.o
[113.686s] [ 82%] Building CXX object CMakeFiles/dsr_msgs2__rosidl_typesupport_fastrtps_cpp.dir/rosidl_typesupport_fastrtps_cpp/dsr_msgs2/srv/detail/dds_fastrtps/set_modbus_output__type_support.cpp.o
[113.687s] [ 82%] Building CXX object CMakeFiles/dsr_msgs2__rosidl_typesupport_fastrtps_cpp.dir/rosidl_typesupport_fastrtps_cpp/dsr_msgs2/srv/detail/dds_fastrtps/set_tool_digital_output__type_support.cpp.o
[113.687s] [ 83%] Building CXX object CMakeFiles/dsr_msgs2__rosidl_typesupport_fastrtps_c.dir/rosidl_typesupport_fastrtps_c/dsr_msgs2/srv/detail/connect_rt_control__type_support_c.cpp.o
[113.845s] [ 83%] Building CXX object CMakeFiles/dsr_msgs2__rosidl_typesupport_fastrtps_c.dir/rosidl_typesupport_fastrtps_c/dsr_msgs2/srv/detail/serial_send_data__type_support_c.cpp.o
[114.145s] [ 83%] Building CXX object CMakeFiles/dsr_msgs2__rosidl_typesupport_introspection_cpp.dir/rosidl_typesupport_introspection_cpp/dsr_msgs2/srv/detail/serial_send_data__type_support.cpp.o
[114.325s] [ 83%] Building CXX object CMakeFiles/dsr_msgs2__rosidl_typesupport_fastrtps_c.dir/rosidl_typesupport_fastrtps_c/dsr_msgs2/srv/detail/disconnect_rt_control__type_support_c.cpp.o
[114.342s] [ 83%] Building CXX object CMakeFiles/dsr_msgs2__rosidl_typesupport_fastrtps_cpp.dir/rosidl_typesupport_fastrtps_cpp/dsr_msgs2/srv/detail/dds_fastrtps/drl_start__type_support.cpp.o
[114.468s] [ 83%] Building CXX object CMakeFiles/dsr_msgs2__rosidl_typesupport_fastrtps_c.dir/rosidl_typesupport_fastrtps_c/dsr_msgs2/srv/detail/get_rt_control_input_data_list__type_support_c.cpp.o
[114.472s] [ 83%] Building CXX object CMakeFiles/dsr_msgs2__rosidl_typesupport_introspection_cpp.dir/rosidl_typesupport_introspection_cpp/dsr_msgs2/srv/detail/get_rt_control_input_data_list__type_support.cpp.o
[114.487s] [ 83%] Building CXX object CMakeFiles/dsr_msgs2__rosidl_typesupport_fastrtps_cpp.dir/rosidl_typesupport_fastrtps_cpp/dsr_msgs2/srv/detail/dds_fastrtps/get_modbus_input__type_support.cpp.o
[114.671s] [ 83%] Building CXX object CMakeFiles/dsr_msgs2__rosidl_typesupport_fastrtps_c.dir/rosidl_typesupport_fastrtps_c/dsr_msgs2/srv/detail/get_rt_control_output_data_list__type_support_c.cpp.o
[114.846s] [ 83%] Building CXX object CMakeFiles/dsr_msgs2__rosidl_typesupport_introspection_cpp.dir/rosidl_typesupport_introspection_cpp/dsr_msgs2/srv/detail/get_rt_control_input_version_list__type_support.cpp.o
[114.850s] [ 83%] Building CXX object CMakeFiles/dsr_msgs2__rosidl_typesupport_fastrtps_c.dir/rosidl_typesupport_fastrtps_c/dsr_msgs2/srv/detail/get_rt_control_input_version_list__type_support_c.cpp.o
[115.087s] [ 83%] Building CXX object CMakeFiles/dsr_msgs2__rosidl_typesupport_fastrtps_cpp.dir/rosidl_typesupport_fastrtps_cpp/dsr_msgs2/srv/detail/dds_fastrtps/config_delete_tcp__type_support.cpp.o
[115.187s] [ 84%] Building CXX object CMakeFiles/dsr_msgs2__rosidl_typesupport_introspection_cpp.dir/rosidl_typesupport_introspection_cpp/dsr_msgs2/srv/detail/get_rt_control_output_version_list__type_support.cpp.o
[115.219s] [ 84%] Building CXX object CMakeFiles/dsr_msgs2__rosidl_typesupport_fastrtps_cpp.dir/rosidl_typesupport_fastrtps_cpp/dsr_msgs2/srv/detail/dds_fastrtps/drl_stop__type_support.cpp.o
[115.223s] [ 84%] Building CXX object CMakeFiles/dsr_msgs2__rosidl_typesupport_fastrtps_c.dir/rosidl_typesupport_fastrtps_c/dsr_msgs2/srv/detail/get_rt_control_output_version_list__type_support_c.cpp.o
[115.517s] [ 84%] Building CXX object CMakeFiles/dsr_msgs2__rosidl_typesupport_introspection_cpp.dir/rosidl_typesupport_introspection_cpp/dsr_msgs2/srv/detail/read_data_rt__type_support.cpp.o
[115.734s] [ 84%] Building CXX object CMakeFiles/dsr_msgs2__rosidl_typesupport_fastrtps_cpp.dir/rosidl_typesupport_fastrtps_cpp/dsr_msgs2/srv/detail/dds_fastrtps/drl_resume__type_support.cpp.o
[115.748s] [ 84%] Building CXX object CMakeFiles/dsr_msgs2__rosidl_typesupport_fastrtps_c.dir/rosidl_typesupport_fastrtps_c/dsr_msgs2/srv/detail/read_data_rt__type_support_c.cpp.o
[115.854s] [ 84%] Building CXX object CMakeFiles/dsr_msgs2__rosidl_typesupport_introspection_cpp.dir/rosidl_typesupport_introspection_cpp/dsr_msgs2/srv/detail/get_rt_control_output_data_list__type_support.cpp.o
[115.879s] [ 84%] Building CXX object CMakeFiles/dsr_msgs2__rosidl_typesupport_fastrtps_c.dir/rosidl_typesupport_fastrtps_c/dsr_msgs2/srv/detail/set_accj_rt__type_support_c.cpp.o
[115.946s] [ 85%] Building CXX object CMakeFiles/dsr_msgs2__rosidl_typesupport_fastrtps_cpp.dir/rosidl_typesupport_fastrtps_cpp/dsr_msgs2/srv/detail/dds_fastrtps/drl_pause__type_support.cpp.o
[116.298s] [ 85%] Building CXX object CMakeFiles/dsr_msgs2__rosidl_typesupport_introspection_cpp.dir/rosidl_typesupport_introspection_cpp/dsr_msgs2/srv/detail/set_accj_rt__type_support.cpp.o
[116.313s] [ 85%] Building CXX object CMakeFiles/dsr_msgs2__rosidl_typesupport_fastrtps_c.dir/rosidl_typesupport_fastrtps_c/dsr_msgs2/srv/detail/set_accx_rt__type_support_c.cpp.o
[116.467s] [ 85%] Building CXX object CMakeFiles/dsr_msgs2__rosidl_typesupport_fastrtps_c.dir/rosidl_typesupport_fastrtps_c/dsr_msgs2/srv/detail/set_rt_control_input__type_support_c.cpp.o
[116.467s] [ 85%] Building CXX object CMakeFiles/dsr_msgs2__rosidl_typesupport_fastrtps_cpp.dir/rosidl_typesupport_fastrtps_cpp/dsr_msgs2/srv/detail/dds_fastrtps/robotiq2_f_close__type_support.cpp.o
[116.477s] [ 85%] Building CXX object CMakeFiles/dsr_msgs2__rosidl_typesupport_introspection_cpp.dir/rosidl_typesupport_introspection_cpp/dsr_msgs2/srv/detail/set_accx_rt__type_support.cpp.o
[116.687s] [ 85%] Building CXX object CMakeFiles/dsr_msgs2__rosidl_typesupport_fastrtps_c.dir/rosidl_typesupport_fastrtps_c/dsr_msgs2/srv/detail/set_rt_control_output__type_support_c.cpp.o
[116.687s] [ 85%] Building CXX object CMakeFiles/dsr_msgs2__rosidl_typesupport_fastrtps_cpp.dir/rosidl_typesupport_fastrtps_cpp/dsr_msgs2/srv/detail/dds_fastrtps/robotiq2_f_open__type_support.cpp.o
[117.027s] [ 85%] Building CXX object CMakeFiles/dsr_msgs2__rosidl_typesupport_fastrtps_c.dir/rosidl_typesupport_fastrtps_c/dsr_msgs2/srv/detail/set_velj_rt__type_support_c.cpp.o
[117.110s] [ 86%] Building CXX object CMakeFiles/dsr_msgs2__rosidl_typesupport_fastrtps_c.dir/rosidl_typesupport_fastrtps_c/dsr_msgs2/srv/detail/set_velx_rt__type_support_c.cpp.o
[117.224s] [ 86%] Building CXX object CMakeFiles/dsr_msgs2__rosidl_typesupport_introspection_cpp.dir/rosidl_typesupport_introspection_cpp/dsr_msgs2/srv/detail/set_rt_control_input__type_support.cpp.o
[117.298s] [ 86%] Building CXX object CMakeFiles/dsr_msgs2__rosidl_typesupport_introspection_cpp.dir/rosidl_typesupport_introspection_cpp/dsr_msgs2/srv/detail/set_rt_control_output__type_support.cpp.o
[117.299s] [ 86%] Building CXX object CMakeFiles/dsr_msgs2__rosidl_typesupport_fastrtps_cpp.dir/rosidl_typesupport_fastrtps_cpp/dsr_msgs2/srv/detail/dds_fastrtps/robotiq2_f_move__type_support.cpp.o
[117.435s] [ 86%] Building CXX object CMakeFiles/dsr_msgs2__rosidl_typesupport_fastrtps_cpp.dir/rosidl_typesupport_fastrtps_cpp/dsr_msgs2/srv/detail/dds_fastrtps/serial_send_data__type_support.cpp.o
[117.642s] [ 86%] Building CXX object CMakeFiles/dsr_msgs2__rosidl_typesupport_fastrtps_cpp.dir/rosidl_typesupport_fastrtps_cpp/dsr_msgs2/srv/detail/dds_fastrtps/connect_rt_control__type_support.cpp.o
[117.729s] [ 86%] Building CXX object CMakeFiles/dsr_msgs2__rosidl_typesupport_fastrtps_c.dir/rosidl_typesupport_fastrtps_c/dsr_msgs2/srv/detail/start_rt_control__type_support_c.cpp.o
[117.858s] [ 86%] Building CXX object CMakeFiles/dsr_msgs2__rosidl_typesupport_introspection_cpp.dir/rosidl_typesupport_introspection_cpp/dsr_msgs2/srv/detail/set_velj_rt__type_support.cpp.o
[117.870s] [ 86%] Building CXX object CMakeFiles/dsr_msgs2__rosidl_typesupport_fastrtps_c.dir/rosidl_typesupport_fastrtps_c/dsr_msgs2/srv/detail/stop_rt_control__type_support_c.cpp.o
[118.026s] [ 86%] Building CXX object CMakeFiles/dsr_msgs2__rosidl_typesupport_fastrtps_cpp.dir/rosidl_typesupport_fastrtps_cpp/dsr_msgs2/srv/detail/dds_fastrtps/get_drl_state__type_support.cpp.o
[118.032s] [ 86%] Building CXX object CMakeFiles/dsr_msgs2__rosidl_typesupport_introspection_cpp.dir/rosidl_typesupport_introspection_cpp/dsr_msgs2/srv/detail/set_velx_rt__type_support.cpp.o
[118.186s] [ 86%] Building CXX object CMakeFiles/dsr_msgs2__rosidl_typesupport_fastrtps_cpp.dir/rosidl_typesupport_fastrtps_cpp/dsr_msgs2/srv/detail/dds_fastrtps/disconnect_rt_control__type_support.cpp.o
[118.390s] [ 86%] Building CXX object CMakeFiles/dsr_msgs2__rosidl_typesupport_fastrtps_c.dir/rosidl_typesupport_fastrtps_c/dsr_msgs2/srv/detail/write_data_rt__type_support_c.cpp.o
[118.576s] [ 86%] Building CXX object CMakeFiles/dsr_msgs2__rosidl_typesupport_introspection_cpp.dir/rosidl_typesupport_introspection_cpp/dsr_msgs2/srv/detail/stop_rt_control__type_support.cpp.o
[118.582s] [ 86%] Building CXX object CMakeFiles/dsr_msgs2__rosidl_typesupport_fastrtps_cpp.dir/rosidl_typesupport_fastrtps_cpp/dsr_msgs2/srv/detail/dds_fastrtps/get_rt_control_input_data_list__type_support.cpp.o
[118.643s] [ 86%] Building CXX object CMakeFiles/dsr_msgs2__rosidl_typesupport_fastrtps_cpp.dir/rosidl_typesupport_fastrtps_cpp/dsr_msgs2/srv/detail/dds_fastrtps/get_rt_control_input_version_list__type_support.cpp.o
[118.709s] [ 86%] Building CXX object CMakeFiles/dsr_msgs2__rosidl_typesupport_introspection_cpp.dir/rosidl_typesupport_introspection_cpp/dsr_msgs2/srv/detail/start_rt_control__type_support.cpp.o
[118.758s] [ 86%] Building CXX object CMakeFiles/dsr_msgs2__rosidl_typesupport_fastrtps_cpp.dir/rosidl_typesupport_fastrtps_cpp/dsr_msgs2/srv/detail/dds_fastrtps/get_rt_control_output_data_list__type_support.cpp.o
[119.027s] [ 86%] Linking CXX shared library libdsr_msgs2__rosidl_typesupport_fastrtps_c.so
[119.064s] [ 87%] Building CXX object CMakeFiles/dsr_msgs2__rosidl_typesupport_fastrtps_cpp.dir/rosidl_typesupport_fastrtps_cpp/dsr_msgs2/srv/detail/dds_fastrtps/get_rt_control_output_version_list__type_support.cpp.o
[119.314s] [ 87%] Built target dsr_msgs2__rosidl_typesupport_fastrtps_c
[119.340s] [ 87%] Building CXX object CMakeFiles/dsr_msgs2__rosidl_typesupport_introspection_cpp.dir/rosidl_typesupport_introspection_cpp/dsr_msgs2/srv/detail/write_data_rt__type_support.cpp.o
[119.403s] [ 87%] Building CXX object CMakeFiles/dsr_msgs2__rosidl_typesupport_fastrtps_cpp.dir/rosidl_typesupport_fastrtps_cpp/dsr_msgs2/srv/detail/dds_fastrtps/set_accx_rt__type_support.cpp.o
[119.424s] [ 87%] Building CXX object CMakeFiles/dsr_msgs2__rosidl_typesupport_fastrtps_cpp.dir/rosidl_typesupport_fastrtps_cpp/dsr_msgs2/srv/detail/dds_fastrtps/set_rt_control_input__type_support.cpp.o
[119.512s] [ 87%] Building CXX object CMakeFiles/dsr_msgs2__rosidl_typesupport_fastrtps_cpp.dir/rosidl_typesupport_fastrtps_cpp/dsr_msgs2/srv/detail/dds_fastrtps/set_rt_control_output__type_support.cpp.o
[119.839s] [ 87%] Building CXX object CMakeFiles/dsr_msgs2__rosidl_typesupport_fastrtps_cpp.dir/rosidl_typesupport_fastrtps_cpp/dsr_msgs2/srv/detail/dds_fastrtps/set_velj_rt__type_support.cpp.o
[119.939s] [ 87%] Building CXX object CMakeFiles/dsr_msgs2__rosidl_typesupport_fastrtps_cpp.dir/rosidl_typesupport_fastrtps_cpp/dsr_msgs2/srv/detail/dds_fastrtps/set_velx_rt__type_support.cpp.o
[119.980s] [ 88%] Linking CXX shared library libdsr_msgs2__rosidl_typesupport_introspection_cpp.so
[120.090s] [ 88%] Building CXX object CMakeFiles/dsr_msgs2__rosidl_typesupport_fastrtps_cpp.dir/rosidl_typesupport_fastrtps_cpp/dsr_msgs2/srv/detail/dds_fastrtps/start_rt_control__type_support.cpp.o
[120.098s] [ 88%] Building CXX object CMakeFiles/dsr_msgs2__rosidl_typesupport_fastrtps_cpp.dir/rosidl_typesupport_fastrtps_cpp/dsr_msgs2/srv/detail/dds_fastrtps/stop_rt_control__type_support.cpp.o
[120.310s] [ 88%] Built target dsr_msgs2__rosidl_typesupport_introspection_cpp
[120.517s] [ 88%] Building CXX object CMakeFiles/dsr_msgs2__rosidl_typesupport_fastrtps_cpp.dir/rosidl_typesupport_fastrtps_cpp/dsr_msgs2/srv/detail/dds_fastrtps/write_data_rt__type_support.cpp.o
[120.558s] [ 88%] Building CXX object CMakeFiles/dsr_msgs2__rosidl_typesupport_fastrtps_cpp.dir/rosidl_typesupport_fastrtps_cpp/dsr_msgs2/srv/detail/dds_fastrtps/set_accj_rt__type_support.cpp.o
[120.607s] [ 88%] Building CXX object CMakeFiles/dsr_msgs2__rosidl_typesupport_fastrtps_cpp.dir/rosidl_typesupport_fastrtps_cpp/dsr_msgs2/srv/detail/dds_fastrtps/read_data_rt__type_support.cpp.o
[121.111s] [ 88%] Linking CXX shared library libdsr_msgs2__rosidl_typesupport_fastrtps_cpp.so
[121.297s] [ 88%] Built target dsr_msgs2__rosidl_typesupport_fastrtps_cpp
[121.324s] [ 88%] Built target dsr_msgs2
[121.365s] [ 88%] Generating Python code for ROS interfaces
[159.273s] [ 88%] Built target dsr_msgs2__py
[159.306s] [ 89%] Building C object CMakeFiles/dsr_msgs2__rosidl_generator_py.dir/rosidl_generator_py/dsr_msgs2/msg/_robot_state_s.c.o
[159.306s] [ 89%] Building C object CMakeFiles/dsr_msgs2__rosidl_generator_py.dir/rosidl_generator_py/dsr_msgs2/msg/_robot_stop_s.c.o
[159.308s] [ 89%] Building C object CMakeFiles/dsr_msgs2__rosidl_generator_py.dir/rosidl_generator_py/dsr_msgs2/msg/_modbus_state_s.c.o
[159.308s] [ 89%] Building C object CMakeFiles/dsr_msgs2__rosidl_generator_py.dir/rosidl_generator_py/dsr_msgs2/msg/_alter_motion_stream_s.c.o
[159.308s] [ 89%] Building C object CMakeFiles/dsr_msgs2__rosidl_generator_py.dir/rosidl_generator_py/dsr_msgs2/msg/_log_alarm_s.c.o
[159.309s] [ 89%] Building C object CMakeFiles/dsr_msgs2__rosidl_generator_py.dir/rosidl_generator_py/dsr_msgs2/msg/_robot_error_s.c.o
[159.315s] [ 89%] Building C object CMakeFiles/dsr_msgs2__rosidl_generator_py.dir/rosidl_generator_py/dsr_msgs2/msg/_jog_multi_axis_s.c.o
[159.315s] [ 89%] Building C object CMakeFiles/dsr_msgs2__rosidl_generator_py.dir/rosidl_generator_py/dsr_msgs2/msg/_servoj_stream_s.c.o
[159.523s] [ 89%] Building C object CMakeFiles/dsr_msgs2__rosidl_generator_py.dir/rosidl_generator_py/dsr_msgs2/msg/_servol_stream_s.c.o
[159.528s] [ 89%] Building C object CMakeFiles/dsr_msgs2__rosidl_generator_py.dir/rosidl_generator_py/dsr_msgs2/msg/_speedj_stream_s.c.o
[159.537s] [ 89%] Building C object CMakeFiles/dsr_msgs2__rosidl_generator_py.dir/rosidl_generator_py/dsr_msgs2/msg/_speedl_stream_s.c.o
[159.537s] [ 89%] Building C object CMakeFiles/dsr_msgs2__rosidl_generator_py.dir/rosidl_generator_py/dsr_msgs2/msg/_robot_state_rt_s.c.o
[159.554s] [ 89%] Building C object CMakeFiles/dsr_msgs2__rosidl_generator_py.dir/rosidl_generator_py/dsr_msgs2/msg/_servoj_rt_stream_s.c.o
[159.563s] [ 89%] Building C object CMakeFiles/dsr_msgs2__rosidl_generator_py.dir/rosidl_generator_py/dsr_msgs2/msg/_speedj_rt_stream_s.c.o
[159.569s] [ 89%] Building C object CMakeFiles/dsr_msgs2__rosidl_generator_py.dir/rosidl_generator_py/dsr_msgs2/msg/_servol_rt_stream_s.c.o
[159.721s] [ 89%] Building C object CMakeFiles/dsr_msgs2__rosidl_generator_py.dir/rosidl_generator_py/dsr_msgs2/msg/_speedl_rt_stream_s.c.o
[159.724s] [ 89%] Building C object CMakeFiles/dsr_msgs2__rosidl_generator_py.dir/rosidl_generator_py/dsr_msgs2/srv/_set_robot_mode_s.c.o
[159.735s] [ 90%] Building C object CMakeFiles/dsr_msgs2__rosidl_generator_py.dir/rosidl_generator_py/dsr_msgs2/msg/_torque_rt_stream_s.c.o
[159.785s] [ 90%] Building C object CMakeFiles/dsr_msgs2__rosidl_generator_py.dir/rosidl_generator_py/dsr_msgs2/srv/_set_robot_system_s.c.o
[159.801s] [ 90%] Building C object CMakeFiles/dsr_msgs2__rosidl_generator_py.dir/rosidl_generator_py/dsr_msgs2/srv/_get_robot_mode_s.c.o
[159.845s] [ 90%] Building C object CMakeFiles/dsr_msgs2__rosidl_generator_py.dir/rosidl_generator_py/dsr_msgs2/srv/_get_robot_system_s.c.o
[159.853s] [ 90%] Building C object CMakeFiles/dsr_msgs2__rosidl_generator_py.dir/rosidl_generator_py/dsr_msgs2/srv/_set_robot_speed_mode_s.c.o
[159.921s] [ 90%] Building C object CMakeFiles/dsr_msgs2__rosidl_generator_py.dir/rosidl_generator_py/dsr_msgs2/srv/_get_robot_speed_mode_s.c.o
[159.944s] [ 90%] Building C object CMakeFiles/dsr_msgs2__rosidl_generator_py.dir/rosidl_generator_py/dsr_msgs2/srv/_get_current_pose_s.c.o
[159.989s] [ 90%] Building C object CMakeFiles/dsr_msgs2__rosidl_generator_py.dir/rosidl_generator_py/dsr_msgs2/srv/_set_safe_stop_reset_type_s.c.o
[160.006s] [ 90%] Building C object CMakeFiles/dsr_msgs2__rosidl_generator_py.dir/rosidl_generator_py/dsr_msgs2/srv/_get_last_alarm_s.c.o
[160.032s] [ 90%] Building C object CMakeFiles/dsr_msgs2__rosidl_generator_py.dir/rosidl_generator_py/dsr_msgs2/srv/_get_robot_state_s.c.o
[160.047s] [ 90%] Building C object CMakeFiles/dsr_msgs2__rosidl_generator_py.dir/rosidl_generator_py/dsr_msgs2/srv/_servo_off_s.c.o
[160.078s] [ 91%] Building C object CMakeFiles/dsr_msgs2__rosidl_generator_py.dir/rosidl_generator_py/dsr_msgs2/srv/_set_robot_control_s.c.o
[160.111s] [ 91%] Building C object CMakeFiles/dsr_msgs2__rosidl_generator_py.dir/rosidl_generator_py/dsr_msgs2/srv/_change_collision_sensitivity_s.c.o
[160.158s] [ 91%] Building C object CMakeFiles/dsr_msgs2__rosidl_generator_py.dir/rosidl_generator_py/dsr_msgs2/srv/_set_safety_mode_s.c.o
[160.170s] [ 91%] Building C object CMakeFiles/dsr_msgs2__rosidl_generator_py.dir/rosidl_generator_py/dsr_msgs2/srv/_move_joint_s.c.o
[160.193s] [ 91%] Building C object CMakeFiles/dsr_msgs2__rosidl_generator_py.dir/rosidl_generator_py/dsr_msgs2/srv/_move_line_s.c.o
[160.209s] [ 91%] Building C object CMakeFiles/dsr_msgs2__rosidl_generator_py.dir/rosidl_generator_py/dsr_msgs2/srv/_move_jointx_s.c.o
[160.266s] [ 91%] Building C object CMakeFiles/dsr_msgs2__rosidl_generator_py.dir/rosidl_generator_py/dsr_msgs2/srv/_move_circle_s.c.o
[160.290s] [ 91%] Building C object CMakeFiles/dsr_msgs2__rosidl_generator_py.dir/rosidl_generator_py/dsr_msgs2/srv/_move_spline_joint_s.c.o
[160.320s] [ 91%] Building C object CMakeFiles/dsr_msgs2__rosidl_generator_py.dir/rosidl_generator_py/dsr_msgs2/srv/_move_spline_task_s.c.o
[160.320s] [ 91%] Building C object CMakeFiles/dsr_msgs2__rosidl_generator_py.dir/rosidl_generator_py/dsr_msgs2/srv/_move_blending_s.c.o
[160.425s] [ 91%] Building C object CMakeFiles/dsr_msgs2__rosidl_generator_py.dir/rosidl_generator_py/dsr_msgs2/srv/_move_spiral_s.c.o
[160.452s] [ 91%] Building C object CMakeFiles/dsr_msgs2__rosidl_generator_py.dir/rosidl_generator_py/dsr_msgs2/srv/_move_periodic_s.c.o
[160.454s] [ 92%] Building C object CMakeFiles/dsr_msgs2__rosidl_generator_py.dir/rosidl_generator_py/dsr_msgs2/srv/_move_wait_s.c.o
[160.457s] [ 92%] Building C object CMakeFiles/dsr_msgs2__rosidl_generator_py.dir/rosidl_generator_py/dsr_msgs2/srv/_jog_s.c.o
[160.528s] [ 92%] Building C object CMakeFiles/dsr_msgs2__rosidl_generator_py.dir/rosidl_generator_py/dsr_msgs2/srv/_jog_multi_s.c.o
[160.544s] [ 92%] Building C object CMakeFiles/dsr_msgs2__rosidl_generator_py.dir/rosidl_generator_py/dsr_msgs2/srv/_move_stop_s.c.o
[160.580s] [ 92%] Building C object CMakeFiles/dsr_msgs2__rosidl_generator_py.dir/rosidl_generator_py/dsr_msgs2/srv/_move_pause_s.c.o
[160.644s] [ 92%] Building C object CMakeFiles/dsr_msgs2__rosidl_generator_py.dir/rosidl_generator_py/dsr_msgs2/srv/_move_resume_s.c.o
[160.653s] [ 92%] Building C object CMakeFiles/dsr_msgs2__rosidl_generator_py.dir/rosidl_generator_py/dsr_msgs2/srv/_trans_s.c.o
[160.699s] [ 92%] Building C object CMakeFiles/dsr_msgs2__rosidl_generator_py.dir/rosidl_generator_py/dsr_msgs2/srv/_fkin_s.c.o
[160.726s] [ 92%] Building C object CMakeFiles/dsr_msgs2__rosidl_generator_py.dir/rosidl_generator_py/dsr_msgs2/srv/_ikin_s.c.o
[160.737s] [ 92%] Building C object CMakeFiles/dsr_msgs2__rosidl_generator_py.dir/rosidl_generator_py/dsr_msgs2/srv/_set_ref_coord_s.c.o
[160.737s] [ 92%] Building C object CMakeFiles/dsr_msgs2__rosidl_generator_py.dir/rosidl_generator_py/dsr_msgs2/srv/_move_home_s.c.o
[160.744s] [ 92%] Building C object CMakeFiles/dsr_msgs2__rosidl_generator_py.dir/rosidl_generator_py/dsr_msgs2/srv/_check_motion_s.c.o
[160.777s] [ 93%] Building C object CMakeFiles/dsr_msgs2__rosidl_generator_py.dir/rosidl_generator_py/dsr_msgs2/srv/_change_operation_speed_s.c.o
[160.872s] [ 93%] Building C object CMakeFiles/dsr_msgs2__rosidl_generator_py.dir/rosidl_generator_py/dsr_msgs2/srv/_enable_alter_motion_s.c.o
[160.913s] [ 93%] Building C object CMakeFiles/dsr_msgs2__rosidl_generator_py.dir/rosidl_generator_py/dsr_msgs2/srv/_disable_alter_motion_s.c.o
[160.914s] [ 93%] Building C object CMakeFiles/dsr_msgs2__rosidl_generator_py.dir/rosidl_generator_py/dsr_msgs2/srv/_alter_motion_s.c.o
[160.932s] [ 93%] Building C object CMakeFiles/dsr_msgs2__rosidl_generator_py.dir/rosidl_generator_py/dsr_msgs2/srv/_set_singularity_handling_s.c.o
[160.936s] [ 93%] Building C object CMakeFiles/dsr_msgs2__rosidl_generator_py.dir/rosidl_generator_py/dsr_msgs2/srv/_get_control_mode_s.c.o
[160.952s] [ 93%] Building C object CMakeFiles/dsr_msgs2__rosidl_generator_py.dir/rosidl_generator_py/dsr_msgs2/srv/_get_control_space_s.c.o
[160.979s] [ 93%] Building C object CMakeFiles/dsr_msgs2__rosidl_generator_py.dir/rosidl_generator_py/dsr_msgs2/srv/_get_current_posj_s.c.o
[160.979s] [ 93%] Building C object CMakeFiles/dsr_msgs2__rosidl_generator_py.dir/rosidl_generator_py/dsr_msgs2/srv/_get_desired_posj_s.c.o
[161.092s] [ 93%] Building C object CMakeFiles/dsr_msgs2__rosidl_generator_py.dir/rosidl_generator_py/dsr_msgs2/srv/_get_current_velj_s.c.o
[161.107s] [ 93%] Building C object CMakeFiles/dsr_msgs2__rosidl_generator_py.dir/rosidl_generator_py/dsr_msgs2/srv/_get_desired_velj_s.c.o
[161.139s] [ 94%] Building C object CMakeFiles/dsr_msgs2__rosidl_generator_py.dir/rosidl_generator_py/dsr_msgs2/srv/_get_current_tool_flange_posx_s.c.o
[161.139s] [ 94%] Building C object CMakeFiles/dsr_msgs2__rosidl_generator_py.dir/rosidl_generator_py/dsr_msgs2/srv/_get_current_posx_s.c.o
[161.151s] [ 94%] Building C object CMakeFiles/dsr_msgs2__rosidl_generator_py.dir/rosidl_generator_py/dsr_msgs2/srv/_get_current_velx_s.c.o
[161.194s] [ 94%] Building C object CMakeFiles/dsr_msgs2__rosidl_generator_py.dir/rosidl_generator_py/dsr_msgs2/srv/_get_desired_posx_s.c.o
[161.239s] [ 94%] Building C object CMakeFiles/dsr_msgs2__rosidl_generator_py.dir/rosidl_generator_py/dsr_msgs2/srv/_get_desired_velx_s.c.o
[161.252s] [ 94%] Building C object CMakeFiles/dsr_msgs2__rosidl_generator_py.dir/rosidl_generator_py/dsr_msgs2/srv/_get_current_solution_space_s.c.o
[161.319s] [ 94%] Building C object CMakeFiles/dsr_msgs2__rosidl_generator_py.dir/rosidl_generator_py/dsr_msgs2/srv/_get_current_rotm_s.c.o
[161.394s] [ 94%] Building C object CMakeFiles/dsr_msgs2__rosidl_generator_py.dir/rosidl_generator_py/dsr_msgs2/srv/_get_joint_torque_s.c.o
[161.404s] [ 94%] Building C object CMakeFiles/dsr_msgs2__rosidl_generator_py.dir/rosidl_generator_py/dsr_msgs2/srv/_get_external_torque_s.c.o
[161.423s] [ 94%] Building C object CMakeFiles/dsr_msgs2__rosidl_generator_py.dir/rosidl_generator_py/dsr_msgs2/srv/_get_tool_force_s.c.o
[161.481s] [ 94%] Building C object CMakeFiles/dsr_msgs2__rosidl_generator_py.dir/rosidl_generator_py/dsr_msgs2/srv/_get_solution_space_s.c.o
[161.542s] [ 94%] Building C object CMakeFiles/dsr_msgs2__rosidl_generator_py.dir/rosidl_generator_py/dsr_msgs2/srv/_get_orientation_error_s.c.o
[161.589s] [ 94%] Building C object CMakeFiles/dsr_msgs2__rosidl_generator_py.dir/rosidl_generator_py/dsr_msgs2/srv/_parallel_axis1_s.c.o
[161.590s] [ 95%] Building C object CMakeFiles/dsr_msgs2__rosidl_generator_py.dir/rosidl_generator_py/dsr_msgs2/srv/_parallel_axis2_s.c.o
[161.621s] [ 95%] Building C object CMakeFiles/dsr_msgs2__rosidl_generator_py.dir/rosidl_generator_py/dsr_msgs2/srv/_align_axis1_s.c.o
[161.665s] [ 95%] Building C object CMakeFiles/dsr_msgs2__rosidl_generator_py.dir/rosidl_generator_py/dsr_msgs2/srv/_align_axis2_s.c.o
[161.692s] [ 95%] Building C object CMakeFiles/dsr_msgs2__rosidl_generator_py.dir/rosidl_generator_py/dsr_msgs2/srv/_is_done_bolt_tightening_s.c.o
[161.725s] [ 95%] Building C object CMakeFiles/dsr_msgs2__rosidl_generator_py.dir/rosidl_generator_py/dsr_msgs2/srv/_release_compliance_ctrl_s.c.o
[161.820s] [ 95%] Building C object CMakeFiles/dsr_msgs2__rosidl_generator_py.dir/rosidl_generator_py/dsr_msgs2/srv/_task_compliance_ctrl_s.c.o
[161.878s] [ 95%] Building C object CMakeFiles/dsr_msgs2__rosidl_generator_py.dir/rosidl_generator_py/dsr_msgs2/srv/_calc_coord_s.c.o
[161.882s] [ 95%] Building C object CMakeFiles/dsr_msgs2__rosidl_generator_py.dir/rosidl_generator_py/dsr_msgs2/srv/_set_stiffnessx_s.c.o
[161.926s] [ 95%] Building C object CMakeFiles/dsr_msgs2__rosidl_generator_py.dir/rosidl_generator_py/dsr_msgs2/srv/_set_user_cart_coord1_s.c.o
[161.944s] [ 95%] Building C object CMakeFiles/dsr_msgs2__rosidl_generator_py.dir/rosidl_generator_py/dsr_msgs2/srv/_set_user_cart_coord2_s.c.o
[161.979s] [ 95%] Building C object CMakeFiles/dsr_msgs2__rosidl_generator_py.dir/rosidl_generator_py/dsr_msgs2/srv/_set_user_cart_coord3_s.c.o
[162.003s] [ 95%] Building C object CMakeFiles/dsr_msgs2__rosidl_generator_py.dir/rosidl_generator_py/dsr_msgs2/srv/_overwrite_user_cart_coord_s.c.o
[162.013s] [ 96%] Building C object CMakeFiles/dsr_msgs2__rosidl_generator_py.dir/rosidl_generator_py/dsr_msgs2/srv/_get_user_cart_coord_s.c.o
[162.165s] [ 96%] Building C object CMakeFiles/dsr_msgs2__rosidl_generator_py.dir/rosidl_generator_py/dsr_msgs2/srv/_set_desired_force_s.c.o
[162.180s] [ 96%] Building C object CMakeFiles/dsr_msgs2__rosidl_generator_py.dir/rosidl_generator_py/dsr_msgs2/srv/_release_force_s.c.o
[162.211s] [ 96%] Building C object CMakeFiles/dsr_msgs2__rosidl_generator_py.dir/rosidl_generator_py/dsr_msgs2/srv/_check_position_condition_s.c.o
[162.227s] [ 96%] Building C object CMakeFiles/dsr_msgs2__rosidl_generator_py.dir/rosidl_generator_py/dsr_msgs2/srv/_check_force_condition_s.c.o
[162.255s] [ 96%] Building C object CMakeFiles/dsr_msgs2__rosidl_generator_py.dir/rosidl_generator_py/dsr_msgs2/srv/_check_orientation_condition1_s.c.o
[162.297s] [ 96%] Building C object CMakeFiles/dsr_msgs2__rosidl_generator_py.dir/rosidl_generator_py/dsr_msgs2/srv/_check_orientation_condition2_s.c.o
[162.328s] [ 96%] Building C object CMakeFiles/dsr_msgs2__rosidl_generator_py.dir/rosidl_generator_py/dsr_msgs2/srv/_coord_transform_s.c.o
[162.328s] [ 96%] Building C object CMakeFiles/dsr_msgs2__rosidl_generator_py.dir/rosidl_generator_py/dsr_msgs2/srv/_get_workpiece_weight_s.c.o
[162.472s] [ 96%] Building C object CMakeFiles/dsr_msgs2__rosidl_generator_py.dir/rosidl_generator_py/dsr_msgs2/srv/_reset_workpiece_weight_s.c.o
[162.472s] [ 96%] Building C object CMakeFiles/dsr_msgs2__rosidl_generator_py.dir/rosidl_generator_py/dsr_msgs2/srv/_config_create_tool_s.c.o
[162.504s] [ 96%] Building C object CMakeFiles/dsr_msgs2__rosidl_generator_py.dir/rosidl_generator_py/dsr_msgs2/srv/_config_delete_tool_s.c.o
[162.526s] [ 97%] Building C object CMakeFiles/dsr_msgs2__rosidl_generator_py.dir/rosidl_generator_py/dsr_msgs2/srv/_set_current_tool_s.c.o
[162.560s] [ 97%] Building C object CMakeFiles/dsr_msgs2__rosidl_generator_py.dir/rosidl_generator_py/dsr_msgs2/srv/_get_current_tool_s.c.o
[162.579s] [ 97%] Building C object CMakeFiles/dsr_msgs2__rosidl_generator_py.dir/rosidl_generator_py/dsr_msgs2/srv/_set_tool_shape_s.c.o
[162.632s] [ 97%] Building C object CMakeFiles/dsr_msgs2__rosidl_generator_py.dir/rosidl_generator_py/dsr_msgs2/srv/_config_create_tcp_s.c.o
[162.658s] [ 97%] Building C object CMakeFiles/dsr_msgs2__rosidl_generator_py.dir/rosidl_generator_py/dsr_msgs2/srv/_config_delete_tcp_s.c.o
[162.747s] [ 97%] Building C object CMakeFiles/dsr_msgs2__rosidl_generator_py.dir/rosidl_generator_py/dsr_msgs2/srv/_set_current_tcp_s.c.o
[162.770s] [ 97%] Building C object CMakeFiles/dsr_msgs2__rosidl_generator_py.dir/rosidl_generator_py/dsr_msgs2/srv/_get_current_tcp_s.c.o
[162.785s] [ 97%] Building C object CMakeFiles/dsr_msgs2__rosidl_generator_py.dir/rosidl_generator_py/dsr_msgs2/srv/_set_tool_digital_output_s.c.o
[162.796s] [ 97%] Building C object CMakeFiles/dsr_msgs2__rosidl_generator_py.dir/rosidl_generator_py/dsr_msgs2/srv/_get_tool_digital_output_s.c.o
[162.799s] [ 97%] Building C object CMakeFiles/dsr_msgs2__rosidl_generator_py.dir/rosidl_generator_py/dsr_msgs2/srv/_get_tool_digital_input_s.c.o
[162.911s] [ 97%] Building C object CMakeFiles/dsr_msgs2__rosidl_generator_py.dir/rosidl_generator_py/dsr_msgs2/srv/_set_ctrl_box_digital_output_s.c.o
[162.926s] [ 97%] Building C object CMakeFiles/dsr_msgs2__rosidl_generator_py.dir/rosidl_generator_py/dsr_msgs2/srv/_get_ctrl_box_digital_output_s.c.o
[162.972s] [ 98%] Building C object CMakeFiles/dsr_msgs2__rosidl_generator_py.dir/rosidl_generator_py/dsr_msgs2/srv/_get_ctrl_box_digital_input_s.c.o
[163.019s] [ 98%] Building C object CMakeFiles/dsr_msgs2__rosidl_generator_py.dir/rosidl_generator_py/dsr_msgs2/srv/_set_ctrl_box_analog_input_type_s.c.o
[163.043s] [ 98%] Building C object CMakeFiles/dsr_msgs2__rosidl_generator_py.dir/rosidl_generator_py/dsr_msgs2/srv/_set_ctrl_box_analog_output_type_s.c.o
[163.094s] [ 98%] Building C object CMakeFiles/dsr_msgs2__rosidl_generator_py.dir/rosidl_generator_py/dsr_msgs2/srv/_set_ctrl_box_analog_output_s.c.o
[163.107s] [ 98%] Building C object CMakeFiles/dsr_msgs2__rosidl_generator_py.dir/rosidl_generator_py/dsr_msgs2/srv/_config_create_modbus_s.c.o
[163.110s] [ 98%] Building C object CMakeFiles/dsr_msgs2__rosidl_generator_py.dir/rosidl_generator_py/dsr_msgs2/srv/_get_ctrl_box_analog_input_s.c.o
[163.171s] [ 98%] Building C object CMakeFiles/dsr_msgs2__rosidl_generator_py.dir/rosidl_generator_py/dsr_msgs2/srv/_config_delete_modbus_s.c.o
[163.171s] [ 98%] Building C object CMakeFiles/dsr_msgs2__rosidl_generator_py.dir/rosidl_generator_py/dsr_msgs2/srv/_set_modbus_output_s.c.o
[163.233s] [ 98%] Building C object CMakeFiles/dsr_msgs2__rosidl_generator_py.dir/rosidl_generator_py/dsr_msgs2/srv/_get_modbus_input_s.c.o
[163.291s] [ 98%] Building C object CMakeFiles/dsr_msgs2__rosidl_generator_py.dir/rosidl_generator_py/dsr_msgs2/srv/_drl_start_s.c.o
[163.346s] [ 98%] Building C object CMakeFiles/dsr_msgs2__rosidl_generator_py.dir/rosidl_generator_py/dsr_msgs2/srv/_drl_stop_s.c.o
[163.376s] [ 99%] Building C object CMakeFiles/dsr_msgs2__rosidl_generator_py.dir/rosidl_generator_py/dsr_msgs2/srv/_drl_pause_s.c.o
[163.380s] [ 99%] Building C object CMakeFiles/dsr_msgs2__rosidl_generator_py.dir/rosidl_generator_py/dsr_msgs2/srv/_drl_resume_s.c.o
[163.420s] [ 99%] Building C object CMakeFiles/dsr_msgs2__rosidl_generator_py.dir/rosidl_generator_py/dsr_msgs2/srv/_robotiq2_f_close_s.c.o
[163.421s] [ 99%] Building C object CMakeFiles/dsr_msgs2__rosidl_generator_py.dir/rosidl_generator_py/dsr_msgs2/srv/_get_drl_state_s.c.o
[163.455s] [ 99%] Building C object CMakeFiles/dsr_msgs2__rosidl_generator_py.dir/rosidl_generator_py/dsr_msgs2/srv/_robotiq2_f_open_s.c.o
[163.525s] [ 99%] Building C object CMakeFiles/dsr_msgs2__rosidl_generator_py.dir/rosidl_generator_py/dsr_msgs2/srv/_robotiq2_f_move_s.c.o
[163.639s] [ 99%] Building C object CMakeFiles/dsr_msgs2__rosidl_generator_py.dir/rosidl_generator_py/dsr_msgs2/srv/_connect_rt_control_s.c.o
[163.644s] [ 99%] Building C object CMakeFiles/dsr_msgs2__rosidl_generator_py.dir/rosidl_generator_py/dsr_msgs2/srv/_serial_send_data_s.c.o
[163.650s] [ 99%] Building C object CMakeFiles/dsr_msgs2__rosidl_generator_py.dir/rosidl_generator_py/dsr_msgs2/srv/_disconnect_rt_control_s.c.o
[163.654s] [ 99%] Building C object CMakeFiles/dsr_msgs2__rosidl_generator_py.dir/rosidl_generator_py/dsr_msgs2/srv/_get_rt_control_input_data_list_s.c.o
[163.725s] [ 99%] Building C object CMakeFiles/dsr_msgs2__rosidl_generator_py.dir/rosidl_generator_py/dsr_msgs2/srv/_get_rt_control_input_version_list_s.c.o
[163.731s] [ 99%] Building C object CMakeFiles/dsr_msgs2__rosidl_generator_py.dir/rosidl_generator_py/dsr_msgs2/srv/_get_rt_control_output_data_list_s.c.o
[163.754s] [100%] Building C object CMakeFiles/dsr_msgs2__rosidl_generator_py.dir/rosidl_generator_py/dsr_msgs2/srv/_get_rt_control_output_version_list_s.c.o
[163.853s] [100%] Building C object CMakeFiles/dsr_msgs2__rosidl_generator_py.dir/rosidl_generator_py/dsr_msgs2/srv/_read_data_rt_s.c.o
[163.877s] [100%] Building C object CMakeFiles/dsr_msgs2__rosidl_generator_py.dir/rosidl_generator_py/dsr_msgs2/srv/_set_accj_rt_s.c.o
[163.900s] [100%] Building C object CMakeFiles/dsr_msgs2__rosidl_generator_py.dir/rosidl_generator_py/dsr_msgs2/srv/_set_accx_rt_s.c.o
[163.916s] [100%] Building C object CMakeFiles/dsr_msgs2__rosidl_generator_py.dir/rosidl_generator_py/dsr_msgs2/srv/_set_rt_control_input_s.c.o
[163.951s] [100%] Building C object CMakeFiles/dsr_msgs2__rosidl_generator_py.dir/rosidl_generator_py/dsr_msgs2/srv/_set_rt_control_output_s.c.o
[163.978s] [100%] Building C object CMakeFiles/dsr_msgs2__rosidl_generator_py.dir/rosidl_generator_py/dsr_msgs2/srv/_set_velj_rt_s.c.o
[164.034s] [100%] Building C object CMakeFiles/dsr_msgs2__rosidl_generator_py.dir/rosidl_generator_py/dsr_msgs2/srv/_set_velx_rt_s.c.o
[164.067s] [100%] Building C object CMakeFiles/dsr_msgs2__rosidl_generator_py.dir/rosidl_generator_py/dsr_msgs2/srv/_start_rt_control_s.c.o
[164.124s] [100%] Building C object CMakeFiles/dsr_msgs2__rosidl_generator_py.dir/rosidl_generator_py/dsr_msgs2/srv/_stop_rt_control_s.c.o
[164.134s] [100%] Building C object CMakeFiles/dsr_msgs2__rosidl_generator_py.dir/rosidl_generator_py/dsr_msgs2/srv/_write_data_rt_s.c.o
[164.374s] [100%] Linking C shared library rosidl_generator_py/dsr_msgs2/libdsr_msgs2__rosidl_generator_py.so
[164.508s] [100%] Built target dsr_msgs2__rosidl_generator_py
[164.538s] [100%] Building C object CMakeFiles/dsr_msgs2__rosidl_typesupport_fastrtps_c__pyext.dir/rosidl_generator_py/dsr_msgs2/_dsr_msgs2_s.ep.rosidl_typesupport_fastrtps_c.c.o
[164.539s] [100%] Building C object CMakeFiles/dsr_msgs2__rosidl_typesupport_introspection_c__pyext.dir/rosidl_generator_py/dsr_msgs2/_dsr_msgs2_s.ep.rosidl_typesupport_introspection_c.c.o
[164.540s] [100%] Building C object CMakeFiles/dsr_msgs2__rosidl_typesupport_c__pyext.dir/rosidl_generator_py/dsr_msgs2/_dsr_msgs2_s.ep.rosidl_typesupport_c.c.o
[165.800s] [100%] Linking C shared library rosidl_generator_py/dsr_msgs2/dsr_msgs2_s__rosidl_typesupport_fastrtps_c.cpython-310-x86_64-linux-gnu.so
[165.887s] [100%] Built target dsr_msgs2__rosidl_typesupport_fastrtps_c__pyext
[165.894s] [100%] Linking C shared library rosidl_generator_py/dsr_msgs2/dsr_msgs2_s__rosidl_typesupport_c.cpython-310-x86_64-linux-gnu.so
[165.936s] [100%] Linking C shared library rosidl_generator_py/dsr_msgs2/dsr_msgs2_s__rosidl_typesupport_introspection_c.cpython-310-x86_64-linux-gnu.so
[165.949s] [100%] Built target dsr_msgs2__rosidl_typesupport_c__pyext
[166.000s] [100%] Built target dsr_msgs2__rosidl_typesupport_introspection_c__pyext
[166.015s] Invoked command in '/home/jack/ros2_ws/build/dsr_msgs2' returned '0': CMAKE_PREFIX_PATH=/opt/ros/humble /usr/bin/cmake --build /home/jack/ros2_ws/build/dsr_msgs2 -- -j8 -l8
[166.017s] Invoking command in '/home/jack/ros2_ws/build/dsr_msgs2': CMAKE_PREFIX_PATH=/opt/ros/humble /usr/bin/cmake --install /home/jack/ros2_ws/build/dsr_msgs2
[166.027s] -- Install configuration: ""
[166.028s] -- Installing: /home/jack/ros2_ws/install/dsr_msgs2/share/ament_index/resource_index/rosidl_interfaces/dsr_msgs2
[166.029s] -- Installing: /home/jack/ros2_ws/install/dsr_msgs2/include/dsr_msgs2/dsr_msgs2
[166.030s] -- Installing: /home/jack/ros2_ws/install/dsr_msgs2/include/dsr_msgs2/dsr_msgs2/srv
[166.031s] -- Installing: /home/jack/ros2_ws/install/dsr_msgs2/include/dsr_msgs2/dsr_msgs2/srv/get_desired_posj.h
[166.031s] -- Installing: /home/jack/ros2_ws/install/dsr_msgs2/include/dsr_msgs2/dsr_msgs2/srv/detail
[166.033s] -- Installing: /home/jack/ros2_ws/install/dsr_msgs2/include/dsr_msgs2/dsr_msgs2/srv/detail/move_jointx__struct.h
[166.033s] -- Installing: /home/jack/ros2_ws/install/dsr_msgs2/include/dsr_msgs2/dsr_msgs2/srv/detail/set_user_cart_coord2__type_support.h
[166.033s] -- Installing: /home/jack/ros2_ws/install/dsr_msgs2/include/dsr_msgs2/dsr_msgs2/srv/detail/check_orientation_condition2__type_support.h
[166.033s] -- Installing: /home/jack/ros2_ws/install/dsr_msgs2/include/dsr_msgs2/dsr_msgs2/srv/detail/drl_start__struct.h
[166.033s] -- Installing: /home/jack/ros2_ws/install/dsr_msgs2/include/dsr_msgs2/dsr_msgs2/srv/detail/get_modbus_input__struct.h
[166.033s] -- Installing: /home/jack/ros2_ws/install/dsr_msgs2/include/dsr_msgs2/dsr_msgs2/srv/detail/get_tool_force__functions.h
[166.033s] -- Installing: /home/jack/ros2_ws/install/dsr_msgs2/include/dsr_msgs2/dsr_msgs2/srv/detail/get_ctrl_box_analog_input__functions.c
[166.033s] -- Installing: /home/jack/ros2_ws/install/dsr_msgs2/include/dsr_msgs2/dsr_msgs2/srv/detail/move_wait__type_support.h
[166.034s] -- Installing: /home/jack/ros2_ws/install/dsr_msgs2/include/dsr_msgs2/dsr_msgs2/srv/detail/get_current_posx__functions.h
[166.034s] -- Installing: /home/jack/ros2_ws/install/dsr_msgs2/include/dsr_msgs2/dsr_msgs2/srv/detail/connect_rt_control__functions.c
[166.034s] -- Installing: /home/jack/ros2_ws/install/dsr_msgs2/include/dsr_msgs2/dsr_msgs2/srv/detail/drl_start__functions.h
[166.034s] -- Installing: /home/jack/ros2_ws/install/dsr_msgs2/include/dsr_msgs2/dsr_msgs2/srv/detail/move_spiral__functions.h
[166.034s] -- Installing: /home/jack/ros2_ws/install/dsr_msgs2/include/dsr_msgs2/dsr_msgs2/srv/detail/set_rt_control_output__functions.h
[166.034s] -- Installing: /home/jack/ros2_ws/install/dsr_msgs2/include/dsr_msgs2/dsr_msgs2/srv/detail/set_rt_control_input__functions.c
[166.035s] -- Installing: /home/jack/ros2_ws/install/dsr_msgs2/include/dsr_msgs2/dsr_msgs2/srv/detail/task_compliance_ctrl__struct.h
[166.035s] -- Installing: /home/jack/ros2_ws/install/dsr_msgs2/include/dsr_msgs2/dsr_msgs2/srv/detail/move_jointx__functions.c
[166.035s] -- Installing: /home/jack/ros2_ws/install/dsr_msgs2/include/dsr_msgs2/dsr_msgs2/srv/detail/get_robot_mode__functions.h
[166.036s] -- Installing: /home/jack/ros2_ws/install/dsr_msgs2/include/dsr_msgs2/dsr_msgs2/srv/detail/set_rt_control_output__type_support.h
[166.036s] -- Installing: /home/jack/ros2_ws/install/dsr_msgs2/include/dsr_msgs2/dsr_msgs2/srv/detail/align_axis2__functions.h
[166.036s] -- Installing: /home/jack/ros2_ws/install/dsr_msgs2/include/dsr_msgs2/dsr_msgs2/srv/detail/ikin__type_support.h
[166.036s] -- Installing: /home/jack/ros2_ws/install/dsr_msgs2/include/dsr_msgs2/dsr_msgs2/srv/detail/servo_off__struct.h
[166.036s] -- Installing: /home/jack/ros2_ws/install/dsr_msgs2/include/dsr_msgs2/dsr_msgs2/srv/detail/get_tool_digital_input__type_support.h
[166.036s] -- Installing: /home/jack/ros2_ws/install/dsr_msgs2/include/dsr_msgs2/dsr_msgs2/srv/detail/is_done_bolt_tightening__type_support.h
[166.036s] -- Installing: /home/jack/ros2_ws/install/dsr_msgs2/include/dsr_msgs2/dsr_msgs2/srv/detail/check_force_condition__struct.h
[166.036s] -- Installing: /home/jack/ros2_ws/install/dsr_msgs2/include/dsr_msgs2/dsr_msgs2/srv/detail/move_home__functions.c
[166.036s] -- Installing: /home/jack/ros2_ws/install/dsr_msgs2/include/dsr_msgs2/dsr_msgs2/srv/detail/robotiq2_f_move__functions.h
[166.036s] -- Installing: /home/jack/ros2_ws/install/dsr_msgs2/include/dsr_msgs2/dsr_msgs2/srv/detail/get_desired_posx__functions.h
[166.037s] -- Installing: /home/jack/ros2_ws/install/dsr_msgs2/include/dsr_msgs2/dsr_msgs2/srv/detail/set_ctrl_box_digital_output__functions.c
[166.037s] -- Installing: /home/jack/ros2_ws/install/dsr_msgs2/include/dsr_msgs2/dsr_msgs2/srv/detail/coord_transform__functions.h
[166.037s] -- Installing: /home/jack/ros2_ws/install/dsr_msgs2/include/dsr_msgs2/dsr_msgs2/srv/detail/get_drl_state__functions.c
[166.037s] -- Installing: /home/jack/ros2_ws/install/dsr_msgs2/include/dsr_msgs2/dsr_msgs2/srv/detail/set_safe_stop_reset_type__struct.h
[166.037s] -- Installing: /home/jack/ros2_ws/install/dsr_msgs2/include/dsr_msgs2/dsr_msgs2/srv/detail/get_last_alarm__type_support.h
[166.038s] -- Installing: /home/jack/ros2_ws/install/dsr_msgs2/include/dsr_msgs2/dsr_msgs2/srv/detail/get_robot_mode__struct.h
[166.038s] -- Installing: /home/jack/ros2_ws/install/dsr_msgs2/include/dsr_msgs2/dsr_msgs2/srv/detail/set_robot_speed_mode__functions.h
[166.038s] -- Installing: /home/jack/ros2_ws/install/dsr_msgs2/include/dsr_msgs2/dsr_msgs2/srv/detail/move_spiral__struct.h
[166.038s] -- Installing: /home/jack/ros2_ws/install/dsr_msgs2/include/dsr_msgs2/dsr_msgs2/srv/detail/get_tool_digital_input__struct.h
[166.038s] -- Installing: /home/jack/ros2_ws/install/dsr_msgs2/include/dsr_msgs2/dsr_msgs2/srv/detail/get_external_torque__type_support.h
[166.038s] -- Installing: /home/jack/ros2_ws/install/dsr_msgs2/include/dsr_msgs2/dsr_msgs2/srv/detail/set_robot_control__type_support.h
[166.038s] -- Installing: /home/jack/ros2_ws/install/dsr_msgs2/include/dsr_msgs2/dsr_msgs2/srv/detail/set_stiffnessx__type_support.h
[166.038s] -- Installing: /home/jack/ros2_ws/install/dsr_msgs2/include/dsr_msgs2/dsr_msgs2/srv/detail/get_current_velj__functions.h
[166.038s] -- Installing: /home/jack/ros2_ws/install/dsr_msgs2/include/dsr_msgs2/dsr_msgs2/srv/detail/write_data_rt__functions.h
[166.039s] -- Installing: /home/jack/ros2_ws/install/dsr_msgs2/include/dsr_msgs2/dsr_msgs2/srv/detail/move_spline_joint__struct.h
[166.039s] -- Installing: /home/jack/ros2_ws/install/dsr_msgs2/include/dsr_msgs2/dsr_msgs2/srv/detail/is_done_bolt_tightening__functions.c
[166.039s] -- Installing: /home/jack/ros2_ws/install/dsr_msgs2/include/dsr_msgs2/dsr_msgs2/srv/detail/move_line__type_support.h
[166.039s] -- Installing: /home/jack/ros2_ws/install/dsr_msgs2/include/dsr_msgs2/dsr_msgs2/srv/detail/check_position_condition__type_support.h
[166.039s] -- Installing: /home/jack/ros2_ws/install/dsr_msgs2/include/dsr_msgs2/dsr_msgs2/srv/detail/set_robot_mode__struct.h
[166.039s] -- Installing: /home/jack/ros2_ws/install/dsr_msgs2/include/dsr_msgs2/dsr_msgs2/srv/detail/jog_multi__struct.h
[166.039s] -- Installing: /home/jack/ros2_ws/install/dsr_msgs2/include/dsr_msgs2/dsr_msgs2/srv/detail/read_data_rt__functions.h
[166.040s] -- Installing: /home/jack/ros2_ws/install/dsr_msgs2/include/dsr_msgs2/dsr_msgs2/srv/detail/set_rt_control_output__struct.h
[166.040s] -- Installing: /home/jack/ros2_ws/install/dsr_msgs2/include/dsr_msgs2/dsr_msgs2/srv/detail/get_rt_control_input_version_list__functions.h
[166.040s] -- Installing: /home/jack/ros2_ws/install/dsr_msgs2/include/dsr_msgs2/dsr_msgs2/srv/detail/set_velx_rt__struct.h
[166.040s] -- Installing: /home/jack/ros2_ws/install/dsr_msgs2/include/dsr_msgs2/dsr_msgs2/srv/detail/drl_resume__functions.c
[166.040s] -- Installing: /home/jack/ros2_ws/install/dsr_msgs2/include/dsr_msgs2/dsr_msgs2/srv/detail/disconnect_rt_control__functions.h
[166.040s] -- Installing: /home/jack/ros2_ws/install/dsr_msgs2/include/dsr_msgs2/dsr_msgs2/srv/detail/get_current_velx__functions.c
[166.041s] -- Installing: /home/jack/ros2_ws/install/dsr_msgs2/include/dsr_msgs2/dsr_msgs2/srv/detail/get_robot_state__type_support.h
[166.041s] -- Installing: /home/jack/ros2_ws/install/dsr_msgs2/include/dsr_msgs2/dsr_msgs2/srv/detail/get_solution_space__functions.h
[166.041s] -- Installing: /home/jack/ros2_ws/install/dsr_msgs2/include/dsr_msgs2/dsr_msgs2/srv/detail/start_rt_control__functions.h
[166.041s] -- Installing: /home/jack/ros2_ws/install/dsr_msgs2/include/dsr_msgs2/dsr_msgs2/srv/detail/write_data_rt__type_support.h
[166.041s] -- Installing: /home/jack/ros2_ws/install/dsr_msgs2/include/dsr_msgs2/dsr_msgs2/srv/detail/set_ctrl_box_analog_output__struct.h
[166.041s] -- Installing: /home/jack/ros2_ws/install/dsr_msgs2/include/dsr_msgs2/dsr_msgs2/srv/detail/read_data_rt__struct.h
[166.041s] -- Installing: /home/jack/ros2_ws/install/dsr_msgs2/include/dsr_msgs2/dsr_msgs2/srv/detail/change_operation_speed__functions.c
[166.042s] -- Installing: /home/jack/ros2_ws/install/dsr_msgs2/include/dsr_msgs2/dsr_msgs2/srv/detail/jog__functions.h
[166.042s] -- Installing: /home/jack/ros2_ws/install/dsr_msgs2/include/dsr_msgs2/dsr_msgs2/srv/detail/jog__type_support.h
[166.042s] -- Installing: /home/jack/ros2_ws/install/dsr_msgs2/include/dsr_msgs2/dsr_msgs2/srv/detail/set_current_tcp__functions.c
[166.042s] -- Installing: /home/jack/ros2_ws/install/dsr_msgs2/include/dsr_msgs2/dsr_msgs2/srv/detail/align_axis2__type_support.h
[166.043s] -- Installing: /home/jack/ros2_ws/install/dsr_msgs2/include/dsr_msgs2/dsr_msgs2/srv/detail/connect_rt_control__functions.h
[166.043s] -- Installing: /home/jack/ros2_ws/install/dsr_msgs2/include/dsr_msgs2/dsr_msgs2/srv/detail/get_current_pose__type_support.h
[166.043s] -- Installing: /home/jack/ros2_ws/install/dsr_msgs2/include/dsr_msgs2/dsr_msgs2/srv/detail/set_user_cart_coord3__type_support.h
[166.043s] -- Installing: /home/jack/ros2_ws/install/dsr_msgs2/include/dsr_msgs2/dsr_msgs2/srv/detail/release_compliance_ctrl__functions.h
[166.043s] -- Installing: /home/jack/ros2_ws/install/dsr_msgs2/include/dsr_msgs2/dsr_msgs2/srv/detail/set_velx_rt__functions.h
[166.043s] -- Installing: /home/jack/ros2_ws/install/dsr_msgs2/include/dsr_msgs2/dsr_msgs2/srv/detail/get_robot_system__functions.h
[166.043s] -- Installing: /home/jack/ros2_ws/install/dsr_msgs2/include/dsr_msgs2/dsr_msgs2/srv/detail/jog_multi__functions.h
[166.043s] -- Installing: /home/jack/ros2_ws/install/dsr_msgs2/include/dsr_msgs2/dsr_msgs2/srv/detail/get_robot_speed_mode__type_support.h
[166.044s] -- Installing: /home/jack/ros2_ws/install/dsr_msgs2/include/dsr_msgs2/dsr_msgs2/srv/detail/get_joint_torque__functions.h
[166.044s] -- Installing: /home/jack/ros2_ws/install/dsr_msgs2/include/dsr_msgs2/dsr_msgs2/srv/detail/move_resume__struct.h
[166.044s] -- Installing: /home/jack/ros2_ws/install/dsr_msgs2/include/dsr_msgs2/dsr_msgs2/srv/detail/set_current_tcp__functions.h
[166.044s] -- Installing: /home/jack/ros2_ws/install/dsr_msgs2/include/dsr_msgs2/dsr_msgs2/srv/detail/parallel_axis1__struct.h
[166.044s] -- Installing: /home/jack/ros2_ws/install/dsr_msgs2/include/dsr_msgs2/dsr_msgs2/srv/detail/set_rt_control_output__functions.c
[166.044s] -- Installing: /home/jack/ros2_ws/install/dsr_msgs2/include/dsr_msgs2/dsr_msgs2/srv/detail/align_axis1__struct.h
[166.045s] -- Installing: /home/jack/ros2_ws/install/dsr_msgs2/include/dsr_msgs2/dsr_msgs2/srv/detail/get_current_rotm__functions.h
[166.045s] -- Installing: /home/jack/ros2_ws/install/dsr_msgs2/include/dsr_msgs2/dsr_msgs2/srv/detail/set_modbus_output__functions.c
[166.045s] -- Installing: /home/jack/ros2_ws/install/dsr_msgs2/include/dsr_msgs2/dsr_msgs2/srv/detail/ikin__functions.c
[166.045s] -- Installing: /home/jack/ros2_ws/install/dsr_msgs2/include/dsr_msgs2/dsr_msgs2/srv/detail/fkin__struct.h
[166.046s] -- Installing: /home/jack/ros2_ws/install/dsr_msgs2/include/dsr_msgs2/dsr_msgs2/srv/detail/robotiq2_f_close__struct.h
[166.046s] -- Installing: /home/jack/ros2_ws/install/dsr_msgs2/include/dsr_msgs2/dsr_msgs2/srv/detail/get_current_posj__functions.c
[166.046s] -- Installing: /home/jack/ros2_ws/install/dsr_msgs2/include/dsr_msgs2/dsr_msgs2/srv/detail/get_ctrl_box_analog_input__struct.h
[166.046s] -- Installing: /home/jack/ros2_ws/install/dsr_msgs2/include/dsr_msgs2/dsr_msgs2/srv/detail/is_done_bolt_tightening__functions.h
[166.046s] -- Installing: /home/jack/ros2_ws/install/dsr_msgs2/include/dsr_msgs2/dsr_msgs2/srv/detail/get_rt_control_output_data_list__type_support.h
[166.046s] -- Installing: /home/jack/ros2_ws/install/dsr_msgs2/include/dsr_msgs2/dsr_msgs2/srv/detail/set_singularity_handling__type_support.h
[166.046s] -- Installing: /home/jack/ros2_ws/install/dsr_msgs2/include/dsr_msgs2/dsr_msgs2/srv/detail/set_safe_stop_reset_type__functions.c
[166.047s] -- Installing: /home/jack/ros2_ws/install/dsr_msgs2/include/dsr_msgs2/dsr_msgs2/srv/detail/move_stop__struct.h
[166.047s] -- Installing: /home/jack/ros2_ws/install/dsr_msgs2/include/dsr_msgs2/dsr_msgs2/srv/detail/check_motion__type_support.h
[166.047s] -- Installing: /home/jack/ros2_ws/install/dsr_msgs2/include/dsr_msgs2/dsr_msgs2/srv/detail/set_ctrl_box_analog_input_type__functions.h
[166.047s] -- Installing: /home/jack/ros2_ws/install/dsr_msgs2/include/dsr_msgs2/dsr_msgs2/srv/detail/set_safety_mode__functions.c
[166.048s] -- Installing: /home/jack/ros2_ws/install/dsr_msgs2/include/dsr_msgs2/dsr_msgs2/srv/detail/get_control_space__functions.h
[166.048s] -- Installing: /home/jack/ros2_ws/install/dsr_msgs2/include/dsr_msgs2/dsr_msgs2/srv/detail/get_current_tcp__struct.h
[166.048s] -- Installing: /home/jack/ros2_ws/install/dsr_msgs2/include/dsr_msgs2/dsr_msgs2/srv/detail/set_safe_stop_reset_type__functions.h
[166.048s] -- Installing: /home/jack/ros2_ws/install/dsr_msgs2/include/dsr_msgs2/dsr_msgs2/srv/detail/jog__functions.c
[166.049s] -- Installing: /home/jack/ros2_ws/install/dsr_msgs2/include/dsr_msgs2/dsr_msgs2/srv/detail/set_singularity_handling__functions.c
[166.049s] -- Installing: /home/jack/ros2_ws/install/dsr_msgs2/include/dsr_msgs2/dsr_msgs2/srv/detail/align_axis1__functions.c
[166.049s] -- Installing: /home/jack/ros2_ws/install/dsr_msgs2/include/dsr_msgs2/dsr_msgs2/srv/detail/write_data_rt__struct.h
[166.049s] -- Installing: /home/jack/ros2_ws/install/dsr_msgs2/include/dsr_msgs2/dsr_msgs2/srv/detail/get_rt_control_input_version_list__struct.h
[166.050s] -- Installing: /home/jack/ros2_ws/install/dsr_msgs2/include/dsr_msgs2/dsr_msgs2/srv/detail/get_current_solution_space__struct.h
[166.050s] -- Installing: /home/jack/ros2_ws/install/dsr_msgs2/include/dsr_msgs2/dsr_msgs2/srv/detail/config_create_tool__struct.h
[166.050s] -- Installing: /home/jack/ros2_ws/install/dsr_msgs2/include/dsr_msgs2/dsr_msgs2/srv/detail/config_create_modbus__functions.c
[166.050s] -- Installing: /home/jack/ros2_ws/install/dsr_msgs2/include/dsr_msgs2/dsr_msgs2/srv/detail/move_line__struct.h
[166.050s] -- Installing: /home/jack/ros2_ws/install/dsr_msgs2/include/dsr_msgs2/dsr_msgs2/srv/detail/trans__struct.h
[166.050s] -- Installing: /home/jack/ros2_ws/install/dsr_msgs2/include/dsr_msgs2/dsr_msgs2/srv/detail/check_orientation_condition1__struct.h
[166.051s] -- Installing: /home/jack/ros2_ws/install/dsr_msgs2/include/dsr_msgs2/dsr_msgs2/srv/detail/get_current_posj__functions.h
[166.051s] -- Installing: /home/jack/ros2_ws/install/dsr_msgs2/include/dsr_msgs2/dsr_msgs2/srv/detail/get_desired_velx__functions.c
[166.051s] -- Installing: /home/jack/ros2_ws/install/dsr_msgs2/include/dsr_msgs2/dsr_msgs2/srv/detail/get_desired_posj__functions.c
[166.052s] -- Installing: /home/jack/ros2_ws/install/dsr_msgs2/include/dsr_msgs2/dsr_msgs2/srv/detail/set_user_cart_coord2__functions.c
[166.052s] -- Installing: /home/jack/ros2_ws/install/dsr_msgs2/include/dsr_msgs2/dsr_msgs2/srv/detail/task_compliance_ctrl__functions.h
[166.053s] -- Installing: /home/jack/ros2_ws/install/dsr_msgs2/include/dsr_msgs2/dsr_msgs2/srv/detail/get_joint_torque__struct.h
[166.053s] -- Installing: /home/jack/ros2_ws/install/dsr_msgs2/include/dsr_msgs2/dsr_msgs2/srv/detail/get_current_solution_space__type_support.h
[166.053s] -- Installing: /home/jack/ros2_ws/install/dsr_msgs2/include/dsr_msgs2/dsr_msgs2/srv/detail/check_motion__functions.c
[166.053s] -- Installing: /home/jack/ros2_ws/install/dsr_msgs2/include/dsr_msgs2/dsr_msgs2/srv/detail/move_stop__type_support.h
[166.053s] -- Installing: /home/jack/ros2_ws/install/dsr_msgs2/include/dsr_msgs2/dsr_msgs2/srv/detail/parallel_axis2__functions.c
[166.054s] -- Installing: /home/jack/ros2_ws/install/dsr_msgs2/include/dsr_msgs2/dsr_msgs2/srv/detail/get_current_tool_flange_posx__functions.c
[166.055s] -- Installing: /home/jack/ros2_ws/install/dsr_msgs2/include/dsr_msgs2/dsr_msgs2/srv/detail/set_accx_rt__struct.h
[166.055s] -- Installing: /home/jack/ros2_ws/install/dsr_msgs2/include/dsr_msgs2/dsr_msgs2/srv/detail/drl_pause__struct.h
[166.055s] -- Installing: /home/jack/ros2_ws/install/dsr_msgs2/include/dsr_msgs2/dsr_msgs2/srv/detail/robotiq2_f_move__struct.h
[166.055s] -- Installing: /home/jack/ros2_ws/install/dsr_msgs2/include/dsr_msgs2/dsr_msgs2/srv/detail/get_rt_control_output_version_list__type_support.h
[166.055s] -- Installing: /home/jack/ros2_ws/install/dsr_msgs2/include/dsr_msgs2/dsr_msgs2/srv/detail/get_robot_mode__functions.c
[166.055s] -- Installing: /home/jack/ros2_ws/install/dsr_msgs2/include/dsr_msgs2/dsr_msgs2/srv/detail/set_modbus_output__functions.h
[166.056s] -- Installing: /home/jack/ros2_ws/install/dsr_msgs2/include/dsr_msgs2/dsr_msgs2/srv/detail/move_line__functions.h
[166.056s] -- Installing: /home/jack/ros2_ws/install/dsr_msgs2/include/dsr_msgs2/dsr_msgs2/srv/detail/trans__functions.c
[166.056s] -- Installing: /home/jack/ros2_ws/install/dsr_msgs2/include/dsr_msgs2/dsr_msgs2/srv/detail/disable_alter_motion__struct.h
[166.056s] -- Installing: /home/jack/ros2_ws/install/dsr_msgs2/include/dsr_msgs2/dsr_msgs2/srv/detail/release_compliance_ctrl__struct.h
[166.057s] -- Installing: /home/jack/ros2_ws/install/dsr_msgs2/include/dsr_msgs2/dsr_msgs2/srv/detail/start_rt_control__struct.h
[166.057s] -- Installing: /home/jack/ros2_ws/install/dsr_msgs2/include/dsr_msgs2/dsr_msgs2/srv/detail/get_desired_posj__type_support.h
[166.057s] -- Installing: /home/jack/ros2_ws/install/dsr_msgs2/include/dsr_msgs2/dsr_msgs2/srv/detail/set_user_cart_coord1__type_support.h
[166.057s] -- Installing: /home/jack/ros2_ws/install/dsr_msgs2/include/dsr_msgs2/dsr_msgs2/srv/detail/get_desired_posx__functions.c
[166.057s] -- Installing: /home/jack/ros2_ws/install/dsr_msgs2/include/dsr_msgs2/dsr_msgs2/srv/detail/move_wait__functions.h
[166.057s] -- Installing: /home/jack/ros2_ws/install/dsr_msgs2/include/dsr_msgs2/dsr_msgs2/srv/detail/get_modbus_input__type_support.h
[166.058s] -- Installing: /home/jack/ros2_ws/install/dsr_msgs2/include/dsr_msgs2/dsr_msgs2/srv/detail/set_robot_mode__functions.c
[166.058s] -- Installing: /home/jack/ros2_ws/install/dsr_msgs2/include/dsr_msgs2/dsr_msgs2/srv/detail/release_force__functions.c
[166.058s] -- Installing: /home/jack/ros2_ws/install/dsr_msgs2/include/dsr_msgs2/dsr_msgs2/srv/detail/overwrite_user_cart_coord__struct.h
[166.059s] -- Installing: /home/jack/ros2_ws/install/dsr_msgs2/include/dsr_msgs2/dsr_msgs2/srv/detail/move_spline_joint__functions.c
[166.059s] -- Installing: /home/jack/ros2_ws/install/dsr_msgs2/include/dsr_msgs2/dsr_msgs2/srv/detail/set_user_cart_coord3__functions.c
[166.059s] -- Installing: /home/jack/ros2_ws/install/dsr_msgs2/include/dsr_msgs2/dsr_msgs2/srv/detail/check_motion__functions.h
[166.059s] -- Installing: /home/jack/ros2_ws/install/dsr_msgs2/include/dsr_msgs2/dsr_msgs2/srv/detail/parallel_axis2__struct.h
[166.060s] -- Installing: /home/jack/ros2_ws/install/dsr_msgs2/include/dsr_msgs2/dsr_msgs2/srv/detail/get_robot_state__functions.h
[166.060s] -- Installing: /home/jack/ros2_ws/install/dsr_msgs2/include/dsr_msgs2/dsr_msgs2/srv/detail/set_ctrl_box_analog_input_type__struct.h
[166.060s] -- Installing: /home/jack/ros2_ws/install/dsr_msgs2/include/dsr_msgs2/dsr_msgs2/srv/detail/get_rt_control_output_data_list__functions.h
[166.060s] -- Installing: /home/jack/ros2_ws/install/dsr_msgs2/include/dsr_msgs2/dsr_msgs2/srv/detail/set_ctrl_box_analog_input_type__type_support.h
[166.060s] -- Installing: /home/jack/ros2_ws/install/dsr_msgs2/include/dsr_msgs2/dsr_msgs2/srv/detail/robotiq2_f_open__functions.h
[166.060s] -- Installing: /home/jack/ros2_ws/install/dsr_msgs2/include/dsr_msgs2/dsr_msgs2/srv/detail/set_robot_control__functions.c
[166.061s] -- Installing: /home/jack/ros2_ws/install/dsr_msgs2/include/dsr_msgs2/dsr_msgs2/srv/detail/get_orientation_error__functions.h
[166.061s] -- Installing: /home/jack/ros2_ws/install/dsr_msgs2/include/dsr_msgs2/dsr_msgs2/srv/detail/align_axis1__type_support.h
[166.061s] -- Installing: /home/jack/ros2_ws/install/dsr_msgs2/include/dsr_msgs2/dsr_msgs2/srv/detail/set_safe_stop_reset_type__type_support.h
[166.061s] -- Installing: /home/jack/ros2_ws/install/dsr_msgs2/include/dsr_msgs2/dsr_msgs2/srv/detail/move_wait__functions.c
[166.061s] -- Installing: /home/jack/ros2_ws/install/dsr_msgs2/include/dsr_msgs2/dsr_msgs2/srv/detail/config_delete_modbus__struct.h
[166.062s] -- Installing: /home/jack/ros2_ws/install/dsr_msgs2/include/dsr_msgs2/dsr_msgs2/srv/detail/fkin__functions.c
[166.062s] -- Installing: /home/jack/ros2_ws/install/dsr_msgs2/include/dsr_msgs2/dsr_msgs2/srv/detail/parallel_axis1__type_support.h
[166.062s] -- Installing: /home/jack/ros2_ws/install/dsr_msgs2/include/dsr_msgs2/dsr_msgs2/srv/detail/set_tool_shape__functions.c
[166.062s] -- Installing: /home/jack/ros2_ws/install/dsr_msgs2/include/dsr_msgs2/dsr_msgs2/srv/detail/get_user_cart_coord__struct.h
[166.063s] -- Installing: /home/jack/ros2_ws/install/dsr_msgs2/include/dsr_msgs2/dsr_msgs2/srv/detail/get_desired_velj__struct.h
[166.063s] -- Installing: /home/jack/ros2_ws/install/dsr_msgs2/include/dsr_msgs2/dsr_msgs2/srv/detail/get_desired_posx__struct.h
[166.063s] -- Installing: /home/jack/ros2_ws/install/dsr_msgs2/include/dsr_msgs2/dsr_msgs2/srv/detail/set_desired_force__functions.h
[166.063s] -- Installing: /home/jack/ros2_ws/install/dsr_msgs2/include/dsr_msgs2/dsr_msgs2/srv/detail/get_current_solution_space__functions.c
[166.063s] -- Installing: /home/jack/ros2_ws/install/dsr_msgs2/include/dsr_msgs2/dsr_msgs2/srv/detail/serial_send_data__type_support.h
[166.063s] -- Installing: /home/jack/ros2_ws/install/dsr_msgs2/include/dsr_msgs2/dsr_msgs2/srv/detail/config_delete_tool__struct.h
[166.063s] -- Installing: /home/jack/ros2_ws/install/dsr_msgs2/include/dsr_msgs2/dsr_msgs2/srv/detail/get_robot_system__functions.c
[166.064s] -- Installing: /home/jack/ros2_ws/install/dsr_msgs2/include/dsr_msgs2/dsr_msgs2/srv/detail/get_ctrl_box_analog_input__type_support.h
[166.064s] -- Installing: /home/jack/ros2_ws/install/dsr_msgs2/include/dsr_msgs2/dsr_msgs2/srv/detail/set_ctrl_box_analog_input_type__functions.c
[166.064s] -- Installing: /home/jack/ros2_ws/install/dsr_msgs2/include/dsr_msgs2/dsr_msgs2/srv/detail/get_solution_space__functions.c
[166.064s] -- Installing: /home/jack/ros2_ws/install/dsr_msgs2/include/dsr_msgs2/dsr_msgs2/srv/detail/set_current_tcp__type_support.h
[166.065s] -- Installing: /home/jack/ros2_ws/install/dsr_msgs2/include/dsr_msgs2/dsr_msgs2/srv/detail/config_delete_tcp__struct.h
[166.065s] -- Installing: /home/jack/ros2_ws/install/dsr_msgs2/include/dsr_msgs2/dsr_msgs2/srv/detail/set_stiffnessx__functions.h
[166.065s] -- Installing: /home/jack/ros2_ws/install/dsr_msgs2/include/dsr_msgs2/dsr_msgs2/srv/detail/get_current_velj__type_support.h
[166.065s] -- Installing: /home/jack/ros2_ws/install/dsr_msgs2/include/dsr_msgs2/dsr_msgs2/srv/detail/overwrite_user_cart_coord__type_support.h
[166.065s] -- Installing: /home/jack/ros2_ws/install/dsr_msgs2/include/dsr_msgs2/dsr_msgs2/srv/detail/disconnect_rt_control__functions.c
[166.065s] -- Installing: /home/jack/ros2_ws/install/dsr_msgs2/include/dsr_msgs2/dsr_msgs2/srv/detail/start_rt_control__type_support.h
[166.066s] -- Installing: /home/jack/ros2_ws/install/dsr_msgs2/include/dsr_msgs2/dsr_msgs2/srv/detail/set_singularity_handling__functions.h
[166.066s] -- Installing: /home/jack/ros2_ws/install/dsr_msgs2/include/dsr_msgs2/dsr_msgs2/srv/detail/get_control_mode__functions.h
[166.066s] -- Installing: /home/jack/ros2_ws/install/dsr_msgs2/include/dsr_msgs2/dsr_msgs2/srv/detail/get_control_space__functions.c
[166.066s] -- Installing: /home/jack/ros2_ws/install/dsr_msgs2/include/dsr_msgs2/dsr_msgs2/srv/detail/release_compliance_ctrl__functions.c
[166.066s] -- Installing: /home/jack/ros2_ws/install/dsr_msgs2/include/dsr_msgs2/dsr_msgs2/srv/detail/drl_stop__functions.c
[166.067s] -- Installing: /home/jack/ros2_ws/install/dsr_msgs2/include/dsr_msgs2/dsr_msgs2/srv/detail/parallel_axis2__functions.h
[166.067s] -- Installing: /home/jack/ros2_ws/install/dsr_msgs2/include/dsr_msgs2/dsr_msgs2/srv/detail/move_jointx__functions.h
[166.067s] -- Installing: /home/jack/ros2_ws/install/dsr_msgs2/include/dsr_msgs2/dsr_msgs2/srv/detail/get_ctrl_box_digital_output__struct.h
[166.067s] -- Installing: /home/jack/ros2_ws/install/dsr_msgs2/include/dsr_msgs2/dsr_msgs2/srv/detail/get_current_velj__struct.h
[166.067s] -- Installing: /home/jack/ros2_ws/install/dsr_msgs2/include/dsr_msgs2/dsr_msgs2/srv/detail/parallel_axis2__type_support.h
[166.068s] -- Installing: /home/jack/ros2_ws/install/dsr_msgs2/include/dsr_msgs2/dsr_msgs2/srv/detail/change_collision_sensitivity__type_support.h
[166.068s] -- Installing: /home/jack/ros2_ws/install/dsr_msgs2/include/dsr_msgs2/dsr_msgs2/srv/detail/drl_resume__struct.h
[166.068s] -- Installing: /home/jack/ros2_ws/install/dsr_msgs2/include/dsr_msgs2/dsr_msgs2/srv/detail/config_delete_modbus__type_support.h
[166.068s] -- Installing: /home/jack/ros2_ws/install/dsr_msgs2/include/dsr_msgs2/dsr_msgs2/srv/detail/connect_rt_control__struct.h
[166.068s] -- Installing: /home/jack/ros2_ws/install/dsr_msgs2/include/dsr_msgs2/dsr_msgs2/srv/detail/config_delete_modbus__functions.h
[166.068s] -- Installing: /home/jack/ros2_ws/install/dsr_msgs2/include/dsr_msgs2/dsr_msgs2/srv/detail/disable_alter_motion__type_support.h
[166.068s] -- Installing: /home/jack/ros2_ws/install/dsr_msgs2/include/dsr_msgs2/dsr_msgs2/srv/detail/get_desired_velj__functions.h
[166.068s] -- Installing: /home/jack/ros2_ws/install/dsr_msgs2/include/dsr_msgs2/dsr_msgs2/srv/detail/stop_rt_control__type_support.h
[166.068s] -- Installing: /home/jack/ros2_ws/install/dsr_msgs2/include/dsr_msgs2/dsr_msgs2/srv/detail/enable_alter_motion__functions.h
[166.068s] -- Installing: /home/jack/ros2_ws/install/dsr_msgs2/include/dsr_msgs2/dsr_msgs2/srv/detail/enable_alter_motion__struct.h
[166.069s] -- Installing: /home/jack/ros2_ws/install/dsr_msgs2/include/dsr_msgs2/dsr_msgs2/srv/detail/get_current_tool__type_support.h
[166.069s] -- Installing: /home/jack/ros2_ws/install/dsr_msgs2/include/dsr_msgs2/dsr_msgs2/srv/detail/set_modbus_output__struct.h
[166.069s] -- Installing: /home/jack/ros2_ws/install/dsr_msgs2/include/dsr_msgs2/dsr_msgs2/srv/detail/get_ctrl_box_digital_input__functions.h
[166.069s] -- Installing: /home/jack/ros2_ws/install/dsr_msgs2/include/dsr_msgs2/dsr_msgs2/srv/detail/robotiq2_f_close__functions.h
[166.069s] -- Installing: /home/jack/ros2_ws/install/dsr_msgs2/include/dsr_msgs2/dsr_msgs2/srv/detail/move_spline_task__struct.h
[166.069s] -- Installing: /home/jack/ros2_ws/install/dsr_msgs2/include/dsr_msgs2/dsr_msgs2/srv/detail/coord_transform__functions.c
[166.070s] -- Installing: /home/jack/ros2_ws/install/dsr_msgs2/include/dsr_msgs2/dsr_msgs2/srv/detail/get_current_velj__functions.c
[166.070s] -- Installing: /home/jack/ros2_ws/install/dsr_msgs2/include/dsr_msgs2/dsr_msgs2/srv/detail/drl_stop__type_support.h
[166.071s] -- Installing: /home/jack/ros2_ws/install/dsr_msgs2/include/dsr_msgs2/dsr_msgs2/srv/detail/set_ctrl_box_analog_output__functions.c
[166.071s] -- Installing: /home/jack/ros2_ws/install/dsr_msgs2/include/dsr_msgs2/dsr_msgs2/srv/detail/set_safety_mode__struct.h
[166.071s] -- Installing: /home/jack/ros2_ws/install/dsr_msgs2/include/dsr_msgs2/dsr_msgs2/srv/detail/move_resume__functions.h
[166.071s] -- Installing: /home/jack/ros2_ws/install/dsr_msgs2/include/dsr_msgs2/dsr_msgs2/srv/detail/get_current_pose__functions.c
[166.071s] -- Installing: /home/jack/ros2_ws/install/dsr_msgs2/include/dsr_msgs2/dsr_msgs2/srv/detail/set_accj_rt__type_support.h
[166.071s] -- Installing: /home/jack/ros2_ws/install/dsr_msgs2/include/dsr_msgs2/dsr_msgs2/srv/detail/set_tool_digital_output__functions.c
[166.072s] -- Installing: /home/jack/ros2_ws/install/dsr_msgs2/include/dsr_msgs2/dsr_msgs2/srv/detail/set_user_cart_coord2__functions.h
[166.072s] -- Installing: /home/jack/ros2_ws/install/dsr_msgs2/include/dsr_msgs2/dsr_msgs2/srv/detail/get_current_posx__type_support.h
[166.072s] -- Installing: /home/jack/ros2_ws/install/dsr_msgs2/include/dsr_msgs2/dsr_msgs2/srv/detail/get_rt_control_output_data_list__functions.c
[166.072s] -- Installing: /home/jack/ros2_ws/install/dsr_msgs2/include/dsr_msgs2/dsr_msgs2/srv/detail/change_collision_sensitivity__functions.c
[166.073s] -- Installing: /home/jack/ros2_ws/install/dsr_msgs2/include/dsr_msgs2/dsr_msgs2/srv/detail/check_position_condition__functions.h
[166.073s] -- Installing: /home/jack/ros2_ws/install/dsr_msgs2/include/dsr_msgs2/dsr_msgs2/srv/detail/enable_alter_motion__type_support.h
[166.073s] -- Installing: /home/jack/ros2_ws/install/dsr_msgs2/include/dsr_msgs2/dsr_msgs2/srv/detail/set_user_cart_coord3__functions.h
[166.074s] -- Installing: /home/jack/ros2_ws/install/dsr_msgs2/include/dsr_msgs2/dsr_msgs2/srv/detail/read_data_rt__type_support.h
[166.074s] -- Installing: /home/jack/ros2_ws/install/dsr_msgs2/include/dsr_msgs2/dsr_msgs2/srv/detail/get_tool_digital_output__struct.h
[166.074s] -- Installing: /home/jack/ros2_ws/install/dsr_msgs2/include/dsr_msgs2/dsr_msgs2/srv/detail/disconnect_rt_control__type_support.h
[166.074s] -- Installing: /home/jack/ros2_ws/install/dsr_msgs2/include/dsr_msgs2/dsr_msgs2/srv/detail/check_orientation_condition2__functions.c
[166.074s] -- Installing: /home/jack/ros2_ws/install/dsr_msgs2/include/dsr_msgs2/dsr_msgs2/srv/detail/set_singularity_handling__struct.h
[166.075s] -- Installing: /home/jack/ros2_ws/install/dsr_msgs2/include/dsr_msgs2/dsr_msgs2/srv/detail/serial_send_data__functions.h
[166.075s] -- Installing: /home/jack/ros2_ws/install/dsr_msgs2/include/dsr_msgs2/dsr_msgs2/srv/detail/get_current_rotm__type_support.h
[166.075s] -- Installing: /home/jack/ros2_ws/install/dsr_msgs2/include/dsr_msgs2/dsr_msgs2/srv/detail/overwrite_user_cart_coord__functions.c
[166.075s] -- Installing: /home/jack/ros2_ws/install/dsr_msgs2/include/dsr_msgs2/dsr_msgs2/srv/detail/get_rt_control_input_data_list__type_support.h
[166.075s] -- Installing: /home/jack/ros2_ws/install/dsr_msgs2/include/dsr_msgs2/dsr_msgs2/srv/detail/get_tool_force__functions.c
[166.076s] -- Installing: /home/jack/ros2_ws/install/dsr_msgs2/include/dsr_msgs2/dsr_msgs2/srv/detail/move_blending__type_support.h
[166.076s] -- Installing: /home/jack/ros2_ws/install/dsr_msgs2/include/dsr_msgs2/dsr_msgs2/srv/detail/jog_multi__functions.c
[166.076s] -- Installing: /home/jack/ros2_ws/install/dsr_msgs2/include/dsr_msgs2/dsr_msgs2/srv/detail/set_tool_shape__type_support.h
[166.076s] -- Installing: /home/jack/ros2_ws/install/dsr_msgs2/include/dsr_msgs2/dsr_msgs2/srv/detail/drl_stop__functions.h
[166.076s] -- Installing: /home/jack/ros2_ws/install/dsr_msgs2/include/dsr_msgs2/dsr_msgs2/srv/detail/set_ref_coord__type_support.h
[166.077s] -- Installing: /home/jack/ros2_ws/install/dsr_msgs2/include/dsr_msgs2/dsr_msgs2/srv/detail/alter_motion__type_support.h
[166.077s] -- Installing: /home/jack/ros2_ws/install/dsr_msgs2/include/dsr_msgs2/dsr_msgs2/srv/detail/move_resume__type_support.h
[166.077s] -- Installing: /home/jack/ros2_ws/install/dsr_msgs2/include/dsr_msgs2/dsr_msgs2/srv/detail/check_orientation_condition2__struct.h
[166.077s] -- Installing: /home/jack/ros2_ws/install/dsr_msgs2/include/dsr_msgs2/dsr_msgs2/srv/detail/set_modbus_output__type_support.h
[166.077s] -- Installing: /home/jack/ros2_ws/install/dsr_msgs2/include/dsr_msgs2/dsr_msgs2/srv/detail/get_rt_control_output_version_list__functions.h
[166.077s] -- Installing: /home/jack/ros2_ws/install/dsr_msgs2/include/dsr_msgs2/dsr_msgs2/srv/detail/get_tool_force__struct.h
[166.077s] -- Installing: /home/jack/ros2_ws/install/dsr_msgs2/include/dsr_msgs2/dsr_msgs2/srv/detail/config_delete_modbus__functions.c
[166.078s] -- Installing: /home/jack/ros2_ws/install/dsr_msgs2/include/dsr_msgs2/dsr_msgs2/srv/detail/get_ctrl_box_digital_input__functions.c
[166.078s] -- Installing: /home/jack/ros2_ws/install/dsr_msgs2/include/dsr_msgs2/dsr_msgs2/srv/detail/get_drl_state__functions.h
[166.078s] -- Installing: /home/jack/ros2_ws/install/dsr_msgs2/include/dsr_msgs2/dsr_msgs2/srv/detail/drl_start__functions.c
[166.079s] -- Installing: /home/jack/ros2_ws/install/dsr_msgs2/include/dsr_msgs2/dsr_msgs2/srv/detail/get_workpiece_weight__functions.c
[166.079s] -- Installing: /home/jack/ros2_ws/install/dsr_msgs2/include/dsr_msgs2/dsr_msgs2/srv/detail/config_create_tcp__struct.h
[166.079s] -- Installing: /home/jack/ros2_ws/install/dsr_msgs2/include/dsr_msgs2/dsr_msgs2/srv/detail/get_rt_control_input_version_list__functions.c
[166.080s] -- Installing: /home/jack/ros2_ws/install/dsr_msgs2/include/dsr_msgs2/dsr_msgs2/srv/detail/set_robot_system__type_support.h
[166.081s] -- Installing: /home/jack/ros2_ws/install/dsr_msgs2/include/dsr_msgs2/dsr_msgs2/srv/detail/robotiq2_f_move__functions.c
[166.081s] -- Installing: /home/jack/ros2_ws/install/dsr_msgs2/include/dsr_msgs2/dsr_msgs2/srv/detail/config_delete_tool__functions.c
[166.081s] -- Installing: /home/jack/ros2_ws/install/dsr_msgs2/include/dsr_msgs2/dsr_msgs2/srv/detail/get_workpiece_weight__type_support.h
[166.081s] -- Installing: /home/jack/ros2_ws/install/dsr_msgs2/include/dsr_msgs2/dsr_msgs2/srv/detail/config_create_modbus__struct.h
[166.081s] -- Installing: /home/jack/ros2_ws/install/dsr_msgs2/include/dsr_msgs2/dsr_msgs2/srv/detail/change_operation_speed__functions.h
[166.081s] -- Installing: /home/jack/ros2_ws/install/dsr_msgs2/include/dsr_msgs2/dsr_msgs2/srv/detail/set_velj_rt__functions.h
[166.082s] -- Installing: /home/jack/ros2_ws/install/dsr_msgs2/include/dsr_msgs2/dsr_msgs2/srv/detail/set_ctrl_box_analog_output_type__functions.h
[166.082s] -- Installing: /home/jack/ros2_ws/install/dsr_msgs2/include/dsr_msgs2/dsr_msgs2/srv/detail/release_force__type_support.h
[166.082s] -- Installing: /home/jack/ros2_ws/install/dsr_msgs2/include/dsr_msgs2/dsr_msgs2/srv/detail/get_current_velx__functions.h
[166.082s] -- Installing: /home/jack/ros2_ws/install/dsr_msgs2/include/dsr_msgs2/dsr_msgs2/srv/detail/set_robot_system__struct.h
[166.082s] -- Installing: /home/jack/ros2_ws/install/dsr_msgs2/include/dsr_msgs2/dsr_msgs2/srv/detail/get_ctrl_box_digital_input__struct.h
[166.082s] -- Installing: /home/jack/ros2_ws/install/dsr_msgs2/include/dsr_msgs2/dsr_msgs2/srv/detail/check_position_condition__struct.h
[166.082s] -- Installing: /home/jack/ros2_ws/install/dsr_msgs2/include/dsr_msgs2/dsr_msgs2/srv/detail/coord_transform__type_support.h
[166.082s] -- Installing: /home/jack/ros2_ws/install/dsr_msgs2/include/dsr_msgs2/dsr_msgs2/srv/detail/move_circle__type_support.h
[166.083s] -- Installing: /home/jack/ros2_ws/install/dsr_msgs2/include/dsr_msgs2/dsr_msgs2/srv/detail/release_compliance_ctrl__type_support.h
[166.083s] -- Installing: /home/jack/ros2_ws/install/dsr_msgs2/include/dsr_msgs2/dsr_msgs2/srv/detail/get_modbus_input__functions.h
[166.083s] -- Installing: /home/jack/ros2_ws/install/dsr_msgs2/include/dsr_msgs2/dsr_msgs2/srv/detail/disable_alter_motion__functions.h
[166.083s] -- Installing: /home/jack/ros2_ws/install/dsr_msgs2/include/dsr_msgs2/dsr_msgs2/srv/detail/drl_resume__type_support.h
[166.083s] -- Installing: /home/jack/ros2_ws/install/dsr_msgs2/include/dsr_msgs2/dsr_msgs2/srv/detail/set_robot_mode__functions.h
[166.083s] -- Installing: /home/jack/ros2_ws/install/dsr_msgs2/include/dsr_msgs2/dsr_msgs2/srv/detail/check_position_condition__functions.c
[166.084s] -- Installing: /home/jack/ros2_ws/install/dsr_msgs2/include/dsr_msgs2/dsr_msgs2/srv/detail/set_robot_system__functions.c
[166.084s] -- Installing: /home/jack/ros2_ws/install/dsr_msgs2/include/dsr_msgs2/dsr_msgs2/srv/detail/set_stiffnessx__functions.c
[166.085s] -- Installing: /home/jack/ros2_ws/install/dsr_msgs2/include/dsr_msgs2/dsr_msgs2/srv/detail/get_external_torque__struct.h
[166.085s] -- Installing: /home/jack/ros2_ws/install/dsr_msgs2/include/dsr_msgs2/dsr_msgs2/srv/detail/move_periodic__functions.c
[166.085s] -- Installing: /home/jack/ros2_ws/install/dsr_msgs2/include/dsr_msgs2/dsr_msgs2/srv/detail/move_wait__struct.h
[166.085s] -- Installing: /home/jack/ros2_ws/install/dsr_msgs2/include/dsr_msgs2/dsr_msgs2/srv/detail/config_create_modbus__functions.h
[166.085s] -- Installing: /home/jack/ros2_ws/install/dsr_msgs2/include/dsr_msgs2/dsr_msgs2/srv/detail/set_accx_rt__type_support.h
[166.085s] -- Installing: /home/jack/ros2_ws/install/dsr_msgs2/include/dsr_msgs2/dsr_msgs2/srv/detail/reset_workpiece_weight__struct.h
[166.086s] -- Installing: /home/jack/ros2_ws/install/dsr_msgs2/include/dsr_msgs2/dsr_msgs2/srv/detail/move_blending__functions.h
[166.086s] -- Installing: /home/jack/ros2_ws/install/dsr_msgs2/include/dsr_msgs2/dsr_msgs2/srv/detail/set_safety_mode__functions.h
[166.086s] -- Installing: /home/jack/ros2_ws/install/dsr_msgs2/include/dsr_msgs2/dsr_msgs2/srv/detail/get_current_pose__struct.h
[166.086s] -- Installing: /home/jack/ros2_ws/install/dsr_msgs2/include/dsr_msgs2/dsr_msgs2/srv/detail/set_ctrl_box_digital_output__struct.h
[166.086s] -- Installing: /home/jack/ros2_ws/install/dsr_msgs2/include/dsr_msgs2/dsr_msgs2/srv/detail/get_current_rotm__functions.c
[166.086s] -- Installing: /home/jack/ros2_ws/install/dsr_msgs2/include/dsr_msgs2/dsr_msgs2/srv/detail/get_robot_state__functions.c
[166.087s] -- Installing: /home/jack/ros2_ws/install/dsr_msgs2/include/dsr_msgs2/dsr_msgs2/srv/detail/move_pause__functions.c
[166.087s] -- Installing: /home/jack/ros2_ws/install/dsr_msgs2/include/dsr_msgs2/dsr_msgs2/srv/detail/release_force__functions.h
[166.087s] -- Installing: /home/jack/ros2_ws/install/dsr_msgs2/include/dsr_msgs2/dsr_msgs2/srv/detail/set_accj_rt__functions.c
[166.088s] -- Installing: /home/jack/ros2_ws/install/dsr_msgs2/include/dsr_msgs2/dsr_msgs2/srv/detail/drl_pause__type_support.h
[166.088s] -- Installing: /home/jack/ros2_ws/install/dsr_msgs2/include/dsr_msgs2/dsr_msgs2/srv/detail/move_stop__functions.c
[166.088s] -- Installing: /home/jack/ros2_ws/install/dsr_msgs2/include/dsr_msgs2/dsr_msgs2/srv/detail/get_orientation_error__struct.h
[166.088s] -- Installing: /home/jack/ros2_ws/install/dsr_msgs2/include/dsr_msgs2/dsr_msgs2/srv/detail/get_solution_space__struct.h
[166.088s] -- Installing: /home/jack/ros2_ws/install/dsr_msgs2/include/dsr_msgs2/dsr_msgs2/srv/detail/reset_workpiece_weight__type_support.h
[166.088s] -- Installing: /home/jack/ros2_ws/install/dsr_msgs2/include/dsr_msgs2/dsr_msgs2/srv/detail/set_ref_coord__struct.h
[166.089s] -- Installing: /home/jack/ros2_ws/install/dsr_msgs2/include/dsr_msgs2/dsr_msgs2/srv/detail/config_delete_tcp__functions.h
[166.089s] -- Installing: /home/jack/ros2_ws/install/dsr_msgs2/include/dsr_msgs2/dsr_msgs2/srv/detail/get_robot_state__struct.h
[166.089s] -- Installing: /home/jack/ros2_ws/install/dsr_msgs2/include/dsr_msgs2/dsr_msgs2/srv/detail/config_delete_tcp__functions.c
[166.089s] -- Installing: /home/jack/ros2_ws/install/dsr_msgs2/include/dsr_msgs2/dsr_msgs2/srv/detail/set_robot_speed_mode__type_support.h
[166.089s] -- Installing: /home/jack/ros2_ws/install/dsr_msgs2/include/dsr_msgs2/dsr_msgs2/srv/detail/calc_coord__functions.c
[166.090s] -- Installing: /home/jack/ros2_ws/install/dsr_msgs2/include/dsr_msgs2/dsr_msgs2/srv/detail/set_rt_control_input__struct.h
[166.090s] -- Installing: /home/jack/ros2_ws/install/dsr_msgs2/include/dsr_msgs2/dsr_msgs2/srv/detail/move_periodic__struct.h
[166.090s] -- Installing: /home/jack/ros2_ws/install/dsr_msgs2/include/dsr_msgs2/dsr_msgs2/srv/detail/config_create_tool__functions.c
[166.090s] -- Installing: /home/jack/ros2_ws/install/dsr_msgs2/include/dsr_msgs2/dsr_msgs2/srv/detail/get_robot_system__type_support.h
[166.090s] -- Installing: /home/jack/ros2_ws/install/dsr_msgs2/include/dsr_msgs2/dsr_msgs2/srv/detail/alter_motion__functions.c
[166.091s] -- Installing: /home/jack/ros2_ws/install/dsr_msgs2/include/dsr_msgs2/dsr_msgs2/srv/detail/fkin__functions.h
[166.091s] -- Installing: /home/jack/ros2_ws/install/dsr_msgs2/include/dsr_msgs2/dsr_msgs2/srv/detail/move_joint__struct.h
[166.091s] -- Installing: /home/jack/ros2_ws/install/dsr_msgs2/include/dsr_msgs2/dsr_msgs2/srv/detail/align_axis2__functions.c
[166.092s] -- Installing: /home/jack/ros2_ws/install/dsr_msgs2/include/dsr_msgs2/dsr_msgs2/srv/detail/set_safety_mode__type_support.h
[166.092s] -- Installing: /home/jack/ros2_ws/install/dsr_msgs2/include/dsr_msgs2/dsr_msgs2/srv/detail/get_control_mode__struct.h
[166.092s] -- Installing: /home/jack/ros2_ws/install/dsr_msgs2/include/dsr_msgs2/dsr_msgs2/srv/detail/move_spline_task__type_support.h
[166.092s] -- Installing: /home/jack/ros2_ws/install/dsr_msgs2/include/dsr_msgs2/dsr_msgs2/srv/detail/config_delete_tool__type_support.h
[166.092s] -- Installing: /home/jack/ros2_ws/install/dsr_msgs2/include/dsr_msgs2/dsr_msgs2/srv/detail/coord_transform__struct.h
[166.092s] -- Installing: /home/jack/ros2_ws/install/dsr_msgs2/include/dsr_msgs2/dsr_msgs2/srv/detail/move_periodic__type_support.h
[166.092s] -- Installing: /home/jack/ros2_ws/install/dsr_msgs2/include/dsr_msgs2/dsr_msgs2/srv/detail/trans__functions.h
[166.092s] -- Installing: /home/jack/ros2_ws/install/dsr_msgs2/include/dsr_msgs2/dsr_msgs2/srv/detail/reset_workpiece_weight__functions.c
[166.093s] -- Installing: /home/jack/ros2_ws/install/dsr_msgs2/include/dsr_msgs2/dsr_msgs2/srv/detail/get_drl_state__type_support.h
[166.093s] -- Installing: /home/jack/ros2_ws/install/dsr_msgs2/include/dsr_msgs2/dsr_msgs2/srv/detail/get_rt_control_input_data_list__struct.h
[166.093s] -- Installing: /home/jack/ros2_ws/install/dsr_msgs2/include/dsr_msgs2/dsr_msgs2/srv/detail/set_current_tool__functions.h
[166.093s] -- Installing: /home/jack/ros2_ws/install/dsr_msgs2/include/dsr_msgs2/dsr_msgs2/srv/detail/serial_send_data__struct.h
[166.093s] -- Installing: /home/jack/ros2_ws/install/dsr_msgs2/include/dsr_msgs2/dsr_msgs2/srv/detail/move_blending__struct.h
[166.093s] -- Installing: /home/jack/ros2_ws/install/dsr_msgs2/include/dsr_msgs2/dsr_msgs2/srv/detail/get_desired_posj__struct.h
[166.094s] -- Installing: /home/jack/ros2_ws/install/dsr_msgs2/include/dsr_msgs2/dsr_msgs2/srv/detail/config_create_tool__type_support.h
[166.094s] -- Installing: /home/jack/ros2_ws/install/dsr_msgs2/include/dsr_msgs2/dsr_msgs2/srv/detail/get_user_cart_coord__type_support.h
[166.094s] -- Installing: /home/jack/ros2_ws/install/dsr_msgs2/include/dsr_msgs2/dsr_msgs2/srv/detail/config_delete_tool__functions.h
[166.094s] -- Installing: /home/jack/ros2_ws/install/dsr_msgs2/include/dsr_msgs2/dsr_msgs2/srv/detail/move_spline_task__functions.h
[166.094s] -- Installing: /home/jack/ros2_ws/install/dsr_msgs2/include/dsr_msgs2/dsr_msgs2/srv/detail/alter_motion__struct.h
[166.094s] -- Installing: /home/jack/ros2_ws/install/dsr_msgs2/include/dsr_msgs2/dsr_msgs2/srv/detail/get_workpiece_weight__struct.h
[166.094s] -- Installing: /home/jack/ros2_ws/install/dsr_msgs2/include/dsr_msgs2/dsr_msgs2/srv/detail/set_tool_digital_output__type_support.h
[166.094s] -- Installing: /home/jack/ros2_ws/install/dsr_msgs2/include/dsr_msgs2/dsr_msgs2/srv/detail/get_desired_velx__struct.h
[166.095s] -- Installing: /home/jack/ros2_ws/install/dsr_msgs2/include/dsr_msgs2/dsr_msgs2/srv/detail/config_create_tool__functions.h
[166.095s] -- Installing: /home/jack/ros2_ws/install/dsr_msgs2/include/dsr_msgs2/dsr_msgs2/srv/detail/disconnect_rt_control__struct.h
[166.095s] -- Installing: /home/jack/ros2_ws/install/dsr_msgs2/include/dsr_msgs2/dsr_msgs2/srv/detail/start_rt_control__functions.c
[166.095s] -- Installing: /home/jack/ros2_ws/install/dsr_msgs2/include/dsr_msgs2/dsr_msgs2/srv/detail/get_robot_mode__type_support.h
[166.095s] -- Installing: /home/jack/ros2_ws/install/dsr_msgs2/include/dsr_msgs2/dsr_msgs2/srv/detail/servo_off__type_support.h
[166.095s] -- Installing: /home/jack/ros2_ws/install/dsr_msgs2/include/dsr_msgs2/dsr_msgs2/srv/detail/change_operation_speed__struct.h
[166.095s] -- Installing: /home/jack/ros2_ws/install/dsr_msgs2/include/dsr_msgs2/dsr_msgs2/srv/detail/get_desired_velx__type_support.h
[166.095s] -- Installing: /home/jack/ros2_ws/install/dsr_msgs2/include/dsr_msgs2/dsr_msgs2/srv/detail/calc_coord__functions.h
[166.095s] -- Installing: /home/jack/ros2_ws/install/dsr_msgs2/include/dsr_msgs2/dsr_msgs2/srv/detail/set_velj_rt__struct.h
[166.096s] -- Installing: /home/jack/ros2_ws/install/dsr_msgs2/include/dsr_msgs2/dsr_msgs2/srv/detail/get_current_rotm__struct.h
[166.096s] -- Installing: /home/jack/ros2_ws/install/dsr_msgs2/include/dsr_msgs2/dsr_msgs2/srv/detail/jog__struct.h
[166.096s] -- Installing: /home/jack/ros2_ws/install/dsr_msgs2/include/dsr_msgs2/dsr_msgs2/srv/detail/get_drl_state__struct.h
[166.096s] -- Installing: /home/jack/ros2_ws/install/dsr_msgs2/include/dsr_msgs2/dsr_msgs2/srv/detail/get_desired_velx__functions.h
[166.096s] -- Installing: /home/jack/ros2_ws/install/dsr_msgs2/include/dsr_msgs2/dsr_msgs2/srv/detail/set_robot_speed_mode__functions.c
[166.096s] -- Installing: /home/jack/ros2_ws/install/dsr_msgs2/include/dsr_msgs2/dsr_msgs2/srv/detail/move_circle__functions.c
[166.096s] -- Installing: /home/jack/ros2_ws/install/dsr_msgs2/include/dsr_msgs2/dsr_msgs2/srv/detail/move_spline_joint__type_support.h
[166.096s] -- Installing: /home/jack/ros2_ws/install/dsr_msgs2/include/dsr_msgs2/dsr_msgs2/srv/detail/get_rt_control_output_version_list__functions.c
[166.097s] -- Installing: /home/jack/ros2_ws/install/dsr_msgs2/include/dsr_msgs2/dsr_msgs2/srv/detail/get_orientation_error__functions.c
[166.097s] -- Installing: /home/jack/ros2_ws/install/dsr_msgs2/include/dsr_msgs2/dsr_msgs2/srv/detail/move_resume__functions.c
[166.098s] -- Installing: /home/jack/ros2_ws/install/dsr_msgs2/include/dsr_msgs2/dsr_msgs2/srv/detail/set_current_tool__type_support.h
[166.098s] -- Installing: /home/jack/ros2_ws/install/dsr_msgs2/include/dsr_msgs2/dsr_msgs2/srv/detail/set_desired_force__functions.c
[166.098s] -- Installing: /home/jack/ros2_ws/install/dsr_msgs2/include/dsr_msgs2/dsr_msgs2/srv/detail/get_tool_force__type_support.h
[166.098s] -- Installing: /home/jack/ros2_ws/install/dsr_msgs2/include/dsr_msgs2/dsr_msgs2/srv/detail/get_workpiece_weight__functions.h
[166.098s] -- Installing: /home/jack/ros2_ws/install/dsr_msgs2/include/dsr_msgs2/dsr_msgs2/srv/detail/get_ctrl_box_digital_output__functions.h
[166.098s] -- Installing: /home/jack/ros2_ws/install/dsr_msgs2/include/dsr_msgs2/dsr_msgs2/srv/detail/get_current_solution_space__functions.h
[166.098s] -- Installing: /home/jack/ros2_ws/install/dsr_msgs2/include/dsr_msgs2/dsr_msgs2/srv/detail/serial_send_data__functions.c
[166.099s] -- Installing: /home/jack/ros2_ws/install/dsr_msgs2/include/dsr_msgs2/dsr_msgs2/srv/detail/set_current_tcp__struct.h
[166.099s] -- Installing: /home/jack/ros2_ws/install/dsr_msgs2/include/dsr_msgs2/dsr_msgs2/srv/detail/move_home__functions.h
[166.099s] -- Installing: /home/jack/ros2_ws/install/dsr_msgs2/include/dsr_msgs2/dsr_msgs2/srv/detail/stop_rt_control__struct.h
[166.099s] -- Installing: /home/jack/ros2_ws/install/dsr_msgs2/include/dsr_msgs2/dsr_msgs2/srv/detail/get_ctrl_box_analog_input__functions.h
[166.099s] -- Installing: /home/jack/ros2_ws/install/dsr_msgs2/include/dsr_msgs2/dsr_msgs2/srv/detail/get_last_alarm__functions.h
[166.099s] -- Installing: /home/jack/ros2_ws/install/dsr_msgs2/include/dsr_msgs2/dsr_msgs2/srv/detail/move_spline_task__functions.c
[166.100s] -- Installing: /home/jack/ros2_ws/install/dsr_msgs2/include/dsr_msgs2/dsr_msgs2/srv/detail/get_ctrl_box_digital_output__functions.c
[166.100s] -- Installing: /home/jack/ros2_ws/install/dsr_msgs2/include/dsr_msgs2/dsr_msgs2/srv/detail/set_ctrl_box_analog_output_type__functions.c
[166.101s] -- Installing: /home/jack/ros2_ws/install/dsr_msgs2/include/dsr_msgs2/dsr_msgs2/srv/detail/move_joint__type_support.h
[166.101s] -- Installing: /home/jack/ros2_ws/install/dsr_msgs2/include/dsr_msgs2/dsr_msgs2/srv/detail/set_desired_force__struct.h
[166.101s] -- Installing: /home/jack/ros2_ws/install/dsr_msgs2/include/dsr_msgs2/dsr_msgs2/srv/detail/connect_rt_control__type_support.h
[166.101s] -- Installing: /home/jack/ros2_ws/install/dsr_msgs2/include/dsr_msgs2/dsr_msgs2/srv/detail/set_accj_rt__struct.h
[166.101s] -- Installing: /home/jack/ros2_ws/install/dsr_msgs2/include/dsr_msgs2/dsr_msgs2/srv/detail/servo_off__functions.h
[166.101s] -- Installing: /home/jack/ros2_ws/install/dsr_msgs2/include/dsr_msgs2/dsr_msgs2/srv/detail/set_ctrl_box_digital_output__functions.h
[166.101s] -- Installing: /home/jack/ros2_ws/install/dsr_msgs2/include/dsr_msgs2/dsr_msgs2/srv/detail/set_desired_force__type_support.h
[166.102s] -- Installing: /home/jack/ros2_ws/install/dsr_msgs2/include/dsr_msgs2/dsr_msgs2/srv/detail/move_spline_joint__functions.h
[166.102s] -- Installing: /home/jack/ros2_ws/install/dsr_msgs2/include/dsr_msgs2/dsr_msgs2/srv/detail/check_force_condition__functions.h
[166.102s] -- Installing: /home/jack/ros2_ws/install/dsr_msgs2/include/dsr_msgs2/dsr_msgs2/srv/detail/get_external_torque__functions.h
[166.102s] -- Installing: /home/jack/ros2_ws/install/dsr_msgs2/include/dsr_msgs2/dsr_msgs2/srv/detail/get_rt_control_input_data_list__functions.c
[166.102s] -- Installing: /home/jack/ros2_ws/install/dsr_msgs2/include/dsr_msgs2/dsr_msgs2/srv/detail/get_current_tcp__functions.h
[166.102s] -- Installing: /home/jack/ros2_ws/install/dsr_msgs2/include/dsr_msgs2/dsr_msgs2/srv/detail/get_tool_digital_output__functions.h
[166.102s] -- Installing: /home/jack/ros2_ws/install/dsr_msgs2/include/dsr_msgs2/dsr_msgs2/srv/detail/get_tool_digital_input__functions.c
[166.103s] -- Installing: /home/jack/ros2_ws/install/dsr_msgs2/include/dsr_msgs2/dsr_msgs2/srv/detail/get_rt_control_output_version_list__struct.h
[166.103s] -- Installing: /home/jack/ros2_ws/install/dsr_msgs2/include/dsr_msgs2/dsr_msgs2/srv/detail/get_current_posx__functions.c
[166.103s] -- Installing: /home/jack/ros2_ws/install/dsr_msgs2/include/dsr_msgs2/dsr_msgs2/srv/detail/change_operation_speed__type_support.h
[166.103s] -- Installing: /home/jack/ros2_ws/install/dsr_msgs2/include/dsr_msgs2/dsr_msgs2/srv/detail/get_tool_digital_output__functions.c
[166.104s] -- Installing: /home/jack/ros2_ws/install/dsr_msgs2/include/dsr_msgs2/dsr_msgs2/srv/detail/set_user_cart_coord1__functions.h
[166.104s] -- Installing: /home/jack/ros2_ws/install/dsr_msgs2/include/dsr_msgs2/dsr_msgs2/srv/detail/robotiq2_f_close__type_support.h
[166.105s] -- Installing: /home/jack/ros2_ws/install/dsr_msgs2/include/dsr_msgs2/dsr_msgs2/srv/detail/set_ctrl_box_analog_output_type__type_support.h
[166.105s] -- Installing: /home/jack/ros2_ws/install/dsr_msgs2/include/dsr_msgs2/dsr_msgs2/srv/detail/get_robot_speed_mode__functions.h
[166.105s] -- Installing: /home/jack/ros2_ws/install/dsr_msgs2/include/dsr_msgs2/dsr_msgs2/srv/detail/get_tool_digital_output__type_support.h
[166.107s] -- Installing: /home/jack/ros2_ws/install/dsr_msgs2/include/dsr_msgs2/dsr_msgs2/srv/detail/get_current_velx__struct.h
[166.107s] -- Installing: /home/jack/ros2_ws/install/dsr_msgs2/include/dsr_msgs2/dsr_msgs2/srv/detail/is_done_bolt_tightening__struct.h
[166.107s] -- Installing: /home/jack/ros2_ws/install/dsr_msgs2/include/dsr_msgs2/dsr_msgs2/srv/detail/move_jointx__type_support.h
[166.107s] -- Installing: /home/jack/ros2_ws/install/dsr_msgs2/include/dsr_msgs2/dsr_msgs2/srv/detail/set_user_cart_coord1__struct.h
[166.107s] -- Installing: /home/jack/ros2_ws/install/dsr_msgs2/include/dsr_msgs2/dsr_msgs2/srv/detail/set_velx_rt__functions.c
[166.107s] -- Installing: /home/jack/ros2_ws/install/dsr_msgs2/include/dsr_msgs2/dsr_msgs2/srv/detail/get_current_posj__type_support.h
[166.107s] -- Installing: /home/jack/ros2_ws/install/dsr_msgs2/include/dsr_msgs2/dsr_msgs2/srv/detail/set_ctrl_box_analog_output__type_support.h
[166.107s] -- Installing: /home/jack/ros2_ws/install/dsr_msgs2/include/dsr_msgs2/dsr_msgs2/srv/detail/align_axis2__struct.h
[166.107s] -- Installing: /home/jack/ros2_ws/install/dsr_msgs2/include/dsr_msgs2/dsr_msgs2/srv/detail/check_orientation_condition1__functions.c
[166.107s] -- Installing: /home/jack/ros2_ws/install/dsr_msgs2/include/dsr_msgs2/dsr_msgs2/srv/detail/read_data_rt__functions.c
[166.107s] -- Installing: /home/jack/ros2_ws/install/dsr_msgs2/include/dsr_msgs2/dsr_msgs2/srv/detail/set_velj_rt__functions.c
[166.108s] -- Installing: /home/jack/ros2_ws/install/dsr_msgs2/include/dsr_msgs2/dsr_msgs2/srv/detail/get_user_cart_coord__functions.c
[166.108s] -- Installing: /home/jack/ros2_ws/install/dsr_msgs2/include/dsr_msgs2/dsr_msgs2/srv/detail/robotiq2_f_move__type_support.h
[166.108s] -- Installing: /home/jack/ros2_ws/install/dsr_msgs2/include/dsr_msgs2/dsr_msgs2/srv/detail/robotiq2_f_close__functions.c
[166.108s] -- Installing: /home/jack/ros2_ws/install/dsr_msgs2/include/dsr_msgs2/dsr_msgs2/srv/detail/move_pause__type_support.h
[166.108s] -- Installing: /home/jack/ros2_ws/install/dsr_msgs2/include/dsr_msgs2/dsr_msgs2/srv/detail/get_robot_speed_mode__functions.c
[166.111s] -- Installing: /home/jack/ros2_ws/install/dsr_msgs2/include/dsr_msgs2/dsr_msgs2/srv/detail/parallel_axis1__functions.h
[166.111s] -- Installing: /home/jack/ros2_ws/install/dsr_msgs2/include/dsr_msgs2/dsr_msgs2/srv/detail/robotiq2_f_open__type_support.h
[166.111s] -- Installing: /home/jack/ros2_ws/install/dsr_msgs2/include/dsr_msgs2/dsr_msgs2/srv/detail/drl_pause__functions.h
[166.111s] -- Installing: /home/jack/ros2_ws/install/dsr_msgs2/include/dsr_msgs2/dsr_msgs2/srv/detail/move_pause__struct.h
[166.111s] -- Installing: /home/jack/ros2_ws/install/dsr_msgs2/include/dsr_msgs2/dsr_msgs2/srv/detail/config_create_tcp__type_support.h
[166.111s] -- Installing: /home/jack/ros2_ws/install/dsr_msgs2/include/dsr_msgs2/dsr_msgs2/srv/detail/stop_rt_control__functions.h
[166.111s] -- Installing: /home/jack/ros2_ws/install/dsr_msgs2/include/dsr_msgs2/dsr_msgs2/srv/detail/set_user_cart_coord2__struct.h
[166.112s] -- Installing: /home/jack/ros2_ws/install/dsr_msgs2/include/dsr_msgs2/dsr_msgs2/srv/detail/set_user_cart_coord3__struct.h
[166.112s] -- Installing: /home/jack/ros2_ws/install/dsr_msgs2/include/dsr_msgs2/dsr_msgs2/srv/detail/task_compliance_ctrl__type_support.h
[166.112s] -- Installing: /home/jack/ros2_ws/install/dsr_msgs2/include/dsr_msgs2/dsr_msgs2/srv/detail/drl_start__type_support.h
[166.112s] -- Installing: /home/jack/ros2_ws/install/dsr_msgs2/include/dsr_msgs2/dsr_msgs2/srv/detail/ikin__struct.h
[166.112s] -- Installing: /home/jack/ros2_ws/install/dsr_msgs2/include/dsr_msgs2/dsr_msgs2/srv/detail/get_robot_system__struct.h
[166.112s] -- Installing: /home/jack/ros2_ws/install/dsr_msgs2/include/dsr_msgs2/dsr_msgs2/srv/detail/get_ctrl_box_digital_input__type_support.h
[166.112s] -- Installing: /home/jack/ros2_ws/install/dsr_msgs2/include/dsr_msgs2/dsr_msgs2/srv/detail/reset_workpiece_weight__functions.h
[166.112s] -- Installing: /home/jack/ros2_ws/install/dsr_msgs2/include/dsr_msgs2/dsr_msgs2/srv/detail/get_current_posj__struct.h
[166.112s] -- Installing: /home/jack/ros2_ws/install/dsr_msgs2/include/dsr_msgs2/dsr_msgs2/srv/detail/get_ctrl_box_digital_output__type_support.h
[166.112s] -- Installing: /home/jack/ros2_ws/install/dsr_msgs2/include/dsr_msgs2/dsr_msgs2/srv/detail/set_tool_shape__functions.h
[166.112s] -- Installing: /home/jack/ros2_ws/install/dsr_msgs2/include/dsr_msgs2/dsr_msgs2/srv/detail/move_periodic__functions.h
[166.112s] -- Installing: /home/jack/ros2_ws/install/dsr_msgs2/include/dsr_msgs2/dsr_msgs2/srv/detail/get_robot_speed_mode__struct.h
[166.112s] -- Installing: /home/jack/ros2_ws/install/dsr_msgs2/include/dsr_msgs2/dsr_msgs2/srv/detail/check_orientation_condition1__functions.h
[166.112s] -- Installing: /home/jack/ros2_ws/install/dsr_msgs2/include/dsr_msgs2/dsr_msgs2/srv/detail/set_tool_digital_output__struct.h
[166.113s] -- Installing: /home/jack/ros2_ws/install/dsr_msgs2/include/dsr_msgs2/dsr_msgs2/srv/detail/disable_alter_motion__functions.c
[166.113s] -- Installing: /home/jack/ros2_ws/install/dsr_msgs2/include/dsr_msgs2/dsr_msgs2/srv/detail/get_control_mode__type_support.h
[166.113s] -- Installing: /home/jack/ros2_ws/install/dsr_msgs2/include/dsr_msgs2/dsr_msgs2/srv/detail/check_force_condition__type_support.h
[166.113s] -- Installing: /home/jack/ros2_ws/install/dsr_msgs2/include/dsr_msgs2/dsr_msgs2/srv/detail/check_orientation_condition1__type_support.h
[166.114s] -- Installing: /home/jack/ros2_ws/install/dsr_msgs2/include/dsr_msgs2/dsr_msgs2/srv/detail/robotiq2_f_open__struct.h
[166.114s] -- Installing: /home/jack/ros2_ws/install/dsr_msgs2/include/dsr_msgs2/dsr_msgs2/srv/detail/move_circle__struct.h
[166.114s] -- Installing: /home/jack/ros2_ws/install/dsr_msgs2/include/dsr_msgs2/dsr_msgs2/srv/detail/get_tool_digital_input__functions.h
[166.114s] -- Installing: /home/jack/ros2_ws/install/dsr_msgs2/include/dsr_msgs2/dsr_msgs2/srv/detail/get_current_tool__functions.h
[166.114s] -- Installing: /home/jack/ros2_ws/install/dsr_msgs2/include/dsr_msgs2/dsr_msgs2/srv/detail/calc_coord__struct.h
[166.114s] -- Installing: /home/jack/ros2_ws/install/dsr_msgs2/include/dsr_msgs2/dsr_msgs2/srv/detail/get_joint_torque__type_support.h
[166.114s] -- Installing: /home/jack/ros2_ws/install/dsr_msgs2/include/dsr_msgs2/dsr_msgs2/srv/detail/get_solution_space__type_support.h
[166.114s] -- Installing: /home/jack/ros2_ws/install/dsr_msgs2/include/dsr_msgs2/dsr_msgs2/srv/detail/drl_stop__struct.h
[166.114s] -- Installing: /home/jack/ros2_ws/install/dsr_msgs2/include/dsr_msgs2/dsr_msgs2/srv/detail/get_rt_control_output_data_list__struct.h
[166.114s] -- Installing: /home/jack/ros2_ws/install/dsr_msgs2/include/dsr_msgs2/dsr_msgs2/srv/detail/stop_rt_control__functions.c
[166.115s] -- Installing: /home/jack/ros2_ws/install/dsr_msgs2/include/dsr_msgs2/dsr_msgs2/srv/detail/jog_multi__type_support.h
[166.115s] -- Installing: /home/jack/ros2_ws/install/dsr_msgs2/include/dsr_msgs2/dsr_msgs2/srv/detail/set_robot_speed_mode__struct.h
[166.115s] -- Installing: /home/jack/ros2_ws/install/dsr_msgs2/include/dsr_msgs2/dsr_msgs2/srv/detail/set_rt_control_input__type_support.h
[166.115s] -- Installing: /home/jack/ros2_ws/install/dsr_msgs2/include/dsr_msgs2/dsr_msgs2/srv/detail/set_current_tool__struct.h
[166.115s] -- Installing: /home/jack/ros2_ws/install/dsr_msgs2/include/dsr_msgs2/dsr_msgs2/srv/detail/config_delete_tcp__type_support.h
[166.115s] -- Installing: /home/jack/ros2_ws/install/dsr_msgs2/include/dsr_msgs2/dsr_msgs2/srv/detail/get_current_pose__functions.h
[166.115s] -- Installing: /home/jack/ros2_ws/install/dsr_msgs2/include/dsr_msgs2/dsr_msgs2/srv/detail/get_rt_control_input_data_list__functions.h
[166.115s] -- Installing: /home/jack/ros2_ws/install/dsr_msgs2/include/dsr_msgs2/dsr_msgs2/srv/detail/release_force__struct.h
[166.115s] -- Installing: /home/jack/ros2_ws/install/dsr_msgs2/include/dsr_msgs2/dsr_msgs2/srv/detail/move_circle__functions.h
[166.115s] -- Installing: /home/jack/ros2_ws/install/dsr_msgs2/include/dsr_msgs2/dsr_msgs2/srv/detail/get_control_mode__functions.c
[166.115s] -- Installing: /home/jack/ros2_ws/install/dsr_msgs2/include/dsr_msgs2/dsr_msgs2/srv/detail/get_joint_torque__functions.c
[166.117s] -- Installing: /home/jack/ros2_ws/install/dsr_msgs2/include/dsr_msgs2/dsr_msgs2/srv/detail/set_robot_system__functions.h
[166.117s] -- Installing: /home/jack/ros2_ws/install/dsr_msgs2/include/dsr_msgs2/dsr_msgs2/srv/detail/ikin__functions.h
[166.117s] -- Installing: /home/jack/ros2_ws/install/dsr_msgs2/include/dsr_msgs2/dsr_msgs2/srv/detail/get_current_tool_flange_posx__functions.h
[166.118s] -- Installing: /home/jack/ros2_ws/install/dsr_msgs2/include/dsr_msgs2/dsr_msgs2/srv/detail/get_user_cart_coord__functions.h
[166.118s] -- Installing: /home/jack/ros2_ws/install/dsr_msgs2/include/dsr_msgs2/dsr_msgs2/srv/detail/get_current_posx__struct.h
[166.118s] -- Installing: /home/jack/ros2_ws/install/dsr_msgs2/include/dsr_msgs2/dsr_msgs2/srv/detail/drl_resume__functions.h
[166.118s] -- Installing: /home/jack/ros2_ws/install/dsr_msgs2/include/dsr_msgs2/dsr_msgs2/srv/detail/change_collision_sensitivity__functions.h
[166.118s] -- Installing: /home/jack/ros2_ws/install/dsr_msgs2/include/dsr_msgs2/dsr_msgs2/srv/detail/calc_coord__type_support.h
[166.118s] -- Installing: /home/jack/ros2_ws/install/dsr_msgs2/include/dsr_msgs2/dsr_msgs2/srv/detail/move_joint__functions.h
[166.118s] -- Installing: /home/jack/ros2_ws/install/dsr_msgs2/include/dsr_msgs2/dsr_msgs2/srv/detail/set_accx_rt__functions.h
[166.118s] -- Installing: /home/jack/ros2_ws/install/dsr_msgs2/include/dsr_msgs2/dsr_msgs2/srv/detail/get_external_torque__functions.c
[166.118s] -- Installing: /home/jack/ros2_ws/install/dsr_msgs2/include/dsr_msgs2/dsr_msgs2/srv/detail/get_modbus_input__functions.c
[166.118s] -- Installing: /home/jack/ros2_ws/install/dsr_msgs2/include/dsr_msgs2/dsr_msgs2/srv/detail/enable_alter_motion__functions.c
[166.119s] -- Installing: /home/jack/ros2_ws/install/dsr_msgs2/include/dsr_msgs2/dsr_msgs2/srv/detail/set_velj_rt__type_support.h
[166.119s] -- Installing: /home/jack/ros2_ws/install/dsr_msgs2/include/dsr_msgs2/dsr_msgs2/srv/detail/get_rt_control_input_version_list__type_support.h
[166.119s] -- Installing: /home/jack/ros2_ws/install/dsr_msgs2/include/dsr_msgs2/dsr_msgs2/srv/detail/move_stop__functions.h
[166.119s] -- Installing: /home/jack/ros2_ws/install/dsr_msgs2/include/dsr_msgs2/dsr_msgs2/srv/detail/move_spiral__type_support.h
[166.119s] -- Installing: /home/jack/ros2_ws/install/dsr_msgs2/include/dsr_msgs2/dsr_msgs2/srv/detail/set_user_cart_coord1__functions.c
[166.120s] -- Installing: /home/jack/ros2_ws/install/dsr_msgs2/include/dsr_msgs2/dsr_msgs2/srv/detail/get_desired_posx__type_support.h
[166.120s] -- Installing: /home/jack/ros2_ws/install/dsr_msgs2/include/dsr_msgs2/dsr_msgs2/srv/detail/config_create_tcp__functions.h
[166.120s] -- Installing: /home/jack/ros2_ws/install/dsr_msgs2/include/dsr_msgs2/dsr_msgs2/srv/detail/set_robot_control__struct.h
[166.121s] -- Installing: /home/jack/ros2_ws/install/dsr_msgs2/include/dsr_msgs2/dsr_msgs2/srv/detail/config_create_tcp__functions.c
[166.121s] -- Installing: /home/jack/ros2_ws/install/dsr_msgs2/include/dsr_msgs2/dsr_msgs2/srv/detail/change_collision_sensitivity__struct.h
[166.121s] -- Installing: /home/jack/ros2_ws/install/dsr_msgs2/include/dsr_msgs2/dsr_msgs2/srv/detail/set_ref_coord__functions.h
[166.121s] -- Installing: /home/jack/ros2_ws/install/dsr_msgs2/include/dsr_msgs2/dsr_msgs2/srv/detail/alter_motion__functions.h
[166.121s] -- Installing: /home/jack/ros2_ws/install/dsr_msgs2/include/dsr_msgs2/dsr_msgs2/srv/detail/move_home__type_support.h
[166.121s] -- Installing: /home/jack/ros2_ws/install/dsr_msgs2/include/dsr_msgs2/dsr_msgs2/srv/detail/move_line__functions.c
[166.122s] -- Installing: /home/jack/ros2_ws/install/dsr_msgs2/include/dsr_msgs2/dsr_msgs2/srv/detail/servo_off__functions.c
[166.122s] -- Installing: /home/jack/ros2_ws/install/dsr_msgs2/include/dsr_msgs2/dsr_msgs2/srv/detail/set_ctrl_box_analog_output__functions.h
[166.122s] -- Installing: /home/jack/ros2_ws/install/dsr_msgs2/include/dsr_msgs2/dsr_msgs2/srv/detail/robotiq2_f_open__functions.c
[166.123s] -- Installing: /home/jack/ros2_ws/install/dsr_msgs2/include/dsr_msgs2/dsr_msgs2/srv/detail/set_stiffnessx__struct.h
[166.123s] -- Installing: /home/jack/ros2_ws/install/dsr_msgs2/include/dsr_msgs2/dsr_msgs2/srv/detail/move_pause__functions.h
[166.123s] -- Installing: /home/jack/ros2_ws/install/dsr_msgs2/include/dsr_msgs2/dsr_msgs2/srv/detail/align_axis1__functions.h
[166.123s] -- Installing: /home/jack/ros2_ws/install/dsr_msgs2/include/dsr_msgs2/dsr_msgs2/srv/detail/get_desired_posj__functions.h
[166.124s] -- Installing: /home/jack/ros2_ws/install/dsr_msgs2/include/dsr_msgs2/dsr_msgs2/srv/detail/set_ctrl_box_digital_output__type_support.h
[166.124s] -- Installing: /home/jack/ros2_ws/install/dsr_msgs2/include/dsr_msgs2/dsr_msgs2/srv/detail/set_accx_rt__functions.c
[166.124s] -- Installing: /home/jack/ros2_ws/install/dsr_msgs2/include/dsr_msgs2/dsr_msgs2/srv/detail/write_data_rt__functions.c
[166.124s] -- Installing: /home/jack/ros2_ws/install/dsr_msgs2/include/dsr_msgs2/dsr_msgs2/srv/detail/get_desired_velj__type_support.h
[166.124s] -- Installing: /home/jack/ros2_ws/install/dsr_msgs2/include/dsr_msgs2/dsr_msgs2/srv/detail/check_force_condition__functions.c
[166.124s] -- Installing: /home/jack/ros2_ws/install/dsr_msgs2/include/dsr_msgs2/dsr_msgs2/srv/detail/fkin__type_support.h
[166.125s] -- Installing: /home/jack/ros2_ws/install/dsr_msgs2/include/dsr_msgs2/dsr_msgs2/srv/detail/get_current_tool__functions.c
[166.125s] -- Installing: /home/jack/ros2_ws/install/dsr_msgs2/include/dsr_msgs2/dsr_msgs2/srv/detail/move_spiral__functions.c
[166.127s] -- Installing: /home/jack/ros2_ws/install/dsr_msgs2/include/dsr_msgs2/dsr_msgs2/srv/detail/move_home__struct.h
[166.127s] -- Installing: /home/jack/ros2_ws/install/dsr_msgs2/include/dsr_msgs2/dsr_msgs2/srv/detail/drl_pause__functions.c
[166.127s] -- Installing: /home/jack/ros2_ws/install/dsr_msgs2/include/dsr_msgs2/dsr_msgs2/srv/detail/get_current_velx__type_support.h
[166.127s] -- Installing: /home/jack/ros2_ws/install/dsr_msgs2/include/dsr_msgs2/dsr_msgs2/srv/detail/check_motion__struct.h
[166.127s] -- Installing: /home/jack/ros2_ws/install/dsr_msgs2/include/dsr_msgs2/dsr_msgs2/srv/detail/get_current_tool__struct.h
[166.127s] -- Installing: /home/jack/ros2_ws/install/dsr_msgs2/include/dsr_msgs2/dsr_msgs2/srv/detail/move_joint__functions.c
[166.127s] -- Installing: /home/jack/ros2_ws/install/dsr_msgs2/include/dsr_msgs2/dsr_msgs2/srv/detail/set_accj_rt__functions.h
[166.128s] -- Installing: /home/jack/ros2_ws/install/dsr_msgs2/include/dsr_msgs2/dsr_msgs2/srv/detail/set_ref_coord__functions.c
[166.128s] -- Installing: /home/jack/ros2_ws/install/dsr_msgs2/include/dsr_msgs2/dsr_msgs2/srv/detail/config_create_modbus__type_support.h
[166.129s] -- Installing: /home/jack/ros2_ws/install/dsr_msgs2/include/dsr_msgs2/dsr_msgs2/srv/detail/task_compliance_ctrl__functions.c
[166.129s] -- Installing: /home/jack/ros2_ws/install/dsr_msgs2/include/dsr_msgs2/dsr_msgs2/srv/detail/check_orientation_condition2__functions.h
[166.129s] -- Installing: /home/jack/ros2_ws/install/dsr_msgs2/include/dsr_msgs2/dsr_msgs2/srv/detail/move_blending__functions.c
[166.130s] -- Installing: /home/jack/ros2_ws/install/dsr_msgs2/include/dsr_msgs2/dsr_msgs2/srv/detail/get_current_tool_flange_posx__type_support.h
[166.130s] -- Installing: /home/jack/ros2_ws/install/dsr_msgs2/include/dsr_msgs2/dsr_msgs2/srv/detail/get_control_space__struct.h
[166.130s] -- Installing: /home/jack/ros2_ws/install/dsr_msgs2/include/dsr_msgs2/dsr_msgs2/srv/detail/set_robot_control__functions.h
[166.130s] -- Installing: /home/jack/ros2_ws/install/dsr_msgs2/include/dsr_msgs2/dsr_msgs2/srv/detail/get_current_tcp__type_support.h
[166.130s] -- Installing: /home/jack/ros2_ws/install/dsr_msgs2/include/dsr_msgs2/dsr_msgs2/srv/detail/set_velx_rt__type_support.h
[166.130s] -- Installing: /home/jack/ros2_ws/install/dsr_msgs2/include/dsr_msgs2/dsr_msgs2/srv/detail/get_desired_velj__functions.c
[166.131s] -- Installing: /home/jack/ros2_ws/install/dsr_msgs2/include/dsr_msgs2/dsr_msgs2/srv/detail/overwrite_user_cart_coord__functions.h
[166.131s] -- Installing: /home/jack/ros2_ws/install/dsr_msgs2/include/dsr_msgs2/dsr_msgs2/srv/detail/set_current_tool__functions.c
[166.131s] -- Installing: /home/jack/ros2_ws/install/dsr_msgs2/include/dsr_msgs2/dsr_msgs2/srv/detail/set_robot_mode__type_support.h
[166.131s] -- Installing: /home/jack/ros2_ws/install/dsr_msgs2/include/dsr_msgs2/dsr_msgs2/srv/detail/get_last_alarm__functions.c
[166.132s] -- Installing: /home/jack/ros2_ws/install/dsr_msgs2/include/dsr_msgs2/dsr_msgs2/srv/detail/get_current_tcp__functions.c
[166.132s] -- Installing: /home/jack/ros2_ws/install/dsr_msgs2/include/dsr_msgs2/dsr_msgs2/srv/detail/set_ctrl_box_analog_output_type__struct.h
[166.132s] -- Installing: /home/jack/ros2_ws/install/dsr_msgs2/include/dsr_msgs2/dsr_msgs2/srv/detail/get_current_tool_flange_posx__struct.h
[166.133s] -- Installing: /home/jack/ros2_ws/install/dsr_msgs2/include/dsr_msgs2/dsr_msgs2/srv/detail/set_tool_digital_output__functions.h
[166.133s] -- Installing: /home/jack/ros2_ws/install/dsr_msgs2/include/dsr_msgs2/dsr_msgs2/srv/detail/parallel_axis1__functions.c
[166.134s] -- Installing: /home/jack/ros2_ws/install/dsr_msgs2/include/dsr_msgs2/dsr_msgs2/srv/detail/set_rt_control_input__functions.h
[166.134s] -- Installing: /home/jack/ros2_ws/install/dsr_msgs2/include/dsr_msgs2/dsr_msgs2/srv/detail/get_control_space__type_support.h
[166.134s] -- Installing: /home/jack/ros2_ws/install/dsr_msgs2/include/dsr_msgs2/dsr_msgs2/srv/detail/set_tool_shape__struct.h
[166.134s] -- Installing: /home/jack/ros2_ws/install/dsr_msgs2/include/dsr_msgs2/dsr_msgs2/srv/detail/get_last_alarm__struct.h
[166.134s] -- Installing: /home/jack/ros2_ws/install/dsr_msgs2/include/dsr_msgs2/dsr_msgs2/srv/detail/get_orientation_error__type_support.h
[166.134s] -- Installing: /home/jack/ros2_ws/install/dsr_msgs2/include/dsr_msgs2/dsr_msgs2/srv/detail/trans__type_support.h
[166.135s] -- Installing: /home/jack/ros2_ws/install/dsr_msgs2/include/dsr_msgs2/dsr_msgs2/srv/check_orientation_condition1.h
[166.135s] -- Installing: /home/jack/ros2_ws/install/dsr_msgs2/include/dsr_msgs2/dsr_msgs2/srv/get_external_torque.h
[166.135s] -- Installing: /home/jack/ros2_ws/install/dsr_msgs2/include/dsr_msgs2/dsr_msgs2/srv/fkin.h
[166.136s] -- Installing: /home/jack/ros2_ws/install/dsr_msgs2/include/dsr_msgs2/dsr_msgs2/srv/get_rt_control_input_version_list.h
[166.136s] -- Installing: /home/jack/ros2_ws/install/dsr_msgs2/include/dsr_msgs2/dsr_msgs2/srv/get_last_alarm.h
[166.136s] -- Installing: /home/jack/ros2_ws/install/dsr_msgs2/include/dsr_msgs2/dsr_msgs2/srv/get_current_velj.h
[166.137s] -- Installing: /home/jack/ros2_ws/install/dsr_msgs2/include/dsr_msgs2/dsr_msgs2/srv/set_ctrl_box_analog_output_type.h
[166.137s] -- Installing: /home/jack/ros2_ws/install/dsr_msgs2/include/dsr_msgs2/dsr_msgs2/srv/serial_send_data.h
[166.138s] -- Installing: /home/jack/ros2_ws/install/dsr_msgs2/include/dsr_msgs2/dsr_msgs2/srv/move_wait.h
[166.139s] -- Installing: /home/jack/ros2_ws/install/dsr_msgs2/include/dsr_msgs2/dsr_msgs2/srv/get_orientation_error.h
[166.139s] -- Installing: /home/jack/ros2_ws/install/dsr_msgs2/include/dsr_msgs2/dsr_msgs2/srv/move_resume.h
[166.140s] -- Installing: /home/jack/ros2_ws/install/dsr_msgs2/include/dsr_msgs2/dsr_msgs2/srv/get_desired_posx.h
[166.140s] -- Installing: /home/jack/ros2_ws/install/dsr_msgs2/include/dsr_msgs2/dsr_msgs2/srv/move_pause.h
[166.141s] -- Installing: /home/jack/ros2_ws/install/dsr_msgs2/include/dsr_msgs2/dsr_msgs2/srv/set_ctrl_box_digital_output.h
[166.141s] -- Installing: /home/jack/ros2_ws/install/dsr_msgs2/include/dsr_msgs2/dsr_msgs2/srv/drl_pause.h
[166.141s] -- Installing: /home/jack/ros2_ws/install/dsr_msgs2/include/dsr_msgs2/dsr_msgs2/srv/set_tool_digital_output.h
[166.142s] -- Installing: /home/jack/ros2_ws/install/dsr_msgs2/include/dsr_msgs2/dsr_msgs2/srv/get_current_posx.h
[166.142s] -- Installing: /home/jack/ros2_ws/install/dsr_msgs2/include/dsr_msgs2/dsr_msgs2/srv/set_stiffnessx.h
[166.142s] -- Installing: /home/jack/ros2_ws/install/dsr_msgs2/include/dsr_msgs2/dsr_msgs2/srv/get_tool_force.h
[166.143s] -- Installing: /home/jack/ros2_ws/install/dsr_msgs2/include/dsr_msgs2/dsr_msgs2/srv/config_create_tcp.h
[166.143s] -- Installing: /home/jack/ros2_ws/install/dsr_msgs2/include/dsr_msgs2/dsr_msgs2/srv/get_desired_velx.h
[166.143s] -- Installing: /home/jack/ros2_ws/install/dsr_msgs2/include/dsr_msgs2/dsr_msgs2/srv/get_drl_state.h
[166.144s] -- Installing: /home/jack/ros2_ws/install/dsr_msgs2/include/dsr_msgs2/dsr_msgs2/srv/get_robot_speed_mode.h
[166.144s] -- Installing: /home/jack/ros2_ws/install/dsr_msgs2/include/dsr_msgs2/dsr_msgs2/srv/move_blending.h
[166.145s] -- Installing: /home/jack/ros2_ws/install/dsr_msgs2/include/dsr_msgs2/dsr_msgs2/srv/set_desired_force.h
[166.145s] -- Installing: /home/jack/ros2_ws/install/dsr_msgs2/include/dsr_msgs2/dsr_msgs2/srv/move_joint.h
[166.145s] -- Installing: /home/jack/ros2_ws/install/dsr_msgs2/include/dsr_msgs2/dsr_msgs2/srv/release_force.h
[166.146s] -- Installing: /home/jack/ros2_ws/install/dsr_msgs2/include/dsr_msgs2/dsr_msgs2/srv/get_rt_control_output_version_list.h
[166.146s] -- Installing: /home/jack/ros2_ws/install/dsr_msgs2/include/dsr_msgs2/dsr_msgs2/srv/move_stop.h
[166.146s] -- Installing: /home/jack/ros2_ws/install/dsr_msgs2/include/dsr_msgs2/dsr_msgs2/srv/ikin.h
[166.147s] -- Installing: /home/jack/ros2_ws/install/dsr_msgs2/include/dsr_msgs2/dsr_msgs2/srv/set_user_cart_coord3.h
[166.147s] -- Installing: /home/jack/ros2_ws/install/dsr_msgs2/include/dsr_msgs2/dsr_msgs2/srv/get_rt_control_input_data_list.h
[166.148s] -- Installing: /home/jack/ros2_ws/install/dsr_msgs2/include/dsr_msgs2/dsr_msgs2/srv/get_current_tool_flange_posx.h
[166.148s] -- Installing: /home/jack/ros2_ws/install/dsr_msgs2/include/dsr_msgs2/dsr_msgs2/srv/coord_transform.h
[166.148s] -- Installing: /home/jack/ros2_ws/install/dsr_msgs2/include/dsr_msgs2/dsr_msgs2/srv/set_accx_rt.h
[166.148s] -- Installing: /home/jack/ros2_ws/install/dsr_msgs2/include/dsr_msgs2/dsr_msgs2/srv/set_ctrl_box_analog_input_type.h
[166.149s] -- Installing: /home/jack/ros2_ws/install/dsr_msgs2/include/dsr_msgs2/dsr_msgs2/srv/task_compliance_ctrl.h
[166.149s] -- Installing: /home/jack/ros2_ws/install/dsr_msgs2/include/dsr_msgs2/dsr_msgs2/srv/get_robot_mode.h
[166.151s] -- Installing: /home/jack/ros2_ws/install/dsr_msgs2/include/dsr_msgs2/dsr_msgs2/srv/jog.h
[166.151s] -- Installing: /home/jack/ros2_ws/install/dsr_msgs2/include/dsr_msgs2/dsr_msgs2/srv/get_current_tool.h
[166.151s] -- Installing: /home/jack/ros2_ws/install/dsr_msgs2/include/dsr_msgs2/dsr_msgs2/srv/disable_alter_motion.h
[166.152s] -- Installing: /home/jack/ros2_ws/install/dsr_msgs2/include/dsr_msgs2/dsr_msgs2/srv/get_workpiece_weight.h
[166.153s] -- Installing: /home/jack/ros2_ws/install/dsr_msgs2/include/dsr_msgs2/dsr_msgs2/srv/get_tool_digital_input.h
[166.153s] -- Installing: /home/jack/ros2_ws/install/dsr_msgs2/include/dsr_msgs2/dsr_msgs2/srv/robotiq2_f_close.h
[166.153s] -- Installing: /home/jack/ros2_ws/install/dsr_msgs2/include/dsr_msgs2/dsr_msgs2/srv/set_rt_control_output.h
[166.153s] -- Installing: /home/jack/ros2_ws/install/dsr_msgs2/include/dsr_msgs2/dsr_msgs2/srv/get_ctrl_box_analog_input.h
[166.153s] -- Installing: /home/jack/ros2_ws/install/dsr_msgs2/include/dsr_msgs2/dsr_msgs2/srv/set_user_cart_coord1.h
[166.154s] -- Installing: /home/jack/ros2_ws/install/dsr_msgs2/include/dsr_msgs2/dsr_msgs2/srv/set_current_tcp.h
[166.154s] -- Installing: /home/jack/ros2_ws/install/dsr_msgs2/include/dsr_msgs2/dsr_msgs2/srv/set_velx_rt.h
[166.155s] -- Installing: /home/jack/ros2_ws/install/dsr_msgs2/include/dsr_msgs2/dsr_msgs2/srv/set_robot_speed_mode.h
[166.155s] -- Installing: /home/jack/ros2_ws/install/dsr_msgs2/include/dsr_msgs2/dsr_msgs2/srv/move_spline_joint.h
[166.155s] -- Installing: /home/jack/ros2_ws/install/dsr_msgs2/include/dsr_msgs2/dsr_msgs2/srv/set_accj_rt.h
[166.156s] -- Installing: /home/jack/ros2_ws/install/dsr_msgs2/include/dsr_msgs2/dsr_msgs2/srv/set_ref_coord.h
[166.156s] -- Installing: /home/jack/ros2_ws/install/dsr_msgs2/include/dsr_msgs2/dsr_msgs2/srv/jog_multi.h
[166.156s] -- Installing: /home/jack/ros2_ws/install/dsr_msgs2/include/dsr_msgs2/dsr_msgs2/srv/get_user_cart_coord.h
[166.157s] -- Installing: /home/jack/ros2_ws/install/dsr_msgs2/include/dsr_msgs2/dsr_msgs2/srv/set_modbus_output.h
[166.157s] -- Installing: /home/jack/ros2_ws/install/dsr_msgs2/include/dsr_msgs2/dsr_msgs2/srv/set_robot_system.h
[166.158s] -- Installing: /home/jack/ros2_ws/install/dsr_msgs2/include/dsr_msgs2/dsr_msgs2/srv/set_ctrl_box_analog_output.h
[166.158s] -- Installing: /home/jack/ros2_ws/install/dsr_msgs2/include/dsr_msgs2/dsr_msgs2/srv/move_jointx.h
[166.158s] -- Installing: /home/jack/ros2_ws/install/dsr_msgs2/include/dsr_msgs2/dsr_msgs2/srv/get_robot_state.h
[166.159s] -- Installing: /home/jack/ros2_ws/install/dsr_msgs2/include/dsr_msgs2/dsr_msgs2/srv/set_safety_mode.h
[166.159s] -- Installing: /home/jack/ros2_ws/install/dsr_msgs2/include/dsr_msgs2/dsr_msgs2/srv/overwrite_user_cart_coord.h
[166.161s] -- Installing: /home/jack/ros2_ws/install/dsr_msgs2/include/dsr_msgs2/dsr_msgs2/srv/move_periodic.h
[166.162s] -- Installing: /home/jack/ros2_ws/install/dsr_msgs2/include/dsr_msgs2/dsr_msgs2/srv/robotiq2_f_open.h
[166.162s] -- Installing: /home/jack/ros2_ws/install/dsr_msgs2/include/dsr_msgs2/dsr_msgs2/srv/check_orientation_condition2.h
[166.162s] -- Installing: /home/jack/ros2_ws/install/dsr_msgs2/include/dsr_msgs2/dsr_msgs2/srv/config_create_tool.h
[166.163s] -- Installing: /home/jack/ros2_ws/install/dsr_msgs2/include/dsr_msgs2/dsr_msgs2/srv/change_collision_sensitivity.h
[166.163s] -- Installing: /home/jack/ros2_ws/install/dsr_msgs2/include/dsr_msgs2/dsr_msgs2/srv/get_current_pose.h
[166.164s] -- Installing: /home/jack/ros2_ws/install/dsr_msgs2/include/dsr_msgs2/dsr_msgs2/srv/get_current_rotm.h
[166.164s] -- Installing: /home/jack/ros2_ws/install/dsr_msgs2/include/dsr_msgs2/dsr_msgs2/srv/get_ctrl_box_digital_output.h
[166.164s] -- Installing: /home/jack/ros2_ws/install/dsr_msgs2/include/dsr_msgs2/dsr_msgs2/srv/robotiq2_f_move.h
[166.165s] -- Installing: /home/jack/ros2_ws/install/dsr_msgs2/include/dsr_msgs2/dsr_msgs2/srv/servo_off.h
[166.165s] -- Installing: /home/jack/ros2_ws/install/dsr_msgs2/include/dsr_msgs2/dsr_msgs2/srv/calc_coord.h
[166.166s] -- Installing: /home/jack/ros2_ws/install/dsr_msgs2/include/dsr_msgs2/dsr_msgs2/srv/config_create_modbus.h
[166.166s] -- Installing: /home/jack/ros2_ws/install/dsr_msgs2/include/dsr_msgs2/dsr_msgs2/srv/get_solution_space.h
[166.167s] -- Installing: /home/jack/ros2_ws/install/dsr_msgs2/include/dsr_msgs2/dsr_msgs2/srv/drl_stop.h
[166.167s] -- Installing: /home/jack/ros2_ws/install/dsr_msgs2/include/dsr_msgs2/dsr_msgs2/srv/alter_motion.h
[166.167s] -- Installing: /home/jack/ros2_ws/install/dsr_msgs2/include/dsr_msgs2/dsr_msgs2/srv/get_ctrl_box_digital_input.h
[166.168s] -- Installing: /home/jack/ros2_ws/install/dsr_msgs2/include/dsr_msgs2/dsr_msgs2/srv/set_safe_stop_reset_type.h
[166.168s] -- Installing: /home/jack/ros2_ws/install/dsr_msgs2/include/dsr_msgs2/dsr_msgs2/srv/config_delete_tool.h
[166.168s] -- Installing: /home/jack/ros2_ws/install/dsr_msgs2/include/dsr_msgs2/dsr_msgs2/srv/is_done_bolt_tightening.h
[166.169s] -- Installing: /home/jack/ros2_ws/install/dsr_msgs2/include/dsr_msgs2/dsr_msgs2/srv/move_home.h
[166.169s] -- Installing: /home/jack/ros2_ws/install/dsr_msgs2/include/dsr_msgs2/dsr_msgs2/srv/enable_alter_motion.h
[166.169s] -- Installing: /home/jack/ros2_ws/install/dsr_msgs2/include/dsr_msgs2/dsr_msgs2/srv/start_rt_control.h
[166.170s] -- Installing: /home/jack/ros2_ws/install/dsr_msgs2/include/dsr_msgs2/dsr_msgs2/srv/check_position_condition.h
[166.170s] -- Installing: /home/jack/ros2_ws/install/dsr_msgs2/include/dsr_msgs2/dsr_msgs2/srv/align_axis2.h
[166.170s] -- Installing: /home/jack/ros2_ws/install/dsr_msgs2/include/dsr_msgs2/dsr_msgs2/srv/get_rt_control_output_data_list.h
[166.171s] -- Installing: /home/jack/ros2_ws/install/dsr_msgs2/include/dsr_msgs2/dsr_msgs2/srv/set_current_tool.h
[166.171s] -- Installing: /home/jack/ros2_ws/install/dsr_msgs2/include/dsr_msgs2/dsr_msgs2/srv/move_line.h
[166.171s] -- Installing: /home/jack/ros2_ws/install/dsr_msgs2/include/dsr_msgs2/dsr_msgs2/srv/get_control_mode.h
[166.172s] -- Installing: /home/jack/ros2_ws/install/dsr_msgs2/include/dsr_msgs2/dsr_msgs2/srv/parallel_axis1.h
[166.172s] -- Installing: /home/jack/ros2_ws/install/dsr_msgs2/include/dsr_msgs2/dsr_msgs2/srv/get_tool_digital_output.h
[166.173s] -- Installing: /home/jack/ros2_ws/install/dsr_msgs2/include/dsr_msgs2/dsr_msgs2/srv/move_spiral.h
[166.173s] -- Installing: /home/jack/ros2_ws/install/dsr_msgs2/include/dsr_msgs2/dsr_msgs2/srv/set_user_cart_coord2.h
[166.173s] -- Installing: /home/jack/ros2_ws/install/dsr_msgs2/include/dsr_msgs2/dsr_msgs2/srv/move_circle.h
[166.174s] -- Installing: /home/jack/ros2_ws/install/dsr_msgs2/include/dsr_msgs2/dsr_msgs2/srv/get_desired_velj.h
[166.174s] -- Installing: /home/jack/ros2_ws/install/dsr_msgs2/include/dsr_msgs2/dsr_msgs2/srv/check_motion.h
[166.175s] -- Installing: /home/jack/ros2_ws/install/dsr_msgs2/include/dsr_msgs2/dsr_msgs2/srv/move_spline_task.h
[166.175s] -- Installing: /home/jack/ros2_ws/install/dsr_msgs2/include/dsr_msgs2/dsr_msgs2/srv/parallel_axis2.h
[166.175s] -- Installing: /home/jack/ros2_ws/install/dsr_msgs2/include/dsr_msgs2/dsr_msgs2/srv/get_current_posj.h
[166.176s] -- Installing: /home/jack/ros2_ws/install/dsr_msgs2/include/dsr_msgs2/dsr_msgs2/srv/connect_rt_control.h
[166.176s] -- Installing: /home/jack/ros2_ws/install/dsr_msgs2/include/dsr_msgs2/dsr_msgs2/srv/get_current_tcp.h
[166.177s] -- Installing: /home/jack/ros2_ws/install/dsr_msgs2/include/dsr_msgs2/dsr_msgs2/srv/config_delete_tcp.h
[166.177s] -- Installing: /home/jack/ros2_ws/install/dsr_msgs2/include/dsr_msgs2/dsr_msgs2/srv/get_current_solution_space.h
[166.178s] -- Installing: /home/jack/ros2_ws/install/dsr_msgs2/include/dsr_msgs2/dsr_msgs2/srv/stop_rt_control.h
[166.178s] -- Installing: /home/jack/ros2_ws/install/dsr_msgs2/include/dsr_msgs2/dsr_msgs2/srv/drl_start.h
[166.178s] -- Installing: /home/jack/ros2_ws/install/dsr_msgs2/include/dsr_msgs2/dsr_msgs2/srv/read_data_rt.h
[166.179s] -- Installing: /home/jack/ros2_ws/install/dsr_msgs2/include/dsr_msgs2/dsr_msgs2/srv/set_robot_mode.h
[166.179s] -- Installing: /home/jack/ros2_ws/install/dsr_msgs2/include/dsr_msgs2/dsr_msgs2/srv/disconnect_rt_control.h
[166.179s] -- Installing: /home/jack/ros2_ws/install/dsr_msgs2/include/dsr_msgs2/dsr_msgs2/srv/get_control_space.h
[166.180s] -- Installing: /home/jack/ros2_ws/install/dsr_msgs2/include/dsr_msgs2/dsr_msgs2/srv/get_joint_torque.h
[166.181s] -- Installing: /home/jack/ros2_ws/install/dsr_msgs2/include/dsr_msgs2/dsr_msgs2/srv/get_modbus_input.h
[166.181s] -- Installing: /home/jack/ros2_ws/install/dsr_msgs2/include/dsr_msgs2/dsr_msgs2/srv/config_delete_modbus.h
[166.182s] -- Installing: /home/jack/ros2_ws/install/dsr_msgs2/include/dsr_msgs2/dsr_msgs2/srv/check_force_condition.h
[166.183s] -- Installing: /home/jack/ros2_ws/install/dsr_msgs2/include/dsr_msgs2/dsr_msgs2/srv/change_operation_speed.h
[166.183s] -- Installing: /home/jack/ros2_ws/install/dsr_msgs2/include/dsr_msgs2/dsr_msgs2/srv/set_velj_rt.h
[166.185s] -- Installing: /home/jack/ros2_ws/install/dsr_msgs2/include/dsr_msgs2/dsr_msgs2/srv/get_robot_system.h
[166.185s] -- Installing: /home/jack/ros2_ws/install/dsr_msgs2/include/dsr_msgs2/dsr_msgs2/srv/set_robot_control.h
[166.185s] -- Installing: /home/jack/ros2_ws/install/dsr_msgs2/include/dsr_msgs2/dsr_msgs2/srv/trans.h
[166.186s] -- Installing: /home/jack/ros2_ws/install/dsr_msgs2/include/dsr_msgs2/dsr_msgs2/srv/reset_workpiece_weight.h
[166.186s] -- Installing: /home/jack/ros2_ws/install/dsr_msgs2/include/dsr_msgs2/dsr_msgs2/srv/align_axis1.h
[166.187s] -- Installing: /home/jack/ros2_ws/install/dsr_msgs2/include/dsr_msgs2/dsr_msgs2/srv/write_data_rt.h
[166.188s] -- Installing: /home/jack/ros2_ws/install/dsr_msgs2/include/dsr_msgs2/dsr_msgs2/srv/set_rt_control_input.h
[166.188s] -- Installing: /home/jack/ros2_ws/install/dsr_msgs2/include/dsr_msgs2/dsr_msgs2/srv/drl_resume.h
[166.189s] -- Installing: /home/jack/ros2_ws/install/dsr_msgs2/include/dsr_msgs2/dsr_msgs2/srv/set_tool_shape.h
[166.190s] -- Installing: /home/jack/ros2_ws/install/dsr_msgs2/include/dsr_msgs2/dsr_msgs2/srv/release_compliance_ctrl.h
[166.190s] -- Installing: /home/jack/ros2_ws/install/dsr_msgs2/include/dsr_msgs2/dsr_msgs2/srv/get_current_velx.h
[166.191s] -- Installing: /home/jack/ros2_ws/install/dsr_msgs2/include/dsr_msgs2/dsr_msgs2/srv/set_singularity_handling.h
[166.191s] -- Installing: /home/jack/ros2_ws/install/dsr_msgs2/include/dsr_msgs2/dsr_msgs2/msg
[166.191s] -- Installing: /home/jack/ros2_ws/install/dsr_msgs2/include/dsr_msgs2/dsr_msgs2/msg/log_alarm.h
[166.192s] -- Installing: /home/jack/ros2_ws/install/dsr_msgs2/include/dsr_msgs2/dsr_msgs2/msg/detail
[166.192s] -- Installing: /home/jack/ros2_ws/install/dsr_msgs2/include/dsr_msgs2/dsr_msgs2/msg/detail/robot_error__functions.h
[166.192s] -- Installing: /home/jack/ros2_ws/install/dsr_msgs2/include/dsr_msgs2/dsr_msgs2/msg/detail/servol_stream__functions.c
[166.193s] -- Installing: /home/jack/ros2_ws/install/dsr_msgs2/include/dsr_msgs2/dsr_msgs2/msg/detail/speedl_stream__functions.h
[166.193s] -- Installing: /home/jack/ros2_ws/install/dsr_msgs2/include/dsr_msgs2/dsr_msgs2/msg/detail/servol_stream__struct.h
[166.193s] -- Installing: /home/jack/ros2_ws/install/dsr_msgs2/include/dsr_msgs2/dsr_msgs2/msg/detail/robot_state_rt__functions.h
[166.193s] -- Installing: /home/jack/ros2_ws/install/dsr_msgs2/include/dsr_msgs2/dsr_msgs2/msg/detail/robot_state__type_support.h
[166.193s] -- Installing: /home/jack/ros2_ws/install/dsr_msgs2/include/dsr_msgs2/dsr_msgs2/msg/detail/robot_state__functions.h
[166.193s] -- Installing: /home/jack/ros2_ws/install/dsr_msgs2/include/dsr_msgs2/dsr_msgs2/msg/detail/robot_state_rt__type_support.h
[166.193s] -- Installing: /home/jack/ros2_ws/install/dsr_msgs2/include/dsr_msgs2/dsr_msgs2/msg/detail/torque_rt_stream__struct.h
[166.193s] -- Installing: /home/jack/ros2_ws/install/dsr_msgs2/include/dsr_msgs2/dsr_msgs2/msg/detail/alter_motion_stream__functions.h
[166.193s] -- Installing: /home/jack/ros2_ws/install/dsr_msgs2/include/dsr_msgs2/dsr_msgs2/msg/detail/speedj_stream__type_support.h
[166.194s] -- Installing: /home/jack/ros2_ws/install/dsr_msgs2/include/dsr_msgs2/dsr_msgs2/msg/detail/speedj_rt_stream__functions.c
[166.194s] -- Installing: /home/jack/ros2_ws/install/dsr_msgs2/include/dsr_msgs2/dsr_msgs2/msg/detail/jog_multi_axis__functions.h
[166.194s] -- Installing: /home/jack/ros2_ws/install/dsr_msgs2/include/dsr_msgs2/dsr_msgs2/msg/detail/log_alarm__struct.h
[166.195s] -- Installing: /home/jack/ros2_ws/install/dsr_msgs2/include/dsr_msgs2/dsr_msgs2/msg/detail/servol_stream__type_support.h
[166.195s] -- Installing: /home/jack/ros2_ws/install/dsr_msgs2/include/dsr_msgs2/dsr_msgs2/msg/detail/jog_multi_axis__type_support.h
[166.195s] -- Installing: /home/jack/ros2_ws/install/dsr_msgs2/include/dsr_msgs2/dsr_msgs2/msg/detail/speedl_rt_stream__functions.h
[166.195s] -- Installing: /home/jack/ros2_ws/install/dsr_msgs2/include/dsr_msgs2/dsr_msgs2/msg/detail/servoj_stream__functions.c
[166.195s] -- Installing: /home/jack/ros2_ws/install/dsr_msgs2/include/dsr_msgs2/dsr_msgs2/msg/detail/servoj_rt_stream__functions.c
[166.195s] -- Installing: /home/jack/ros2_ws/install/dsr_msgs2/include/dsr_msgs2/dsr_msgs2/msg/detail/speedl_rt_stream__functions.c
[166.196s] -- Installing: /home/jack/ros2_ws/install/dsr_msgs2/include/dsr_msgs2/dsr_msgs2/msg/detail/torque_rt_stream__functions.c
[166.196s] -- Installing: /home/jack/ros2_ws/install/dsr_msgs2/include/dsr_msgs2/dsr_msgs2/msg/detail/modbus_state__functions.h
[166.196s] -- Installing: /home/jack/ros2_ws/install/dsr_msgs2/include/dsr_msgs2/dsr_msgs2/msg/detail/robot_state__functions.c
[166.197s] -- Installing: /home/jack/ros2_ws/install/dsr_msgs2/include/dsr_msgs2/dsr_msgs2/msg/detail/speedl_stream__functions.c
[166.198s] -- Installing: /home/jack/ros2_ws/install/dsr_msgs2/include/dsr_msgs2/dsr_msgs2/msg/detail/speedj_stream__functions.h
[166.198s] -- Installing: /home/jack/ros2_ws/install/dsr_msgs2/include/dsr_msgs2/dsr_msgs2/msg/detail/alter_motion_stream__struct.h
[166.198s] -- Installing: /home/jack/ros2_ws/install/dsr_msgs2/include/dsr_msgs2/dsr_msgs2/msg/detail/robot_stop__type_support.h
[166.198s] -- Installing: /home/jack/ros2_ws/install/dsr_msgs2/include/dsr_msgs2/dsr_msgs2/msg/detail/robot_error__functions.c
[166.199s] -- Installing: /home/jack/ros2_ws/install/dsr_msgs2/include/dsr_msgs2/dsr_msgs2/msg/detail/servol_rt_stream__struct.h
[166.199s] -- Installing: /home/jack/ros2_ws/install/dsr_msgs2/include/dsr_msgs2/dsr_msgs2/msg/detail/alter_motion_stream__functions.c
[166.199s] -- Installing: /home/jack/ros2_ws/install/dsr_msgs2/include/dsr_msgs2/dsr_msgs2/msg/detail/speedj_rt_stream__type_support.h
[166.200s] -- Installing: /home/jack/ros2_ws/install/dsr_msgs2/include/dsr_msgs2/dsr_msgs2/msg/detail/speedl_rt_stream__struct.h
[166.200s] -- Installing: /home/jack/ros2_ws/install/dsr_msgs2/include/dsr_msgs2/dsr_msgs2/msg/detail/robot_stop__functions.c
[166.200s] -- Installing: /home/jack/ros2_ws/install/dsr_msgs2/include/dsr_msgs2/dsr_msgs2/msg/detail/robot_state_rt__struct.h
[166.200s] -- Installing: /home/jack/ros2_ws/install/dsr_msgs2/include/dsr_msgs2/dsr_msgs2/msg/detail/servol_stream__functions.h
[166.200s] -- Installing: /home/jack/ros2_ws/install/dsr_msgs2/include/dsr_msgs2/dsr_msgs2/msg/detail/speedj_rt_stream__functions.h
[166.200s] -- Installing: /home/jack/ros2_ws/install/dsr_msgs2/include/dsr_msgs2/dsr_msgs2/msg/detail/robot_stop__struct.h
[166.201s] -- Installing: /home/jack/ros2_ws/install/dsr_msgs2/include/dsr_msgs2/dsr_msgs2/msg/detail/servol_rt_stream__functions.h
[166.201s] -- Installing: /home/jack/ros2_ws/install/dsr_msgs2/include/dsr_msgs2/dsr_msgs2/msg/detail/servoj_rt_stream__functions.h
[166.201s] -- Installing: /home/jack/ros2_ws/install/dsr_msgs2/include/dsr_msgs2/dsr_msgs2/msg/detail/log_alarm__functions.h
[166.201s] -- Installing: /home/jack/ros2_ws/install/dsr_msgs2/include/dsr_msgs2/dsr_msgs2/msg/detail/robot_error__struct.h
[166.201s] -- Installing: /home/jack/ros2_ws/install/dsr_msgs2/include/dsr_msgs2/dsr_msgs2/msg/detail/servol_rt_stream__type_support.h
[166.201s] -- Installing: /home/jack/ros2_ws/install/dsr_msgs2/include/dsr_msgs2/dsr_msgs2/msg/detail/speedl_stream__struct.h
[166.201s] -- Installing: /home/jack/ros2_ws/install/dsr_msgs2/include/dsr_msgs2/dsr_msgs2/msg/detail/speedl_rt_stream__type_support.h
[166.201s] -- Installing: /home/jack/ros2_ws/install/dsr_msgs2/include/dsr_msgs2/dsr_msgs2/msg/detail/robot_state__struct.h
[166.201s] -- Installing: /home/jack/ros2_ws/install/dsr_msgs2/include/dsr_msgs2/dsr_msgs2/msg/detail/jog_multi_axis__struct.h
[166.202s] -- Installing: /home/jack/ros2_ws/install/dsr_msgs2/include/dsr_msgs2/dsr_msgs2/msg/detail/robot_error__type_support.h
[166.202s] -- Installing: /home/jack/ros2_ws/install/dsr_msgs2/include/dsr_msgs2/dsr_msgs2/msg/detail/robot_state_rt__functions.c
[166.202s] -- Installing: /home/jack/ros2_ws/install/dsr_msgs2/include/dsr_msgs2/dsr_msgs2/msg/detail/servoj_stream__type_support.h
[166.203s] -- Installing: /home/jack/ros2_ws/install/dsr_msgs2/include/dsr_msgs2/dsr_msgs2/msg/detail/servoj_rt_stream__type_support.h
[166.203s] -- Installing: /home/jack/ros2_ws/install/dsr_msgs2/include/dsr_msgs2/dsr_msgs2/msg/detail/torque_rt_stream__type_support.h
[166.203s] -- Installing: /home/jack/ros2_ws/install/dsr_msgs2/include/dsr_msgs2/dsr_msgs2/msg/detail/modbus_state__type_support.h
[166.203s] -- Installing: /home/jack/ros2_ws/install/dsr_msgs2/include/dsr_msgs2/dsr_msgs2/msg/detail/servoj_stream__struct.h
[166.203s] -- Installing: /home/jack/ros2_ws/install/dsr_msgs2/include/dsr_msgs2/dsr_msgs2/msg/detail/servol_rt_stream__functions.c
[166.204s] -- Installing: /home/jack/ros2_ws/install/dsr_msgs2/include/dsr_msgs2/dsr_msgs2/msg/detail/alter_motion_stream__type_support.h
[166.205s] -- Installing: /home/jack/ros2_ws/install/dsr_msgs2/include/dsr_msgs2/dsr_msgs2/msg/detail/modbus_state__functions.c
[166.205s] -- Installing: /home/jack/ros2_ws/install/dsr_msgs2/include/dsr_msgs2/dsr_msgs2/msg/detail/robot_stop__functions.h
[166.205s] -- Installing: /home/jack/ros2_ws/install/dsr_msgs2/include/dsr_msgs2/dsr_msgs2/msg/detail/torque_rt_stream__functions.h
[166.205s] -- Installing: /home/jack/ros2_ws/install/dsr_msgs2/include/dsr_msgs2/dsr_msgs2/msg/detail/modbus_state__struct.h
[166.205s] -- Installing: /home/jack/ros2_ws/install/dsr_msgs2/include/dsr_msgs2/dsr_msgs2/msg/detail/servoj_stream__functions.h
[166.205s] -- Installing: /home/jack/ros2_ws/install/dsr_msgs2/include/dsr_msgs2/dsr_msgs2/msg/detail/log_alarm__type_support.h
[166.205s] -- Installing: /home/jack/ros2_ws/install/dsr_msgs2/include/dsr_msgs2/dsr_msgs2/msg/detail/jog_multi_axis__functions.c
[166.205s] -- Installing: /home/jack/ros2_ws/install/dsr_msgs2/include/dsr_msgs2/dsr_msgs2/msg/detail/servoj_rt_stream__struct.h
[166.205s] -- Installing: /home/jack/ros2_ws/install/dsr_msgs2/include/dsr_msgs2/dsr_msgs2/msg/detail/speedj_stream__functions.c
[166.205s] -- Installing: /home/jack/ros2_ws/install/dsr_msgs2/include/dsr_msgs2/dsr_msgs2/msg/detail/speedj_stream__struct.h
[166.205s] -- Installing: /home/jack/ros2_ws/install/dsr_msgs2/include/dsr_msgs2/dsr_msgs2/msg/detail/log_alarm__functions.c
[166.206s] -- Installing: /home/jack/ros2_ws/install/dsr_msgs2/include/dsr_msgs2/dsr_msgs2/msg/detail/speedl_stream__type_support.h
[166.206s] -- Installing: /home/jack/ros2_ws/install/dsr_msgs2/include/dsr_msgs2/dsr_msgs2/msg/detail/speedj_rt_stream__struct.h
[166.206s] -- Installing: /home/jack/ros2_ws/install/dsr_msgs2/include/dsr_msgs2/dsr_msgs2/msg/servoj_rt_stream.h
[166.207s] -- Installing: /home/jack/ros2_ws/install/dsr_msgs2/include/dsr_msgs2/dsr_msgs2/msg/speedl_stream.h
[166.207s] -- Installing: /home/jack/ros2_ws/install/dsr_msgs2/include/dsr_msgs2/dsr_msgs2/msg/alter_motion_stream.h
[166.207s] -- Installing: /home/jack/ros2_ws/install/dsr_msgs2/include/dsr_msgs2/dsr_msgs2/msg/robot_state.h
[166.208s] -- Installing: /home/jack/ros2_ws/install/dsr_msgs2/include/dsr_msgs2/dsr_msgs2/msg/servoj_stream.h
[166.208s] -- Installing: /home/jack/ros2_ws/install/dsr_msgs2/include/dsr_msgs2/dsr_msgs2/msg/robot_error.h
[166.209s] -- Installing: /home/jack/ros2_ws/install/dsr_msgs2/include/dsr_msgs2/dsr_msgs2/msg/robot_stop.h
[166.209s] -- Installing: /home/jack/ros2_ws/install/dsr_msgs2/include/dsr_msgs2/dsr_msgs2/msg/servol_stream.h
[166.209s] -- Installing: /home/jack/ros2_ws/install/dsr_msgs2/include/dsr_msgs2/dsr_msgs2/msg/servol_rt_stream.h
[166.211s] -- Installing: /home/jack/ros2_ws/install/dsr_msgs2/include/dsr_msgs2/dsr_msgs2/msg/speedl_rt_stream.h
[166.211s] -- Installing: /home/jack/ros2_ws/install/dsr_msgs2/include/dsr_msgs2/dsr_msgs2/msg/speedj_stream.h
[166.211s] -- Installing: /home/jack/ros2_ws/install/dsr_msgs2/include/dsr_msgs2/dsr_msgs2/msg/torque_rt_stream.h
[166.211s] -- Installing: /home/jack/ros2_ws/install/dsr_msgs2/include/dsr_msgs2/dsr_msgs2/msg/speedj_rt_stream.h
[166.212s] -- Installing: /home/jack/ros2_ws/install/dsr_msgs2/include/dsr_msgs2/dsr_msgs2/msg/modbus_state.h
[166.212s] -- Installing: /home/jack/ros2_ws/install/dsr_msgs2/include/dsr_msgs2/dsr_msgs2/msg/jog_multi_axis.h
[166.213s] -- Installing: /home/jack/ros2_ws/install/dsr_msgs2/include/dsr_msgs2/dsr_msgs2/msg/rosidl_generator_c__visibility_control.h
[166.213s] -- Installing: /home/jack/ros2_ws/install/dsr_msgs2/include/dsr_msgs2/dsr_msgs2/msg/robot_state_rt.h
[166.215s] -- Installing: /home/jack/ros2_ws/install/dsr_msgs2/share/dsr_msgs2/environment/library_path.sh
[166.217s] -- Installing: /home/jack/ros2_ws/install/dsr_msgs2/share/dsr_msgs2/environment/library_path.dsv
[166.218s] -- Installing: /home/jack/ros2_ws/install/dsr_msgs2/lib/libdsr_msgs2__rosidl_generator_c.so
[166.223s] -- Set runtime path of "/home/jack/ros2_ws/install/dsr_msgs2/lib/libdsr_msgs2__rosidl_generator_c.so" to ""
[166.223s] -- Up-to-date: /home/jack/ros2_ws/install/dsr_msgs2/include/dsr_msgs2/dsr_msgs2
[166.223s] -- Up-to-date: /home/jack/ros2_ws/install/dsr_msgs2/include/dsr_msgs2/dsr_msgs2/srv
[166.223s] -- Up-to-date: /home/jack/ros2_ws/install/dsr_msgs2/include/dsr_msgs2/dsr_msgs2/srv/detail
[166.224s] -- Installing: /home/jack/ros2_ws/install/dsr_msgs2/include/dsr_msgs2/dsr_msgs2/srv/detail/overwrite_user_cart_coord__rosidl_typesupport_fastrtps_c.h
[166.224s] -- Installing: /home/jack/ros2_ws/install/dsr_msgs2/include/dsr_msgs2/dsr_msgs2/srv/detail/task_compliance_ctrl__rosidl_typesupport_fastrtps_c.h
[166.225s] -- Installing: /home/jack/ros2_ws/install/dsr_msgs2/include/dsr_msgs2/dsr_msgs2/srv/detail/get_desired_posj__rosidl_typesupport_fastrtps_c.h
[166.225s] -- Installing: /home/jack/ros2_ws/install/dsr_msgs2/include/dsr_msgs2/dsr_msgs2/srv/detail/get_rt_control_output_data_list__rosidl_typesupport_fastrtps_c.h
[166.226s] -- Installing: /home/jack/ros2_ws/install/dsr_msgs2/include/dsr_msgs2/dsr_msgs2/srv/detail/get_robot_state__rosidl_typesupport_fastrtps_c.h
[166.226s] -- Installing: /home/jack/ros2_ws/install/dsr_msgs2/include/dsr_msgs2/dsr_msgs2/srv/detail/get_current_solution_space__rosidl_typesupport_fastrtps_c.h
[166.226s] -- Installing: /home/jack/ros2_ws/install/dsr_msgs2/include/dsr_msgs2/dsr_msgs2/srv/detail/get_desired_posx__rosidl_typesupport_fastrtps_c.h
[166.227s] -- Installing: /home/jack/ros2_ws/install/dsr_msgs2/include/dsr_msgs2/dsr_msgs2/srv/detail/config_create_modbus__rosidl_typesupport_fastrtps_c.h
[166.227s] -- Installing: /home/jack/ros2_ws/install/dsr_msgs2/include/dsr_msgs2/dsr_msgs2/srv/detail/parallel_axis1__rosidl_typesupport_fastrtps_c.h
[166.227s] -- Installing: /home/jack/ros2_ws/install/dsr_msgs2/include/dsr_msgs2/dsr_msgs2/srv/detail/disable_alter_motion__rosidl_typesupport_fastrtps_c.h
[166.227s] -- Installing: /home/jack/ros2_ws/install/dsr_msgs2/include/dsr_msgs2/dsr_msgs2/srv/detail/release_compliance_ctrl__rosidl_typesupport_fastrtps_c.h
[166.228s] -- Installing: /home/jack/ros2_ws/install/dsr_msgs2/include/dsr_msgs2/dsr_msgs2/srv/detail/set_modbus_output__rosidl_typesupport_fastrtps_c.h
[166.228s] -- Installing: /home/jack/ros2_ws/install/dsr_msgs2/include/dsr_msgs2/dsr_msgs2/srv/detail/get_current_tool__rosidl_typesupport_fastrtps_c.h
[166.228s] -- Installing: /home/jack/ros2_ws/install/dsr_msgs2/include/dsr_msgs2/dsr_msgs2/srv/detail/get_solution_space__rosidl_typesupport_fastrtps_c.h
[166.229s] -- Installing: /home/jack/ros2_ws/install/dsr_msgs2/include/dsr_msgs2/dsr_msgs2/srv/detail/set_current_tcp__rosidl_typesupport_fastrtps_c.h
[166.229s] -- Installing: /home/jack/ros2_ws/install/dsr_msgs2/include/dsr_msgs2/dsr_msgs2/srv/detail/change_collision_sensitivity__rosidl_typesupport_fastrtps_c.h
[166.229s] -- Installing: /home/jack/ros2_ws/install/dsr_msgs2/include/dsr_msgs2/dsr_msgs2/srv/detail/get_current_velx__rosidl_typesupport_fastrtps_c.h
[166.230s] -- Installing: /home/jack/ros2_ws/install/dsr_msgs2/include/dsr_msgs2/dsr_msgs2/srv/detail/ikin__rosidl_typesupport_fastrtps_c.h
[166.230s] -- Installing: /home/jack/ros2_ws/install/dsr_msgs2/include/dsr_msgs2/dsr_msgs2/srv/detail/set_ctrl_box_analog_output_type__rosidl_typesupport_fastrtps_c.h
[166.231s] -- Installing: /home/jack/ros2_ws/install/dsr_msgs2/include/dsr_msgs2/dsr_msgs2/srv/detail/set_ctrl_box_analog_input_type__rosidl_typesupport_fastrtps_c.h
[166.231s] -- Installing: /home/jack/ros2_ws/install/dsr_msgs2/include/dsr_msgs2/dsr_msgs2/srv/detail/get_orientation_error__rosidl_typesupport_fastrtps_c.h
[166.231s] -- Installing: /home/jack/ros2_ws/install/dsr_msgs2/include/dsr_msgs2/dsr_msgs2/srv/detail/write_data_rt__rosidl_typesupport_fastrtps_c.h
[166.232s] -- Installing: /home/jack/ros2_ws/install/dsr_msgs2/include/dsr_msgs2/dsr_msgs2/srv/detail/set_user_cart_coord1__rosidl_typesupport_fastrtps_c.h
[166.232s] -- Installing: /home/jack/ros2_ws/install/dsr_msgs2/include/dsr_msgs2/dsr_msgs2/srv/detail/align_axis1__rosidl_typesupport_fastrtps_c.h
[166.233s] -- Installing: /home/jack/ros2_ws/install/dsr_msgs2/include/dsr_msgs2/dsr_msgs2/srv/detail/get_current_rotm__rosidl_typesupport_fastrtps_c.h
[166.233s] -- Installing: /home/jack/ros2_ws/install/dsr_msgs2/include/dsr_msgs2/dsr_msgs2/srv/detail/check_force_condition__rosidl_typesupport_fastrtps_c.h
[166.233s] -- Installing: /home/jack/ros2_ws/install/dsr_msgs2/include/dsr_msgs2/dsr_msgs2/srv/detail/move_resume__rosidl_typesupport_fastrtps_c.h
[166.234s] -- Installing: /home/jack/ros2_ws/install/dsr_msgs2/include/dsr_msgs2/dsr_msgs2/srv/detail/read_data_rt__rosidl_typesupport_fastrtps_c.h
[166.237s] -- Installing: /home/jack/ros2_ws/install/dsr_msgs2/include/dsr_msgs2/dsr_msgs2/srv/detail/get_ctrl_box_digital_input__rosidl_typesupport_fastrtps_c.h
[166.238s] -- Installing: /home/jack/ros2_ws/install/dsr_msgs2/include/dsr_msgs2/dsr_msgs2/srv/detail/disconnect_rt_control__rosidl_typesupport_fastrtps_c.h
[166.238s] -- Installing: /home/jack/ros2_ws/install/dsr_msgs2/include/dsr_msgs2/dsr_msgs2/srv/detail/trans__rosidl_typesupport_fastrtps_c.h
[166.238s] -- Installing: /home/jack/ros2_ws/install/dsr_msgs2/include/dsr_msgs2/dsr_msgs2/srv/detail/set_safe_stop_reset_type__rosidl_typesupport_fastrtps_c.h
[166.239s] -- Installing: /home/jack/ros2_ws/install/dsr_msgs2/include/dsr_msgs2/dsr_msgs2/srv/detail/check_position_condition__rosidl_typesupport_fastrtps_c.h
[166.239s] -- Installing: /home/jack/ros2_ws/install/dsr_msgs2/include/dsr_msgs2/dsr_msgs2/srv/detail/fkin__rosidl_typesupport_fastrtps_c.h
[166.239s] -- Installing: /home/jack/ros2_ws/install/dsr_msgs2/include/dsr_msgs2/dsr_msgs2/srv/detail/set_tool_shape__rosidl_typesupport_fastrtps_c.h
[166.240s] -- Installing: /home/jack/ros2_ws/install/dsr_msgs2/include/dsr_msgs2/dsr_msgs2/srv/detail/set_rt_control_input__rosidl_typesupport_fastrtps_c.h
[166.240s] -- Installing: /home/jack/ros2_ws/install/dsr_msgs2/include/dsr_msgs2/dsr_msgs2/srv/detail/set_user_cart_coord2__rosidl_typesupport_fastrtps_c.h
[166.240s] -- Installing: /home/jack/ros2_ws/install/dsr_msgs2/include/dsr_msgs2/dsr_msgs2/srv/detail/robotiq2_f_close__rosidl_typesupport_fastrtps_c.h
[166.241s] -- Installing: /home/jack/ros2_ws/install/dsr_msgs2/include/dsr_msgs2/dsr_msgs2/srv/detail/get_current_tcp__rosidl_typesupport_fastrtps_c.h
[166.241s] -- Installing: /home/jack/ros2_ws/install/dsr_msgs2/include/dsr_msgs2/dsr_msgs2/srv/detail/move_spline_joint__rosidl_typesupport_fastrtps_c.h
[166.241s] -- Installing: /home/jack/ros2_ws/install/dsr_msgs2/include/dsr_msgs2/dsr_msgs2/srv/detail/move_blending__rosidl_typesupport_fastrtps_c.h
[166.242s] -- Installing: /home/jack/ros2_ws/install/dsr_msgs2/include/dsr_msgs2/dsr_msgs2/srv/detail/get_user_cart_coord__rosidl_typesupport_fastrtps_c.h
[166.242s] -- Installing: /home/jack/ros2_ws/install/dsr_msgs2/include/dsr_msgs2/dsr_msgs2/srv/detail/config_create_tool__rosidl_typesupport_fastrtps_c.h
[166.243s] -- Installing: /home/jack/ros2_ws/install/dsr_msgs2/include/dsr_msgs2/dsr_msgs2/srv/detail/move_joint__rosidl_typesupport_fastrtps_c.h
[166.243s] -- Installing: /home/jack/ros2_ws/install/dsr_msgs2/include/dsr_msgs2/dsr_msgs2/srv/detail/drl_stop__rosidl_typesupport_fastrtps_c.h
[166.243s] -- Installing: /home/jack/ros2_ws/install/dsr_msgs2/include/dsr_msgs2/dsr_msgs2/srv/detail/set_safety_mode__rosidl_typesupport_fastrtps_c.h
[166.244s] -- Installing: /home/jack/ros2_ws/install/dsr_msgs2/include/dsr_msgs2/dsr_msgs2/srv/detail/servo_off__rosidl_typesupport_fastrtps_c.h
[166.244s] -- Installing: /home/jack/ros2_ws/install/dsr_msgs2/include/dsr_msgs2/dsr_msgs2/srv/detail/move_wait__rosidl_typesupport_fastrtps_c.h
[166.244s] -- Installing: /home/jack/ros2_ws/install/dsr_msgs2/include/dsr_msgs2/dsr_msgs2/srv/detail/move_spline_task__rosidl_typesupport_fastrtps_c.h
[166.245s] -- Installing: /home/jack/ros2_ws/install/dsr_msgs2/include/dsr_msgs2/dsr_msgs2/srv/detail/connect_rt_control__rosidl_typesupport_fastrtps_c.h
[166.245s] -- Installing: /home/jack/ros2_ws/install/dsr_msgs2/include/dsr_msgs2/dsr_msgs2/srv/detail/align_axis2__rosidl_typesupport_fastrtps_c.h
[166.245s] -- Installing: /home/jack/ros2_ws/install/dsr_msgs2/include/dsr_msgs2/dsr_msgs2/srv/detail/set_ctrl_box_analog_output__rosidl_typesupport_fastrtps_c.h
[166.246s] -- Installing: /home/jack/ros2_ws/install/dsr_msgs2/include/dsr_msgs2/dsr_msgs2/srv/detail/get_current_posx__rosidl_typesupport_fastrtps_c.h
[166.246s] -- Installing: /home/jack/ros2_ws/install/dsr_msgs2/include/dsr_msgs2/dsr_msgs2/srv/detail/move_home__rosidl_typesupport_fastrtps_c.h
[166.247s] -- Installing: /home/jack/ros2_ws/install/dsr_msgs2/include/dsr_msgs2/dsr_msgs2/srv/detail/get_ctrl_box_analog_input__rosidl_typesupport_fastrtps_c.h
[166.247s] -- Installing: /home/jack/ros2_ws/install/dsr_msgs2/include/dsr_msgs2/dsr_msgs2/srv/detail/get_last_alarm__rosidl_typesupport_fastrtps_c.h
[166.247s] -- Installing: /home/jack/ros2_ws/install/dsr_msgs2/include/dsr_msgs2/dsr_msgs2/srv/detail/get_current_tool_flange_posx__rosidl_typesupport_fastrtps_c.h
[166.248s] -- Installing: /home/jack/ros2_ws/install/dsr_msgs2/include/dsr_msgs2/dsr_msgs2/srv/detail/robotiq2_f_move__rosidl_typesupport_fastrtps_c.h
[166.248s] -- Installing: /home/jack/ros2_ws/install/dsr_msgs2/include/dsr_msgs2/dsr_msgs2/srv/detail/set_rt_control_output__rosidl_typesupport_fastrtps_c.h
[166.248s] -- Installing: /home/jack/ros2_ws/install/dsr_msgs2/include/dsr_msgs2/dsr_msgs2/srv/detail/calc_coord__rosidl_typesupport_fastrtps_c.h
[166.249s] -- Installing: /home/jack/ros2_ws/install/dsr_msgs2/include/dsr_msgs2/dsr_msgs2/srv/detail/set_desired_force__rosidl_typesupport_fastrtps_c.h
[166.250s] -- Installing: /home/jack/ros2_ws/install/dsr_msgs2/include/dsr_msgs2/dsr_msgs2/srv/detail/set_accx_rt__rosidl_typesupport_fastrtps_c.h
[166.250s] -- Installing: /home/jack/ros2_ws/install/dsr_msgs2/include/dsr_msgs2/dsr_msgs2/srv/detail/move_line__rosidl_typesupport_fastrtps_c.h
[166.250s] -- Installing: /home/jack/ros2_ws/install/dsr_msgs2/include/dsr_msgs2/dsr_msgs2/srv/detail/set_ref_coord__rosidl_typesupport_fastrtps_c.h
[166.251s] -- Installing: /home/jack/ros2_ws/install/dsr_msgs2/include/dsr_msgs2/dsr_msgs2/srv/detail/drl_start__rosidl_typesupport_fastrtps_c.h
[166.251s] -- Installing: /home/jack/ros2_ws/install/dsr_msgs2/include/dsr_msgs2/dsr_msgs2/srv/detail/set_stiffnessx__rosidl_typesupport_fastrtps_c.h
[166.251s] -- Installing: /home/jack/ros2_ws/install/dsr_msgs2/include/dsr_msgs2/dsr_msgs2/srv/detail/check_orientation_condition2__rosidl_typesupport_fastrtps_c.h
[166.252s] -- Installing: /home/jack/ros2_ws/install/dsr_msgs2/include/dsr_msgs2/dsr_msgs2/srv/detail/set_velx_rt__rosidl_typesupport_fastrtps_c.h
[166.252s] -- Installing: /home/jack/ros2_ws/install/dsr_msgs2/include/dsr_msgs2/dsr_msgs2/srv/detail/get_robot_system__rosidl_typesupport_fastrtps_c.h
[166.252s] -- Installing: /home/jack/ros2_ws/install/dsr_msgs2/include/dsr_msgs2/dsr_msgs2/srv/detail/start_rt_control__rosidl_typesupport_fastrtps_c.h
[166.253s] -- Installing: /home/jack/ros2_ws/install/dsr_msgs2/include/dsr_msgs2/dsr_msgs2/srv/detail/stop_rt_control__rosidl_typesupport_fastrtps_c.h
[166.253s] -- Installing: /home/jack/ros2_ws/install/dsr_msgs2/include/dsr_msgs2/dsr_msgs2/srv/detail/get_robot_mode__rosidl_typesupport_fastrtps_c.h
[166.253s] -- Installing: /home/jack/ros2_ws/install/dsr_msgs2/include/dsr_msgs2/dsr_msgs2/srv/detail/config_delete_modbus__rosidl_typesupport_fastrtps_c.h
[166.254s] -- Installing: /home/jack/ros2_ws/install/dsr_msgs2/include/dsr_msgs2/dsr_msgs2/srv/detail/config_delete_tool__rosidl_typesupport_fastrtps_c.h
[166.254s] -- Installing: /home/jack/ros2_ws/install/dsr_msgs2/include/dsr_msgs2/dsr_msgs2/srv/detail/check_motion__rosidl_typesupport_fastrtps_c.h
[166.254s] -- Installing: /home/jack/ros2_ws/install/dsr_msgs2/include/dsr_msgs2/dsr_msgs2/srv/detail/alter_motion__rosidl_typesupport_fastrtps_c.h
[166.255s] -- Installing: /home/jack/ros2_ws/install/dsr_msgs2/include/dsr_msgs2/dsr_msgs2/srv/detail/get_rt_control_input_version_list__rosidl_typesupport_fastrtps_c.h
[166.255s] -- Installing: /home/jack/ros2_ws/install/dsr_msgs2/include/dsr_msgs2/dsr_msgs2/srv/detail/move_periodic__rosidl_typesupport_fastrtps_c.h
[166.256s] -- Installing: /home/jack/ros2_ws/install/dsr_msgs2/include/dsr_msgs2/dsr_msgs2/srv/detail/get_tool_digital_output__rosidl_typesupport_fastrtps_c.h
[166.256s] -- Installing: /home/jack/ros2_ws/install/dsr_msgs2/include/dsr_msgs2/dsr_msgs2/srv/detail/get_ctrl_box_digital_output__rosidl_typesupport_fastrtps_c.h
[166.256s] -- Installing: /home/jack/ros2_ws/install/dsr_msgs2/include/dsr_msgs2/dsr_msgs2/srv/detail/config_delete_tcp__rosidl_typesupport_fastrtps_c.h
[166.257s] -- Installing: /home/jack/ros2_ws/install/dsr_msgs2/include/dsr_msgs2/dsr_msgs2/srv/detail/get_control_space__rosidl_typesupport_fastrtps_c.h
[166.257s] -- Installing: /home/jack/ros2_ws/install/dsr_msgs2/include/dsr_msgs2/dsr_msgs2/srv/detail/get_tool_force__rosidl_typesupport_fastrtps_c.h
[166.261s] -- Installing: /home/jack/ros2_ws/install/dsr_msgs2/include/dsr_msgs2/dsr_msgs2/srv/detail/jog__rosidl_typesupport_fastrtps_c.h
[166.261s] -- Installing: /home/jack/ros2_ws/install/dsr_msgs2/include/dsr_msgs2/dsr_msgs2/srv/detail/get_current_pose__rosidl_typesupport_fastrtps_c.h
[166.261s] -- Installing: /home/jack/ros2_ws/install/dsr_msgs2/include/dsr_msgs2/dsr_msgs2/srv/detail/release_force__rosidl_typesupport_fastrtps_c.h
[166.262s] -- Installing: /home/jack/ros2_ws/install/dsr_msgs2/include/dsr_msgs2/dsr_msgs2/srv/detail/get_joint_torque__rosidl_typesupport_fastrtps_c.h
[166.262s] -- Installing: /home/jack/ros2_ws/install/dsr_msgs2/include/dsr_msgs2/dsr_msgs2/srv/detail/set_tool_digital_output__rosidl_typesupport_fastrtps_c.h
[166.263s] -- Installing: /home/jack/ros2_ws/install/dsr_msgs2/include/dsr_msgs2/dsr_msgs2/srv/detail/get_rt_control_input_data_list__rosidl_typesupport_fastrtps_c.h
[166.263s] -- Installing: /home/jack/ros2_ws/install/dsr_msgs2/include/dsr_msgs2/dsr_msgs2/srv/detail/get_modbus_input__rosidl_typesupport_fastrtps_c.h
[166.263s] -- Installing: /home/jack/ros2_ws/install/dsr_msgs2/include/dsr_msgs2/dsr_msgs2/srv/detail/move_pause__rosidl_typesupport_fastrtps_c.h
[166.263s] -- Installing: /home/jack/ros2_ws/install/dsr_msgs2/include/dsr_msgs2/dsr_msgs2/srv/detail/set_robot_system__rosidl_typesupport_fastrtps_c.h
[166.264s] -- Installing: /home/jack/ros2_ws/install/dsr_msgs2/include/dsr_msgs2/dsr_msgs2/srv/detail/check_orientation_condition1__rosidl_typesupport_fastrtps_c.h
[166.264s] -- Installing: /home/jack/ros2_ws/install/dsr_msgs2/include/dsr_msgs2/dsr_msgs2/srv/detail/move_jointx__rosidl_typesupport_fastrtps_c.h
[166.265s] -- Installing: /home/jack/ros2_ws/install/dsr_msgs2/include/dsr_msgs2/dsr_msgs2/srv/detail/move_stop__rosidl_typesupport_fastrtps_c.h
[166.265s] -- Installing: /home/jack/ros2_ws/install/dsr_msgs2/include/dsr_msgs2/dsr_msgs2/srv/detail/jog_multi__rosidl_typesupport_fastrtps_c.h
[166.265s] -- Installing: /home/jack/ros2_ws/install/dsr_msgs2/include/dsr_msgs2/dsr_msgs2/srv/detail/set_user_cart_coord3__rosidl_typesupport_fastrtps_c.h
[166.265s] -- Installing: /home/jack/ros2_ws/install/dsr_msgs2/include/dsr_msgs2/dsr_msgs2/srv/detail/parallel_axis2__rosidl_typesupport_fastrtps_c.h
[166.266s] -- Installing: /home/jack/ros2_ws/install/dsr_msgs2/include/dsr_msgs2/dsr_msgs2/srv/detail/get_tool_digital_input__rosidl_typesupport_fastrtps_c.h
[166.266s] -- Installing: /home/jack/ros2_ws/install/dsr_msgs2/include/dsr_msgs2/dsr_msgs2/srv/detail/move_circle__rosidl_typesupport_fastrtps_c.h
[166.266s] -- Installing: /home/jack/ros2_ws/install/dsr_msgs2/include/dsr_msgs2/dsr_msgs2/srv/detail/set_velj_rt__rosidl_typesupport_fastrtps_c.h
[166.267s] -- Installing: /home/jack/ros2_ws/install/dsr_msgs2/include/dsr_msgs2/dsr_msgs2/srv/detail/enable_alter_motion__rosidl_typesupport_fastrtps_c.h
[166.267s] -- Installing: /home/jack/ros2_ws/install/dsr_msgs2/include/dsr_msgs2/dsr_msgs2/srv/detail/get_current_velj__rosidl_typesupport_fastrtps_c.h
[166.267s] -- Installing: /home/jack/ros2_ws/install/dsr_msgs2/include/dsr_msgs2/dsr_msgs2/srv/detail/get_external_torque__rosidl_typesupport_fastrtps_c.h
[166.267s] -- Installing: /home/jack/ros2_ws/install/dsr_msgs2/include/dsr_msgs2/dsr_msgs2/srv/detail/set_robot_mode__rosidl_typesupport_fastrtps_c.h
[166.268s] -- Installing: /home/jack/ros2_ws/install/dsr_msgs2/include/dsr_msgs2/dsr_msgs2/srv/detail/get_current_posj__rosidl_typesupport_fastrtps_c.h
[166.268s] -- Installing: /home/jack/ros2_ws/install/dsr_msgs2/include/dsr_msgs2/dsr_msgs2/srv/detail/get_desired_velj__rosidl_typesupport_fastrtps_c.h
[166.268s] -- Installing: /home/jack/ros2_ws/install/dsr_msgs2/include/dsr_msgs2/dsr_msgs2/srv/detail/set_robot_control__rosidl_typesupport_fastrtps_c.h
[166.269s] -- Installing: /home/jack/ros2_ws/install/dsr_msgs2/include/dsr_msgs2/dsr_msgs2/srv/detail/set_singularity_handling__rosidl_typesupport_fastrtps_c.h
[166.269s] -- Installing: /home/jack/ros2_ws/install/dsr_msgs2/include/dsr_msgs2/dsr_msgs2/srv/detail/get_control_mode__rosidl_typesupport_fastrtps_c.h
[166.269s] -- Installing: /home/jack/ros2_ws/install/dsr_msgs2/include/dsr_msgs2/dsr_msgs2/srv/detail/serial_send_data__rosidl_typesupport_fastrtps_c.h
[166.269s] -- Installing: /home/jack/ros2_ws/install/dsr_msgs2/include/dsr_msgs2/dsr_msgs2/srv/detail/drl_resume__rosidl_typesupport_fastrtps_c.h
[166.270s] -- Installing: /home/jack/ros2_ws/install/dsr_msgs2/include/dsr_msgs2/dsr_msgs2/srv/detail/config_create_tcp__rosidl_typesupport_fastrtps_c.h
[166.270s] -- Installing: /home/jack/ros2_ws/install/dsr_msgs2/include/dsr_msgs2/dsr_msgs2/srv/detail/coord_transform__rosidl_typesupport_fastrtps_c.h
[166.270s] -- Installing: /home/jack/ros2_ws/install/dsr_msgs2/include/dsr_msgs2/dsr_msgs2/srv/detail/drl_pause__rosidl_typesupport_fastrtps_c.h
[166.270s] -- Installing: /home/jack/ros2_ws/install/dsr_msgs2/include/dsr_msgs2/dsr_msgs2/srv/detail/move_spiral__rosidl_typesupport_fastrtps_c.h
[166.271s] -- Installing: /home/jack/ros2_ws/install/dsr_msgs2/include/dsr_msgs2/dsr_msgs2/srv/detail/get_robot_speed_mode__rosidl_typesupport_fastrtps_c.h
[166.271s] -- Installing: /home/jack/ros2_ws/install/dsr_msgs2/include/dsr_msgs2/dsr_msgs2/srv/detail/is_done_bolt_tightening__rosidl_typesupport_fastrtps_c.h
[166.271s] -- Installing: /home/jack/ros2_ws/install/dsr_msgs2/include/dsr_msgs2/dsr_msgs2/srv/detail/get_workpiece_weight__rosidl_typesupport_fastrtps_c.h
[166.272s] -- Installing: /home/jack/ros2_ws/install/dsr_msgs2/include/dsr_msgs2/dsr_msgs2/srv/detail/get_rt_control_output_version_list__rosidl_typesupport_fastrtps_c.h
[166.272s] -- Installing: /home/jack/ros2_ws/install/dsr_msgs2/include/dsr_msgs2/dsr_msgs2/srv/detail/change_operation_speed__rosidl_typesupport_fastrtps_c.h
[166.272s] -- Installing: /home/jack/ros2_ws/install/dsr_msgs2/include/dsr_msgs2/dsr_msgs2/srv/detail/get_desired_velx__rosidl_typesupport_fastrtps_c.h
[166.272s] -- Installing: /home/jack/ros2_ws/install/dsr_msgs2/include/dsr_msgs2/dsr_msgs2/srv/detail/set_ctrl_box_digital_output__rosidl_typesupport_fastrtps_c.h
[166.273s] -- Installing: /home/jack/ros2_ws/install/dsr_msgs2/include/dsr_msgs2/dsr_msgs2/srv/detail/set_accj_rt__rosidl_typesupport_fastrtps_c.h
[166.273s] -- Installing: /home/jack/ros2_ws/install/dsr_msgs2/include/dsr_msgs2/dsr_msgs2/srv/detail/set_current_tool__rosidl_typesupport_fastrtps_c.h
[166.273s] -- Installing: /home/jack/ros2_ws/install/dsr_msgs2/include/dsr_msgs2/dsr_msgs2/srv/detail/set_robot_speed_mode__rosidl_typesupport_fastrtps_c.h
[166.274s] -- Installing: /home/jack/ros2_ws/install/dsr_msgs2/include/dsr_msgs2/dsr_msgs2/srv/detail/robotiq2_f_open__rosidl_typesupport_fastrtps_c.h
[166.274s] -- Installing: /home/jack/ros2_ws/install/dsr_msgs2/include/dsr_msgs2/dsr_msgs2/srv/detail/get_drl_state__rosidl_typesupport_fastrtps_c.h
[166.274s] -- Installing: /home/jack/ros2_ws/install/dsr_msgs2/include/dsr_msgs2/dsr_msgs2/srv/detail/reset_workpiece_weight__rosidl_typesupport_fastrtps_c.h
[166.275s] -- Up-to-date: /home/jack/ros2_ws/install/dsr_msgs2/include/dsr_msgs2/dsr_msgs2/msg
[166.275s] -- Up-to-date: /home/jack/ros2_ws/install/dsr_msgs2/include/dsr_msgs2/dsr_msgs2/msg/detail
[166.275s] -- Installing: /home/jack/ros2_ws/install/dsr_msgs2/include/dsr_msgs2/dsr_msgs2/msg/detail/speedl_stream__rosidl_typesupport_fastrtps_c.h
[166.275s] -- Installing: /home/jack/ros2_ws/install/dsr_msgs2/include/dsr_msgs2/dsr_msgs2/msg/detail/robot_state__rosidl_typesupport_fastrtps_c.h
[166.275s] -- Installing: /home/jack/ros2_ws/install/dsr_msgs2/include/dsr_msgs2/dsr_msgs2/msg/detail/speedl_rt_stream__rosidl_typesupport_fastrtps_c.h
[166.276s] -- Installing: /home/jack/ros2_ws/install/dsr_msgs2/include/dsr_msgs2/dsr_msgs2/msg/detail/robot_error__rosidl_typesupport_fastrtps_c.h
[166.276s] -- Installing: /home/jack/ros2_ws/install/dsr_msgs2/include/dsr_msgs2/dsr_msgs2/msg/detail/torque_rt_stream__rosidl_typesupport_fastrtps_c.h
[166.276s] -- Installing: /home/jack/ros2_ws/install/dsr_msgs2/include/dsr_msgs2/dsr_msgs2/msg/detail/modbus_state__rosidl_typesupport_fastrtps_c.h
[166.276s] -- Installing: /home/jack/ros2_ws/install/dsr_msgs2/include/dsr_msgs2/dsr_msgs2/msg/detail/speedj_rt_stream__rosidl_typesupport_fastrtps_c.h
[166.277s] -- Installing: /home/jack/ros2_ws/install/dsr_msgs2/include/dsr_msgs2/dsr_msgs2/msg/detail/robot_stop__rosidl_typesupport_fastrtps_c.h
[166.277s] -- Installing: /home/jack/ros2_ws/install/dsr_msgs2/include/dsr_msgs2/dsr_msgs2/msg/detail/log_alarm__rosidl_typesupport_fastrtps_c.h
[166.277s] -- Installing: /home/jack/ros2_ws/install/dsr_msgs2/include/dsr_msgs2/dsr_msgs2/msg/detail/jog_multi_axis__rosidl_typesupport_fastrtps_c.h
[166.278s] -- Installing: /home/jack/ros2_ws/install/dsr_msgs2/include/dsr_msgs2/dsr_msgs2/msg/detail/alter_motion_stream__rosidl_typesupport_fastrtps_c.h
[166.278s] -- Installing: /home/jack/ros2_ws/install/dsr_msgs2/include/dsr_msgs2/dsr_msgs2/msg/detail/servol_stream__rosidl_typesupport_fastrtps_c.h
[166.278s] -- Installing: /home/jack/ros2_ws/install/dsr_msgs2/include/dsr_msgs2/dsr_msgs2/msg/detail/servoj_rt_stream__rosidl_typesupport_fastrtps_c.h
[166.279s] -- Installing: /home/jack/ros2_ws/install/dsr_msgs2/include/dsr_msgs2/dsr_msgs2/msg/detail/robot_state_rt__rosidl_typesupport_fastrtps_c.h
[166.279s] -- Installing: /home/jack/ros2_ws/install/dsr_msgs2/include/dsr_msgs2/dsr_msgs2/msg/detail/servoj_stream__rosidl_typesupport_fastrtps_c.h
[166.279s] -- Installing: /home/jack/ros2_ws/install/dsr_msgs2/include/dsr_msgs2/dsr_msgs2/msg/detail/speedj_stream__rosidl_typesupport_fastrtps_c.h
[166.280s] -- Installing: /home/jack/ros2_ws/install/dsr_msgs2/include/dsr_msgs2/dsr_msgs2/msg/detail/servol_rt_stream__rosidl_typesupport_fastrtps_c.h
[166.281s] -- Installing: /home/jack/ros2_ws/install/dsr_msgs2/include/dsr_msgs2/dsr_msgs2/msg/rosidl_typesupport_fastrtps_c__visibility_control.h
[166.281s] -- Installing: /home/jack/ros2_ws/install/dsr_msgs2/lib/libdsr_msgs2__rosidl_typesupport_fastrtps_c.so
[166.284s] -- Set runtime path of "/home/jack/ros2_ws/install/dsr_msgs2/lib/libdsr_msgs2__rosidl_typesupport_fastrtps_c.so" to ""
[166.284s] -- Up-to-date: /home/jack/ros2_ws/install/dsr_msgs2/include/dsr_msgs2/dsr_msgs2
[166.285s] -- Up-to-date: /home/jack/ros2_ws/install/dsr_msgs2/include/dsr_msgs2/dsr_msgs2/srv
[166.285s] -- Installing: /home/jack/ros2_ws/install/dsr_msgs2/include/dsr_msgs2/dsr_msgs2/srv/set_user_cart_coord3.hpp
[166.285s] -- Up-to-date: /home/jack/ros2_ws/install/dsr_msgs2/include/dsr_msgs2/dsr_msgs2/srv/detail
[166.286s] -- Installing: /home/jack/ros2_ws/install/dsr_msgs2/include/dsr_msgs2/dsr_msgs2/srv/detail/reset_workpiece_weight__type_support.hpp
[166.286s] -- Installing: /home/jack/ros2_ws/install/dsr_msgs2/include/dsr_msgs2/dsr_msgs2/srv/detail/move_jointx__type_support.hpp
[166.286s] -- Installing: /home/jack/ros2_ws/install/dsr_msgs2/include/dsr_msgs2/dsr_msgs2/srv/detail/get_rt_control_output_version_list__traits.hpp
[166.287s] -- Installing: /home/jack/ros2_ws/install/dsr_msgs2/include/dsr_msgs2/dsr_msgs2/srv/detail/config_delete_modbus__traits.hpp
[166.287s] -- Installing: /home/jack/ros2_ws/install/dsr_msgs2/include/dsr_msgs2/dsr_msgs2/srv/detail/get_current_rotm__type_support.hpp
[166.287s] -- Installing: /home/jack/ros2_ws/install/dsr_msgs2/include/dsr_msgs2/dsr_msgs2/srv/detail/get_robot_state__type_support.hpp
[166.288s] -- Installing: /home/jack/ros2_ws/install/dsr_msgs2/include/dsr_msgs2/dsr_msgs2/srv/detail/get_workpiece_weight__type_support.hpp
[166.288s] -- Installing: /home/jack/ros2_ws/install/dsr_msgs2/include/dsr_msgs2/dsr_msgs2/srv/detail/robotiq2_f_move__builder.hpp
[166.288s] -- Installing: /home/jack/ros2_ws/install/dsr_msgs2/include/dsr_msgs2/dsr_msgs2/srv/detail/set_stiffnessx__struct.hpp
[166.289s] -- Installing: /home/jack/ros2_ws/install/dsr_msgs2/include/dsr_msgs2/dsr_msgs2/srv/detail/get_current_tool__traits.hpp
[166.289s] -- Installing: /home/jack/ros2_ws/install/dsr_msgs2/include/dsr_msgs2/dsr_msgs2/srv/detail/check_orientation_condition1__traits.hpp
[166.289s] -- Installing: /home/jack/ros2_ws/install/dsr_msgs2/include/dsr_msgs2/dsr_msgs2/srv/detail/jog__traits.hpp
[166.290s] -- Installing: /home/jack/ros2_ws/install/dsr_msgs2/include/dsr_msgs2/dsr_msgs2/srv/detail/get_current_posx__type_support.hpp
[166.290s] -- Installing: /home/jack/ros2_ws/install/dsr_msgs2/include/dsr_msgs2/dsr_msgs2/srv/detail/get_rt_control_input_version_list__builder.hpp
[166.290s] -- Installing: /home/jack/ros2_ws/install/dsr_msgs2/include/dsr_msgs2/dsr_msgs2/srv/detail/move_wait__type_support.hpp
[166.291s] -- Installing: /home/jack/ros2_ws/install/dsr_msgs2/include/dsr_msgs2/dsr_msgs2/srv/detail/get_drl_state__builder.hpp
[166.291s] -- Installing: /home/jack/ros2_ws/install/dsr_msgs2/include/dsr_msgs2/dsr_msgs2/srv/detail/read_data_rt__struct.hpp
[166.291s] -- Installing: /home/jack/ros2_ws/install/dsr_msgs2/include/dsr_msgs2/dsr_msgs2/srv/detail/set_accx_rt__struct.hpp
[166.292s] -- Installing: /home/jack/ros2_ws/install/dsr_msgs2/include/dsr_msgs2/dsr_msgs2/srv/detail/get_current_posj__traits.hpp
[166.292s] -- Installing: /home/jack/ros2_ws/install/dsr_msgs2/include/dsr_msgs2/dsr_msgs2/srv/detail/get_ctrl_box_digital_input__traits.hpp
[166.292s] -- Installing: /home/jack/ros2_ws/install/dsr_msgs2/include/dsr_msgs2/dsr_msgs2/srv/detail/get_desired_posj__struct.hpp
[166.293s] -- Installing: /home/jack/ros2_ws/install/dsr_msgs2/include/dsr_msgs2/dsr_msgs2/srv/detail/check_force_condition__builder.hpp
[166.293s] -- Installing: /home/jack/ros2_ws/install/dsr_msgs2/include/dsr_msgs2/dsr_msgs2/srv/detail/get_tool_digital_input__traits.hpp
[166.293s] -- Installing: /home/jack/ros2_ws/install/dsr_msgs2/include/dsr_msgs2/dsr_msgs2/srv/detail/get_ctrl_box_digital_output__struct.hpp
[166.294s] -- Installing: /home/jack/ros2_ws/install/dsr_msgs2/include/dsr_msgs2/dsr_msgs2/srv/detail/robotiq2_f_move__traits.hpp
[166.294s] -- Installing: /home/jack/ros2_ws/install/dsr_msgs2/include/dsr_msgs2/dsr_msgs2/srv/detail/check_position_condition__traits.hpp
[166.294s] -- Installing: /home/jack/ros2_ws/install/dsr_msgs2/include/dsr_msgs2/dsr_msgs2/srv/detail/get_ctrl_box_digital_input__type_support.hpp
[166.295s] -- Installing: /home/jack/ros2_ws/install/dsr_msgs2/include/dsr_msgs2/dsr_msgs2/srv/detail/move_blending__traits.hpp
[166.295s] -- Installing: /home/jack/ros2_ws/install/dsr_msgs2/include/dsr_msgs2/dsr_msgs2/srv/detail/disconnect_rt_control__struct.hpp
[166.295s] -- Installing: /home/jack/ros2_ws/install/dsr_msgs2/include/dsr_msgs2/dsr_msgs2/srv/detail/set_tool_shape__struct.hpp
[166.296s] -- Installing: /home/jack/ros2_ws/install/dsr_msgs2/include/dsr_msgs2/dsr_msgs2/srv/detail/fkin__builder.hpp
[166.296s] -- Installing: /home/jack/ros2_ws/install/dsr_msgs2/include/dsr_msgs2/dsr_msgs2/srv/detail/change_operation_speed__builder.hpp
[166.296s] -- Installing: /home/jack/ros2_ws/install/dsr_msgs2/include/dsr_msgs2/dsr_msgs2/srv/detail/move_spiral__type_support.hpp
[166.297s] -- Installing: /home/jack/ros2_ws/install/dsr_msgs2/include/dsr_msgs2/dsr_msgs2/srv/detail/set_robot_control__struct.hpp
[166.297s] -- Installing: /home/jack/ros2_ws/install/dsr_msgs2/include/dsr_msgs2/dsr_msgs2/srv/detail/set_user_cart_coord1__builder.hpp
[166.297s] -- Installing: /home/jack/ros2_ws/install/dsr_msgs2/include/dsr_msgs2/dsr_msgs2/srv/detail/move_spiral__struct.hpp
[166.298s] -- Installing: /home/jack/ros2_ws/install/dsr_msgs2/include/dsr_msgs2/dsr_msgs2/srv/detail/get_robot_system__traits.hpp
[166.298s] -- Installing: /home/jack/ros2_ws/install/dsr_msgs2/include/dsr_msgs2/dsr_msgs2/srv/detail/get_robot_system__builder.hpp
[166.299s] -- Installing: /home/jack/ros2_ws/install/dsr_msgs2/include/dsr_msgs2/dsr_msgs2/srv/detail/ikin__struct.hpp
[166.299s] -- Installing: /home/jack/ros2_ws/install/dsr_msgs2/include/dsr_msgs2/dsr_msgs2/srv/detail/drl_start__builder.hpp
[166.299s] -- Installing: /home/jack/ros2_ws/install/dsr_msgs2/include/dsr_msgs2/dsr_msgs2/srv/detail/move_pause__traits.hpp
[166.299s] -- Installing: /home/jack/ros2_ws/install/dsr_msgs2/include/dsr_msgs2/dsr_msgs2/srv/detail/move_joint__type_support.hpp
[166.300s] -- Installing: /home/jack/ros2_ws/install/dsr_msgs2/include/dsr_msgs2/dsr_msgs2/srv/detail/set_user_cart_coord2__builder.hpp
[166.300s] -- Installing: /home/jack/ros2_ws/install/dsr_msgs2/include/dsr_msgs2/dsr_msgs2/srv/detail/release_force__traits.hpp
[166.300s] -- Installing: /home/jack/ros2_ws/install/dsr_msgs2/include/dsr_msgs2/dsr_msgs2/srv/detail/get_current_tool_flange_posx__struct.hpp
[166.301s] -- Installing: /home/jack/ros2_ws/install/dsr_msgs2/include/dsr_msgs2/dsr_msgs2/srv/detail/jog_multi__struct.hpp
[166.301s] -- Installing: /home/jack/ros2_ws/install/dsr_msgs2/include/dsr_msgs2/dsr_msgs2/srv/detail/get_current_posx__struct.hpp
[166.301s] -- Installing: /home/jack/ros2_ws/install/dsr_msgs2/include/dsr_msgs2/dsr_msgs2/srv/detail/get_modbus_input__traits.hpp
[166.302s] -- Installing: /home/jack/ros2_ws/install/dsr_msgs2/include/dsr_msgs2/dsr_msgs2/srv/detail/enable_alter_motion__type_support.hpp
[166.302s] -- Installing: /home/jack/ros2_ws/install/dsr_msgs2/include/dsr_msgs2/dsr_msgs2/srv/detail/set_desired_force__traits.hpp
[166.302s] -- Installing: /home/jack/ros2_ws/install/dsr_msgs2/include/dsr_msgs2/dsr_msgs2/srv/detail/set_ctrl_box_analog_output__struct.hpp
[166.303s] -- Installing: /home/jack/ros2_ws/install/dsr_msgs2/include/dsr_msgs2/dsr_msgs2/srv/detail/set_user_cart_coord3__struct.hpp
[166.303s] -- Installing: /home/jack/ros2_ws/install/dsr_msgs2/include/dsr_msgs2/dsr_msgs2/srv/detail/set_ctrl_box_analog_output_type__struct.hpp
[166.303s] -- Installing: /home/jack/ros2_ws/install/dsr_msgs2/include/dsr_msgs2/dsr_msgs2/srv/detail/align_axis1__builder.hpp
[166.304s] -- Installing: /home/jack/ros2_ws/install/dsr_msgs2/include/dsr_msgs2/dsr_msgs2/srv/detail/get_current_velx__traits.hpp
[166.304s] -- Installing: /home/jack/ros2_ws/install/dsr_msgs2/include/dsr_msgs2/dsr_msgs2/srv/detail/get_current_tcp__traits.hpp
[166.305s] -- Installing: /home/jack/ros2_ws/install/dsr_msgs2/include/dsr_msgs2/dsr_msgs2/srv/detail/set_ref_coord__struct.hpp
[166.305s] -- Installing: /home/jack/ros2_ws/install/dsr_msgs2/include/dsr_msgs2/dsr_msgs2/srv/detail/start_rt_control__struct.hpp
[166.305s] -- Installing: /home/jack/ros2_ws/install/dsr_msgs2/include/dsr_msgs2/dsr_msgs2/srv/detail/get_desired_velj__type_support.hpp
[166.305s] -- Installing: /home/jack/ros2_ws/install/dsr_msgs2/include/dsr_msgs2/dsr_msgs2/srv/detail/disconnect_rt_control__builder.hpp
[166.306s] -- Installing: /home/jack/ros2_ws/install/dsr_msgs2/include/dsr_msgs2/dsr_msgs2/srv/detail/set_accj_rt__builder.hpp
[166.306s] -- Installing: /home/jack/ros2_ws/install/dsr_msgs2/include/dsr_msgs2/dsr_msgs2/srv/detail/disconnect_rt_control__type_support.hpp
[166.306s] -- Installing: /home/jack/ros2_ws/install/dsr_msgs2/include/dsr_msgs2/dsr_msgs2/srv/detail/move_joint__traits.hpp
[166.307s] -- Installing: /home/jack/ros2_ws/install/dsr_msgs2/include/dsr_msgs2/dsr_msgs2/srv/detail/set_user_cart_coord2__struct.hpp
[166.307s] -- Installing: /home/jack/ros2_ws/install/dsr_msgs2/include/dsr_msgs2/dsr_msgs2/srv/detail/get_robot_system__type_support.hpp
[166.307s] -- Installing: /home/jack/ros2_ws/install/dsr_msgs2/include/dsr_msgs2/dsr_msgs2/srv/detail/move_circle__builder.hpp
[166.307s] -- Installing: /home/jack/ros2_ws/install/dsr_msgs2/include/dsr_msgs2/dsr_msgs2/srv/detail/get_modbus_input__struct.hpp
[166.308s] -- Installing: /home/jack/ros2_ws/install/dsr_msgs2/include/dsr_msgs2/dsr_msgs2/srv/detail/move_spline_task__builder.hpp
[166.308s] -- Installing: /home/jack/ros2_ws/install/dsr_msgs2/include/dsr_msgs2/dsr_msgs2/srv/detail/check_orientation_condition1__builder.hpp
[166.308s] -- Installing: /home/jack/ros2_ws/install/dsr_msgs2/include/dsr_msgs2/dsr_msgs2/srv/detail/move_periodic__builder.hpp
[166.309s] -- Installing: /home/jack/ros2_ws/install/dsr_msgs2/include/dsr_msgs2/dsr_msgs2/srv/detail/set_singularity_handling__builder.hpp
[166.309s] -- Installing: /home/jack/ros2_ws/install/dsr_msgs2/include/dsr_msgs2/dsr_msgs2/srv/detail/parallel_axis2__traits.hpp
[166.309s] -- Installing: /home/jack/ros2_ws/install/dsr_msgs2/include/dsr_msgs2/dsr_msgs2/srv/detail/config_create_tcp__traits.hpp
[166.310s] -- Installing: /home/jack/ros2_ws/install/dsr_msgs2/include/dsr_msgs2/dsr_msgs2/srv/detail/calc_coord__struct.hpp
[166.310s] -- Installing: /home/jack/ros2_ws/install/dsr_msgs2/include/dsr_msgs2/dsr_msgs2/srv/detail/move_circle__struct.hpp
[166.310s] -- Installing: /home/jack/ros2_ws/install/dsr_msgs2/include/dsr_msgs2/dsr_msgs2/srv/detail/get_desired_velj__struct.hpp
[166.311s] -- Installing: /home/jack/ros2_ws/install/dsr_msgs2/include/dsr_msgs2/dsr_msgs2/srv/detail/check_force_condition__struct.hpp
[166.311s] -- Installing: /home/jack/ros2_ws/install/dsr_msgs2/include/dsr_msgs2/dsr_msgs2/srv/detail/config_create_modbus__struct.hpp
[166.311s] -- Installing: /home/jack/ros2_ws/install/dsr_msgs2/include/dsr_msgs2/dsr_msgs2/srv/detail/config_create_modbus__builder.hpp
[166.312s] -- Installing: /home/jack/ros2_ws/install/dsr_msgs2/include/dsr_msgs2/dsr_msgs2/srv/detail/get_current_rotm__struct.hpp
[166.312s] -- Installing: /home/jack/ros2_ws/install/dsr_msgs2/include/dsr_msgs2/dsr_msgs2/srv/detail/calc_coord__type_support.hpp
[166.313s] -- Installing: /home/jack/ros2_ws/install/dsr_msgs2/include/dsr_msgs2/dsr_msgs2/srv/detail/set_ref_coord__builder.hpp
[166.313s] -- Installing: /home/jack/ros2_ws/install/dsr_msgs2/include/dsr_msgs2/dsr_msgs2/srv/detail/set_ctrl_box_digital_output__struct.hpp
[166.313s] -- Installing: /home/jack/ros2_ws/install/dsr_msgs2/include/dsr_msgs2/dsr_msgs2/srv/detail/drl_pause__traits.hpp
[166.314s] -- Installing: /home/jack/ros2_ws/install/dsr_msgs2/include/dsr_msgs2/dsr_msgs2/srv/detail/move_blending__struct.hpp
[166.314s] -- Installing: /home/jack/ros2_ws/install/dsr_msgs2/include/dsr_msgs2/dsr_msgs2/srv/detail/servo_off__struct.hpp
[166.315s] -- Installing: /home/jack/ros2_ws/install/dsr_msgs2/include/dsr_msgs2/dsr_msgs2/srv/detail/get_rt_control_input_data_list__builder.hpp
[166.315s] -- Installing: /home/jack/ros2_ws/install/dsr_msgs2/include/dsr_msgs2/dsr_msgs2/srv/detail/move_resume__type_support.hpp
[166.316s] -- Installing: /home/jack/ros2_ws/install/dsr_msgs2/include/dsr_msgs2/dsr_msgs2/srv/detail/get_workpiece_weight__traits.hpp
[166.316s] -- Installing: /home/jack/ros2_ws/install/dsr_msgs2/include/dsr_msgs2/dsr_msgs2/srv/detail/trans__type_support.hpp
[166.316s] -- Installing: /home/jack/ros2_ws/install/dsr_msgs2/include/dsr_msgs2/dsr_msgs2/srv/detail/write_data_rt__builder.hpp
[166.316s] -- Installing: /home/jack/ros2_ws/install/dsr_msgs2/include/dsr_msgs2/dsr_msgs2/srv/detail/get_current_tool__type_support.hpp
[166.317s] -- Installing: /home/jack/ros2_ws/install/dsr_msgs2/include/dsr_msgs2/dsr_msgs2/srv/detail/get_current_velj__builder.hpp
[166.317s] -- Installing: /home/jack/ros2_ws/install/dsr_msgs2/include/dsr_msgs2/dsr_msgs2/srv/detail/get_robot_mode__struct.hpp
[166.317s] -- Installing: /home/jack/ros2_ws/install/dsr_msgs2/include/dsr_msgs2/dsr_msgs2/srv/detail/connect_rt_control__traits.hpp
[166.318s] -- Installing: /home/jack/ros2_ws/install/dsr_msgs2/include/dsr_msgs2/dsr_msgs2/srv/detail/get_control_mode__traits.hpp
[166.318s] -- Installing: /home/jack/ros2_ws/install/dsr_msgs2/include/dsr_msgs2/dsr_msgs2/srv/detail/trans__struct.hpp
[166.318s] -- Installing: /home/jack/ros2_ws/install/dsr_msgs2/include/dsr_msgs2/dsr_msgs2/srv/detail/set_ref_coord__traits.hpp
[166.319s] -- Installing: /home/jack/ros2_ws/install/dsr_msgs2/include/dsr_msgs2/dsr_msgs2/srv/detail/set_user_cart_coord3__type_support.hpp
[166.319s] -- Installing: /home/jack/ros2_ws/install/dsr_msgs2/include/dsr_msgs2/dsr_msgs2/srv/detail/config_delete_tcp__traits.hpp
[166.319s] -- Installing: /home/jack/ros2_ws/install/dsr_msgs2/include/dsr_msgs2/dsr_msgs2/srv/detail/get_current_velx__builder.hpp
[166.320s] -- Installing: /home/jack/ros2_ws/install/dsr_msgs2/include/dsr_msgs2/dsr_msgs2/srv/detail/move_spline_joint__traits.hpp
[166.320s] -- Installing: /home/jack/ros2_ws/install/dsr_msgs2/include/dsr_msgs2/dsr_msgs2/srv/detail/alter_motion__builder.hpp
[166.320s] -- Installing: /home/jack/ros2_ws/install/dsr_msgs2/include/dsr_msgs2/dsr_msgs2/srv/detail/start_rt_control__type_support.hpp
[166.321s] -- Installing: /home/jack/ros2_ws/install/dsr_msgs2/include/dsr_msgs2/dsr_msgs2/srv/detail/move_stop__builder.hpp
[166.321s] -- Installing: /home/jack/ros2_ws/install/dsr_msgs2/include/dsr_msgs2/dsr_msgs2/srv/detail/drl_start__type_support.hpp
[166.321s] -- Installing: /home/jack/ros2_ws/install/dsr_msgs2/include/dsr_msgs2/dsr_msgs2/srv/detail/drl_start__struct.hpp
[166.322s] -- Installing: /home/jack/ros2_ws/install/dsr_msgs2/include/dsr_msgs2/dsr_msgs2/srv/detail/get_current_posx__traits.hpp
[166.322s] -- Installing: /home/jack/ros2_ws/install/dsr_msgs2/include/dsr_msgs2/dsr_msgs2/srv/detail/get_ctrl_box_analog_input__builder.hpp
[166.322s] -- Installing: /home/jack/ros2_ws/install/dsr_msgs2/include/dsr_msgs2/dsr_msgs2/srv/detail/alter_motion__traits.hpp
[166.323s] -- Installing: /home/jack/ros2_ws/install/dsr_msgs2/include/dsr_msgs2/dsr_msgs2/srv/detail/get_desired_velj__traits.hpp
[166.323s] -- Installing: /home/jack/ros2_ws/install/dsr_msgs2/include/dsr_msgs2/dsr_msgs2/srv/detail/set_ctrl_box_analog_output_type__builder.hpp
[166.323s] -- Installing: /home/jack/ros2_ws/install/dsr_msgs2/include/dsr_msgs2/dsr_msgs2/srv/detail/get_tool_force__builder.hpp
[166.324s] -- Installing: /home/jack/ros2_ws/install/dsr_msgs2/include/dsr_msgs2/dsr_msgs2/srv/detail/set_current_tcp__type_support.hpp
[166.324s] -- Installing: /home/jack/ros2_ws/install/dsr_msgs2/include/dsr_msgs2/dsr_msgs2/srv/detail/get_desired_posx__traits.hpp
[166.324s] -- Installing: /home/jack/ros2_ws/install/dsr_msgs2/include/dsr_msgs2/dsr_msgs2/srv/detail/config_create_tool__struct.hpp
[166.325s] -- Installing: /home/jack/ros2_ws/install/dsr_msgs2/include/dsr_msgs2/dsr_msgs2/srv/detail/config_create_tcp__type_support.hpp
[166.325s] -- Installing: /home/jack/ros2_ws/install/dsr_msgs2/include/dsr_msgs2/dsr_msgs2/srv/detail/robotiq2_f_close__type_support.hpp
[166.325s] -- Installing: /home/jack/ros2_ws/install/dsr_msgs2/include/dsr_msgs2/dsr_msgs2/srv/detail/set_current_tool__traits.hpp
[166.326s] -- Installing: /home/jack/ros2_ws/install/dsr_msgs2/include/dsr_msgs2/dsr_msgs2/srv/detail/write_data_rt__struct.hpp
[166.326s] -- Installing: /home/jack/ros2_ws/install/dsr_msgs2/include/dsr_msgs2/dsr_msgs2/srv/detail/set_safety_mode__builder.hpp
[166.326s] -- Installing: /home/jack/ros2_ws/install/dsr_msgs2/include/dsr_msgs2/dsr_msgs2/srv/detail/connect_rt_control__struct.hpp
[166.327s] -- Installing: /home/jack/ros2_ws/install/dsr_msgs2/include/dsr_msgs2/dsr_msgs2/srv/detail/drl_stop__struct.hpp
[166.327s] -- Installing: /home/jack/ros2_ws/install/dsr_msgs2/include/dsr_msgs2/dsr_msgs2/srv/detail/get_rt_control_input_version_list__struct.hpp
[166.327s] -- Installing: /home/jack/ros2_ws/install/dsr_msgs2/include/dsr_msgs2/dsr_msgs2/srv/detail/set_velx_rt__struct.hpp
[166.328s] -- Installing: /home/jack/ros2_ws/install/dsr_msgs2/include/dsr_msgs2/dsr_msgs2/srv/detail/check_orientation_condition2__traits.hpp
[166.328s] -- Installing: /home/jack/ros2_ws/install/dsr_msgs2/include/dsr_msgs2/dsr_msgs2/srv/detail/enable_alter_motion__traits.hpp
[166.328s] -- Installing: /home/jack/ros2_ws/install/dsr_msgs2/include/dsr_msgs2/dsr_msgs2/srv/detail/check_force_condition__type_support.hpp
[166.329s] -- Installing: /home/jack/ros2_ws/install/dsr_msgs2/include/dsr_msgs2/dsr_msgs2/srv/detail/move_jointx__struct.hpp
[166.329s] -- Installing: /home/jack/ros2_ws/install/dsr_msgs2/include/dsr_msgs2/dsr_msgs2/srv/detail/drl_stop__builder.hpp
[166.329s] -- Installing: /home/jack/ros2_ws/install/dsr_msgs2/include/dsr_msgs2/dsr_msgs2/srv/detail/get_desired_velx__struct.hpp
[166.330s] -- Installing: /home/jack/ros2_ws/install/dsr_msgs2/include/dsr_msgs2/dsr_msgs2/srv/detail/set_safety_mode__type_support.hpp
[166.330s] -- Installing: /home/jack/ros2_ws/install/dsr_msgs2/include/dsr_msgs2/dsr_msgs2/srv/detail/drl_resume__struct.hpp
[166.331s] -- Installing: /home/jack/ros2_ws/install/dsr_msgs2/include/dsr_msgs2/dsr_msgs2/srv/detail/get_current_solution_space__builder.hpp
[166.331s] -- Installing: /home/jack/ros2_ws/install/dsr_msgs2/include/dsr_msgs2/dsr_msgs2/srv/detail/get_workpiece_weight__builder.hpp
[166.331s] -- Installing: /home/jack/ros2_ws/install/dsr_msgs2/include/dsr_msgs2/dsr_msgs2/srv/detail/get_drl_state__traits.hpp
[166.332s] -- Installing: /home/jack/ros2_ws/install/dsr_msgs2/include/dsr_msgs2/dsr_msgs2/srv/detail/check_motion__struct.hpp
[166.332s] -- Installing: /home/jack/ros2_ws/install/dsr_msgs2/include/dsr_msgs2/dsr_msgs2/srv/detail/get_ctrl_box_analog_input__traits.hpp
[166.332s] -- Installing: /home/jack/ros2_ws/install/dsr_msgs2/include/dsr_msgs2/dsr_msgs2/srv/detail/move_periodic__struct.hpp
[166.333s] -- Installing: /home/jack/ros2_ws/install/dsr_msgs2/include/dsr_msgs2/dsr_msgs2/srv/detail/release_force__struct.hpp
[166.333s] -- Installing: /home/jack/ros2_ws/install/dsr_msgs2/include/dsr_msgs2/dsr_msgs2/srv/detail/config_create_tool__builder.hpp
[166.334s] -- Installing: /home/jack/ros2_ws/install/dsr_msgs2/include/dsr_msgs2/dsr_msgs2/srv/detail/get_tool_digital_output__struct.hpp
[166.334s] -- Installing: /home/jack/ros2_ws/install/dsr_msgs2/include/dsr_msgs2/dsr_msgs2/srv/detail/get_tool_force__traits.hpp
[166.335s] -- Installing: /home/jack/ros2_ws/install/dsr_msgs2/include/dsr_msgs2/dsr_msgs2/srv/detail/check_orientation_condition1__struct.hpp
[166.335s] -- Installing: /home/jack/ros2_ws/install/dsr_msgs2/include/dsr_msgs2/dsr_msgs2/srv/detail/change_operation_speed__struct.hpp
[166.336s] -- Installing: /home/jack/ros2_ws/install/dsr_msgs2/include/dsr_msgs2/dsr_msgs2/srv/detail/set_ctrl_box_analog_input_type__type_support.hpp
[166.336s] -- Installing: /home/jack/ros2_ws/install/dsr_msgs2/include/dsr_msgs2/dsr_msgs2/srv/detail/overwrite_user_cart_coord__struct.hpp
[166.336s] -- Installing: /home/jack/ros2_ws/install/dsr_msgs2/include/dsr_msgs2/dsr_msgs2/srv/detail/set_robot_mode__traits.hpp
[166.337s] -- Installing: /home/jack/ros2_ws/install/dsr_msgs2/include/dsr_msgs2/dsr_msgs2/srv/detail/disable_alter_motion__builder.hpp
[166.337s] -- Installing: /home/jack/ros2_ws/install/dsr_msgs2/include/dsr_msgs2/dsr_msgs2/srv/detail/reset_workpiece_weight__builder.hpp
[166.337s] -- Installing: /home/jack/ros2_ws/install/dsr_msgs2/include/dsr_msgs2/dsr_msgs2/srv/detail/write_data_rt__type_support.hpp
[166.337s] -- Installing: /home/jack/ros2_ws/install/dsr_msgs2/include/dsr_msgs2/dsr_msgs2/srv/detail/check_position_condition__struct.hpp
[166.338s] -- Installing: /home/jack/ros2_ws/install/dsr_msgs2/include/dsr_msgs2/dsr_msgs2/srv/detail/get_current_velx__type_support.hpp
[166.338s] -- Installing: /home/jack/ros2_ws/install/dsr_msgs2/include/dsr_msgs2/dsr_msgs2/srv/detail/alter_motion__type_support.hpp
[166.338s] -- Installing: /home/jack/ros2_ws/install/dsr_msgs2/include/dsr_msgs2/dsr_msgs2/srv/detail/move_joint__struct.hpp
[166.339s] -- Installing: /home/jack/ros2_ws/install/dsr_msgs2/include/dsr_msgs2/dsr_msgs2/srv/detail/drl_pause__struct.hpp
[166.339s] -- Installing: /home/jack/ros2_ws/install/dsr_msgs2/include/dsr_msgs2/dsr_msgs2/srv/detail/get_control_space__struct.hpp
[166.339s] -- Installing: /home/jack/ros2_ws/install/dsr_msgs2/include/dsr_msgs2/dsr_msgs2/srv/detail/set_safe_stop_reset_type__traits.hpp
[166.340s] -- Installing: /home/jack/ros2_ws/install/dsr_msgs2/include/dsr_msgs2/dsr_msgs2/srv/detail/set_robot_speed_mode__type_support.hpp
[166.340s] -- Installing: /home/jack/ros2_ws/install/dsr_msgs2/include/dsr_msgs2/dsr_msgs2/srv/detail/set_ref_coord__type_support.hpp
[166.340s] -- Installing: /home/jack/ros2_ws/install/dsr_msgs2/include/dsr_msgs2/dsr_msgs2/srv/detail/get_current_tool__builder.hpp
[166.341s] -- Installing: /home/jack/ros2_ws/install/dsr_msgs2/include/dsr_msgs2/dsr_msgs2/srv/detail/coord_transform__type_support.hpp
[166.341s] -- Installing: /home/jack/ros2_ws/install/dsr_msgs2/include/dsr_msgs2/dsr_msgs2/srv/detail/set_robot_control__builder.hpp
[166.341s] -- Installing: /home/jack/ros2_ws/install/dsr_msgs2/include/dsr_msgs2/dsr_msgs2/srv/detail/get_current_solution_space__traits.hpp
[166.341s] -- Installing: /home/jack/ros2_ws/install/dsr_msgs2/include/dsr_msgs2/dsr_msgs2/srv/detail/drl_resume__traits.hpp
[166.342s] -- Installing: /home/jack/ros2_ws/install/dsr_msgs2/include/dsr_msgs2/dsr_msgs2/srv/detail/jog__builder.hpp
[166.342s] -- Installing: /home/jack/ros2_ws/install/dsr_msgs2/include/dsr_msgs2/dsr_msgs2/srv/detail/get_current_pose__type_support.hpp
[166.342s] -- Installing: /home/jack/ros2_ws/install/dsr_msgs2/include/dsr_msgs2/dsr_msgs2/srv/detail/get_robot_state__builder.hpp
[166.343s] -- Installing: /home/jack/ros2_ws/install/dsr_msgs2/include/dsr_msgs2/dsr_msgs2/srv/detail/set_current_tcp__traits.hpp
[166.343s] -- Installing: /home/jack/ros2_ws/install/dsr_msgs2/include/dsr_msgs2/dsr_msgs2/srv/detail/set_velj_rt__struct.hpp
[166.343s] -- Installing: /home/jack/ros2_ws/install/dsr_msgs2/include/dsr_msgs2/dsr_msgs2/srv/detail/servo_off__type_support.hpp
[166.344s] -- Installing: /home/jack/ros2_ws/install/dsr_msgs2/include/dsr_msgs2/dsr_msgs2/srv/detail/connect_rt_control__builder.hpp
[166.344s] -- Installing: /home/jack/ros2_ws/install/dsr_msgs2/include/dsr_msgs2/dsr_msgs2/srv/detail/get_robot_speed_mode__type_support.hpp
[166.344s] -- Installing: /home/jack/ros2_ws/install/dsr_msgs2/include/dsr_msgs2/dsr_msgs2/srv/detail/config_delete_modbus__type_support.hpp
[166.345s] -- Installing: /home/jack/ros2_ws/install/dsr_msgs2/include/dsr_msgs2/dsr_msgs2/srv/detail/servo_off__traits.hpp
[166.345s] -- Installing: /home/jack/ros2_ws/install/dsr_msgs2/include/dsr_msgs2/dsr_msgs2/srv/detail/move_joint__builder.hpp
[166.345s] -- Installing: /home/jack/ros2_ws/install/dsr_msgs2/include/dsr_msgs2/dsr_msgs2/srv/detail/stop_rt_control__type_support.hpp
[166.346s] -- Installing: /home/jack/ros2_ws/install/dsr_msgs2/include/dsr_msgs2/dsr_msgs2/srv/detail/connect_rt_control__type_support.hpp
[166.346s] -- Installing: /home/jack/ros2_ws/install/dsr_msgs2/include/dsr_msgs2/dsr_msgs2/srv/detail/robotiq2_f_move__struct.hpp
[166.346s] -- Installing: /home/jack/ros2_ws/install/dsr_msgs2/include/dsr_msgs2/dsr_msgs2/srv/detail/parallel_axis2__type_support.hpp
[166.347s] -- Installing: /home/jack/ros2_ws/install/dsr_msgs2/include/dsr_msgs2/dsr_msgs2/srv/detail/enable_alter_motion__builder.hpp
[166.347s] -- Installing: /home/jack/ros2_ws/install/dsr_msgs2/include/dsr_msgs2/dsr_msgs2/srv/detail/set_tool_digital_output__type_support.hpp
[166.347s] -- Installing: /home/jack/ros2_ws/install/dsr_msgs2/include/dsr_msgs2/dsr_msgs2/srv/detail/get_robot_mode__builder.hpp
[166.348s] -- Installing: /home/jack/ros2_ws/install/dsr_msgs2/include/dsr_msgs2/dsr_msgs2/srv/detail/get_current_tcp__struct.hpp
[166.349s] -- Installing: /home/jack/ros2_ws/install/dsr_msgs2/include/dsr_msgs2/dsr_msgs2/srv/detail/set_ctrl_box_analog_output_type__traits.hpp
[166.349s] -- Installing: /home/jack/ros2_ws/install/dsr_msgs2/include/dsr_msgs2/dsr_msgs2/srv/detail/set_user_cart_coord3__traits.hpp
[166.350s] -- Installing: /home/jack/ros2_ws/install/dsr_msgs2/include/dsr_msgs2/dsr_msgs2/srv/detail/get_external_torque__traits.hpp
[166.350s] -- Installing: /home/jack/ros2_ws/install/dsr_msgs2/include/dsr_msgs2/dsr_msgs2/srv/detail/get_current_posj__type_support.hpp
[166.350s] -- Installing: /home/jack/ros2_ws/install/dsr_msgs2/include/dsr_msgs2/dsr_msgs2/srv/detail/serial_send_data__struct.hpp
[166.351s] -- Installing: /home/jack/ros2_ws/install/dsr_msgs2/include/dsr_msgs2/dsr_msgs2/srv/detail/set_user_cart_coord2__traits.hpp
[166.351s] -- Installing: /home/jack/ros2_ws/install/dsr_msgs2/include/dsr_msgs2/dsr_msgs2/srv/detail/config_delete_tcp__struct.hpp
[166.352s] -- Installing: /home/jack/ros2_ws/install/dsr_msgs2/include/dsr_msgs2/dsr_msgs2/srv/detail/set_velx_rt__type_support.hpp
[166.352s] -- Installing: /home/jack/ros2_ws/install/dsr_msgs2/include/dsr_msgs2/dsr_msgs2/srv/detail/parallel_axis2__struct.hpp
[166.352s] -- Installing: /home/jack/ros2_ws/install/dsr_msgs2/include/dsr_msgs2/dsr_msgs2/srv/detail/set_rt_control_input__type_support.hpp
[166.353s] -- Installing: /home/jack/ros2_ws/install/dsr_msgs2/include/dsr_msgs2/dsr_msgs2/srv/detail/config_create_tool__type_support.hpp
[166.353s] -- Installing: /home/jack/ros2_ws/install/dsr_msgs2/include/dsr_msgs2/dsr_msgs2/srv/detail/start_rt_control__builder.hpp
[166.353s] -- Installing: /home/jack/ros2_ws/install/dsr_msgs2/include/dsr_msgs2/dsr_msgs2/srv/detail/move_spiral__builder.hpp
[166.353s] -- Installing: /home/jack/ros2_ws/install/dsr_msgs2/include/dsr_msgs2/dsr_msgs2/srv/detail/set_singularity_handling__type_support.hpp
[166.354s] -- Installing: /home/jack/ros2_ws/install/dsr_msgs2/include/dsr_msgs2/dsr_msgs2/srv/detail/get_tool_digital_input__struct.hpp
[166.354s] -- Installing: /home/jack/ros2_ws/install/dsr_msgs2/include/dsr_msgs2/dsr_msgs2/srv/detail/set_rt_control_output__builder.hpp
[166.354s] -- Installing: /home/jack/ros2_ws/install/dsr_msgs2/include/dsr_msgs2/dsr_msgs2/srv/detail/calc_coord__traits.hpp
[166.355s] -- Installing: /home/jack/ros2_ws/install/dsr_msgs2/include/dsr_msgs2/dsr_msgs2/srv/detail/get_desired_posx__builder.hpp
[166.355s] -- Installing: /home/jack/ros2_ws/install/dsr_msgs2/include/dsr_msgs2/dsr_msgs2/srv/detail/get_desired_velj__builder.hpp
[166.355s] -- Installing: /home/jack/ros2_ws/install/dsr_msgs2/include/dsr_msgs2/dsr_msgs2/srv/detail/get_rt_control_output_version_list__builder.hpp
[166.355s] -- Installing: /home/jack/ros2_ws/install/dsr_msgs2/include/dsr_msgs2/dsr_msgs2/srv/detail/get_desired_posx__type_support.hpp
[166.356s] -- Installing: /home/jack/ros2_ws/install/dsr_msgs2/include/dsr_msgs2/dsr_msgs2/srv/detail/get_robot_speed_mode__struct.hpp
[166.356s] -- Installing: /home/jack/ros2_ws/install/dsr_msgs2/include/dsr_msgs2/dsr_msgs2/srv/detail/move_spline_joint__builder.hpp
[166.356s] -- Installing: /home/jack/ros2_ws/install/dsr_msgs2/include/dsr_msgs2/dsr_msgs2/srv/detail/move_wait__builder.hpp
[166.357s] -- Installing: /home/jack/ros2_ws/install/dsr_msgs2/include/dsr_msgs2/dsr_msgs2/srv/detail/set_safety_mode__struct.hpp
[166.357s] -- Installing: /home/jack/ros2_ws/install/dsr_msgs2/include/dsr_msgs2/dsr_msgs2/srv/detail/set_robot_speed_mode__struct.hpp
[166.357s] -- Installing: /home/jack/ros2_ws/install/dsr_msgs2/include/dsr_msgs2/dsr_msgs2/srv/detail/set_robot_control__type_support.hpp
[166.358s] -- Installing: /home/jack/ros2_ws/install/dsr_msgs2/include/dsr_msgs2/dsr_msgs2/srv/detail/move_stop__type_support.hpp
[166.358s] -- Installing: /home/jack/ros2_ws/install/dsr_msgs2/include/dsr_msgs2/dsr_msgs2/srv/detail/get_current_tcp__type_support.hpp
[166.358s] -- Installing: /home/jack/ros2_ws/install/dsr_msgs2/include/dsr_msgs2/dsr_msgs2/srv/detail/set_velx_rt__builder.hpp
[166.359s] -- Installing: /home/jack/ros2_ws/install/dsr_msgs2/include/dsr_msgs2/dsr_msgs2/srv/detail/get_modbus_input__type_support.hpp
[166.359s] -- Installing: /home/jack/ros2_ws/install/dsr_msgs2/include/dsr_msgs2/dsr_msgs2/srv/detail/release_force__builder.hpp
[166.359s] -- Installing: /home/jack/ros2_ws/install/dsr_msgs2/include/dsr_msgs2/dsr_msgs2/srv/detail/set_robot_system__builder.hpp
[166.359s] -- Installing: /home/jack/ros2_ws/install/dsr_msgs2/include/dsr_msgs2/dsr_msgs2/srv/detail/config_delete_tcp__builder.hpp
[166.360s] -- Installing: /home/jack/ros2_ws/install/dsr_msgs2/include/dsr_msgs2/dsr_msgs2/srv/detail/serial_send_data__traits.hpp
[166.360s] -- Installing: /home/jack/ros2_ws/install/dsr_msgs2/include/dsr_msgs2/dsr_msgs2/srv/detail/align_axis2__type_support.hpp
[166.361s] -- Installing: /home/jack/ros2_ws/install/dsr_msgs2/include/dsr_msgs2/dsr_msgs2/srv/detail/parallel_axis1__type_support.hpp
[166.361s] -- Installing: /home/jack/ros2_ws/install/dsr_msgs2/include/dsr_msgs2/dsr_msgs2/srv/detail/get_external_torque__struct.hpp
[166.361s] -- Installing: /home/jack/ros2_ws/install/dsr_msgs2/include/dsr_msgs2/dsr_msgs2/srv/detail/change_collision_sensitivity__builder.hpp
[166.361s] -- Installing: /home/jack/ros2_ws/install/dsr_msgs2/include/dsr_msgs2/dsr_msgs2/srv/detail/disable_alter_motion__type_support.hpp
[166.362s] -- Installing: /home/jack/ros2_ws/install/dsr_msgs2/include/dsr_msgs2/dsr_msgs2/srv/detail/set_current_tool__struct.hpp
[166.362s] -- Installing: /home/jack/ros2_ws/install/dsr_msgs2/include/dsr_msgs2/dsr_msgs2/srv/detail/move_line__traits.hpp
[166.362s] -- Installing: /home/jack/ros2_ws/install/dsr_msgs2/include/dsr_msgs2/dsr_msgs2/srv/detail/check_force_condition__traits.hpp
[166.363s] -- Installing: /home/jack/ros2_ws/install/dsr_msgs2/include/dsr_msgs2/dsr_msgs2/srv/detail/get_desired_posj__traits.hpp
[166.363s] -- Installing: /home/jack/ros2_ws/install/dsr_msgs2/include/dsr_msgs2/dsr_msgs2/srv/detail/get_solution_space__traits.hpp
[166.363s] -- Installing: /home/jack/ros2_ws/install/dsr_msgs2/include/dsr_msgs2/dsr_msgs2/srv/detail/get_current_velx__struct.hpp
[166.363s] -- Installing: /home/jack/ros2_ws/install/dsr_msgs2/include/dsr_msgs2/dsr_msgs2/srv/detail/task_compliance_ctrl__builder.hpp
[166.364s] -- Installing: /home/jack/ros2_ws/install/dsr_msgs2/include/dsr_msgs2/dsr_msgs2/srv/detail/get_user_cart_coord__type_support.hpp
[166.365s] -- Installing: /home/jack/ros2_ws/install/dsr_msgs2/include/dsr_msgs2/dsr_msgs2/srv/detail/drl_resume__builder.hpp
[166.365s] -- Installing: /home/jack/ros2_ws/install/dsr_msgs2/include/dsr_msgs2/dsr_msgs2/srv/detail/set_current_tool__builder.hpp
[166.365s] -- Installing: /home/jack/ros2_ws/install/dsr_msgs2/include/dsr_msgs2/dsr_msgs2/srv/detail/set_user_cart_coord1__struct.hpp
[166.366s] -- Installing: /home/jack/ros2_ws/install/dsr_msgs2/include/dsr_msgs2/dsr_msgs2/srv/detail/get_desired_posj__builder.hpp
[166.366s] -- Installing: /home/jack/ros2_ws/install/dsr_msgs2/include/dsr_msgs2/dsr_msgs2/srv/detail/coord_transform__traits.hpp
[166.366s] -- Installing: /home/jack/ros2_ws/install/dsr_msgs2/include/dsr_msgs2/dsr_msgs2/srv/detail/get_rt_control_output_data_list__traits.hpp
[166.366s] -- Installing: /home/jack/ros2_ws/install/dsr_msgs2/include/dsr_msgs2/dsr_msgs2/srv/detail/get_solution_space__builder.hpp
[166.366s] -- Installing: /home/jack/ros2_ws/install/dsr_msgs2/include/dsr_msgs2/dsr_msgs2/srv/detail/get_modbus_input__builder.hpp
[166.367s] -- Installing: /home/jack/ros2_ws/install/dsr_msgs2/include/dsr_msgs2/dsr_msgs2/srv/detail/move_stop__traits.hpp
[166.367s] -- Installing: /home/jack/ros2_ws/install/dsr_msgs2/include/dsr_msgs2/dsr_msgs2/srv/detail/set_safe_stop_reset_type__builder.hpp
[166.367s] -- Installing: /home/jack/ros2_ws/install/dsr_msgs2/include/dsr_msgs2/dsr_msgs2/srv/detail/drl_resume__type_support.hpp
[166.368s] -- Installing: /home/jack/ros2_ws/install/dsr_msgs2/include/dsr_msgs2/dsr_msgs2/srv/detail/set_robot_control__traits.hpp
[166.368s] -- Installing: /home/jack/ros2_ws/install/dsr_msgs2/include/dsr_msgs2/dsr_msgs2/srv/detail/set_robot_system__struct.hpp
[166.368s] -- Installing: /home/jack/ros2_ws/install/dsr_msgs2/include/dsr_msgs2/dsr_msgs2/srv/detail/move_spline_joint__struct.hpp
[166.369s] -- Installing: /home/jack/ros2_ws/install/dsr_msgs2/include/dsr_msgs2/dsr_msgs2/srv/detail/get_rt_control_output_version_list__type_support.hpp
[166.369s] -- Installing: /home/jack/ros2_ws/install/dsr_msgs2/include/dsr_msgs2/dsr_msgs2/srv/detail/ikin__type_support.hpp
[166.369s] -- Installing: /home/jack/ros2_ws/install/dsr_msgs2/include/dsr_msgs2/dsr_msgs2/srv/detail/set_accx_rt__type_support.hpp
[166.370s] -- Installing: /home/jack/ros2_ws/install/dsr_msgs2/include/dsr_msgs2/dsr_msgs2/srv/detail/get_rt_control_output_data_list__builder.hpp
[166.370s] -- Installing: /home/jack/ros2_ws/install/dsr_msgs2/include/dsr_msgs2/dsr_msgs2/srv/detail/get_control_mode__type_support.hpp
[166.370s] -- Installing: /home/jack/ros2_ws/install/dsr_msgs2/include/dsr_msgs2/dsr_msgs2/srv/detail/get_tool_digital_output__builder.hpp
[166.371s] -- Installing: /home/jack/ros2_ws/install/dsr_msgs2/include/dsr_msgs2/dsr_msgs2/srv/detail/jog__type_support.hpp
[166.371s] -- Installing: /home/jack/ros2_ws/install/dsr_msgs2/include/dsr_msgs2/dsr_msgs2/srv/detail/check_motion__traits.hpp
[166.371s] -- Installing: /home/jack/ros2_ws/install/dsr_msgs2/include/dsr_msgs2/dsr_msgs2/srv/detail/get_robot_system__struct.hpp
[166.372s] -- Installing: /home/jack/ros2_ws/install/dsr_msgs2/include/dsr_msgs2/dsr_msgs2/srv/detail/set_safe_stop_reset_type__struct.hpp
[166.372s] -- Installing: /home/jack/ros2_ws/install/dsr_msgs2/include/dsr_msgs2/dsr_msgs2/srv/detail/set_ctrl_box_digital_output__traits.hpp
[166.373s] -- Installing: /home/jack/ros2_ws/install/dsr_msgs2/include/dsr_msgs2/dsr_msgs2/srv/detail/release_compliance_ctrl__traits.hpp
[166.373s] -- Installing: /home/jack/ros2_ws/install/dsr_msgs2/include/dsr_msgs2/dsr_msgs2/srv/detail/get_current_solution_space__struct.hpp
[166.373s] -- Installing: /home/jack/ros2_ws/install/dsr_msgs2/include/dsr_msgs2/dsr_msgs2/srv/detail/move_periodic__type_support.hpp
[166.374s] -- Installing: /home/jack/ros2_ws/install/dsr_msgs2/include/dsr_msgs2/dsr_msgs2/srv/detail/disable_alter_motion__struct.hpp
[166.374s] -- Installing: /home/jack/ros2_ws/install/dsr_msgs2/include/dsr_msgs2/dsr_msgs2/srv/detail/get_current_velj__struct.hpp
[166.374s] -- Installing: /home/jack/ros2_ws/install/dsr_msgs2/include/dsr_msgs2/dsr_msgs2/srv/detail/get_ctrl_box_digital_input__struct.hpp
[166.375s] -- Installing: /home/jack/ros2_ws/install/dsr_msgs2/include/dsr_msgs2/dsr_msgs2/srv/detail/get_joint_torque__builder.hpp
[166.375s] -- Installing: /home/jack/ros2_ws/install/dsr_msgs2/include/dsr_msgs2/dsr_msgs2/srv/detail/fkin__traits.hpp
[166.375s] -- Installing: /home/jack/ros2_ws/install/dsr_msgs2/include/dsr_msgs2/dsr_msgs2/srv/detail/get_robot_speed_mode__traits.hpp
[166.375s] -- Installing: /home/jack/ros2_ws/install/dsr_msgs2/include/dsr_msgs2/dsr_msgs2/srv/detail/get_orientation_error__traits.hpp
[166.376s] -- Installing: /home/jack/ros2_ws/install/dsr_msgs2/include/dsr_msgs2/dsr_msgs2/srv/detail/set_modbus_output__type_support.hpp
[166.376s] -- Installing: /home/jack/ros2_ws/install/dsr_msgs2/include/dsr_msgs2/dsr_msgs2/srv/detail/align_axis1__traits.hpp
[166.376s] -- Installing: /home/jack/ros2_ws/install/dsr_msgs2/include/dsr_msgs2/dsr_msgs2/srv/detail/align_axis2__struct.hpp
[166.377s] -- Installing: /home/jack/ros2_ws/install/dsr_msgs2/include/dsr_msgs2/dsr_msgs2/srv/detail/get_current_pose__traits.hpp
[166.377s] -- Installing: /home/jack/ros2_ws/install/dsr_msgs2/include/dsr_msgs2/dsr_msgs2/srv/detail/ikin__traits.hpp
[166.377s] -- Installing: /home/jack/ros2_ws/install/dsr_msgs2/include/dsr_msgs2/dsr_msgs2/srv/detail/get_current_tool__struct.hpp
[166.378s] -- Installing: /home/jack/ros2_ws/install/dsr_msgs2/include/dsr_msgs2/dsr_msgs2/srv/detail/check_orientation_condition1__type_support.hpp
[166.378s] -- Installing: /home/jack/ros2_ws/install/dsr_msgs2/include/dsr_msgs2/dsr_msgs2/srv/detail/set_accx_rt__builder.hpp
[166.378s] -- Installing: /home/jack/ros2_ws/install/dsr_msgs2/include/dsr_msgs2/dsr_msgs2/srv/detail/release_compliance_ctrl__builder.hpp
[166.378s] -- Installing: /home/jack/ros2_ws/install/dsr_msgs2/include/dsr_msgs2/dsr_msgs2/srv/detail/is_done_bolt_tightening__type_support.hpp
[166.379s] -- Installing: /home/jack/ros2_ws/install/dsr_msgs2/include/dsr_msgs2/dsr_msgs2/srv/detail/serial_send_data__type_support.hpp
[166.379s] -- Installing: /home/jack/ros2_ws/install/dsr_msgs2/include/dsr_msgs2/dsr_msgs2/srv/detail/is_done_bolt_tightening__builder.hpp
[166.379s] -- Installing: /home/jack/ros2_ws/install/dsr_msgs2/include/dsr_msgs2/dsr_msgs2/srv/detail/align_axis2__builder.hpp
[166.380s] -- Installing: /home/jack/ros2_ws/install/dsr_msgs2/include/dsr_msgs2/dsr_msgs2/srv/detail/release_compliance_ctrl__type_support.hpp
[166.380s] -- Installing: /home/jack/ros2_ws/install/dsr_msgs2/include/dsr_msgs2/dsr_msgs2/srv/detail/get_desired_posj__type_support.hpp
[166.380s] -- Installing: /home/jack/ros2_ws/install/dsr_msgs2/include/dsr_msgs2/dsr_msgs2/srv/detail/get_robot_state__struct.hpp
[166.380s] -- Installing: /home/jack/ros2_ws/install/dsr_msgs2/include/dsr_msgs2/dsr_msgs2/srv/detail/get_last_alarm__struct.hpp
[166.381s] -- Installing: /home/jack/ros2_ws/install/dsr_msgs2/include/dsr_msgs2/dsr_msgs2/srv/detail/align_axis1__type_support.hpp
[166.381s] -- Installing: /home/jack/ros2_ws/install/dsr_msgs2/include/dsr_msgs2/dsr_msgs2/srv/detail/set_accx_rt__traits.hpp
[166.381s] -- Installing: /home/jack/ros2_ws/install/dsr_msgs2/include/dsr_msgs2/dsr_msgs2/srv/detail/set_stiffnessx__traits.hpp
[166.382s] -- Installing: /home/jack/ros2_ws/install/dsr_msgs2/include/dsr_msgs2/dsr_msgs2/srv/detail/get_joint_torque__struct.hpp
[166.382s] -- Installing: /home/jack/ros2_ws/install/dsr_msgs2/include/dsr_msgs2/dsr_msgs2/srv/detail/set_rt_control_input__struct.hpp
[166.382s] -- Installing: /home/jack/ros2_ws/install/dsr_msgs2/include/dsr_msgs2/dsr_msgs2/srv/detail/move_blending__type_support.hpp
[166.383s] -- Installing: /home/jack/ros2_ws/install/dsr_msgs2/include/dsr_msgs2/dsr_msgs2/srv/detail/set_velx_rt__traits.hpp
[166.383s] -- Installing: /home/jack/ros2_ws/install/dsr_msgs2/include/dsr_msgs2/dsr_msgs2/srv/detail/robotiq2_f_open__struct.hpp
[166.384s] -- Installing: /home/jack/ros2_ws/install/dsr_msgs2/include/dsr_msgs2/dsr_msgs2/srv/detail/set_ctrl_box_analog_input_type__builder.hpp
[166.384s] -- Installing: /home/jack/ros2_ws/install/dsr_msgs2/include/dsr_msgs2/dsr_msgs2/srv/detail/move_wait__struct.hpp
[166.385s] -- Installing: /home/jack/ros2_ws/install/dsr_msgs2/include/dsr_msgs2/dsr_msgs2/srv/detail/robotiq2_f_close__struct.hpp
[166.385s] -- Installing: /home/jack/ros2_ws/install/dsr_msgs2/include/dsr_msgs2/dsr_msgs2/srv/detail/align_axis1__struct.hpp
[166.385s] -- Installing: /home/jack/ros2_ws/install/dsr_msgs2/include/dsr_msgs2/dsr_msgs2/srv/detail/get_current_tcp__builder.hpp
[166.386s] -- Installing: /home/jack/ros2_ws/install/dsr_msgs2/include/dsr_msgs2/dsr_msgs2/srv/detail/overwrite_user_cart_coord__type_support.hpp
[166.386s] -- Installing: /home/jack/ros2_ws/install/dsr_msgs2/include/dsr_msgs2/dsr_msgs2/srv/detail/config_delete_modbus__struct.hpp
[166.386s] -- Installing: /home/jack/ros2_ws/install/dsr_msgs2/include/dsr_msgs2/dsr_msgs2/srv/detail/config_delete_tool__builder.hpp
[166.387s] -- Installing: /home/jack/ros2_ws/install/dsr_msgs2/include/dsr_msgs2/dsr_msgs2/srv/detail/get_ctrl_box_digital_output__traits.hpp
[166.387s] -- Installing: /home/jack/ros2_ws/install/dsr_msgs2/include/dsr_msgs2/dsr_msgs2/srv/detail/change_operation_speed__traits.hpp
[166.387s] -- Installing: /home/jack/ros2_ws/install/dsr_msgs2/include/dsr_msgs2/dsr_msgs2/srv/detail/robotiq2_f_open__traits.hpp
[166.388s] -- Installing: /home/jack/ros2_ws/install/dsr_msgs2/include/dsr_msgs2/dsr_msgs2/srv/detail/get_workpiece_weight__struct.hpp
[166.388s] -- Installing: /home/jack/ros2_ws/install/dsr_msgs2/include/dsr_msgs2/dsr_msgs2/srv/detail/get_current_pose__builder.hpp
[166.389s] -- Installing: /home/jack/ros2_ws/install/dsr_msgs2/include/dsr_msgs2/dsr_msgs2/srv/detail/get_rt_control_input_data_list__type_support.hpp
[166.389s] -- Installing: /home/jack/ros2_ws/install/dsr_msgs2/include/dsr_msgs2/dsr_msgs2/srv/detail/set_tool_shape__traits.hpp
[166.389s] -- Installing: /home/jack/ros2_ws/install/dsr_msgs2/include/dsr_msgs2/dsr_msgs2/srv/detail/get_rt_control_input_data_list__traits.hpp
[166.390s] -- Installing: /home/jack/ros2_ws/install/dsr_msgs2/include/dsr_msgs2/dsr_msgs2/srv/detail/get_joint_torque__traits.hpp
[166.390s] -- Installing: /home/jack/ros2_ws/install/dsr_msgs2/include/dsr_msgs2/dsr_msgs2/srv/detail/move_spline_task__struct.hpp
[166.390s] -- Installing: /home/jack/ros2_ws/install/dsr_msgs2/include/dsr_msgs2/dsr_msgs2/srv/detail/set_singularity_handling__traits.hpp
[166.391s] -- Installing: /home/jack/ros2_ws/install/dsr_msgs2/include/dsr_msgs2/dsr_msgs2/srv/detail/move_circle__type_support.hpp
[166.391s] -- Installing: /home/jack/ros2_ws/install/dsr_msgs2/include/dsr_msgs2/dsr_msgs2/srv/detail/overwrite_user_cart_coord__builder.hpp
[166.391s] -- Installing: /home/jack/ros2_ws/install/dsr_msgs2/include/dsr_msgs2/dsr_msgs2/srv/detail/move_wait__traits.hpp
[166.392s] -- Installing: /home/jack/ros2_ws/install/dsr_msgs2/include/dsr_msgs2/dsr_msgs2/srv/detail/config_delete_tcp__type_support.hpp
[166.392s] -- Installing: /home/jack/ros2_ws/install/dsr_msgs2/include/dsr_msgs2/dsr_msgs2/srv/detail/task_compliance_ctrl__type_support.hpp
[166.392s] -- Installing: /home/jack/ros2_ws/install/dsr_msgs2/include/dsr_msgs2/dsr_msgs2/srv/detail/move_spline_joint__type_support.hpp
[166.393s] -- Installing: /home/jack/ros2_ws/install/dsr_msgs2/include/dsr_msgs2/dsr_msgs2/srv/detail/set_ctrl_box_analog_output__traits.hpp
[166.393s] -- Installing: /home/jack/ros2_ws/install/dsr_msgs2/include/dsr_msgs2/dsr_msgs2/srv/detail/move_home__builder.hpp
[166.393s] -- Installing: /home/jack/ros2_ws/install/dsr_msgs2/include/dsr_msgs2/dsr_msgs2/srv/detail/set_rt_control_output__type_support.hpp
[166.393s] -- Installing: /home/jack/ros2_ws/install/dsr_msgs2/include/dsr_msgs2/dsr_msgs2/srv/detail/stop_rt_control__builder.hpp
[166.394s] -- Installing: /home/jack/ros2_ws/install/dsr_msgs2/include/dsr_msgs2/dsr_msgs2/srv/detail/move_home__struct.hpp
[166.394s] -- Installing: /home/jack/ros2_ws/install/dsr_msgs2/include/dsr_msgs2/dsr_msgs2/srv/detail/config_delete_tool__struct.hpp
[166.395s] -- Installing: /home/jack/ros2_ws/install/dsr_msgs2/include/dsr_msgs2/dsr_msgs2/srv/detail/move_spline_task__traits.hpp
[166.395s] -- Installing: /home/jack/ros2_ws/install/dsr_msgs2/include/dsr_msgs2/dsr_msgs2/srv/detail/get_control_space__traits.hpp
[166.395s] -- Installing: /home/jack/ros2_ws/install/dsr_msgs2/include/dsr_msgs2/dsr_msgs2/srv/detail/robotiq2_f_move__type_support.hpp
[166.396s] -- Installing: /home/jack/ros2_ws/install/dsr_msgs2/include/dsr_msgs2/dsr_msgs2/srv/detail/set_user_cart_coord1__type_support.hpp
[166.396s] -- Installing: /home/jack/ros2_ws/install/dsr_msgs2/include/dsr_msgs2/dsr_msgs2/srv/detail/jog__struct.hpp
[166.396s] -- Installing: /home/jack/ros2_ws/install/dsr_msgs2/include/dsr_msgs2/dsr_msgs2/srv/detail/get_current_solution_space__type_support.hpp
[166.397s] -- Installing: /home/jack/ros2_ws/install/dsr_msgs2/include/dsr_msgs2/dsr_msgs2/srv/detail/set_safe_stop_reset_type__type_support.hpp
[166.397s] -- Installing: /home/jack/ros2_ws/install/dsr_msgs2/include/dsr_msgs2/dsr_msgs2/srv/detail/disconnect_rt_control__traits.hpp
[166.397s] -- Installing: /home/jack/ros2_ws/install/dsr_msgs2/include/dsr_msgs2/dsr_msgs2/srv/detail/drl_pause__builder.hpp
[166.398s] -- Installing: /home/jack/ros2_ws/install/dsr_msgs2/include/dsr_msgs2/dsr_msgs2/srv/detail/jog_multi__type_support.hpp
[166.398s] -- Installing: /home/jack/ros2_ws/install/dsr_msgs2/include/dsr_msgs2/dsr_msgs2/srv/detail/set_robot_speed_mode__builder.hpp
[166.399s] -- Installing: /home/jack/ros2_ws/install/dsr_msgs2/include/dsr_msgs2/dsr_msgs2/srv/detail/set_ctrl_box_analog_output__builder.hpp
[166.399s] -- Installing: /home/jack/ros2_ws/install/dsr_msgs2/include/dsr_msgs2/dsr_msgs2/srv/detail/coord_transform__builder.hpp
[166.399s] -- Installing: /home/jack/ros2_ws/install/dsr_msgs2/include/dsr_msgs2/dsr_msgs2/srv/detail/set_ctrl_box_analog_output__type_support.hpp
[166.399s] -- Installing: /home/jack/ros2_ws/install/dsr_msgs2/include/dsr_msgs2/dsr_msgs2/srv/detail/drl_stop__type_support.hpp
[166.399s] -- Installing: /home/jack/ros2_ws/install/dsr_msgs2/include/dsr_msgs2/dsr_msgs2/srv/detail/get_solution_space__struct.hpp
[166.400s] -- Installing: /home/jack/ros2_ws/install/dsr_msgs2/include/dsr_msgs2/dsr_msgs2/srv/detail/coord_transform__struct.hpp
[166.400s] -- Installing: /home/jack/ros2_ws/install/dsr_msgs2/include/dsr_msgs2/dsr_msgs2/srv/detail/move_pause__builder.hpp
[166.401s] -- Installing: /home/jack/ros2_ws/install/dsr_msgs2/include/dsr_msgs2/dsr_msgs2/srv/detail/move_line__type_support.hpp
[166.401s] -- Installing: /home/jack/ros2_ws/install/dsr_msgs2/include/dsr_msgs2/dsr_msgs2/srv/detail/get_robot_state__traits.hpp
[166.401s] -- Installing: /home/jack/ros2_ws/install/dsr_msgs2/include/dsr_msgs2/dsr_msgs2/srv/detail/set_velj_rt__traits.hpp
[166.401s] -- Installing: /home/jack/ros2_ws/install/dsr_msgs2/include/dsr_msgs2/dsr_msgs2/srv/detail/task_compliance_ctrl__traits.hpp
[166.402s] -- Installing: /home/jack/ros2_ws/install/dsr_msgs2/include/dsr_msgs2/dsr_msgs2/srv/detail/set_rt_control_output__traits.hpp
[166.402s] -- Installing: /home/jack/ros2_ws/install/dsr_msgs2/include/dsr_msgs2/dsr_msgs2/srv/detail/parallel_axis1__struct.hpp
[166.402s] -- Installing: /home/jack/ros2_ws/install/dsr_msgs2/include/dsr_msgs2/dsr_msgs2/srv/detail/set_singularity_handling__struct.hpp
[166.403s] -- Installing: /home/jack/ros2_ws/install/dsr_msgs2/include/dsr_msgs2/dsr_msgs2/srv/detail/servo_off__builder.hpp
[166.403s] -- Installing: /home/jack/ros2_ws/install/dsr_msgs2/include/dsr_msgs2/dsr_msgs2/srv/detail/config_delete_tool__traits.hpp
[166.403s] -- Installing: /home/jack/ros2_ws/install/dsr_msgs2/include/dsr_msgs2/dsr_msgs2/srv/detail/set_tool_shape__type_support.hpp
[166.403s] -- Installing: /home/jack/ros2_ws/install/dsr_msgs2/include/dsr_msgs2/dsr_msgs2/srv/detail/jog_multi__traits.hpp
[166.404s] -- Installing: /home/jack/ros2_ws/install/dsr_msgs2/include/dsr_msgs2/dsr_msgs2/srv/detail/set_tool_shape__builder.hpp
[166.404s] -- Installing: /home/jack/ros2_ws/install/dsr_msgs2/include/dsr_msgs2/dsr_msgs2/srv/detail/move_pause__struct.hpp
[166.404s] -- Installing: /home/jack/ros2_ws/install/dsr_msgs2/include/dsr_msgs2/dsr_msgs2/srv/detail/set_modbus_output__struct.hpp
[166.405s] -- Installing: /home/jack/ros2_ws/install/dsr_msgs2/include/dsr_msgs2/dsr_msgs2/srv/detail/drl_pause__type_support.hpp
[166.405s] -- Installing: /home/jack/ros2_ws/install/dsr_msgs2/include/dsr_msgs2/dsr_msgs2/srv/detail/set_rt_control_input__traits.hpp
[166.405s] -- Installing: /home/jack/ros2_ws/install/dsr_msgs2/include/dsr_msgs2/dsr_msgs2/srv/detail/set_current_tcp__builder.hpp
[166.405s] -- Installing: /home/jack/ros2_ws/install/dsr_msgs2/include/dsr_msgs2/dsr_msgs2/srv/detail/move_spline_task__type_support.hpp
[166.406s] -- Installing: /home/jack/ros2_ws/install/dsr_msgs2/include/dsr_msgs2/dsr_msgs2/srv/detail/get_current_velj__traits.hpp
[166.406s] -- Installing: /home/jack/ros2_ws/install/dsr_msgs2/include/dsr_msgs2/dsr_msgs2/srv/detail/get_current_posj__builder.hpp
[166.406s] -- Installing: /home/jack/ros2_ws/install/dsr_msgs2/include/dsr_msgs2/dsr_msgs2/srv/detail/ikin__builder.hpp
[166.406s] -- Installing: /home/jack/ros2_ws/install/dsr_msgs2/include/dsr_msgs2/dsr_msgs2/srv/detail/get_control_mode__builder.hpp
[166.407s] -- Installing: /home/jack/ros2_ws/install/dsr_msgs2/include/dsr_msgs2/dsr_msgs2/srv/detail/move_periodic__traits.hpp
[166.407s] -- Installing: /home/jack/ros2_ws/install/dsr_msgs2/include/dsr_msgs2/dsr_msgs2/srv/detail/change_operation_speed__type_support.hpp
[166.407s] -- Installing: /home/jack/ros2_ws/install/dsr_msgs2/include/dsr_msgs2/dsr_msgs2/srv/detail/change_collision_sensitivity__struct.hpp
[166.407s] -- Installing: /home/jack/ros2_ws/install/dsr_msgs2/include/dsr_msgs2/dsr_msgs2/srv/detail/enable_alter_motion__struct.hpp
[166.408s] -- Installing: /home/jack/ros2_ws/install/dsr_msgs2/include/dsr_msgs2/dsr_msgs2/srv/detail/get_robot_speed_mode__builder.hpp
[166.408s] -- Installing: /home/jack/ros2_ws/install/dsr_msgs2/include/dsr_msgs2/dsr_msgs2/srv/detail/get_ctrl_box_digital_output__builder.hpp
[166.408s] -- Installing: /home/jack/ros2_ws/install/dsr_msgs2/include/dsr_msgs2/dsr_msgs2/srv/detail/get_current_tool_flange_posx__type_support.hpp
[166.408s] -- Installing: /home/jack/ros2_ws/install/dsr_msgs2/include/dsr_msgs2/dsr_msgs2/srv/detail/get_control_space__type_support.hpp
[166.409s] -- Installing: /home/jack/ros2_ws/install/dsr_msgs2/include/dsr_msgs2/dsr_msgs2/srv/detail/get_last_alarm__type_support.hpp
[166.409s] -- Installing: /home/jack/ros2_ws/install/dsr_msgs2/include/dsr_msgs2/dsr_msgs2/srv/detail/set_accj_rt__traits.hpp
[166.409s] -- Installing: /home/jack/ros2_ws/install/dsr_msgs2/include/dsr_msgs2/dsr_msgs2/srv/detail/set_user_cart_coord1__traits.hpp
[166.410s] -- Installing: /home/jack/ros2_ws/install/dsr_msgs2/include/dsr_msgs2/dsr_msgs2/srv/detail/jog_multi__builder.hpp
[166.410s] -- Installing: /home/jack/ros2_ws/install/dsr_msgs2/include/dsr_msgs2/dsr_msgs2/srv/detail/set_desired_force__struct.hpp
[166.410s] -- Installing: /home/jack/ros2_ws/install/dsr_msgs2/include/dsr_msgs2/dsr_msgs2/srv/detail/calc_coord__builder.hpp
[166.411s] -- Installing: /home/jack/ros2_ws/install/dsr_msgs2/include/dsr_msgs2/dsr_msgs2/srv/detail/move_resume__traits.hpp
[166.411s] -- Installing: /home/jack/ros2_ws/install/dsr_msgs2/include/dsr_msgs2/dsr_msgs2/srv/detail/is_done_bolt_tightening__traits.hpp
[166.411s] -- Installing: /home/jack/ros2_ws/install/dsr_msgs2/include/dsr_msgs2/dsr_msgs2/srv/detail/trans__traits.hpp
[166.411s] -- Installing: /home/jack/ros2_ws/install/dsr_msgs2/include/dsr_msgs2/dsr_msgs2/srv/detail/check_position_condition__builder.hpp
[166.412s] -- Installing: /home/jack/ros2_ws/install/dsr_msgs2/include/dsr_msgs2/dsr_msgs2/srv/detail/check_position_condition__type_support.hpp
[166.412s] -- Installing: /home/jack/ros2_ws/install/dsr_msgs2/include/dsr_msgs2/dsr_msgs2/srv/detail/move_resume__builder.hpp
[166.412s] -- Installing: /home/jack/ros2_ws/install/dsr_msgs2/include/dsr_msgs2/dsr_msgs2/srv/detail/get_tool_force__struct.hpp
[166.413s] -- Installing: /home/jack/ros2_ws/install/dsr_msgs2/include/dsr_msgs2/dsr_msgs2/srv/detail/get_ctrl_box_analog_input__struct.hpp
[166.413s] -- Installing: /home/jack/ros2_ws/install/dsr_msgs2/include/dsr_msgs2/dsr_msgs2/srv/detail/get_tool_digital_input__builder.hpp
[166.413s] -- Installing: /home/jack/ros2_ws/install/dsr_msgs2/include/dsr_msgs2/dsr_msgs2/srv/detail/get_current_rotm__traits.hpp
[166.414s] -- Installing: /home/jack/ros2_ws/install/dsr_msgs2/include/dsr_msgs2/dsr_msgs2/srv/detail/check_orientation_condition2__struct.hpp
[166.414s] -- Installing: /home/jack/ros2_ws/install/dsr_msgs2/include/dsr_msgs2/dsr_msgs2/srv/detail/set_robot_mode__struct.hpp
[166.415s] -- Installing: /home/jack/ros2_ws/install/dsr_msgs2/include/dsr_msgs2/dsr_msgs2/srv/detail/move_stop__struct.hpp
[166.415s] -- Installing: /home/jack/ros2_ws/install/dsr_msgs2/include/dsr_msgs2/dsr_msgs2/srv/detail/get_current_rotm__builder.hpp
[166.415s] -- Installing: /home/jack/ros2_ws/install/dsr_msgs2/include/dsr_msgs2/dsr_msgs2/srv/detail/task_compliance_ctrl__struct.hpp
[166.416s] -- Installing: /home/jack/ros2_ws/install/dsr_msgs2/include/dsr_msgs2/dsr_msgs2/srv/detail/get_rt_control_input_data_list__struct.hpp
[166.416s] -- Installing: /home/jack/ros2_ws/install/dsr_msgs2/include/dsr_msgs2/dsr_msgs2/srv/detail/overwrite_user_cart_coord__traits.hpp
[166.416s] -- Installing: /home/jack/ros2_ws/install/dsr_msgs2/include/dsr_msgs2/dsr_msgs2/srv/detail/set_stiffnessx__type_support.hpp
[166.417s] -- Installing: /home/jack/ros2_ws/install/dsr_msgs2/include/dsr_msgs2/dsr_msgs2/srv/detail/get_orientation_error__type_support.hpp
[166.417s] -- Installing: /home/jack/ros2_ws/install/dsr_msgs2/include/dsr_msgs2/dsr_msgs2/srv/detail/get_robot_mode__type_support.hpp
[166.418s] -- Installing: /home/jack/ros2_ws/install/dsr_msgs2/include/dsr_msgs2/dsr_msgs2/srv/detail/set_ctrl_box_analog_output_type__type_support.hpp
[166.418s] -- Installing: /home/jack/ros2_ws/install/dsr_msgs2/include/dsr_msgs2/dsr_msgs2/srv/detail/check_motion__builder.hpp
[166.418s] -- Installing: /home/jack/ros2_ws/install/dsr_msgs2/include/dsr_msgs2/dsr_msgs2/srv/detail/set_ctrl_box_analog_input_type__traits.hpp
[166.418s] -- Installing: /home/jack/ros2_ws/install/dsr_msgs2/include/dsr_msgs2/dsr_msgs2/srv/detail/set_velj_rt__builder.hpp
[166.419s] -- Installing: /home/jack/ros2_ws/install/dsr_msgs2/include/dsr_msgs2/dsr_msgs2/srv/detail/reset_workpiece_weight__traits.hpp
[166.419s] -- Installing: /home/jack/ros2_ws/install/dsr_msgs2/include/dsr_msgs2/dsr_msgs2/srv/detail/change_collision_sensitivity__traits.hpp
[166.419s] -- Installing: /home/jack/ros2_ws/install/dsr_msgs2/include/dsr_msgs2/dsr_msgs2/srv/detail/get_solution_space__type_support.hpp
[166.420s] -- Installing: /home/jack/ros2_ws/install/dsr_msgs2/include/dsr_msgs2/dsr_msgs2/srv/detail/write_data_rt__traits.hpp
[166.420s] -- Installing: /home/jack/ros2_ws/install/dsr_msgs2/include/dsr_msgs2/dsr_msgs2/srv/detail/get_drl_state__struct.hpp
[166.420s] -- Installing: /home/jack/ros2_ws/install/dsr_msgs2/include/dsr_msgs2/dsr_msgs2/srv/detail/robotiq2_f_close__traits.hpp
[166.421s] -- Installing: /home/jack/ros2_ws/install/dsr_msgs2/include/dsr_msgs2/dsr_msgs2/srv/detail/set_tool_digital_output__traits.hpp
[166.421s] -- Installing: /home/jack/ros2_ws/install/dsr_msgs2/include/dsr_msgs2/dsr_msgs2/srv/detail/move_spiral__traits.hpp
[166.422s] -- Installing: /home/jack/ros2_ws/install/dsr_msgs2/include/dsr_msgs2/dsr_msgs2/srv/detail/read_data_rt__builder.hpp
[166.423s] -- Installing: /home/jack/ros2_ws/install/dsr_msgs2/include/dsr_msgs2/dsr_msgs2/srv/detail/get_rt_control_output_data_list__struct.hpp
[166.424s] -- Installing: /home/jack/ros2_ws/install/dsr_msgs2/include/dsr_msgs2/dsr_msgs2/srv/detail/set_tool_digital_output__struct.hpp
[166.425s] -- Installing: /home/jack/ros2_ws/install/dsr_msgs2/include/dsr_msgs2/dsr_msgs2/srv/detail/parallel_axis2__builder.hpp
[166.425s] -- Installing: /home/jack/ros2_ws/install/dsr_msgs2/include/dsr_msgs2/dsr_msgs2/srv/detail/parallel_axis1__traits.hpp
[166.426s] -- Installing: /home/jack/ros2_ws/install/dsr_msgs2/include/dsr_msgs2/dsr_msgs2/srv/detail/config_delete_tool__type_support.hpp
[166.426s] -- Installing: /home/jack/ros2_ws/install/dsr_msgs2/include/dsr_msgs2/dsr_msgs2/srv/detail/get_desired_posx__struct.hpp
[166.427s] -- Installing: /home/jack/ros2_ws/install/dsr_msgs2/include/dsr_msgs2/dsr_msgs2/srv/detail/get_rt_control_output_data_list__type_support.hpp
[166.427s] -- Installing: /home/jack/ros2_ws/install/dsr_msgs2/include/dsr_msgs2/dsr_msgs2/srv/detail/get_current_posx__builder.hpp
[166.427s] -- Installing: /home/jack/ros2_ws/install/dsr_msgs2/include/dsr_msgs2/dsr_msgs2/srv/detail/serial_send_data__builder.hpp
[166.428s] -- Installing: /home/jack/ros2_ws/install/dsr_msgs2/include/dsr_msgs2/dsr_msgs2/srv/detail/get_current_velj__type_support.hpp
[166.428s] -- Installing: /home/jack/ros2_ws/install/dsr_msgs2/include/dsr_msgs2/dsr_msgs2/srv/detail/get_desired_velx__traits.hpp
[166.428s] -- Installing: /home/jack/ros2_ws/install/dsr_msgs2/include/dsr_msgs2/dsr_msgs2/srv/detail/set_ctrl_box_digital_output__builder.hpp
[166.429s] -- Installing: /home/jack/ros2_ws/install/dsr_msgs2/include/dsr_msgs2/dsr_msgs2/srv/detail/get_last_alarm__builder.hpp
[166.429s] -- Installing: /home/jack/ros2_ws/install/dsr_msgs2/include/dsr_msgs2/dsr_msgs2/srv/detail/get_joint_torque__type_support.hpp
[166.429s] -- Installing: /home/jack/ros2_ws/install/dsr_msgs2/include/dsr_msgs2/dsr_msgs2/srv/detail/get_user_cart_coord__struct.hpp
[166.430s] -- Installing: /home/jack/ros2_ws/install/dsr_msgs2/include/dsr_msgs2/dsr_msgs2/srv/detail/set_robot_mode__type_support.hpp
[166.430s] -- Installing: /home/jack/ros2_ws/install/dsr_msgs2/include/dsr_msgs2/dsr_msgs2/srv/detail/set_current_tool__type_support.hpp
[166.431s] -- Installing: /home/jack/ros2_ws/install/dsr_msgs2/include/dsr_msgs2/dsr_msgs2/srv/detail/get_rt_control_output_version_list__struct.hpp
[166.431s] -- Installing: /home/jack/ros2_ws/install/dsr_msgs2/include/dsr_msgs2/dsr_msgs2/srv/detail/set_robot_speed_mode__traits.hpp
[166.431s] -- Installing: /home/jack/ros2_ws/install/dsr_msgs2/include/dsr_msgs2/dsr_msgs2/srv/detail/set_desired_force__builder.hpp
[166.432s] -- Installing: /home/jack/ros2_ws/install/dsr_msgs2/include/dsr_msgs2/dsr_msgs2/srv/detail/move_home__traits.hpp
[166.432s] -- Installing: /home/jack/ros2_ws/install/dsr_msgs2/include/dsr_msgs2/dsr_msgs2/srv/detail/config_delete_modbus__builder.hpp
[166.433s] -- Installing: /home/jack/ros2_ws/install/dsr_msgs2/include/dsr_msgs2/dsr_msgs2/srv/detail/get_external_torque__builder.hpp
[166.433s] -- Installing: /home/jack/ros2_ws/install/dsr_msgs2/include/dsr_msgs2/dsr_msgs2/srv/detail/get_ctrl_box_digital_output__type_support.hpp
[166.433s] -- Installing: /home/jack/ros2_ws/install/dsr_msgs2/include/dsr_msgs2/dsr_msgs2/srv/detail/set_user_cart_coord3__builder.hpp
[166.433s] -- Installing: /home/jack/ros2_ws/install/dsr_msgs2/include/dsr_msgs2/dsr_msgs2/srv/detail/set_desired_force__type_support.hpp
[166.434s] -- Installing: /home/jack/ros2_ws/install/dsr_msgs2/include/dsr_msgs2/dsr_msgs2/srv/detail/get_last_alarm__traits.hpp
[166.434s] -- Installing: /home/jack/ros2_ws/install/dsr_msgs2/include/dsr_msgs2/dsr_msgs2/srv/detail/set_stiffnessx__builder.hpp
[166.434s] -- Installing: /home/jack/ros2_ws/install/dsr_msgs2/include/dsr_msgs2/dsr_msgs2/srv/detail/get_tool_force__type_support.hpp
[166.435s] -- Installing: /home/jack/ros2_ws/install/dsr_msgs2/include/dsr_msgs2/dsr_msgs2/srv/detail/move_pause__type_support.hpp
[166.435s] -- Installing: /home/jack/ros2_ws/install/dsr_msgs2/include/dsr_msgs2/dsr_msgs2/srv/detail/drl_start__traits.hpp
[166.435s] -- Installing: /home/jack/ros2_ws/install/dsr_msgs2/include/dsr_msgs2/dsr_msgs2/srv/detail/get_robot_mode__traits.hpp
[166.436s] -- Installing: /home/jack/ros2_ws/install/dsr_msgs2/include/dsr_msgs2/dsr_msgs2/srv/detail/read_data_rt__type_support.hpp
[166.436s] -- Installing: /home/jack/ros2_ws/install/dsr_msgs2/include/dsr_msgs2/dsr_msgs2/srv/detail/is_done_bolt_tightening__struct.hpp
[166.436s] -- Installing: /home/jack/ros2_ws/install/dsr_msgs2/include/dsr_msgs2/dsr_msgs2/srv/detail/move_blending__builder.hpp
[166.437s] -- Installing: /home/jack/ros2_ws/install/dsr_msgs2/include/dsr_msgs2/dsr_msgs2/srv/detail/get_external_torque__type_support.hpp
[166.437s] -- Installing: /home/jack/ros2_ws/install/dsr_msgs2/include/dsr_msgs2/dsr_msgs2/srv/detail/fkin__type_support.hpp
[166.437s] -- Installing: /home/jack/ros2_ws/install/dsr_msgs2/include/dsr_msgs2/dsr_msgs2/srv/detail/release_force__type_support.hpp
[166.438s] -- Installing: /home/jack/ros2_ws/install/dsr_msgs2/include/dsr_msgs2/dsr_msgs2/srv/detail/get_desired_velx__builder.hpp
[166.438s] -- Installing: /home/jack/ros2_ws/install/dsr_msgs2/include/dsr_msgs2/dsr_msgs2/srv/detail/start_rt_control__traits.hpp
[166.438s] -- Installing: /home/jack/ros2_ws/install/dsr_msgs2/include/dsr_msgs2/dsr_msgs2/srv/detail/get_current_pose__struct.hpp
[166.439s] -- Installing: /home/jack/ros2_ws/install/dsr_msgs2/include/dsr_msgs2/dsr_msgs2/srv/detail/get_tool_digital_input__type_support.hpp
[166.439s] -- Installing: /home/jack/ros2_ws/install/dsr_msgs2/include/dsr_msgs2/dsr_msgs2/srv/detail/align_axis2__traits.hpp
[166.439s] -- Installing: /home/jack/ros2_ws/install/dsr_msgs2/include/dsr_msgs2/dsr_msgs2/srv/detail/get_rt_control_input_version_list__type_support.hpp
[166.439s] -- Installing: /home/jack/ros2_ws/install/dsr_msgs2/include/dsr_msgs2/dsr_msgs2/srv/detail/get_user_cart_coord__traits.hpp
[166.440s] -- Installing: /home/jack/ros2_ws/install/dsr_msgs2/include/dsr_msgs2/dsr_msgs2/srv/detail/get_tool_digital_output__traits.hpp
[166.440s] -- Installing: /home/jack/ros2_ws/install/dsr_msgs2/include/dsr_msgs2/dsr_msgs2/srv/detail/alter_motion__struct.hpp
[166.440s] -- Installing: /home/jack/ros2_ws/install/dsr_msgs2/include/dsr_msgs2/dsr_msgs2/srv/detail/robotiq2_f_close__builder.hpp
[166.441s] -- Installing: /home/jack/ros2_ws/install/dsr_msgs2/include/dsr_msgs2/dsr_msgs2/srv/detail/move_home__type_support.hpp
[166.441s] -- Installing: /home/jack/ros2_ws/install/dsr_msgs2/include/dsr_msgs2/dsr_msgs2/srv/detail/config_create_modbus__type_support.hpp
[166.441s] -- Installing: /home/jack/ros2_ws/install/dsr_msgs2/include/dsr_msgs2/dsr_msgs2/srv/detail/set_velj_rt__type_support.hpp
[166.442s] -- Installing: /home/jack/ros2_ws/install/dsr_msgs2/include/dsr_msgs2/dsr_msgs2/srv/detail/set_tool_digital_output__builder.hpp
[166.442s] -- Installing: /home/jack/ros2_ws/install/dsr_msgs2/include/dsr_msgs2/dsr_msgs2/srv/detail/set_ctrl_box_digital_output__type_support.hpp
[166.442s] -- Installing: /home/jack/ros2_ws/install/dsr_msgs2/include/dsr_msgs2/dsr_msgs2/srv/detail/set_safety_mode__traits.hpp
[166.442s] -- Installing: /home/jack/ros2_ws/install/dsr_msgs2/include/dsr_msgs2/dsr_msgs2/srv/detail/set_robot_mode__builder.hpp
[166.443s] -- Installing: /home/jack/ros2_ws/install/dsr_msgs2/include/dsr_msgs2/dsr_msgs2/srv/detail/robotiq2_f_open__builder.hpp
[166.443s] -- Installing: /home/jack/ros2_ws/install/dsr_msgs2/include/dsr_msgs2/dsr_msgs2/srv/detail/get_drl_state__type_support.hpp
[166.443s] -- Installing: /home/jack/ros2_ws/install/dsr_msgs2/include/dsr_msgs2/dsr_msgs2/srv/detail/config_create_tool__traits.hpp
[166.443s] -- Installing: /home/jack/ros2_ws/install/dsr_msgs2/include/dsr_msgs2/dsr_msgs2/srv/detail/move_line__builder.hpp
[166.444s] -- Installing: /home/jack/ros2_ws/install/dsr_msgs2/include/dsr_msgs2/dsr_msgs2/srv/detail/check_motion__type_support.hpp
[166.444s] -- Installing: /home/jack/ros2_ws/install/dsr_msgs2/include/dsr_msgs2/dsr_msgs2/srv/detail/set_robot_system__type_support.hpp
[166.444s] -- Installing: /home/jack/ros2_ws/install/dsr_msgs2/include/dsr_msgs2/dsr_msgs2/srv/detail/set_ctrl_box_analog_input_type__struct.hpp
[166.445s] -- Installing: /home/jack/ros2_ws/install/dsr_msgs2/include/dsr_msgs2/dsr_msgs2/srv/detail/set_modbus_output__builder.hpp
[166.445s] -- Installing: /home/jack/ros2_ws/install/dsr_msgs2/include/dsr_msgs2/dsr_msgs2/srv/detail/set_robot_system__traits.hpp
[166.445s] -- Installing: /home/jack/ros2_ws/install/dsr_msgs2/include/dsr_msgs2/dsr_msgs2/srv/detail/reset_workpiece_weight__struct.hpp
[166.446s] -- Installing: /home/jack/ros2_ws/install/dsr_msgs2/include/dsr_msgs2/dsr_msgs2/srv/detail/move_resume__struct.hpp
[166.446s] -- Installing: /home/jack/ros2_ws/install/dsr_msgs2/include/dsr_msgs2/dsr_msgs2/srv/detail/set_modbus_output__traits.hpp
[166.447s] -- Installing: /home/jack/ros2_ws/install/dsr_msgs2/include/dsr_msgs2/dsr_msgs2/srv/detail/trans__builder.hpp
[166.447s] -- Installing: /home/jack/ros2_ws/install/dsr_msgs2/include/dsr_msgs2/dsr_msgs2/srv/detail/stop_rt_control__traits.hpp
[166.448s] -- Installing: /home/jack/ros2_ws/install/dsr_msgs2/include/dsr_msgs2/dsr_msgs2/srv/detail/read_data_rt__traits.hpp
[166.449s] -- Installing: /home/jack/ros2_ws/install/dsr_msgs2/include/dsr_msgs2/dsr_msgs2/srv/detail/config_create_modbus__traits.hpp
[166.449s] -- Installing: /home/jack/ros2_ws/install/dsr_msgs2/include/dsr_msgs2/dsr_msgs2/srv/detail/get_current_posj__struct.hpp
[166.449s] -- Installing: /home/jack/ros2_ws/install/dsr_msgs2/include/dsr_msgs2/dsr_msgs2/srv/detail/release_compliance_ctrl__struct.hpp
[166.450s] -- Installing: /home/jack/ros2_ws/install/dsr_msgs2/include/dsr_msgs2/dsr_msgs2/srv/detail/change_collision_sensitivity__type_support.hpp
[166.450s] -- Installing: /home/jack/ros2_ws/install/dsr_msgs2/include/dsr_msgs2/dsr_msgs2/srv/detail/set_rt_control_input__builder.hpp
[166.450s] -- Installing: /home/jack/ros2_ws/install/dsr_msgs2/include/dsr_msgs2/dsr_msgs2/srv/detail/stop_rt_control__struct.hpp
[166.452s] -- Installing: /home/jack/ros2_ws/install/dsr_msgs2/include/dsr_msgs2/dsr_msgs2/srv/detail/disable_alter_motion__traits.hpp
[166.452s] -- Installing: /home/jack/ros2_ws/install/dsr_msgs2/include/dsr_msgs2/dsr_msgs2/srv/detail/config_create_tcp__builder.hpp
[166.452s] -- Installing: /home/jack/ros2_ws/install/dsr_msgs2/include/dsr_msgs2/dsr_msgs2/srv/detail/move_jointx__traits.hpp
[166.452s] -- Installing: /home/jack/ros2_ws/install/dsr_msgs2/include/dsr_msgs2/dsr_msgs2/srv/detail/get_ctrl_box_digital_input__builder.hpp
[166.453s] -- Installing: /home/jack/ros2_ws/install/dsr_msgs2/include/dsr_msgs2/dsr_msgs2/srv/detail/get_ctrl_box_analog_input__type_support.hpp
[166.453s] -- Installing: /home/jack/ros2_ws/install/dsr_msgs2/include/dsr_msgs2/dsr_msgs2/srv/detail/get_current_tool_flange_posx__traits.hpp
[166.453s] -- Installing: /home/jack/ros2_ws/install/dsr_msgs2/include/dsr_msgs2/dsr_msgs2/srv/detail/set_rt_control_output__struct.hpp
[166.454s] -- Installing: /home/jack/ros2_ws/install/dsr_msgs2/include/dsr_msgs2/dsr_msgs2/srv/detail/set_accj_rt__struct.hpp
[166.454s] -- Installing: /home/jack/ros2_ws/install/dsr_msgs2/include/dsr_msgs2/dsr_msgs2/srv/detail/get_desired_velx__type_support.hpp
[166.454s] -- Installing: /home/jack/ros2_ws/install/dsr_msgs2/include/dsr_msgs2/dsr_msgs2/srv/detail/get_orientation_error__builder.hpp
[166.455s] -- Installing: /home/jack/ros2_ws/install/dsr_msgs2/include/dsr_msgs2/dsr_msgs2/srv/detail/get_tool_digital_output__type_support.hpp
[166.455s] -- Installing: /home/jack/ros2_ws/install/dsr_msgs2/include/dsr_msgs2/dsr_msgs2/srv/detail/set_accj_rt__type_support.hpp
[166.455s] -- Installing: /home/jack/ros2_ws/install/dsr_msgs2/include/dsr_msgs2/dsr_msgs2/srv/detail/check_orientation_condition2__type_support.hpp
[166.455s] -- Installing: /home/jack/ros2_ws/install/dsr_msgs2/include/dsr_msgs2/dsr_msgs2/srv/detail/get_rt_control_input_version_list__traits.hpp
[166.456s] -- Installing: /home/jack/ros2_ws/install/dsr_msgs2/include/dsr_msgs2/dsr_msgs2/srv/detail/get_control_space__builder.hpp
[166.456s] -- Installing: /home/jack/ros2_ws/install/dsr_msgs2/include/dsr_msgs2/dsr_msgs2/srv/detail/set_current_tcp__struct.hpp
[166.456s] -- Installing: /home/jack/ros2_ws/install/dsr_msgs2/include/dsr_msgs2/dsr_msgs2/srv/detail/robotiq2_f_open__type_support.hpp
[166.457s] -- Installing: /home/jack/ros2_ws/install/dsr_msgs2/include/dsr_msgs2/dsr_msgs2/srv/detail/fkin__struct.hpp
[166.457s] -- Installing: /home/jack/ros2_ws/install/dsr_msgs2/include/dsr_msgs2/dsr_msgs2/srv/detail/config_create_tcp__struct.hpp
[166.457s] -- Installing: /home/jack/ros2_ws/install/dsr_msgs2/include/dsr_msgs2/dsr_msgs2/srv/detail/parallel_axis1__builder.hpp
[166.458s] -- Installing: /home/jack/ros2_ws/install/dsr_msgs2/include/dsr_msgs2/dsr_msgs2/srv/detail/get_user_cart_coord__builder.hpp
[166.458s] -- Installing: /home/jack/ros2_ws/install/dsr_msgs2/include/dsr_msgs2/dsr_msgs2/srv/detail/get_control_mode__struct.hpp
[166.458s] -- Installing: /home/jack/ros2_ws/install/dsr_msgs2/include/dsr_msgs2/dsr_msgs2/srv/detail/move_line__struct.hpp
[166.459s] -- Installing: /home/jack/ros2_ws/install/dsr_msgs2/include/dsr_msgs2/dsr_msgs2/srv/detail/move_circle__traits.hpp
[166.459s] -- Installing: /home/jack/ros2_ws/install/dsr_msgs2/include/dsr_msgs2/dsr_msgs2/srv/detail/check_orientation_condition2__builder.hpp
[166.459s] -- Installing: /home/jack/ros2_ws/install/dsr_msgs2/include/dsr_msgs2/dsr_msgs2/srv/detail/move_jointx__builder.hpp
[166.460s] -- Installing: /home/jack/ros2_ws/install/dsr_msgs2/include/dsr_msgs2/dsr_msgs2/srv/detail/drl_stop__traits.hpp
[166.460s] -- Installing: /home/jack/ros2_ws/install/dsr_msgs2/include/dsr_msgs2/dsr_msgs2/srv/detail/get_current_tool_flange_posx__builder.hpp
[166.461s] -- Installing: /home/jack/ros2_ws/install/dsr_msgs2/include/dsr_msgs2/dsr_msgs2/srv/detail/get_orientation_error__struct.hpp
[166.461s] -- Installing: /home/jack/ros2_ws/install/dsr_msgs2/include/dsr_msgs2/dsr_msgs2/srv/detail/set_user_cart_coord2__type_support.hpp
[166.461s] -- Installing: /home/jack/ros2_ws/install/dsr_msgs2/include/dsr_msgs2/dsr_msgs2/srv/get_ctrl_box_analog_input.hpp
[166.462s] -- Installing: /home/jack/ros2_ws/install/dsr_msgs2/include/dsr_msgs2/dsr_msgs2/srv/check_position_condition.hpp
[166.462s] -- Installing: /home/jack/ros2_ws/install/dsr_msgs2/include/dsr_msgs2/dsr_msgs2/srv/get_current_velj.hpp
[166.462s] -- Installing: /home/jack/ros2_ws/install/dsr_msgs2/include/dsr_msgs2/dsr_msgs2/srv/release_compliance_ctrl.hpp
[166.463s] -- Installing: /home/jack/ros2_ws/install/dsr_msgs2/include/dsr_msgs2/dsr_msgs2/srv/get_current_tool.hpp
[166.463s] -- Installing: /home/jack/ros2_ws/install/dsr_msgs2/include/dsr_msgs2/dsr_msgs2/srv/parallel_axis1.hpp
[166.463s] -- Installing: /home/jack/ros2_ws/install/dsr_msgs2/include/dsr_msgs2/dsr_msgs2/srv/set_singularity_handling.hpp
[166.465s] -- Installing: /home/jack/ros2_ws/install/dsr_msgs2/include/dsr_msgs2/dsr_msgs2/srv/check_force_condition.hpp
[166.465s] -- Installing: /home/jack/ros2_ws/install/dsr_msgs2/include/dsr_msgs2/dsr_msgs2/srv/reset_workpiece_weight.hpp
[166.467s] -- Installing: /home/jack/ros2_ws/install/dsr_msgs2/include/dsr_msgs2/dsr_msgs2/srv/move_periodic.hpp
[166.469s] -- Installing: /home/jack/ros2_ws/install/dsr_msgs2/include/dsr_msgs2/dsr_msgs2/srv/set_tool_shape.hpp
[166.469s] -- Installing: /home/jack/ros2_ws/install/dsr_msgs2/include/dsr_msgs2/dsr_msgs2/srv/get_desired_velj.hpp
[166.470s] -- Installing: /home/jack/ros2_ws/install/dsr_msgs2/include/dsr_msgs2/dsr_msgs2/srv/calc_coord.hpp
[166.470s] -- Installing: /home/jack/ros2_ws/install/dsr_msgs2/include/dsr_msgs2/dsr_msgs2/srv/move_blending.hpp
[166.471s] -- Installing: /home/jack/ros2_ws/install/dsr_msgs2/include/dsr_msgs2/dsr_msgs2/srv/get_modbus_input.hpp
[166.471s] -- Installing: /home/jack/ros2_ws/install/dsr_msgs2/include/dsr_msgs2/dsr_msgs2/srv/get_current_tcp.hpp
[166.471s] -- Installing: /home/jack/ros2_ws/install/dsr_msgs2/include/dsr_msgs2/dsr_msgs2/srv/move_spline_joint.hpp
[166.472s] -- Installing: /home/jack/ros2_ws/install/dsr_msgs2/include/dsr_msgs2/dsr_msgs2/srv/get_tool_force.hpp
[166.472s] -- Installing: /home/jack/ros2_ws/install/dsr_msgs2/include/dsr_msgs2/dsr_msgs2/srv/fkin.hpp
[166.472s] -- Installing: /home/jack/ros2_ws/install/dsr_msgs2/include/dsr_msgs2/dsr_msgs2/srv/jog.hpp
[166.473s] -- Installing: /home/jack/ros2_ws/install/dsr_msgs2/include/dsr_msgs2/dsr_msgs2/srv/move_spline_task.hpp
[166.473s] -- Installing: /home/jack/ros2_ws/install/dsr_msgs2/include/dsr_msgs2/dsr_msgs2/srv/get_ctrl_box_digital_input.hpp
[166.473s] -- Installing: /home/jack/ros2_ws/install/dsr_msgs2/include/dsr_msgs2/dsr_msgs2/srv/get_solution_space.hpp
[166.474s] -- Installing: /home/jack/ros2_ws/install/dsr_msgs2/include/dsr_msgs2/dsr_msgs2/srv/align_axis1.hpp
[166.474s] -- Installing: /home/jack/ros2_ws/install/dsr_msgs2/include/dsr_msgs2/dsr_msgs2/srv/connect_rt_control.hpp
[166.474s] -- Installing: /home/jack/ros2_ws/install/dsr_msgs2/include/dsr_msgs2/dsr_msgs2/srv/get_current_solution_space.hpp
[166.475s] -- Installing: /home/jack/ros2_ws/install/dsr_msgs2/include/dsr_msgs2/dsr_msgs2/srv/move_spiral.hpp
[166.475s] -- Installing: /home/jack/ros2_ws/install/dsr_msgs2/include/dsr_msgs2/dsr_msgs2/srv/set_accx_rt.hpp
[166.475s] -- Installing: /home/jack/ros2_ws/install/dsr_msgs2/include/dsr_msgs2/dsr_msgs2/srv/get_rt_control_output_version_list.hpp
[166.476s] -- Installing: /home/jack/ros2_ws/install/dsr_msgs2/include/dsr_msgs2/dsr_msgs2/srv/release_force.hpp
[166.476s] -- Installing: /home/jack/ros2_ws/install/dsr_msgs2/include/dsr_msgs2/dsr_msgs2/srv/set_ctrl_box_analog_input_type.hpp
[166.476s] -- Installing: /home/jack/ros2_ws/install/dsr_msgs2/include/dsr_msgs2/dsr_msgs2/srv/get_current_posj.hpp
[166.477s] -- Installing: /home/jack/ros2_ws/install/dsr_msgs2/include/dsr_msgs2/dsr_msgs2/srv/ikin.hpp
[166.477s] -- Installing: /home/jack/ros2_ws/install/dsr_msgs2/include/dsr_msgs2/dsr_msgs2/srv/set_safety_mode.hpp
[166.478s] -- Installing: /home/jack/ros2_ws/install/dsr_msgs2/include/dsr_msgs2/dsr_msgs2/srv/get_robot_state.hpp
[166.478s] -- Installing: /home/jack/ros2_ws/install/dsr_msgs2/include/dsr_msgs2/dsr_msgs2/srv/drl_start.hpp
[166.479s] -- Installing: /home/jack/ros2_ws/install/dsr_msgs2/include/dsr_msgs2/dsr_msgs2/srv/set_current_tcp.hpp
[166.479s] -- Installing: /home/jack/ros2_ws/install/dsr_msgs2/include/dsr_msgs2/dsr_msgs2/srv/set_rt_control_input.hpp
[166.479s] -- Installing: /home/jack/ros2_ws/install/dsr_msgs2/include/dsr_msgs2/dsr_msgs2/srv/get_robot_speed_mode.hpp
[166.480s] -- Installing: /home/jack/ros2_ws/install/dsr_msgs2/include/dsr_msgs2/dsr_msgs2/srv/set_accj_rt.hpp
[166.480s] -- Installing: /home/jack/ros2_ws/install/dsr_msgs2/include/dsr_msgs2/dsr_msgs2/srv/move_stop.hpp
[166.480s] -- Installing: /home/jack/ros2_ws/install/dsr_msgs2/include/dsr_msgs2/dsr_msgs2/srv/set_stiffnessx.hpp
[166.481s] -- Installing: /home/jack/ros2_ws/install/dsr_msgs2/include/dsr_msgs2/dsr_msgs2/srv/get_control_mode.hpp
[166.481s] -- Installing: /home/jack/ros2_ws/install/dsr_msgs2/include/dsr_msgs2/dsr_msgs2/srv/coord_transform.hpp
[166.481s] -- Installing: /home/jack/ros2_ws/install/dsr_msgs2/include/dsr_msgs2/dsr_msgs2/srv/drl_resume.hpp
[166.482s] -- Installing: /home/jack/ros2_ws/install/dsr_msgs2/include/dsr_msgs2/dsr_msgs2/srv/get_robot_system.hpp
[166.483s] -- Installing: /home/jack/ros2_ws/install/dsr_msgs2/include/dsr_msgs2/dsr_msgs2/srv/get_user_cart_coord.hpp
[166.483s] -- Installing: /home/jack/ros2_ws/install/dsr_msgs2/include/dsr_msgs2/dsr_msgs2/srv/get_desired_posx.hpp
[166.483s] -- Installing: /home/jack/ros2_ws/install/dsr_msgs2/include/dsr_msgs2/dsr_msgs2/srv/set_modbus_output.hpp
[166.484s] -- Installing: /home/jack/ros2_ws/install/dsr_msgs2/include/dsr_msgs2/dsr_msgs2/srv/disable_alter_motion.hpp
[166.485s] -- Installing: /home/jack/ros2_ws/install/dsr_msgs2/include/dsr_msgs2/dsr_msgs2/srv/get_tool_digital_output.hpp
[166.485s] -- Installing: /home/jack/ros2_ws/install/dsr_msgs2/include/dsr_msgs2/dsr_msgs2/srv/get_current_pose.hpp
[166.485s] -- Installing: /home/jack/ros2_ws/install/dsr_msgs2/include/dsr_msgs2/dsr_msgs2/srv/servo_off.hpp
[166.486s] -- Installing: /home/jack/ros2_ws/install/dsr_msgs2/include/dsr_msgs2/dsr_msgs2/srv/set_robot_system.hpp
[166.486s] -- Installing: /home/jack/ros2_ws/install/dsr_msgs2/include/dsr_msgs2/dsr_msgs2/srv/get_rt_control_input_version_list.hpp
[166.486s] -- Installing: /home/jack/ros2_ws/install/dsr_msgs2/include/dsr_msgs2/dsr_msgs2/srv/move_wait.hpp
[166.487s] -- Installing: /home/jack/ros2_ws/install/dsr_msgs2/include/dsr_msgs2/dsr_msgs2/srv/get_robot_mode.hpp
[166.487s] -- Installing: /home/jack/ros2_ws/install/dsr_msgs2/include/dsr_msgs2/dsr_msgs2/srv/align_axis2.hpp
[166.487s] -- Installing: /home/jack/ros2_ws/install/dsr_msgs2/include/dsr_msgs2/dsr_msgs2/srv/get_current_velx.hpp
[166.488s] -- Installing: /home/jack/ros2_ws/install/dsr_msgs2/include/dsr_msgs2/dsr_msgs2/srv/move_circle.hpp
[166.488s] -- Installing: /home/jack/ros2_ws/install/dsr_msgs2/include/dsr_msgs2/dsr_msgs2/srv/check_orientation_condition1.hpp
[166.488s] -- Installing: /home/jack/ros2_ws/install/dsr_msgs2/include/dsr_msgs2/dsr_msgs2/srv/get_last_alarm.hpp
[166.488s] -- Installing: /home/jack/ros2_ws/install/dsr_msgs2/include/dsr_msgs2/dsr_msgs2/srv/robotiq2_f_move.hpp
[166.489s] -- Installing: /home/jack/ros2_ws/install/dsr_msgs2/include/dsr_msgs2/dsr_msgs2/srv/robotiq2_f_close.hpp
[166.489s] -- Installing: /home/jack/ros2_ws/install/dsr_msgs2/include/dsr_msgs2/dsr_msgs2/srv/set_desired_force.hpp
[166.489s] -- Installing: /home/jack/ros2_ws/install/dsr_msgs2/include/dsr_msgs2/dsr_msgs2/srv/get_workpiece_weight.hpp
[166.490s] -- Installing: /home/jack/ros2_ws/install/dsr_msgs2/include/dsr_msgs2/dsr_msgs2/srv/config_delete_tcp.hpp
[166.490s] -- Installing: /home/jack/ros2_ws/install/dsr_msgs2/include/dsr_msgs2/dsr_msgs2/srv/move_pause.hpp
[166.490s] -- Installing: /home/jack/ros2_ws/install/dsr_msgs2/include/dsr_msgs2/dsr_msgs2/srv/move_joint.hpp
[166.491s] -- Installing: /home/jack/ros2_ws/install/dsr_msgs2/include/dsr_msgs2/dsr_msgs2/srv/set_robot_speed_mode.hpp
[166.491s] -- Installing: /home/jack/ros2_ws/install/dsr_msgs2/include/dsr_msgs2/dsr_msgs2/srv/drl_stop.hpp
[166.491s] -- Installing: /home/jack/ros2_ws/install/dsr_msgs2/include/dsr_msgs2/dsr_msgs2/srv/set_ref_coord.hpp
[166.492s] -- Installing: /home/jack/ros2_ws/install/dsr_msgs2/include/dsr_msgs2/dsr_msgs2/srv/set_ctrl_box_analog_output_type.hpp
[166.492s] -- Installing: /home/jack/ros2_ws/install/dsr_msgs2/include/dsr_msgs2/dsr_msgs2/srv/move_line.hpp
[166.492s] -- Installing: /home/jack/ros2_ws/install/dsr_msgs2/include/dsr_msgs2/dsr_msgs2/srv/config_create_modbus.hpp
[166.493s] -- Installing: /home/jack/ros2_ws/install/dsr_msgs2/include/dsr_msgs2/dsr_msgs2/srv/set_tool_digital_output.hpp
[166.493s] -- Installing: /home/jack/ros2_ws/install/dsr_msgs2/include/dsr_msgs2/dsr_msgs2/srv/robotiq2_f_open.hpp
[166.493s] -- Installing: /home/jack/ros2_ws/install/dsr_msgs2/include/dsr_msgs2/dsr_msgs2/srv/set_ctrl_box_digital_output.hpp
[166.494s] -- Installing: /home/jack/ros2_ws/install/dsr_msgs2/include/dsr_msgs2/dsr_msgs2/srv/get_desired_velx.hpp
[166.494s] -- Installing: /home/jack/ros2_ws/install/dsr_msgs2/include/dsr_msgs2/dsr_msgs2/srv/trans.hpp
[166.494s] -- Installing: /home/jack/ros2_ws/install/dsr_msgs2/include/dsr_msgs2/dsr_msgs2/srv/task_compliance_ctrl.hpp
[166.495s] -- Installing: /home/jack/ros2_ws/install/dsr_msgs2/include/dsr_msgs2/dsr_msgs2/srv/move_resume.hpp
[166.495s] -- Installing: /home/jack/ros2_ws/install/dsr_msgs2/include/dsr_msgs2/dsr_msgs2/srv/stop_rt_control.hpp
[166.495s] -- Installing: /home/jack/ros2_ws/install/dsr_msgs2/include/dsr_msgs2/dsr_msgs2/srv/parallel_axis2.hpp
[166.496s] -- Installing: /home/jack/ros2_ws/install/dsr_msgs2/include/dsr_msgs2/dsr_msgs2/srv/alter_motion.hpp
[166.496s] -- Installing: /home/jack/ros2_ws/install/dsr_msgs2/include/dsr_msgs2/dsr_msgs2/srv/write_data_rt.hpp
[166.496s] -- Installing: /home/jack/ros2_ws/install/dsr_msgs2/include/dsr_msgs2/dsr_msgs2/srv/config_delete_tool.hpp
[166.497s] -- Installing: /home/jack/ros2_ws/install/dsr_msgs2/include/dsr_msgs2/dsr_msgs2/srv/get_current_posx.hpp
[166.498s] -- Installing: /home/jack/ros2_ws/install/dsr_msgs2/include/dsr_msgs2/dsr_msgs2/srv/set_user_cart_coord1.hpp
[166.498s] -- Installing: /home/jack/ros2_ws/install/dsr_msgs2/include/dsr_msgs2/dsr_msgs2/srv/enable_alter_motion.hpp
[166.498s] -- Installing: /home/jack/ros2_ws/install/dsr_msgs2/include/dsr_msgs2/dsr_msgs2/srv/config_create_tcp.hpp
[166.498s] -- Installing: /home/jack/ros2_ws/install/dsr_msgs2/include/dsr_msgs2/dsr_msgs2/srv/set_velj_rt.hpp
[166.499s] -- Installing: /home/jack/ros2_ws/install/dsr_msgs2/include/dsr_msgs2/dsr_msgs2/srv/get_orientation_error.hpp
[166.500s] -- Installing: /home/jack/ros2_ws/install/dsr_msgs2/include/dsr_msgs2/dsr_msgs2/srv/move_jointx.hpp
[166.500s] -- Installing: /home/jack/ros2_ws/install/dsr_msgs2/include/dsr_msgs2/dsr_msgs2/srv/get_joint_torque.hpp
[166.500s] -- Installing: /home/jack/ros2_ws/install/dsr_msgs2/include/dsr_msgs2/dsr_msgs2/srv/get_desired_posj.hpp
[166.501s] -- Installing: /home/jack/ros2_ws/install/dsr_msgs2/include/dsr_msgs2/dsr_msgs2/srv/start_rt_control.hpp
[166.501s] -- Installing: /home/jack/ros2_ws/install/dsr_msgs2/include/dsr_msgs2/dsr_msgs2/srv/disconnect_rt_control.hpp
[166.501s] -- Installing: /home/jack/ros2_ws/install/dsr_msgs2/include/dsr_msgs2/dsr_msgs2/srv/jog_multi.hpp
[166.502s] -- Installing: /home/jack/ros2_ws/install/dsr_msgs2/include/dsr_msgs2/dsr_msgs2/srv/change_operation_speed.hpp
[166.502s] -- Installing: /home/jack/ros2_ws/install/dsr_msgs2/include/dsr_msgs2/dsr_msgs2/srv/set_robot_mode.hpp
[166.502s] -- Installing: /home/jack/ros2_ws/install/dsr_msgs2/include/dsr_msgs2/dsr_msgs2/srv/set_robot_control.hpp
[166.503s] -- Installing: /home/jack/ros2_ws/install/dsr_msgs2/include/dsr_msgs2/dsr_msgs2/srv/set_user_cart_coord2.hpp
[166.503s] -- Installing: /home/jack/ros2_ws/install/dsr_msgs2/include/dsr_msgs2/dsr_msgs2/srv/get_control_space.hpp
[166.504s] -- Installing: /home/jack/ros2_ws/install/dsr_msgs2/include/dsr_msgs2/dsr_msgs2/srv/set_ctrl_box_analog_output.hpp
[166.504s] -- Installing: /home/jack/ros2_ws/install/dsr_msgs2/include/dsr_msgs2/dsr_msgs2/srv/move_home.hpp
[166.504s] -- Installing: /home/jack/ros2_ws/install/dsr_msgs2/include/dsr_msgs2/dsr_msgs2/srv/set_current_tool.hpp
[166.504s] -- Installing: /home/jack/ros2_ws/install/dsr_msgs2/include/dsr_msgs2/dsr_msgs2/srv/serial_send_data.hpp
[166.505s] -- Installing: /home/jack/ros2_ws/install/dsr_msgs2/include/dsr_msgs2/dsr_msgs2/srv/get_rt_control_input_data_list.hpp
[166.505s] -- Installing: /home/jack/ros2_ws/install/dsr_msgs2/include/dsr_msgs2/dsr_msgs2/srv/check_motion.hpp
[166.505s] -- Installing: /home/jack/ros2_ws/install/dsr_msgs2/include/dsr_msgs2/dsr_msgs2/srv/config_create_tool.hpp
[166.505s] -- Installing: /home/jack/ros2_ws/install/dsr_msgs2/include/dsr_msgs2/dsr_msgs2/srv/get_current_tool_flange_posx.hpp
[166.506s] -- Installing: /home/jack/ros2_ws/install/dsr_msgs2/include/dsr_msgs2/dsr_msgs2/srv/get_ctrl_box_digital_output.hpp
[166.506s] -- Installing: /home/jack/ros2_ws/install/dsr_msgs2/include/dsr_msgs2/dsr_msgs2/srv/get_current_rotm.hpp
[166.506s] -- Installing: /home/jack/ros2_ws/install/dsr_msgs2/include/dsr_msgs2/dsr_msgs2/srv/config_delete_modbus.hpp
[166.506s] -- Installing: /home/jack/ros2_ws/install/dsr_msgs2/include/dsr_msgs2/dsr_msgs2/srv/set_safe_stop_reset_type.hpp
[166.507s] -- Installing: /home/jack/ros2_ws/install/dsr_msgs2/include/dsr_msgs2/dsr_msgs2/srv/read_data_rt.hpp
[166.507s] -- Installing: /home/jack/ros2_ws/install/dsr_msgs2/include/dsr_msgs2/dsr_msgs2/srv/overwrite_user_cart_coord.hpp
[166.507s] -- Installing: /home/jack/ros2_ws/install/dsr_msgs2/include/dsr_msgs2/dsr_msgs2/srv/set_velx_rt.hpp
[166.507s] -- Installing: /home/jack/ros2_ws/install/dsr_msgs2/include/dsr_msgs2/dsr_msgs2/srv/drl_pause.hpp
[166.508s] -- Installing: /home/jack/ros2_ws/install/dsr_msgs2/include/dsr_msgs2/dsr_msgs2/srv/set_rt_control_output.hpp
[166.508s] -- Installing: /home/jack/ros2_ws/install/dsr_msgs2/include/dsr_msgs2/dsr_msgs2/srv/get_external_torque.hpp
[166.508s] -- Installing: /home/jack/ros2_ws/install/dsr_msgs2/include/dsr_msgs2/dsr_msgs2/srv/is_done_bolt_tightening.hpp
[166.509s] -- Installing: /home/jack/ros2_ws/install/dsr_msgs2/include/dsr_msgs2/dsr_msgs2/srv/get_drl_state.hpp
[166.509s] -- Installing: /home/jack/ros2_ws/install/dsr_msgs2/include/dsr_msgs2/dsr_msgs2/srv/change_collision_sensitivity.hpp
[166.510s] -- Installing: /home/jack/ros2_ws/install/dsr_msgs2/include/dsr_msgs2/dsr_msgs2/srv/get_rt_control_output_data_list.hpp
[166.510s] -- Installing: /home/jack/ros2_ws/install/dsr_msgs2/include/dsr_msgs2/dsr_msgs2/srv/get_tool_digital_input.hpp
[166.510s] -- Installing: /home/jack/ros2_ws/install/dsr_msgs2/include/dsr_msgs2/dsr_msgs2/srv/check_orientation_condition2.hpp
[166.511s] -- Up-to-date: /home/jack/ros2_ws/install/dsr_msgs2/include/dsr_msgs2/dsr_msgs2/msg
[166.511s] -- Up-to-date: /home/jack/ros2_ws/install/dsr_msgs2/include/dsr_msgs2/dsr_msgs2/msg/detail
[166.511s] -- Installing: /home/jack/ros2_ws/install/dsr_msgs2/include/dsr_msgs2/dsr_msgs2/msg/detail/torque_rt_stream__struct.hpp
[166.511s] -- Installing: /home/jack/ros2_ws/install/dsr_msgs2/include/dsr_msgs2/dsr_msgs2/msg/detail/log_alarm__type_support.hpp
[166.512s] -- Installing: /home/jack/ros2_ws/install/dsr_msgs2/include/dsr_msgs2/dsr_msgs2/msg/detail/torque_rt_stream__builder.hpp
[166.512s] -- Installing: /home/jack/ros2_ws/install/dsr_msgs2/include/dsr_msgs2/dsr_msgs2/msg/detail/robot_state__type_support.hpp
[166.512s] -- Installing: /home/jack/ros2_ws/install/dsr_msgs2/include/dsr_msgs2/dsr_msgs2/msg/detail/robot_error__traits.hpp
[166.513s] -- Installing: /home/jack/ros2_ws/install/dsr_msgs2/include/dsr_msgs2/dsr_msgs2/msg/detail/robot_error__struct.hpp
[166.513s] -- Installing: /home/jack/ros2_ws/install/dsr_msgs2/include/dsr_msgs2/dsr_msgs2/msg/detail/modbus_state__struct.hpp
[166.513s] -- Installing: /home/jack/ros2_ws/install/dsr_msgs2/include/dsr_msgs2/dsr_msgs2/msg/detail/servoj_rt_stream__struct.hpp
[166.514s] -- Installing: /home/jack/ros2_ws/install/dsr_msgs2/include/dsr_msgs2/dsr_msgs2/msg/detail/log_alarm__struct.hpp
[166.515s] -- Installing: /home/jack/ros2_ws/install/dsr_msgs2/include/dsr_msgs2/dsr_msgs2/msg/detail/servoj_stream__traits.hpp
[166.515s] -- Installing: /home/jack/ros2_ws/install/dsr_msgs2/include/dsr_msgs2/dsr_msgs2/msg/detail/servol_rt_stream__traits.hpp
[166.516s] -- Installing: /home/jack/ros2_ws/install/dsr_msgs2/include/dsr_msgs2/dsr_msgs2/msg/detail/torque_rt_stream__type_support.hpp
[166.516s] -- Installing: /home/jack/ros2_ws/install/dsr_msgs2/include/dsr_msgs2/dsr_msgs2/msg/detail/speedj_rt_stream__type_support.hpp
[166.516s] -- Installing: /home/jack/ros2_ws/install/dsr_msgs2/include/dsr_msgs2/dsr_msgs2/msg/detail/servol_stream__traits.hpp
[166.517s] -- Installing: /home/jack/ros2_ws/install/dsr_msgs2/include/dsr_msgs2/dsr_msgs2/msg/detail/alter_motion_stream__builder.hpp
[166.517s] -- Installing: /home/jack/ros2_ws/install/dsr_msgs2/include/dsr_msgs2/dsr_msgs2/msg/detail/speedj_stream__type_support.hpp
[166.517s] -- Installing: /home/jack/ros2_ws/install/dsr_msgs2/include/dsr_msgs2/dsr_msgs2/msg/detail/speedj_stream__struct.hpp
[166.517s] -- Installing: /home/jack/ros2_ws/install/dsr_msgs2/include/dsr_msgs2/dsr_msgs2/msg/detail/speedl_stream__traits.hpp
[166.518s] -- Installing: /home/jack/ros2_ws/install/dsr_msgs2/include/dsr_msgs2/dsr_msgs2/msg/detail/servoj_rt_stream__type_support.hpp
[166.518s] -- Installing: /home/jack/ros2_ws/install/dsr_msgs2/include/dsr_msgs2/dsr_msgs2/msg/detail/robot_state__struct.hpp
[166.519s] -- Installing: /home/jack/ros2_ws/install/dsr_msgs2/include/dsr_msgs2/dsr_msgs2/msg/detail/log_alarm__traits.hpp
[166.519s] -- Installing: /home/jack/ros2_ws/install/dsr_msgs2/include/dsr_msgs2/dsr_msgs2/msg/detail/servol_rt_stream__type_support.hpp
[166.519s] -- Installing: /home/jack/ros2_ws/install/dsr_msgs2/include/dsr_msgs2/dsr_msgs2/msg/detail/speedl_rt_stream__type_support.hpp
[166.520s] -- Installing: /home/jack/ros2_ws/install/dsr_msgs2/include/dsr_msgs2/dsr_msgs2/msg/detail/speedl_rt_stream__struct.hpp
[166.521s] -- Installing: /home/jack/ros2_ws/install/dsr_msgs2/include/dsr_msgs2/dsr_msgs2/msg/detail/log_alarm__builder.hpp
[166.521s] -- Installing: /home/jack/ros2_ws/install/dsr_msgs2/include/dsr_msgs2/dsr_msgs2/msg/detail/speedl_stream__type_support.hpp
[166.522s] -- Installing: /home/jack/ros2_ws/install/dsr_msgs2/include/dsr_msgs2/dsr_msgs2/msg/detail/jog_multi_axis__traits.hpp
[166.522s] -- Installing: /home/jack/ros2_ws/install/dsr_msgs2/include/dsr_msgs2/dsr_msgs2/msg/detail/speedl_stream__struct.hpp
[166.523s] -- Installing: /home/jack/ros2_ws/install/dsr_msgs2/include/dsr_msgs2/dsr_msgs2/msg/detail/torque_rt_stream__traits.hpp
[166.523s] -- Installing: /home/jack/ros2_ws/install/dsr_msgs2/include/dsr_msgs2/dsr_msgs2/msg/detail/servoj_stream__type_support.hpp
[166.523s] -- Installing: /home/jack/ros2_ws/install/dsr_msgs2/include/dsr_msgs2/dsr_msgs2/msg/detail/modbus_state__builder.hpp
[166.523s] -- Installing: /home/jack/ros2_ws/install/dsr_msgs2/include/dsr_msgs2/dsr_msgs2/msg/detail/alter_motion_stream__type_support.hpp
[166.523s] -- Installing: /home/jack/ros2_ws/install/dsr_msgs2/include/dsr_msgs2/dsr_msgs2/msg/detail/speedj_stream__traits.hpp
[166.524s] -- Installing: /home/jack/ros2_ws/install/dsr_msgs2/include/dsr_msgs2/dsr_msgs2/msg/detail/servoj_stream__builder.hpp
[166.524s] -- Installing: /home/jack/ros2_ws/install/dsr_msgs2/include/dsr_msgs2/dsr_msgs2/msg/detail/speedj_stream__builder.hpp
[166.524s] -- Installing: /home/jack/ros2_ws/install/dsr_msgs2/include/dsr_msgs2/dsr_msgs2/msg/detail/robot_state__traits.hpp
[166.525s] -- Installing: /home/jack/ros2_ws/install/dsr_msgs2/include/dsr_msgs2/dsr_msgs2/msg/detail/robot_state_rt__struct.hpp
[166.526s] -- Installing: /home/jack/ros2_ws/install/dsr_msgs2/include/dsr_msgs2/dsr_msgs2/msg/detail/speedl_stream__builder.hpp
[166.526s] -- Installing: /home/jack/ros2_ws/install/dsr_msgs2/include/dsr_msgs2/dsr_msgs2/msg/detail/robot_stop__type_support.hpp
[166.526s] -- Installing: /home/jack/ros2_ws/install/dsr_msgs2/include/dsr_msgs2/dsr_msgs2/msg/detail/servol_rt_stream__struct.hpp
[166.527s] -- Installing: /home/jack/ros2_ws/install/dsr_msgs2/include/dsr_msgs2/dsr_msgs2/msg/detail/alter_motion_stream__struct.hpp
[166.527s] -- Installing: /home/jack/ros2_ws/install/dsr_msgs2/include/dsr_msgs2/dsr_msgs2/msg/detail/robot_stop__builder.hpp
[166.527s] -- Installing: /home/jack/ros2_ws/install/dsr_msgs2/include/dsr_msgs2/dsr_msgs2/msg/detail/jog_multi_axis__type_support.hpp
[166.528s] -- Installing: /home/jack/ros2_ws/install/dsr_msgs2/include/dsr_msgs2/dsr_msgs2/msg/detail/servoj_stream__struct.hpp
[166.528s] -- Installing: /home/jack/ros2_ws/install/dsr_msgs2/include/dsr_msgs2/dsr_msgs2/msg/detail/robot_error__type_support.hpp
[166.528s] -- Installing: /home/jack/ros2_ws/install/dsr_msgs2/include/dsr_msgs2/dsr_msgs2/msg/detail/speedl_rt_stream__traits.hpp
[166.529s] -- Installing: /home/jack/ros2_ws/install/dsr_msgs2/include/dsr_msgs2/dsr_msgs2/msg/detail/servoj_rt_stream__builder.hpp
[166.529s] -- Installing: /home/jack/ros2_ws/install/dsr_msgs2/include/dsr_msgs2/dsr_msgs2/msg/detail/speedj_rt_stream__builder.hpp
[166.529s] -- Installing: /home/jack/ros2_ws/install/dsr_msgs2/include/dsr_msgs2/dsr_msgs2/msg/detail/robot_state_rt__traits.hpp
[166.530s] -- Installing: /home/jack/ros2_ws/install/dsr_msgs2/include/dsr_msgs2/dsr_msgs2/msg/detail/servol_stream__builder.hpp
[166.530s] -- Installing: /home/jack/ros2_ws/install/dsr_msgs2/include/dsr_msgs2/dsr_msgs2/msg/detail/robot_stop__traits.hpp
[166.530s] -- Installing: /home/jack/ros2_ws/install/dsr_msgs2/include/dsr_msgs2/dsr_msgs2/msg/detail/speedj_rt_stream__traits.hpp
[166.531s] -- Installing: /home/jack/ros2_ws/install/dsr_msgs2/include/dsr_msgs2/dsr_msgs2/msg/detail/robot_stop__struct.hpp
[166.531s] -- Installing: /home/jack/ros2_ws/install/dsr_msgs2/include/dsr_msgs2/dsr_msgs2/msg/detail/robot_state_rt__type_support.hpp
[166.531s] -- Installing: /home/jack/ros2_ws/install/dsr_msgs2/include/dsr_msgs2/dsr_msgs2/msg/detail/robot_state__builder.hpp
[166.532s] -- Installing: /home/jack/ros2_ws/install/dsr_msgs2/include/dsr_msgs2/dsr_msgs2/msg/detail/jog_multi_axis__builder.hpp
[166.532s] -- Installing: /home/jack/ros2_ws/install/dsr_msgs2/include/dsr_msgs2/dsr_msgs2/msg/detail/robot_error__builder.hpp
[166.533s] -- Installing: /home/jack/ros2_ws/install/dsr_msgs2/include/dsr_msgs2/dsr_msgs2/msg/detail/alter_motion_stream__traits.hpp
[166.533s] -- Installing: /home/jack/ros2_ws/install/dsr_msgs2/include/dsr_msgs2/dsr_msgs2/msg/detail/speedl_rt_stream__builder.hpp
[166.533s] -- Installing: /home/jack/ros2_ws/install/dsr_msgs2/include/dsr_msgs2/dsr_msgs2/msg/detail/servol_rt_stream__builder.hpp
[166.534s] -- Installing: /home/jack/ros2_ws/install/dsr_msgs2/include/dsr_msgs2/dsr_msgs2/msg/detail/servol_stream__type_support.hpp
[166.534s] -- Installing: /home/jack/ros2_ws/install/dsr_msgs2/include/dsr_msgs2/dsr_msgs2/msg/detail/modbus_state__type_support.hpp
[166.534s] -- Installing: /home/jack/ros2_ws/install/dsr_msgs2/include/dsr_msgs2/dsr_msgs2/msg/detail/jog_multi_axis__struct.hpp
[166.535s] -- Installing: /home/jack/ros2_ws/install/dsr_msgs2/include/dsr_msgs2/dsr_msgs2/msg/detail/robot_state_rt__builder.hpp
[166.535s] -- Installing: /home/jack/ros2_ws/install/dsr_msgs2/include/dsr_msgs2/dsr_msgs2/msg/detail/modbus_state__traits.hpp
[166.536s] -- Installing: /home/jack/ros2_ws/install/dsr_msgs2/include/dsr_msgs2/dsr_msgs2/msg/detail/speedj_rt_stream__struct.hpp
[166.536s] -- Installing: /home/jack/ros2_ws/install/dsr_msgs2/include/dsr_msgs2/dsr_msgs2/msg/detail/servoj_rt_stream__traits.hpp
[166.536s] -- Installing: /home/jack/ros2_ws/install/dsr_msgs2/include/dsr_msgs2/dsr_msgs2/msg/detail/servol_stream__struct.hpp
[166.537s] -- Installing: /home/jack/ros2_ws/install/dsr_msgs2/include/dsr_msgs2/dsr_msgs2/msg/speedl_rt_stream.hpp
[166.537s] -- Installing: /home/jack/ros2_ws/install/dsr_msgs2/include/dsr_msgs2/dsr_msgs2/msg/log_alarm.hpp
[166.537s] -- Installing: /home/jack/ros2_ws/install/dsr_msgs2/include/dsr_msgs2/dsr_msgs2/msg/robot_state_rt.hpp
[166.537s] -- Installing: /home/jack/ros2_ws/install/dsr_msgs2/include/dsr_msgs2/dsr_msgs2/msg/servoj_stream.hpp
[166.538s] -- Installing: /home/jack/ros2_ws/install/dsr_msgs2/include/dsr_msgs2/dsr_msgs2/msg/servol_stream.hpp
[166.538s] -- Installing: /home/jack/ros2_ws/install/dsr_msgs2/include/dsr_msgs2/dsr_msgs2/msg/speedj_stream.hpp
[166.538s] -- Installing: /home/jack/ros2_ws/install/dsr_msgs2/include/dsr_msgs2/dsr_msgs2/msg/modbus_state.hpp
[166.539s] -- Installing: /home/jack/ros2_ws/install/dsr_msgs2/include/dsr_msgs2/dsr_msgs2/msg/alter_motion_stream.hpp
[166.539s] -- Installing: /home/jack/ros2_ws/install/dsr_msgs2/include/dsr_msgs2/dsr_msgs2/msg/servoj_rt_stream.hpp
[166.539s] -- Installing: /home/jack/ros2_ws/install/dsr_msgs2/include/dsr_msgs2/dsr_msgs2/msg/robot_stop.hpp
[166.540s] -- Installing: /home/jack/ros2_ws/install/dsr_msgs2/include/dsr_msgs2/dsr_msgs2/msg/robot_state.hpp
[166.540s] -- Installing: /home/jack/ros2_ws/install/dsr_msgs2/include/dsr_msgs2/dsr_msgs2/msg/speedl_stream.hpp
[166.540s] -- Installing: /home/jack/ros2_ws/install/dsr_msgs2/include/dsr_msgs2/dsr_msgs2/msg/servol_rt_stream.hpp
[166.541s] -- Installing: /home/jack/ros2_ws/install/dsr_msgs2/include/dsr_msgs2/dsr_msgs2/msg/rosidl_generator_cpp__visibility_control.hpp
[166.541s] -- Installing: /home/jack/ros2_ws/install/dsr_msgs2/include/dsr_msgs2/dsr_msgs2/msg/speedj_rt_stream.hpp
[166.541s] -- Installing: /home/jack/ros2_ws/install/dsr_msgs2/include/dsr_msgs2/dsr_msgs2/msg/robot_error.hpp
[166.542s] -- Installing: /home/jack/ros2_ws/install/dsr_msgs2/include/dsr_msgs2/dsr_msgs2/msg/torque_rt_stream.hpp
[166.542s] -- Installing: /home/jack/ros2_ws/install/dsr_msgs2/include/dsr_msgs2/dsr_msgs2/msg/jog_multi_axis.hpp
[166.543s] -- Up-to-date: /home/jack/ros2_ws/install/dsr_msgs2/include/dsr_msgs2/dsr_msgs2
[166.543s] -- Up-to-date: /home/jack/ros2_ws/install/dsr_msgs2/include/dsr_msgs2/dsr_msgs2/srv
[166.543s] -- Up-to-date: /home/jack/ros2_ws/install/dsr_msgs2/include/dsr_msgs2/dsr_msgs2/srv/detail
[166.544s] -- Installing: /home/jack/ros2_ws/install/dsr_msgs2/include/dsr_msgs2/dsr_msgs2/srv/detail/set_ctrl_box_analog_output_type__rosidl_typesupport_fastrtps_cpp.hpp
[166.544s] -- Installing: /home/jack/ros2_ws/install/dsr_msgs2/include/dsr_msgs2/dsr_msgs2/srv/detail/set_user_cart_coord2__rosidl_typesupport_fastrtps_cpp.hpp
[166.544s] -- Installing: /home/jack/ros2_ws/install/dsr_msgs2/include/dsr_msgs2/dsr_msgs2/srv/detail/trans__rosidl_typesupport_fastrtps_cpp.hpp
[166.545s] -- Installing: /home/jack/ros2_ws/install/dsr_msgs2/include/dsr_msgs2/dsr_msgs2/srv/detail/get_desired_posj__rosidl_typesupport_fastrtps_cpp.hpp
[166.545s] -- Installing: /home/jack/ros2_ws/install/dsr_msgs2/include/dsr_msgs2/dsr_msgs2/srv/detail/read_data_rt__rosidl_typesupport_fastrtps_cpp.hpp
[166.546s] -- Installing: /home/jack/ros2_ws/install/dsr_msgs2/include/dsr_msgs2/dsr_msgs2/srv/detail/get_current_tcp__rosidl_typesupport_fastrtps_cpp.hpp
[166.546s] -- Installing: /home/jack/ros2_ws/install/dsr_msgs2/include/dsr_msgs2/dsr_msgs2/srv/detail/config_create_modbus__rosidl_typesupport_fastrtps_cpp.hpp
[166.546s] -- Installing: /home/jack/ros2_ws/install/dsr_msgs2/include/dsr_msgs2/dsr_msgs2/srv/detail/move_wait__rosidl_typesupport_fastrtps_cpp.hpp
[166.547s] -- Installing: /home/jack/ros2_ws/install/dsr_msgs2/include/dsr_msgs2/dsr_msgs2/srv/detail/check_orientation_condition1__rosidl_typesupport_fastrtps_cpp.hpp
[166.547s] -- Installing: /home/jack/ros2_ws/install/dsr_msgs2/include/dsr_msgs2/dsr_msgs2/srv/detail/dds_fastrtps
[166.548s] -- Installing: /home/jack/ros2_ws/install/dsr_msgs2/include/dsr_msgs2/dsr_msgs2/srv/detail/align_axis2__rosidl_typesupport_fastrtps_cpp.hpp
[166.548s] -- Installing: /home/jack/ros2_ws/install/dsr_msgs2/include/dsr_msgs2/dsr_msgs2/srv/detail/serial_send_data__rosidl_typesupport_fastrtps_cpp.hpp
[166.548s] -- Installing: /home/jack/ros2_ws/install/dsr_msgs2/include/dsr_msgs2/dsr_msgs2/srv/detail/get_external_torque__rosidl_typesupport_fastrtps_cpp.hpp
[166.549s] -- Installing: /home/jack/ros2_ws/install/dsr_msgs2/include/dsr_msgs2/dsr_msgs2/srv/detail/robotiq2_f_move__rosidl_typesupport_fastrtps_cpp.hpp
[166.549s] -- Installing: /home/jack/ros2_ws/install/dsr_msgs2/include/dsr_msgs2/dsr_msgs2/srv/detail/set_accj_rt__rosidl_typesupport_fastrtps_cpp.hpp
[166.549s] -- Installing: /home/jack/ros2_ws/install/dsr_msgs2/include/dsr_msgs2/dsr_msgs2/srv/detail/set_modbus_output__rosidl_typesupport_fastrtps_cpp.hpp
[166.550s] -- Installing: /home/jack/ros2_ws/install/dsr_msgs2/include/dsr_msgs2/dsr_msgs2/srv/detail/set_velj_rt__rosidl_typesupport_fastrtps_cpp.hpp
[166.550s] -- Installing: /home/jack/ros2_ws/install/dsr_msgs2/include/dsr_msgs2/dsr_msgs2/srv/detail/release_compliance_ctrl__rosidl_typesupport_fastrtps_cpp.hpp
[166.550s] -- Installing: /home/jack/ros2_ws/install/dsr_msgs2/include/dsr_msgs2/dsr_msgs2/srv/detail/get_current_velx__rosidl_typesupport_fastrtps_cpp.hpp
[166.551s] -- Installing: /home/jack/ros2_ws/install/dsr_msgs2/include/dsr_msgs2/dsr_msgs2/srv/detail/set_robot_speed_mode__rosidl_typesupport_fastrtps_cpp.hpp
[166.551s] -- Installing: /home/jack/ros2_ws/install/dsr_msgs2/include/dsr_msgs2/dsr_msgs2/srv/detail/get_solution_space__rosidl_typesupport_fastrtps_cpp.hpp
[166.551s] -- Installing: /home/jack/ros2_ws/install/dsr_msgs2/include/dsr_msgs2/dsr_msgs2/srv/detail/calc_coord__rosidl_typesupport_fastrtps_cpp.hpp
[166.552s] -- Installing: /home/jack/ros2_ws/install/dsr_msgs2/include/dsr_msgs2/dsr_msgs2/srv/detail/get_joint_torque__rosidl_typesupport_fastrtps_cpp.hpp
[166.552s] -- Installing: /home/jack/ros2_ws/install/dsr_msgs2/include/dsr_msgs2/dsr_msgs2/srv/detail/get_robot_state__rosidl_typesupport_fastrtps_cpp.hpp
[166.553s] -- Installing: /home/jack/ros2_ws/install/dsr_msgs2/include/dsr_msgs2/dsr_msgs2/srv/detail/get_rt_control_input_data_list__rosidl_typesupport_fastrtps_cpp.hpp
[166.553s] -- Installing: /home/jack/ros2_ws/install/dsr_msgs2/include/dsr_msgs2/dsr_msgs2/srv/detail/get_robot_mode__rosidl_typesupport_fastrtps_cpp.hpp
[166.553s] -- Installing: /home/jack/ros2_ws/install/dsr_msgs2/include/dsr_msgs2/dsr_msgs2/srv/detail/set_stiffnessx__rosidl_typesupport_fastrtps_cpp.hpp
[166.553s] -- Installing: /home/jack/ros2_ws/install/dsr_msgs2/include/dsr_msgs2/dsr_msgs2/srv/detail/get_tool_force__rosidl_typesupport_fastrtps_cpp.hpp
[166.554s] -- Installing: /home/jack/ros2_ws/install/dsr_msgs2/include/dsr_msgs2/dsr_msgs2/srv/detail/start_rt_control__rosidl_typesupport_fastrtps_cpp.hpp
[166.554s] -- Installing: /home/jack/ros2_ws/install/dsr_msgs2/include/dsr_msgs2/dsr_msgs2/srv/detail/task_compliance_ctrl__rosidl_typesupport_fastrtps_cpp.hpp
[166.554s] -- Installing: /home/jack/ros2_ws/install/dsr_msgs2/include/dsr_msgs2/dsr_msgs2/srv/detail/connect_rt_control__rosidl_typesupport_fastrtps_cpp.hpp
[166.555s] -- Installing: /home/jack/ros2_ws/install/dsr_msgs2/include/dsr_msgs2/dsr_msgs2/srv/detail/set_ref_coord__rosidl_typesupport_fastrtps_cpp.hpp
[166.555s] -- Installing: /home/jack/ros2_ws/install/dsr_msgs2/include/dsr_msgs2/dsr_msgs2/srv/detail/set_robot_system__rosidl_typesupport_fastrtps_cpp.hpp
[166.555s] -- Installing: /home/jack/ros2_ws/install/dsr_msgs2/include/dsr_msgs2/dsr_msgs2/srv/detail/enable_alter_motion__rosidl_typesupport_fastrtps_cpp.hpp
[166.556s] -- Installing: /home/jack/ros2_ws/install/dsr_msgs2/include/dsr_msgs2/dsr_msgs2/srv/detail/parallel_axis2__rosidl_typesupport_fastrtps_cpp.hpp
[166.556s] -- Installing: /home/jack/ros2_ws/install/dsr_msgs2/include/dsr_msgs2/dsr_msgs2/srv/detail/set_velx_rt__rosidl_typesupport_fastrtps_cpp.hpp
[166.556s] -- Installing: /home/jack/ros2_ws/install/dsr_msgs2/include/dsr_msgs2/dsr_msgs2/srv/detail/disable_alter_motion__rosidl_typesupport_fastrtps_cpp.hpp
[166.557s] -- Installing: /home/jack/ros2_ws/install/dsr_msgs2/include/dsr_msgs2/dsr_msgs2/srv/detail/move_blending__rosidl_typesupport_fastrtps_cpp.hpp
[166.557s] -- Installing: /home/jack/ros2_ws/install/dsr_msgs2/include/dsr_msgs2/dsr_msgs2/srv/detail/move_circle__rosidl_typesupport_fastrtps_cpp.hpp
[166.557s] -- Installing: /home/jack/ros2_ws/install/dsr_msgs2/include/dsr_msgs2/dsr_msgs2/srv/detail/get_rt_control_input_version_list__rosidl_typesupport_fastrtps_cpp.hpp
[166.558s] -- Installing: /home/jack/ros2_ws/install/dsr_msgs2/include/dsr_msgs2/dsr_msgs2/srv/detail/alter_motion__rosidl_typesupport_fastrtps_cpp.hpp
[166.558s] -- Installing: /home/jack/ros2_ws/install/dsr_msgs2/include/dsr_msgs2/dsr_msgs2/srv/detail/move_stop__rosidl_typesupport_fastrtps_cpp.hpp
[166.558s] -- Installing: /home/jack/ros2_ws/install/dsr_msgs2/include/dsr_msgs2/dsr_msgs2/srv/detail/move_home__rosidl_typesupport_fastrtps_cpp.hpp
[166.558s] -- Installing: /home/jack/ros2_ws/install/dsr_msgs2/include/dsr_msgs2/dsr_msgs2/srv/detail/get_rt_control_output_data_list__rosidl_typesupport_fastrtps_cpp.hpp
[166.559s] -- Installing: /home/jack/ros2_ws/install/dsr_msgs2/include/dsr_msgs2/dsr_msgs2/srv/detail/servo_off__rosidl_typesupport_fastrtps_cpp.hpp
[166.559s] -- Installing: /home/jack/ros2_ws/install/dsr_msgs2/include/dsr_msgs2/dsr_msgs2/srv/detail/write_data_rt__rosidl_typesupport_fastrtps_cpp.hpp
[166.559s] -- Installing: /home/jack/ros2_ws/install/dsr_msgs2/include/dsr_msgs2/dsr_msgs2/srv/detail/get_workpiece_weight__rosidl_typesupport_fastrtps_cpp.hpp
[166.560s] -- Installing: /home/jack/ros2_ws/install/dsr_msgs2/include/dsr_msgs2/dsr_msgs2/srv/detail/coord_transform__rosidl_typesupport_fastrtps_cpp.hpp
[166.560s] -- Installing: /home/jack/ros2_ws/install/dsr_msgs2/include/dsr_msgs2/dsr_msgs2/srv/detail/overwrite_user_cart_coord__rosidl_typesupport_fastrtps_cpp.hpp
[166.560s] -- Installing: /home/jack/ros2_ws/install/dsr_msgs2/include/dsr_msgs2/dsr_msgs2/srv/detail/set_singularity_handling__rosidl_typesupport_fastrtps_cpp.hpp
[166.561s] -- Installing: /home/jack/ros2_ws/install/dsr_msgs2/include/dsr_msgs2/dsr_msgs2/srv/detail/drl_start__rosidl_typesupport_fastrtps_cpp.hpp
[166.561s] -- Installing: /home/jack/ros2_ws/install/dsr_msgs2/include/dsr_msgs2/dsr_msgs2/srv/detail/set_accx_rt__rosidl_typesupport_fastrtps_cpp.hpp
[166.561s] -- Installing: /home/jack/ros2_ws/install/dsr_msgs2/include/dsr_msgs2/dsr_msgs2/srv/detail/stop_rt_control__rosidl_typesupport_fastrtps_cpp.hpp
[166.562s] -- Installing: /home/jack/ros2_ws/install/dsr_msgs2/include/dsr_msgs2/dsr_msgs2/srv/detail/set_ctrl_box_digital_output__rosidl_typesupport_fastrtps_cpp.hpp
[166.562s] -- Installing: /home/jack/ros2_ws/install/dsr_msgs2/include/dsr_msgs2/dsr_msgs2/srv/detail/check_motion__rosidl_typesupport_fastrtps_cpp.hpp
[166.562s] -- Installing: /home/jack/ros2_ws/install/dsr_msgs2/include/dsr_msgs2/dsr_msgs2/srv/detail/move_spline_task__rosidl_typesupport_fastrtps_cpp.hpp
[166.563s] -- Installing: /home/jack/ros2_ws/install/dsr_msgs2/include/dsr_msgs2/dsr_msgs2/srv/detail/check_orientation_condition2__rosidl_typesupport_fastrtps_cpp.hpp
[166.563s] -- Installing: /home/jack/ros2_ws/install/dsr_msgs2/include/dsr_msgs2/dsr_msgs2/srv/detail/set_robot_control__rosidl_typesupport_fastrtps_cpp.hpp
[166.563s] -- Installing: /home/jack/ros2_ws/install/dsr_msgs2/include/dsr_msgs2/dsr_msgs2/srv/detail/is_done_bolt_tightening__rosidl_typesupport_fastrtps_cpp.hpp
[166.564s] -- Installing: /home/jack/ros2_ws/install/dsr_msgs2/include/dsr_msgs2/dsr_msgs2/srv/detail/move_spline_joint__rosidl_typesupport_fastrtps_cpp.hpp
[166.564s] -- Installing: /home/jack/ros2_ws/install/dsr_msgs2/include/dsr_msgs2/dsr_msgs2/srv/detail/check_force_condition__rosidl_typesupport_fastrtps_cpp.hpp
[166.564s] -- Installing: /home/jack/ros2_ws/install/dsr_msgs2/include/dsr_msgs2/dsr_msgs2/srv/detail/move_jointx__rosidl_typesupport_fastrtps_cpp.hpp
[166.565s] -- Installing: /home/jack/ros2_ws/install/dsr_msgs2/include/dsr_msgs2/dsr_msgs2/srv/detail/move_line__rosidl_typesupport_fastrtps_cpp.hpp
[166.565s] -- Installing: /home/jack/ros2_ws/install/dsr_msgs2/include/dsr_msgs2/dsr_msgs2/srv/detail/get_ctrl_box_digital_input__rosidl_typesupport_fastrtps_cpp.hpp
[166.565s] -- Installing: /home/jack/ros2_ws/install/dsr_msgs2/include/dsr_msgs2/dsr_msgs2/srv/detail/move_joint__rosidl_typesupport_fastrtps_cpp.hpp
[166.566s] -- Installing: /home/jack/ros2_ws/install/dsr_msgs2/include/dsr_msgs2/dsr_msgs2/srv/detail/jog__rosidl_typesupport_fastrtps_cpp.hpp
[166.566s] -- Installing: /home/jack/ros2_ws/install/dsr_msgs2/include/dsr_msgs2/dsr_msgs2/srv/detail/fkin__rosidl_typesupport_fastrtps_cpp.hpp
[166.566s] -- Installing: /home/jack/ros2_ws/install/dsr_msgs2/include/dsr_msgs2/dsr_msgs2/srv/detail/set_tool_digital_output__rosidl_typesupport_fastrtps_cpp.hpp
[166.567s] -- Installing: /home/jack/ros2_ws/install/dsr_msgs2/include/dsr_msgs2/dsr_msgs2/srv/detail/set_rt_control_output__rosidl_typesupport_fastrtps_cpp.hpp
[166.567s] -- Installing: /home/jack/ros2_ws/install/dsr_msgs2/include/dsr_msgs2/dsr_msgs2/srv/detail/change_operation_speed__rosidl_typesupport_fastrtps_cpp.hpp
[166.567s] -- Installing: /home/jack/ros2_ws/install/dsr_msgs2/include/dsr_msgs2/dsr_msgs2/srv/detail/get_desired_velj__rosidl_typesupport_fastrtps_cpp.hpp
[166.568s] -- Installing: /home/jack/ros2_ws/install/dsr_msgs2/include/dsr_msgs2/dsr_msgs2/srv/detail/get_tool_digital_input__rosidl_typesupport_fastrtps_cpp.hpp
[166.569s] -- Installing: /home/jack/ros2_ws/install/dsr_msgs2/include/dsr_msgs2/dsr_msgs2/srv/detail/config_create_tool__rosidl_typesupport_fastrtps_cpp.hpp
[166.569s] -- Installing: /home/jack/ros2_ws/install/dsr_msgs2/include/dsr_msgs2/dsr_msgs2/srv/detail/get_control_space__rosidl_typesupport_fastrtps_cpp.hpp
[166.569s] -- Installing: /home/jack/ros2_ws/install/dsr_msgs2/include/dsr_msgs2/dsr_msgs2/srv/detail/get_current_posx__rosidl_typesupport_fastrtps_cpp.hpp
[166.569s] -- Installing: /home/jack/ros2_ws/install/dsr_msgs2/include/dsr_msgs2/dsr_msgs2/srv/detail/set_safe_stop_reset_type__rosidl_typesupport_fastrtps_cpp.hpp
[166.570s] -- Installing: /home/jack/ros2_ws/install/dsr_msgs2/include/dsr_msgs2/dsr_msgs2/srv/detail/move_periodic__rosidl_typesupport_fastrtps_cpp.hpp
[166.571s] -- Installing: /home/jack/ros2_ws/install/dsr_msgs2/include/dsr_msgs2/dsr_msgs2/srv/detail/drl_pause__rosidl_typesupport_fastrtps_cpp.hpp
[166.571s] -- Installing: /home/jack/ros2_ws/install/dsr_msgs2/include/dsr_msgs2/dsr_msgs2/srv/detail/release_force__rosidl_typesupport_fastrtps_cpp.hpp
[166.571s] -- Installing: /home/jack/ros2_ws/install/dsr_msgs2/include/dsr_msgs2/dsr_msgs2/srv/detail/get_robot_speed_mode__rosidl_typesupport_fastrtps_cpp.hpp
[166.572s] -- Installing: /home/jack/ros2_ws/install/dsr_msgs2/include/dsr_msgs2/dsr_msgs2/srv/detail/check_position_condition__rosidl_typesupport_fastrtps_cpp.hpp
[166.572s] -- Installing: /home/jack/ros2_ws/install/dsr_msgs2/include/dsr_msgs2/dsr_msgs2/srv/detail/reset_workpiece_weight__rosidl_typesupport_fastrtps_cpp.hpp
[166.572s] -- Installing: /home/jack/ros2_ws/install/dsr_msgs2/include/dsr_msgs2/dsr_msgs2/srv/detail/get_control_mode__rosidl_typesupport_fastrtps_cpp.hpp
[166.572s] -- Installing: /home/jack/ros2_ws/install/dsr_msgs2/include/dsr_msgs2/dsr_msgs2/srv/detail/drl_stop__rosidl_typesupport_fastrtps_cpp.hpp
[166.573s] -- Installing: /home/jack/ros2_ws/install/dsr_msgs2/include/dsr_msgs2/dsr_msgs2/srv/detail/get_current_posj__rosidl_typesupport_fastrtps_cpp.hpp
[166.573s] -- Installing: /home/jack/ros2_ws/install/dsr_msgs2/include/dsr_msgs2/dsr_msgs2/srv/detail/set_robot_mode__rosidl_typesupport_fastrtps_cpp.hpp
[166.573s] -- Installing: /home/jack/ros2_ws/install/dsr_msgs2/include/dsr_msgs2/dsr_msgs2/srv/detail/get_user_cart_coord__rosidl_typesupport_fastrtps_cpp.hpp
[166.574s] -- Installing: /home/jack/ros2_ws/install/dsr_msgs2/include/dsr_msgs2/dsr_msgs2/srv/detail/config_delete_tool__rosidl_typesupport_fastrtps_cpp.hpp
[166.575s] -- Installing: /home/jack/ros2_ws/install/dsr_msgs2/include/dsr_msgs2/dsr_msgs2/srv/detail/get_ctrl_box_digital_output__rosidl_typesupport_fastrtps_cpp.hpp
[166.575s] -- Installing: /home/jack/ros2_ws/install/dsr_msgs2/include/dsr_msgs2/dsr_msgs2/srv/detail/robotiq2_f_close__rosidl_typesupport_fastrtps_cpp.hpp
[166.575s] -- Installing: /home/jack/ros2_ws/install/dsr_msgs2/include/dsr_msgs2/dsr_msgs2/srv/detail/set_current_tool__rosidl_typesupport_fastrtps_cpp.hpp
[166.576s] -- Installing: /home/jack/ros2_ws/install/dsr_msgs2/include/dsr_msgs2/dsr_msgs2/srv/detail/set_safety_mode__rosidl_typesupport_fastrtps_cpp.hpp
[166.576s] -- Installing: /home/jack/ros2_ws/install/dsr_msgs2/include/dsr_msgs2/dsr_msgs2/srv/detail/get_current_tool_flange_posx__rosidl_typesupport_fastrtps_cpp.hpp
[166.577s] -- Installing: /home/jack/ros2_ws/install/dsr_msgs2/include/dsr_msgs2/dsr_msgs2/srv/detail/disconnect_rt_control__rosidl_typesupport_fastrtps_cpp.hpp
[166.577s] -- Installing: /home/jack/ros2_ws/install/dsr_msgs2/include/dsr_msgs2/dsr_msgs2/srv/detail/get_robot_system__rosidl_typesupport_fastrtps_cpp.hpp
[166.577s] -- Installing: /home/jack/ros2_ws/install/dsr_msgs2/include/dsr_msgs2/dsr_msgs2/srv/detail/set_ctrl_box_analog_output__rosidl_typesupport_fastrtps_cpp.hpp
[166.578s] -- Installing: /home/jack/ros2_ws/install/dsr_msgs2/include/dsr_msgs2/dsr_msgs2/srv/detail/get_ctrl_box_analog_input__rosidl_typesupport_fastrtps_cpp.hpp
[166.578s] -- Installing: /home/jack/ros2_ws/install/dsr_msgs2/include/dsr_msgs2/dsr_msgs2/srv/detail/set_current_tcp__rosidl_typesupport_fastrtps_cpp.hpp
[166.578s] -- Installing: /home/jack/ros2_ws/install/dsr_msgs2/include/dsr_msgs2/dsr_msgs2/srv/detail/set_ctrl_box_analog_input_type__rosidl_typesupport_fastrtps_cpp.hpp
[166.579s] -- Installing: /home/jack/ros2_ws/install/dsr_msgs2/include/dsr_msgs2/dsr_msgs2/srv/detail/get_rt_control_output_version_list__rosidl_typesupport_fastrtps_cpp.hpp
[166.579s] -- Installing: /home/jack/ros2_ws/install/dsr_msgs2/include/dsr_msgs2/dsr_msgs2/srv/detail/get_tool_digital_output__rosidl_typesupport_fastrtps_cpp.hpp
[166.579s] -- Installing: /home/jack/ros2_ws/install/dsr_msgs2/include/dsr_msgs2/dsr_msgs2/srv/detail/get_drl_state__rosidl_typesupport_fastrtps_cpp.hpp
[166.579s] -- Installing: /home/jack/ros2_ws/install/dsr_msgs2/include/dsr_msgs2/dsr_msgs2/srv/detail/config_delete_modbus__rosidl_typesupport_fastrtps_cpp.hpp
[166.580s] -- Installing: /home/jack/ros2_ws/install/dsr_msgs2/include/dsr_msgs2/dsr_msgs2/srv/detail/move_spiral__rosidl_typesupport_fastrtps_cpp.hpp
[166.580s] -- Installing: /home/jack/ros2_ws/install/dsr_msgs2/include/dsr_msgs2/dsr_msgs2/srv/detail/jog_multi__rosidl_typesupport_fastrtps_cpp.hpp
[166.580s] -- Installing: /home/jack/ros2_ws/install/dsr_msgs2/include/dsr_msgs2/dsr_msgs2/srv/detail/set_tool_shape__rosidl_typesupport_fastrtps_cpp.hpp
[166.581s] -- Installing: /home/jack/ros2_ws/install/dsr_msgs2/include/dsr_msgs2/dsr_msgs2/srv/detail/get_current_pose__rosidl_typesupport_fastrtps_cpp.hpp
[166.581s] -- Installing: /home/jack/ros2_ws/install/dsr_msgs2/include/dsr_msgs2/dsr_msgs2/srv/detail/config_delete_tcp__rosidl_typesupport_fastrtps_cpp.hpp
[166.581s] -- Installing: /home/jack/ros2_ws/install/dsr_msgs2/include/dsr_msgs2/dsr_msgs2/srv/detail/change_collision_sensitivity__rosidl_typesupport_fastrtps_cpp.hpp
[166.582s] -- Installing: /home/jack/ros2_ws/install/dsr_msgs2/include/dsr_msgs2/dsr_msgs2/srv/detail/get_current_rotm__rosidl_typesupport_fastrtps_cpp.hpp
[166.582s] -- Installing: /home/jack/ros2_ws/install/dsr_msgs2/include/dsr_msgs2/dsr_msgs2/srv/detail/set_user_cart_coord1__rosidl_typesupport_fastrtps_cpp.hpp
[166.583s] -- Installing: /home/jack/ros2_ws/install/dsr_msgs2/include/dsr_msgs2/dsr_msgs2/srv/detail/align_axis1__rosidl_typesupport_fastrtps_cpp.hpp
[166.583s] -- Installing: /home/jack/ros2_ws/install/dsr_msgs2/include/dsr_msgs2/dsr_msgs2/srv/detail/ikin__rosidl_typesupport_fastrtps_cpp.hpp
[166.583s] -- Installing: /home/jack/ros2_ws/install/dsr_msgs2/include/dsr_msgs2/dsr_msgs2/srv/detail/get_modbus_input__rosidl_typesupport_fastrtps_cpp.hpp
[166.584s] -- Installing: /home/jack/ros2_ws/install/dsr_msgs2/include/dsr_msgs2/dsr_msgs2/srv/detail/set_user_cart_coord3__rosidl_typesupport_fastrtps_cpp.hpp
[166.584s] -- Installing: /home/jack/ros2_ws/install/dsr_msgs2/include/dsr_msgs2/dsr_msgs2/srv/detail/get_last_alarm__rosidl_typesupport_fastrtps_cpp.hpp
[166.585s] -- Installing: /home/jack/ros2_ws/install/dsr_msgs2/include/dsr_msgs2/dsr_msgs2/srv/detail/move_pause__rosidl_typesupport_fastrtps_cpp.hpp
[166.585s] -- Installing: /home/jack/ros2_ws/install/dsr_msgs2/include/dsr_msgs2/dsr_msgs2/srv/detail/move_resume__rosidl_typesupport_fastrtps_cpp.hpp
[166.585s] -- Installing: /home/jack/ros2_ws/install/dsr_msgs2/include/dsr_msgs2/dsr_msgs2/srv/detail/set_rt_control_input__rosidl_typesupport_fastrtps_cpp.hpp
[166.585s] -- Installing: /home/jack/ros2_ws/install/dsr_msgs2/include/dsr_msgs2/dsr_msgs2/srv/detail/get_current_solution_space__rosidl_typesupport_fastrtps_cpp.hpp
[166.586s] -- Installing: /home/jack/ros2_ws/install/dsr_msgs2/include/dsr_msgs2/dsr_msgs2/srv/detail/config_create_tcp__rosidl_typesupport_fastrtps_cpp.hpp
[166.586s] -- Installing: /home/jack/ros2_ws/install/dsr_msgs2/include/dsr_msgs2/dsr_msgs2/srv/detail/parallel_axis1__rosidl_typesupport_fastrtps_cpp.hpp
[166.586s] -- Installing: /home/jack/ros2_ws/install/dsr_msgs2/include/dsr_msgs2/dsr_msgs2/srv/detail/get_current_tool__rosidl_typesupport_fastrtps_cpp.hpp
[166.587s] -- Installing: /home/jack/ros2_ws/install/dsr_msgs2/include/dsr_msgs2/dsr_msgs2/srv/detail/drl_resume__rosidl_typesupport_fastrtps_cpp.hpp
[166.587s] -- Installing: /home/jack/ros2_ws/install/dsr_msgs2/include/dsr_msgs2/dsr_msgs2/srv/detail/set_desired_force__rosidl_typesupport_fastrtps_cpp.hpp
[166.587s] -- Installing: /home/jack/ros2_ws/install/dsr_msgs2/include/dsr_msgs2/dsr_msgs2/srv/detail/get_desired_posx__rosidl_typesupport_fastrtps_cpp.hpp
[166.588s] -- Installing: /home/jack/ros2_ws/install/dsr_msgs2/include/dsr_msgs2/dsr_msgs2/srv/detail/robotiq2_f_open__rosidl_typesupport_fastrtps_cpp.hpp
[166.588s] -- Installing: /home/jack/ros2_ws/install/dsr_msgs2/include/dsr_msgs2/dsr_msgs2/srv/detail/get_orientation_error__rosidl_typesupport_fastrtps_cpp.hpp
[166.588s] -- Installing: /home/jack/ros2_ws/install/dsr_msgs2/include/dsr_msgs2/dsr_msgs2/srv/detail/get_current_velj__rosidl_typesupport_fastrtps_cpp.hpp
[166.589s] -- Installing: /home/jack/ros2_ws/install/dsr_msgs2/include/dsr_msgs2/dsr_msgs2/srv/detail/get_desired_velx__rosidl_typesupport_fastrtps_cpp.hpp
[166.589s] -- Up-to-date: /home/jack/ros2_ws/install/dsr_msgs2/include/dsr_msgs2/dsr_msgs2/msg
[166.589s] -- Up-to-date: /home/jack/ros2_ws/install/dsr_msgs2/include/dsr_msgs2/dsr_msgs2/msg/detail
[166.589s] -- Installing: /home/jack/ros2_ws/install/dsr_msgs2/include/dsr_msgs2/dsr_msgs2/msg/detail/log_alarm__rosidl_typesupport_fastrtps_cpp.hpp
[166.589s] -- Installing: /home/jack/ros2_ws/install/dsr_msgs2/include/dsr_msgs2/dsr_msgs2/msg/detail/servoj_rt_stream__rosidl_typesupport_fastrtps_cpp.hpp
[166.590s] -- Installing: /home/jack/ros2_ws/install/dsr_msgs2/include/dsr_msgs2/dsr_msgs2/msg/detail/torque_rt_stream__rosidl_typesupport_fastrtps_cpp.hpp
[166.590s] -- Installing: /home/jack/ros2_ws/install/dsr_msgs2/include/dsr_msgs2/dsr_msgs2/msg/detail/dds_fastrtps
[166.590s] -- Installing: /home/jack/ros2_ws/install/dsr_msgs2/include/dsr_msgs2/dsr_msgs2/msg/detail/speedj_stream__rosidl_typesupport_fastrtps_cpp.hpp
[166.590s] -- Installing: /home/jack/ros2_ws/install/dsr_msgs2/include/dsr_msgs2/dsr_msgs2/msg/detail/robot_error__rosidl_typesupport_fastrtps_cpp.hpp
[166.591s] -- Installing: /home/jack/ros2_ws/install/dsr_msgs2/include/dsr_msgs2/dsr_msgs2/msg/detail/speedl_stream__rosidl_typesupport_fastrtps_cpp.hpp
[166.591s] -- Installing: /home/jack/ros2_ws/install/dsr_msgs2/include/dsr_msgs2/dsr_msgs2/msg/detail/robot_stop__rosidl_typesupport_fastrtps_cpp.hpp
[166.591s] -- Installing: /home/jack/ros2_ws/install/dsr_msgs2/include/dsr_msgs2/dsr_msgs2/msg/detail/robot_state__rosidl_typesupport_fastrtps_cpp.hpp
[166.591s] -- Installing: /home/jack/ros2_ws/install/dsr_msgs2/include/dsr_msgs2/dsr_msgs2/msg/detail/speedj_rt_stream__rosidl_typesupport_fastrtps_cpp.hpp
[166.592s] -- Installing: /home/jack/ros2_ws/install/dsr_msgs2/include/dsr_msgs2/dsr_msgs2/msg/detail/jog_multi_axis__rosidl_typesupport_fastrtps_cpp.hpp
[166.592s] -- Installing: /home/jack/ros2_ws/install/dsr_msgs2/include/dsr_msgs2/dsr_msgs2/msg/detail/speedl_rt_stream__rosidl_typesupport_fastrtps_cpp.hpp
[166.592s] -- Installing: /home/jack/ros2_ws/install/dsr_msgs2/include/dsr_msgs2/dsr_msgs2/msg/detail/robot_state_rt__rosidl_typesupport_fastrtps_cpp.hpp
[166.592s] -- Installing: /home/jack/ros2_ws/install/dsr_msgs2/include/dsr_msgs2/dsr_msgs2/msg/detail/servoj_stream__rosidl_typesupport_fastrtps_cpp.hpp
[166.593s] -- Installing: /home/jack/ros2_ws/install/dsr_msgs2/include/dsr_msgs2/dsr_msgs2/msg/detail/alter_motion_stream__rosidl_typesupport_fastrtps_cpp.hpp
[166.593s] -- Installing: /home/jack/ros2_ws/install/dsr_msgs2/include/dsr_msgs2/dsr_msgs2/msg/detail/servol_rt_stream__rosidl_typesupport_fastrtps_cpp.hpp
[166.593s] -- Installing: /home/jack/ros2_ws/install/dsr_msgs2/include/dsr_msgs2/dsr_msgs2/msg/detail/servol_stream__rosidl_typesupport_fastrtps_cpp.hpp
[166.594s] -- Installing: /home/jack/ros2_ws/install/dsr_msgs2/include/dsr_msgs2/dsr_msgs2/msg/detail/modbus_state__rosidl_typesupport_fastrtps_cpp.hpp
[166.594s] -- Installing: /home/jack/ros2_ws/install/dsr_msgs2/include/dsr_msgs2/dsr_msgs2/msg/rosidl_typesupport_fastrtps_cpp__visibility_control.h
[166.595s] -- Installing: /home/jack/ros2_ws/install/dsr_msgs2/lib/libdsr_msgs2__rosidl_typesupport_fastrtps_cpp.so
[166.600s] -- Set runtime path of "/home/jack/ros2_ws/install/dsr_msgs2/lib/libdsr_msgs2__rosidl_typesupport_fastrtps_cpp.so" to ""
[166.600s] -- Up-to-date: /home/jack/ros2_ws/install/dsr_msgs2/include/dsr_msgs2/dsr_msgs2
[166.600s] -- Up-to-date: /home/jack/ros2_ws/install/dsr_msgs2/include/dsr_msgs2/dsr_msgs2/srv
[166.600s] -- Up-to-date: /home/jack/ros2_ws/install/dsr_msgs2/include/dsr_msgs2/dsr_msgs2/srv/detail
[166.602s] -- Installing: /home/jack/ros2_ws/install/dsr_msgs2/include/dsr_msgs2/dsr_msgs2/srv/detail/change_operation_speed__type_support.c
[166.602s] -- Installing: /home/jack/ros2_ws/install/dsr_msgs2/include/dsr_msgs2/dsr_msgs2/srv/detail/calc_coord__type_support.c
[166.603s] -- Installing: /home/jack/ros2_ws/install/dsr_msgs2/include/dsr_msgs2/dsr_msgs2/srv/detail/get_user_cart_coord__type_support.c
[166.605s] -- Installing: /home/jack/ros2_ws/install/dsr_msgs2/include/dsr_msgs2/dsr_msgs2/srv/detail/set_safety_mode__rosidl_typesupport_introspection_c.h
[166.606s] -- Installing: /home/jack/ros2_ws/install/dsr_msgs2/include/dsr_msgs2/dsr_msgs2/srv/detail/move_spline_task__rosidl_typesupport_introspection_c.h
[166.606s] -- Installing: /home/jack/ros2_ws/install/dsr_msgs2/include/dsr_msgs2/dsr_msgs2/srv/detail/get_tool_force__type_support.c
[166.606s] -- Installing: /home/jack/ros2_ws/install/dsr_msgs2/include/dsr_msgs2/dsr_msgs2/srv/detail/write_data_rt__rosidl_typesupport_introspection_c.h
[166.607s] -- Installing: /home/jack/ros2_ws/install/dsr_msgs2/include/dsr_msgs2/dsr_msgs2/srv/detail/get_current_velj__rosidl_typesupport_introspection_c.h
[166.607s] -- Installing: /home/jack/ros2_ws/install/dsr_msgs2/include/dsr_msgs2/dsr_msgs2/srv/detail/get_desired_velj__type_support.c
[166.607s] -- Installing: /home/jack/ros2_ws/install/dsr_msgs2/include/dsr_msgs2/dsr_msgs2/srv/detail/connect_rt_control__rosidl_typesupport_introspection_c.h
[166.607s] -- Installing: /home/jack/ros2_ws/install/dsr_msgs2/include/dsr_msgs2/dsr_msgs2/srv/detail/connect_rt_control__type_support.c
[166.608s] -- Installing: /home/jack/ros2_ws/install/dsr_msgs2/include/dsr_msgs2/dsr_msgs2/srv/detail/read_data_rt__type_support.c
[166.608s] -- Installing: /home/jack/ros2_ws/install/dsr_msgs2/include/dsr_msgs2/dsr_msgs2/srv/detail/move_periodic__type_support.c
[166.609s] -- Installing: /home/jack/ros2_ws/install/dsr_msgs2/include/dsr_msgs2/dsr_msgs2/srv/detail/robotiq2_f_open__rosidl_typesupport_introspection_c.h
[166.609s] -- Installing: /home/jack/ros2_ws/install/dsr_msgs2/include/dsr_msgs2/dsr_msgs2/srv/detail/move_wait__rosidl_typesupport_introspection_c.h
[166.609s] -- Installing: /home/jack/ros2_ws/install/dsr_msgs2/include/dsr_msgs2/dsr_msgs2/srv/detail/get_rt_control_input_data_list__rosidl_typesupport_introspection_c.h
[166.609s] -- Installing: /home/jack/ros2_ws/install/dsr_msgs2/include/dsr_msgs2/dsr_msgs2/srv/detail/start_rt_control__rosidl_typesupport_introspection_c.h
[166.610s] -- Installing: /home/jack/ros2_ws/install/dsr_msgs2/include/dsr_msgs2/dsr_msgs2/srv/detail/get_robot_system__type_support.c
[166.610s] -- Installing: /home/jack/ros2_ws/install/dsr_msgs2/include/dsr_msgs2/dsr_msgs2/srv/detail/set_robot_speed_mode__type_support.c
[166.610s] -- Installing: /home/jack/ros2_ws/install/dsr_msgs2/include/dsr_msgs2/dsr_msgs2/srv/detail/get_rt_control_output_version_list__type_support.c
[166.611s] -- Installing: /home/jack/ros2_ws/install/dsr_msgs2/include/dsr_msgs2/dsr_msgs2/srv/detail/get_last_alarm__type_support.c
[166.611s] -- Installing: /home/jack/ros2_ws/install/dsr_msgs2/include/dsr_msgs2/dsr_msgs2/srv/detail/get_rt_control_input_data_list__type_support.c
[166.611s] -- Installing: /home/jack/ros2_ws/install/dsr_msgs2/include/dsr_msgs2/dsr_msgs2/srv/detail/get_current_tool_flange_posx__type_support.c
[166.612s] -- Installing: /home/jack/ros2_ws/install/dsr_msgs2/include/dsr_msgs2/dsr_msgs2/srv/detail/get_current_velx__rosidl_typesupport_introspection_c.h
[166.612s] -- Installing: /home/jack/ros2_ws/install/dsr_msgs2/include/dsr_msgs2/dsr_msgs2/srv/detail/move_circle__type_support.c
[166.613s] -- Installing: /home/jack/ros2_ws/install/dsr_msgs2/include/dsr_msgs2/dsr_msgs2/srv/detail/get_current_tcp__type_support.c
[166.613s] -- Installing: /home/jack/ros2_ws/install/dsr_msgs2/include/dsr_msgs2/dsr_msgs2/srv/detail/set_safe_stop_reset_type__rosidl_typesupport_introspection_c.h
[166.613s] -- Installing: /home/jack/ros2_ws/install/dsr_msgs2/include/dsr_msgs2/dsr_msgs2/srv/detail/alter_motion__type_support.c
[166.614s] -- Installing: /home/jack/ros2_ws/install/dsr_msgs2/include/dsr_msgs2/dsr_msgs2/srv/detail/fkin__rosidl_typesupport_introspection_c.h
[166.614s] -- Installing: /home/jack/ros2_ws/install/dsr_msgs2/include/dsr_msgs2/dsr_msgs2/srv/detail/task_compliance_ctrl__type_support.c
[166.614s] -- Installing: /home/jack/ros2_ws/install/dsr_msgs2/include/dsr_msgs2/dsr_msgs2/srv/detail/config_create_tcp__type_support.c
[166.614s] -- Installing: /home/jack/ros2_ws/install/dsr_msgs2/include/dsr_msgs2/dsr_msgs2/srv/detail/set_user_cart_coord3__type_support.c
[166.615s] -- Installing: /home/jack/ros2_ws/install/dsr_msgs2/include/dsr_msgs2/dsr_msgs2/srv/detail/change_operation_speed__rosidl_typesupport_introspection_c.h
[166.615s] -- Installing: /home/jack/ros2_ws/install/dsr_msgs2/include/dsr_msgs2/dsr_msgs2/srv/detail/drl_pause__type_support.c
[166.616s] -- Installing: /home/jack/ros2_ws/install/dsr_msgs2/include/dsr_msgs2/dsr_msgs2/srv/detail/get_orientation_error__type_support.c
[166.616s] -- Installing: /home/jack/ros2_ws/install/dsr_msgs2/include/dsr_msgs2/dsr_msgs2/srv/detail/get_modbus_input__type_support.c
[166.617s] -- Installing: /home/jack/ros2_ws/install/dsr_msgs2/include/dsr_msgs2/dsr_msgs2/srv/detail/set_ref_coord__rosidl_typesupport_introspection_c.h
[166.617s] -- Installing: /home/jack/ros2_ws/install/dsr_msgs2/include/dsr_msgs2/dsr_msgs2/srv/detail/set_robot_speed_mode__rosidl_typesupport_introspection_c.h
[166.617s] -- Installing: /home/jack/ros2_ws/install/dsr_msgs2/include/dsr_msgs2/dsr_msgs2/srv/detail/get_joint_torque__rosidl_typesupport_introspection_c.h
[166.618s] -- Installing: /home/jack/ros2_ws/install/dsr_msgs2/include/dsr_msgs2/dsr_msgs2/srv/detail/get_current_posx__rosidl_typesupport_introspection_c.h
[166.618s] -- Installing: /home/jack/ros2_ws/install/dsr_msgs2/include/dsr_msgs2/dsr_msgs2/srv/detail/config_delete_tool__type_support.c
[166.618s] -- Installing: /home/jack/ros2_ws/install/dsr_msgs2/include/dsr_msgs2/dsr_msgs2/srv/detail/get_current_pose__type_support.c
[166.619s] -- Installing: /home/jack/ros2_ws/install/dsr_msgs2/include/dsr_msgs2/dsr_msgs2/srv/detail/set_desired_force__type_support.c
[166.619s] -- Installing: /home/jack/ros2_ws/install/dsr_msgs2/include/dsr_msgs2/dsr_msgs2/srv/detail/get_control_space__type_support.c
[166.620s] -- Installing: /home/jack/ros2_ws/install/dsr_msgs2/include/dsr_msgs2/dsr_msgs2/srv/detail/serial_send_data__type_support.c
[166.620s] -- Installing: /home/jack/ros2_ws/install/dsr_msgs2/include/dsr_msgs2/dsr_msgs2/srv/detail/servo_off__type_support.c
[166.620s] -- Installing: /home/jack/ros2_ws/install/dsr_msgs2/include/dsr_msgs2/dsr_msgs2/srv/detail/get_control_mode__rosidl_typesupport_introspection_c.h
[166.620s] -- Installing: /home/jack/ros2_ws/install/dsr_msgs2/include/dsr_msgs2/dsr_msgs2/srv/detail/set_tool_shape__rosidl_typesupport_introspection_c.h
[166.621s] -- Installing: /home/jack/ros2_ws/install/dsr_msgs2/include/dsr_msgs2/dsr_msgs2/srv/detail/set_modbus_output__rosidl_typesupport_introspection_c.h
[166.621s] -- Installing: /home/jack/ros2_ws/install/dsr_msgs2/include/dsr_msgs2/dsr_msgs2/srv/detail/get_current_pose__rosidl_typesupport_introspection_c.h
[166.621s] -- Installing: /home/jack/ros2_ws/install/dsr_msgs2/include/dsr_msgs2/dsr_msgs2/srv/detail/task_compliance_ctrl__rosidl_typesupport_introspection_c.h
[166.622s] -- Installing: /home/jack/ros2_ws/install/dsr_msgs2/include/dsr_msgs2/dsr_msgs2/srv/detail/get_rt_control_output_version_list__rosidl_typesupport_introspection_c.h
[166.622s] -- Installing: /home/jack/ros2_ws/install/dsr_msgs2/include/dsr_msgs2/dsr_msgs2/srv/detail/move_spiral__type_support.c
[166.622s] -- Installing: /home/jack/ros2_ws/install/dsr_msgs2/include/dsr_msgs2/dsr_msgs2/srv/detail/drl_start__type_support.c
[166.623s] -- Installing: /home/jack/ros2_ws/install/dsr_msgs2/include/dsr_msgs2/dsr_msgs2/srv/detail/get_ctrl_box_digital_output__type_support.c
[166.623s] -- Installing: /home/jack/ros2_ws/install/dsr_msgs2/include/dsr_msgs2/dsr_msgs2/srv/detail/get_desired_velx__type_support.c
[166.623s] -- Installing: /home/jack/ros2_ws/install/dsr_msgs2/include/dsr_msgs2/dsr_msgs2/srv/detail/disconnect_rt_control__type_support.c
[166.624s] -- Installing: /home/jack/ros2_ws/install/dsr_msgs2/include/dsr_msgs2/dsr_msgs2/srv/detail/move_joint__type_support.c
[166.624s] -- Installing: /home/jack/ros2_ws/install/dsr_msgs2/include/dsr_msgs2/dsr_msgs2/srv/detail/set_ctrl_box_analog_output_type__type_support.c
[166.625s] -- Installing: /home/jack/ros2_ws/install/dsr_msgs2/include/dsr_msgs2/dsr_msgs2/srv/detail/set_user_cart_coord1__rosidl_typesupport_introspection_c.h
[166.625s] -- Installing: /home/jack/ros2_ws/install/dsr_msgs2/include/dsr_msgs2/dsr_msgs2/srv/detail/get_tool_digital_input__type_support.c
[166.625s] -- Installing: /home/jack/ros2_ws/install/dsr_msgs2/include/dsr_msgs2/dsr_msgs2/srv/detail/move_stop__rosidl_typesupport_introspection_c.h
[166.626s] -- Installing: /home/jack/ros2_ws/install/dsr_msgs2/include/dsr_msgs2/dsr_msgs2/srv/detail/set_velj_rt__rosidl_typesupport_introspection_c.h
[166.626s] -- Installing: /home/jack/ros2_ws/install/dsr_msgs2/include/dsr_msgs2/dsr_msgs2/srv/detail/drl_pause__rosidl_typesupport_introspection_c.h
[166.626s] -- Installing: /home/jack/ros2_ws/install/dsr_msgs2/include/dsr_msgs2/dsr_msgs2/srv/detail/get_ctrl_box_digital_input__type_support.c
[166.627s] -- Installing: /home/jack/ros2_ws/install/dsr_msgs2/include/dsr_msgs2/dsr_msgs2/srv/detail/set_ctrl_box_digital_output__rosidl_typesupport_introspection_c.h
[166.627s] -- Installing: /home/jack/ros2_ws/install/dsr_msgs2/include/dsr_msgs2/dsr_msgs2/srv/detail/set_modbus_output__type_support.c
[166.627s] -- Installing: /home/jack/ros2_ws/install/dsr_msgs2/include/dsr_msgs2/dsr_msgs2/srv/detail/set_robot_system__rosidl_typesupport_introspection_c.h
[166.628s] -- Installing: /home/jack/ros2_ws/install/dsr_msgs2/include/dsr_msgs2/dsr_msgs2/srv/detail/jog_multi__type_support.c
[166.628s] -- Installing: /home/jack/ros2_ws/install/dsr_msgs2/include/dsr_msgs2/dsr_msgs2/srv/detail/get_ctrl_box_digital_output__rosidl_typesupport_introspection_c.h
[166.628s] -- Installing: /home/jack/ros2_ws/install/dsr_msgs2/include/dsr_msgs2/dsr_msgs2/srv/detail/get_current_posx__type_support.c
[166.629s] -- Installing: /home/jack/ros2_ws/install/dsr_msgs2/include/dsr_msgs2/dsr_msgs2/srv/detail/move_home__rosidl_typesupport_introspection_c.h
[166.629s] -- Installing: /home/jack/ros2_ws/install/dsr_msgs2/include/dsr_msgs2/dsr_msgs2/srv/detail/check_orientation_condition1__rosidl_typesupport_introspection_c.h
[166.629s] -- Installing: /home/jack/ros2_ws/install/dsr_msgs2/include/dsr_msgs2/dsr_msgs2/srv/detail/config_delete_tool__rosidl_typesupport_introspection_c.h
[166.630s] -- Installing: /home/jack/ros2_ws/install/dsr_msgs2/include/dsr_msgs2/dsr_msgs2/srv/detail/get_external_torque__type_support.c
[166.630s] -- Installing: /home/jack/ros2_ws/install/dsr_msgs2/include/dsr_msgs2/dsr_msgs2/srv/detail/check_force_condition__type_support.c
[166.630s] -- Installing: /home/jack/ros2_ws/install/dsr_msgs2/include/dsr_msgs2/dsr_msgs2/srv/detail/config_delete_tcp__rosidl_typesupport_introspection_c.h
[166.631s] -- Installing: /home/jack/ros2_ws/install/dsr_msgs2/include/dsr_msgs2/dsr_msgs2/srv/detail/parallel_axis1__type_support.c
[166.631s] -- Installing: /home/jack/ros2_ws/install/dsr_msgs2/include/dsr_msgs2/dsr_msgs2/srv/detail/set_accx_rt__type_support.c
[166.632s] -- Installing: /home/jack/ros2_ws/install/dsr_msgs2/include/dsr_msgs2/dsr_msgs2/srv/detail/get_drl_state__type_support.c
[166.632s] -- Installing: /home/jack/ros2_ws/install/dsr_msgs2/include/dsr_msgs2/dsr_msgs2/srv/detail/parallel_axis2__rosidl_typesupport_introspection_c.h
[166.632s] -- Installing: /home/jack/ros2_ws/install/dsr_msgs2/include/dsr_msgs2/dsr_msgs2/srv/detail/disconnect_rt_control__rosidl_typesupport_introspection_c.h
[166.632s] -- Installing: /home/jack/ros2_ws/install/dsr_msgs2/include/dsr_msgs2/dsr_msgs2/srv/detail/get_joint_torque__type_support.c
[166.633s] -- Installing: /home/jack/ros2_ws/install/dsr_msgs2/include/dsr_msgs2/dsr_msgs2/srv/detail/set_rt_control_input__type_support.c
[166.633s] -- Installing: /home/jack/ros2_ws/install/dsr_msgs2/include/dsr_msgs2/dsr_msgs2/srv/detail/set_ctrl_box_analog_input_type__type_support.c
[166.634s] -- Installing: /home/jack/ros2_ws/install/dsr_msgs2/include/dsr_msgs2/dsr_msgs2/srv/detail/get_external_torque__rosidl_typesupport_introspection_c.h
[166.634s] -- Installing: /home/jack/ros2_ws/install/dsr_msgs2/include/dsr_msgs2/dsr_msgs2/srv/detail/is_done_bolt_tightening__rosidl_typesupport_introspection_c.h
[166.634s] -- Installing: /home/jack/ros2_ws/install/dsr_msgs2/include/dsr_msgs2/dsr_msgs2/srv/detail/robotiq2_f_move__rosidl_typesupport_introspection_c.h
[166.635s] -- Installing: /home/jack/ros2_ws/install/dsr_msgs2/include/dsr_msgs2/dsr_msgs2/srv/detail/servo_off__rosidl_typesupport_introspection_c.h
[166.635s] -- Installing: /home/jack/ros2_ws/install/dsr_msgs2/include/dsr_msgs2/dsr_msgs2/srv/detail/set_stiffnessx__rosidl_typesupport_introspection_c.h
[166.635s] -- Installing: /home/jack/ros2_ws/install/dsr_msgs2/include/dsr_msgs2/dsr_msgs2/srv/detail/set_ctrl_box_analog_output__type_support.c
[166.635s] -- Installing: /home/jack/ros2_ws/install/dsr_msgs2/include/dsr_msgs2/dsr_msgs2/srv/detail/coord_transform__rosidl_typesupport_introspection_c.h
[166.636s] -- Installing: /home/jack/ros2_ws/install/dsr_msgs2/include/dsr_msgs2/dsr_msgs2/srv/detail/get_robot_state__rosidl_typesupport_introspection_c.h
[166.636s] -- Installing: /home/jack/ros2_ws/install/dsr_msgs2/include/dsr_msgs2/dsr_msgs2/srv/detail/check_position_condition__rosidl_typesupport_introspection_c.h
[166.636s] -- Installing: /home/jack/ros2_ws/install/dsr_msgs2/include/dsr_msgs2/dsr_msgs2/srv/detail/move_pause__type_support.c
[166.637s] -- Installing: /home/jack/ros2_ws/install/dsr_msgs2/include/dsr_msgs2/dsr_msgs2/srv/detail/set_desired_force__rosidl_typesupport_introspection_c.h
[166.637s] -- Installing: /home/jack/ros2_ws/install/dsr_msgs2/include/dsr_msgs2/dsr_msgs2/srv/detail/drl_start__rosidl_typesupport_introspection_c.h
[166.637s] -- Installing: /home/jack/ros2_ws/install/dsr_msgs2/include/dsr_msgs2/dsr_msgs2/srv/detail/get_desired_posx__type_support.c
[166.637s] -- Installing: /home/jack/ros2_ws/install/dsr_msgs2/include/dsr_msgs2/dsr_msgs2/srv/detail/release_force__rosidl_typesupport_introspection_c.h
[166.638s] -- Installing: /home/jack/ros2_ws/install/dsr_msgs2/include/dsr_msgs2/dsr_msgs2/srv/detail/robotiq2_f_open__type_support.c
[166.638s] -- Installing: /home/jack/ros2_ws/install/dsr_msgs2/include/dsr_msgs2/dsr_msgs2/srv/detail/move_circle__rosidl_typesupport_introspection_c.h
[166.638s] -- Installing: /home/jack/ros2_ws/install/dsr_msgs2/include/dsr_msgs2/dsr_msgs2/srv/detail/set_current_tool__type_support.c
[166.639s] -- Installing: /home/jack/ros2_ws/install/dsr_msgs2/include/dsr_msgs2/dsr_msgs2/srv/detail/get_tool_digital_input__rosidl_typesupport_introspection_c.h
[166.639s] -- Installing: /home/jack/ros2_ws/install/dsr_msgs2/include/dsr_msgs2/dsr_msgs2/srv/detail/move_spline_joint__rosidl_typesupport_introspection_c.h
[166.639s] -- Installing: /home/jack/ros2_ws/install/dsr_msgs2/include/dsr_msgs2/dsr_msgs2/srv/detail/set_user_cart_coord2__rosidl_typesupport_introspection_c.h
[166.639s] -- Installing: /home/jack/ros2_ws/install/dsr_msgs2/include/dsr_msgs2/dsr_msgs2/srv/detail/set_singularity_handling__rosidl_typesupport_introspection_c.h
[166.640s] -- Installing: /home/jack/ros2_ws/install/dsr_msgs2/include/dsr_msgs2/dsr_msgs2/srv/detail/trans__rosidl_typesupport_introspection_c.h
[166.640s] -- Installing: /home/jack/ros2_ws/install/dsr_msgs2/include/dsr_msgs2/dsr_msgs2/srv/detail/move_spiral__rosidl_typesupport_introspection_c.h
[166.640s] -- Installing: /home/jack/ros2_ws/install/dsr_msgs2/include/dsr_msgs2/dsr_msgs2/srv/detail/set_ref_coord__type_support.c
[166.640s] -- Installing: /home/jack/ros2_ws/install/dsr_msgs2/include/dsr_msgs2/dsr_msgs2/srv/detail/change_collision_sensitivity__rosidl_typesupport_introspection_c.h
[166.641s] -- Installing: /home/jack/ros2_ws/install/dsr_msgs2/include/dsr_msgs2/dsr_msgs2/srv/detail/check_orientation_condition2__rosidl_typesupport_introspection_c.h
[166.641s] -- Installing: /home/jack/ros2_ws/install/dsr_msgs2/include/dsr_msgs2/dsr_msgs2/srv/detail/overwrite_user_cart_coord__rosidl_typesupport_introspection_c.h
[166.641s] -- Installing: /home/jack/ros2_ws/install/dsr_msgs2/include/dsr_msgs2/dsr_msgs2/srv/detail/disable_alter_motion__type_support.c
[166.641s] -- Installing: /home/jack/ros2_ws/install/dsr_msgs2/include/dsr_msgs2/dsr_msgs2/srv/detail/set_robot_control__rosidl_typesupport_introspection_c.h
[166.642s] -- Installing: /home/jack/ros2_ws/install/dsr_msgs2/include/dsr_msgs2/dsr_msgs2/srv/detail/parallel_axis2__type_support.c
[166.642s] -- Installing: /home/jack/ros2_ws/install/dsr_msgs2/include/dsr_msgs2/dsr_msgs2/srv/detail/config_create_modbus__rosidl_typesupport_introspection_c.h
[166.642s] -- Installing: /home/jack/ros2_ws/install/dsr_msgs2/include/dsr_msgs2/dsr_msgs2/srv/detail/ikin__type_support.c
[166.643s] -- Installing: /home/jack/ros2_ws/install/dsr_msgs2/include/dsr_msgs2/dsr_msgs2/srv/detail/robotiq2_f_move__type_support.c
[166.643s] -- Installing: /home/jack/ros2_ws/install/dsr_msgs2/include/dsr_msgs2/dsr_msgs2/srv/detail/get_current_tool_flange_posx__rosidl_typesupport_introspection_c.h
[166.644s] -- Installing: /home/jack/ros2_ws/install/dsr_msgs2/include/dsr_msgs2/dsr_msgs2/srv/detail/drl_stop__rosidl_typesupport_introspection_c.h
[166.644s] -- Installing: /home/jack/ros2_ws/install/dsr_msgs2/include/dsr_msgs2/dsr_msgs2/srv/detail/ikin__rosidl_typesupport_introspection_c.h
[166.644s] -- Installing: /home/jack/ros2_ws/install/dsr_msgs2/include/dsr_msgs2/dsr_msgs2/srv/detail/serial_send_data__rosidl_typesupport_introspection_c.h
[166.644s] -- Installing: /home/jack/ros2_ws/install/dsr_msgs2/include/dsr_msgs2/dsr_msgs2/srv/detail/get_workpiece_weight__type_support.c
[166.645s] -- Installing: /home/jack/ros2_ws/install/dsr_msgs2/include/dsr_msgs2/dsr_msgs2/srv/detail/set_current_tool__rosidl_typesupport_introspection_c.h
[166.645s] -- Installing: /home/jack/ros2_ws/install/dsr_msgs2/include/dsr_msgs2/dsr_msgs2/srv/detail/set_safety_mode__type_support.c
[166.645s] -- Installing: /home/jack/ros2_ws/install/dsr_msgs2/include/dsr_msgs2/dsr_msgs2/srv/detail/is_done_bolt_tightening__type_support.c
[166.646s] -- Installing: /home/jack/ros2_ws/install/dsr_msgs2/include/dsr_msgs2/dsr_msgs2/srv/detail/jog__rosidl_typesupport_introspection_c.h
[166.646s] -- Installing: /home/jack/ros2_ws/install/dsr_msgs2/include/dsr_msgs2/dsr_msgs2/srv/detail/get_desired_posj__type_support.c
[166.646s] -- Installing: /home/jack/ros2_ws/install/dsr_msgs2/include/dsr_msgs2/dsr_msgs2/srv/detail/get_solution_space__rosidl_typesupport_introspection_c.h
[166.647s] -- Installing: /home/jack/ros2_ws/install/dsr_msgs2/include/dsr_msgs2/dsr_msgs2/srv/detail/move_pause__rosidl_typesupport_introspection_c.h
[166.647s] -- Installing: /home/jack/ros2_ws/install/dsr_msgs2/include/dsr_msgs2/dsr_msgs2/srv/detail/config_create_tcp__rosidl_typesupport_introspection_c.h
[166.647s] -- Installing: /home/jack/ros2_ws/install/dsr_msgs2/include/dsr_msgs2/dsr_msgs2/srv/detail/set_user_cart_coord1__type_support.c
[166.647s] -- Installing: /home/jack/ros2_ws/install/dsr_msgs2/include/dsr_msgs2/dsr_msgs2/srv/detail/get_user_cart_coord__rosidl_typesupport_introspection_c.h
[166.648s] -- Installing: /home/jack/ros2_ws/install/dsr_msgs2/include/dsr_msgs2/dsr_msgs2/srv/detail/jog__type_support.c
[166.648s] -- Installing: /home/jack/ros2_ws/install/dsr_msgs2/include/dsr_msgs2/dsr_msgs2/srv/detail/get_robot_speed_mode__type_support.c
[166.648s] -- Installing: /home/jack/ros2_ws/install/dsr_msgs2/include/dsr_msgs2/dsr_msgs2/srv/detail/get_rt_control_output_data_list__rosidl_typesupport_introspection_c.h
[166.649s] -- Installing: /home/jack/ros2_ws/install/dsr_msgs2/include/dsr_msgs2/dsr_msgs2/srv/detail/release_force__type_support.c
[166.649s] -- Installing: /home/jack/ros2_ws/install/dsr_msgs2/include/dsr_msgs2/dsr_msgs2/srv/detail/get_ctrl_box_analog_input__rosidl_typesupport_introspection_c.h
[166.649s] -- Installing: /home/jack/ros2_ws/install/dsr_msgs2/include/dsr_msgs2/dsr_msgs2/srv/detail/config_create_modbus__type_support.c
[166.650s] -- Installing: /home/jack/ros2_ws/install/dsr_msgs2/include/dsr_msgs2/dsr_msgs2/srv/detail/stop_rt_control__rosidl_typesupport_introspection_c.h
[166.650s] -- Installing: /home/jack/ros2_ws/install/dsr_msgs2/include/dsr_msgs2/dsr_msgs2/srv/detail/get_solution_space__type_support.c
[166.650s] -- Installing: /home/jack/ros2_ws/install/dsr_msgs2/include/dsr_msgs2/dsr_msgs2/srv/detail/set_rt_control_output__rosidl_typesupport_introspection_c.h
[166.651s] -- Installing: /home/jack/ros2_ws/install/dsr_msgs2/include/dsr_msgs2/dsr_msgs2/srv/detail/get_drl_state__rosidl_typesupport_introspection_c.h
[166.651s] -- Installing: /home/jack/ros2_ws/install/dsr_msgs2/include/dsr_msgs2/dsr_msgs2/srv/detail/set_current_tcp__rosidl_typesupport_introspection_c.h
[166.651s] -- Installing: /home/jack/ros2_ws/install/dsr_msgs2/include/dsr_msgs2/dsr_msgs2/srv/detail/move_stop__type_support.c
[166.651s] -- Installing: /home/jack/ros2_ws/install/dsr_msgs2/include/dsr_msgs2/dsr_msgs2/srv/detail/set_velx_rt__type_support.c
[166.652s] -- Installing: /home/jack/ros2_ws/install/dsr_msgs2/include/dsr_msgs2/dsr_msgs2/srv/detail/get_tool_force__rosidl_typesupport_introspection_c.h
[166.652s] -- Installing: /home/jack/ros2_ws/install/dsr_msgs2/include/dsr_msgs2/dsr_msgs2/srv/detail/reset_workpiece_weight__type_support.c
[166.652s] -- Installing: /home/jack/ros2_ws/install/dsr_msgs2/include/dsr_msgs2/dsr_msgs2/srv/detail/check_motion__type_support.c
[166.653s] -- Installing: /home/jack/ros2_ws/install/dsr_msgs2/include/dsr_msgs2/dsr_msgs2/srv/detail/get_ctrl_box_analog_input__type_support.c
[166.653s] -- Installing: /home/jack/ros2_ws/install/dsr_msgs2/include/dsr_msgs2/dsr_msgs2/srv/detail/align_axis2__type_support.c
[166.653s] -- Installing: /home/jack/ros2_ws/install/dsr_msgs2/include/dsr_msgs2/dsr_msgs2/srv/detail/fkin__type_support.c
[166.654s] -- Installing: /home/jack/ros2_ws/install/dsr_msgs2/include/dsr_msgs2/dsr_msgs2/srv/detail/set_ctrl_box_digital_output__type_support.c
[166.654s] -- Installing: /home/jack/ros2_ws/install/dsr_msgs2/include/dsr_msgs2/dsr_msgs2/srv/detail/move_home__type_support.c
[166.655s] -- Installing: /home/jack/ros2_ws/install/dsr_msgs2/include/dsr_msgs2/dsr_msgs2/srv/detail/config_delete_tcp__type_support.c
[166.655s] -- Installing: /home/jack/ros2_ws/install/dsr_msgs2/include/dsr_msgs2/dsr_msgs2/srv/detail/get_current_tool__type_support.c
[166.655s] -- Installing: /home/jack/ros2_ws/install/dsr_msgs2/include/dsr_msgs2/dsr_msgs2/srv/detail/move_blending__rosidl_typesupport_introspection_c.h
[166.656s] -- Installing: /home/jack/ros2_ws/install/dsr_msgs2/include/dsr_msgs2/dsr_msgs2/srv/detail/get_control_mode__type_support.c
[166.656s] -- Installing: /home/jack/ros2_ws/install/dsr_msgs2/include/dsr_msgs2/dsr_msgs2/srv/detail/get_control_space__rosidl_typesupport_introspection_c.h
[166.656s] -- Installing: /home/jack/ros2_ws/install/dsr_msgs2/include/dsr_msgs2/dsr_msgs2/srv/detail/get_robot_speed_mode__rosidl_typesupport_introspection_c.h
[166.657s] -- Installing: /home/jack/ros2_ws/install/dsr_msgs2/include/dsr_msgs2/dsr_msgs2/srv/detail/overwrite_user_cart_coord__type_support.c
[166.657s] -- Installing: /home/jack/ros2_ws/install/dsr_msgs2/include/dsr_msgs2/dsr_msgs2/srv/detail/get_desired_posx__rosidl_typesupport_introspection_c.h
[166.657s] -- Installing: /home/jack/ros2_ws/install/dsr_msgs2/include/dsr_msgs2/dsr_msgs2/srv/detail/get_workpiece_weight__rosidl_typesupport_introspection_c.h
[166.658s] -- Installing: /home/jack/ros2_ws/install/dsr_msgs2/include/dsr_msgs2/dsr_msgs2/srv/detail/check_motion__rosidl_typesupport_introspection_c.h
[166.658s] -- Installing: /home/jack/ros2_ws/install/dsr_msgs2/include/dsr_msgs2/dsr_msgs2/srv/detail/get_tool_digital_output__rosidl_typesupport_introspection_c.h
[166.658s] -- Installing: /home/jack/ros2_ws/install/dsr_msgs2/include/dsr_msgs2/dsr_msgs2/srv/detail/enable_alter_motion__rosidl_typesupport_introspection_c.h
[166.658s] -- Installing: /home/jack/ros2_ws/install/dsr_msgs2/include/dsr_msgs2/dsr_msgs2/srv/detail/set_stiffnessx__type_support.c
[166.659s] -- Installing: /home/jack/ros2_ws/install/dsr_msgs2/include/dsr_msgs2/dsr_msgs2/srv/detail/get_current_velj__type_support.c
[166.659s] -- Installing: /home/jack/ros2_ws/install/dsr_msgs2/include/dsr_msgs2/dsr_msgs2/srv/detail/get_robot_state__type_support.c
[166.659s] -- Installing: /home/jack/ros2_ws/install/dsr_msgs2/include/dsr_msgs2/dsr_msgs2/srv/detail/get_current_tcp__rosidl_typesupport_introspection_c.h
[166.659s] -- Installing: /home/jack/ros2_ws/install/dsr_msgs2/include/dsr_msgs2/dsr_msgs2/srv/detail/release_compliance_ctrl__rosidl_typesupport_introspection_c.h
[166.660s] -- Installing: /home/jack/ros2_ws/install/dsr_msgs2/include/dsr_msgs2/dsr_msgs2/srv/detail/disable_alter_motion__rosidl_typesupport_introspection_c.h
[166.660s] -- Installing: /home/jack/ros2_ws/install/dsr_msgs2/include/dsr_msgs2/dsr_msgs2/srv/detail/get_robot_mode__rosidl_typesupport_introspection_c.h
[166.660s] -- Installing: /home/jack/ros2_ws/install/dsr_msgs2/include/dsr_msgs2/dsr_msgs2/srv/detail/move_line__rosidl_typesupport_introspection_c.h
[166.661s] -- Installing: /home/jack/ros2_ws/install/dsr_msgs2/include/dsr_msgs2/dsr_msgs2/srv/detail/drl_resume__rosidl_typesupport_introspection_c.h
[166.661s] -- Installing: /home/jack/ros2_ws/install/dsr_msgs2/include/dsr_msgs2/dsr_msgs2/srv/detail/set_safe_stop_reset_type__type_support.c
[166.662s] -- Installing: /home/jack/ros2_ws/install/dsr_msgs2/include/dsr_msgs2/dsr_msgs2/srv/detail/set_tool_digital_output__rosidl_typesupport_introspection_c.h
[166.662s] -- Installing: /home/jack/ros2_ws/install/dsr_msgs2/include/dsr_msgs2/dsr_msgs2/srv/detail/move_blending__type_support.c
[166.662s] -- Installing: /home/jack/ros2_ws/install/dsr_msgs2/include/dsr_msgs2/dsr_msgs2/srv/detail/robotiq2_f_close__rosidl_typesupport_introspection_c.h
[166.663s] -- Installing: /home/jack/ros2_ws/install/dsr_msgs2/include/dsr_msgs2/dsr_msgs2/srv/detail/set_robot_system__type_support.c
[166.663s] -- Installing: /home/jack/ros2_ws/install/dsr_msgs2/include/dsr_msgs2/dsr_msgs2/srv/detail/config_delete_modbus__type_support.c
[166.663s] -- Installing: /home/jack/ros2_ws/install/dsr_msgs2/include/dsr_msgs2/dsr_msgs2/srv/detail/get_rt_control_input_version_list__rosidl_typesupport_introspection_c.h
[166.663s] -- Installing: /home/jack/ros2_ws/install/dsr_msgs2/include/dsr_msgs2/dsr_msgs2/srv/detail/get_orientation_error__rosidl_typesupport_introspection_c.h
[166.664s] -- Installing: /home/jack/ros2_ws/install/dsr_msgs2/include/dsr_msgs2/dsr_msgs2/srv/detail/drl_resume__type_support.c
[166.664s] -- Installing: /home/jack/ros2_ws/install/dsr_msgs2/include/dsr_msgs2/dsr_msgs2/srv/detail/set_robot_mode__type_support.c
[166.664s] -- Installing: /home/jack/ros2_ws/install/dsr_msgs2/include/dsr_msgs2/dsr_msgs2/srv/detail/move_spline_joint__type_support.c
[166.665s] -- Installing: /home/jack/ros2_ws/install/dsr_msgs2/include/dsr_msgs2/dsr_msgs2/srv/detail/set_rt_control_input__rosidl_typesupport_introspection_c.h
[166.665s] -- Installing: /home/jack/ros2_ws/install/dsr_msgs2/include/dsr_msgs2/dsr_msgs2/srv/detail/stop_rt_control__type_support.c
[166.666s] -- Installing: /home/jack/ros2_ws/install/dsr_msgs2/include/dsr_msgs2/dsr_msgs2/srv/detail/check_position_condition__type_support.c
[166.666s] -- Installing: /home/jack/ros2_ws/install/dsr_msgs2/include/dsr_msgs2/dsr_msgs2/srv/detail/config_create_tool__type_support.c
[166.667s] -- Installing: /home/jack/ros2_ws/install/dsr_msgs2/include/dsr_msgs2/dsr_msgs2/srv/detail/align_axis1__rosidl_typesupport_introspection_c.h
[166.667s] -- Installing: /home/jack/ros2_ws/install/dsr_msgs2/include/dsr_msgs2/dsr_msgs2/srv/detail/get_last_alarm__rosidl_typesupport_introspection_c.h
[166.667s] -- Installing: /home/jack/ros2_ws/install/dsr_msgs2/include/dsr_msgs2/dsr_msgs2/srv/detail/write_data_rt__type_support.c
[166.668s] -- Installing: /home/jack/ros2_ws/install/dsr_msgs2/include/dsr_msgs2/dsr_msgs2/srv/detail/get_current_solution_space__rosidl_typesupport_introspection_c.h
[166.668s] -- Installing: /home/jack/ros2_ws/install/dsr_msgs2/include/dsr_msgs2/dsr_msgs2/srv/detail/set_robot_control__type_support.c
[166.668s] -- Installing: /home/jack/ros2_ws/install/dsr_msgs2/include/dsr_msgs2/dsr_msgs2/srv/detail/change_collision_sensitivity__type_support.c
[166.669s] -- Installing: /home/jack/ros2_ws/install/dsr_msgs2/include/dsr_msgs2/dsr_msgs2/srv/detail/calc_coord__rosidl_typesupport_introspection_c.h
[166.669s] -- Installing: /home/jack/ros2_ws/install/dsr_msgs2/include/dsr_msgs2/dsr_msgs2/srv/detail/get_desired_posj__rosidl_typesupport_introspection_c.h
[166.669s] -- Installing: /home/jack/ros2_ws/install/dsr_msgs2/include/dsr_msgs2/dsr_msgs2/srv/detail/set_user_cart_coord2__type_support.c
[166.670s] -- Installing: /home/jack/ros2_ws/install/dsr_msgs2/include/dsr_msgs2/dsr_msgs2/srv/detail/parallel_axis1__rosidl_typesupport_introspection_c.h
[166.670s] -- Installing: /home/jack/ros2_ws/install/dsr_msgs2/include/dsr_msgs2/dsr_msgs2/srv/detail/get_current_velx__type_support.c
[166.670s] -- Installing: /home/jack/ros2_ws/install/dsr_msgs2/include/dsr_msgs2/dsr_msgs2/srv/detail/set_rt_control_output__type_support.c
[166.671s] -- Installing: /home/jack/ros2_ws/install/dsr_msgs2/include/dsr_msgs2/dsr_msgs2/srv/detail/check_orientation_condition1__type_support.c
[166.671s] -- Installing: /home/jack/ros2_ws/install/dsr_msgs2/include/dsr_msgs2/dsr_msgs2/srv/detail/set_robot_mode__rosidl_typesupport_introspection_c.h
[166.672s] -- Installing: /home/jack/ros2_ws/install/dsr_msgs2/include/dsr_msgs2/dsr_msgs2/srv/detail/get_desired_velx__rosidl_typesupport_introspection_c.h
[166.672s] -- Installing: /home/jack/ros2_ws/install/dsr_msgs2/include/dsr_msgs2/dsr_msgs2/srv/detail/jog_multi__rosidl_typesupport_introspection_c.h
[166.672s] -- Installing: /home/jack/ros2_ws/install/dsr_msgs2/include/dsr_msgs2/dsr_msgs2/srv/detail/check_orientation_condition2__type_support.c
[166.673s] -- Installing: /home/jack/ros2_ws/install/dsr_msgs2/include/dsr_msgs2/dsr_msgs2/srv/detail/set_ctrl_box_analog_input_type__rosidl_typesupport_introspection_c.h
[166.673s] -- Installing: /home/jack/ros2_ws/install/dsr_msgs2/include/dsr_msgs2/dsr_msgs2/srv/detail/set_ctrl_box_analog_output_type__rosidl_typesupport_introspection_c.h
[166.673s] -- Installing: /home/jack/ros2_ws/install/dsr_msgs2/include/dsr_msgs2/dsr_msgs2/srv/detail/move_jointx__rosidl_typesupport_introspection_c.h
[166.673s] -- Installing: /home/jack/ros2_ws/install/dsr_msgs2/include/dsr_msgs2/dsr_msgs2/srv/detail/set_velj_rt__type_support.c
[166.674s] -- Installing: /home/jack/ros2_ws/install/dsr_msgs2/include/dsr_msgs2/dsr_msgs2/srv/detail/get_current_posj__type_support.c
[166.674s] -- Installing: /home/jack/ros2_ws/install/dsr_msgs2/include/dsr_msgs2/dsr_msgs2/srv/detail/move_resume__type_support.c
[166.675s] -- Installing: /home/jack/ros2_ws/install/dsr_msgs2/include/dsr_msgs2/dsr_msgs2/srv/detail/get_current_rotm__type_support.c
[166.675s] -- Installing: /home/jack/ros2_ws/install/dsr_msgs2/include/dsr_msgs2/dsr_msgs2/srv/detail/get_current_tool__rosidl_typesupport_introspection_c.h
[166.676s] -- Installing: /home/jack/ros2_ws/install/dsr_msgs2/include/dsr_msgs2/dsr_msgs2/srv/detail/start_rt_control__type_support.c
[166.676s] -- Installing: /home/jack/ros2_ws/install/dsr_msgs2/include/dsr_msgs2/dsr_msgs2/srv/detail/check_force_condition__rosidl_typesupport_introspection_c.h
[166.676s] -- Installing: /home/jack/ros2_ws/install/dsr_msgs2/include/dsr_msgs2/dsr_msgs2/srv/detail/move_wait__type_support.c
[166.676s] -- Installing: /home/jack/ros2_ws/install/dsr_msgs2/include/dsr_msgs2/dsr_msgs2/srv/detail/set_current_tcp__type_support.c
[166.677s] -- Installing: /home/jack/ros2_ws/install/dsr_msgs2/include/dsr_msgs2/dsr_msgs2/srv/detail/move_line__type_support.c
[166.677s] -- Installing: /home/jack/ros2_ws/install/dsr_msgs2/include/dsr_msgs2/dsr_msgs2/srv/detail/config_create_tool__rosidl_typesupport_introspection_c.h
[166.677s] -- Installing: /home/jack/ros2_ws/install/dsr_msgs2/include/dsr_msgs2/dsr_msgs2/srv/detail/get_current_rotm__rosidl_typesupport_introspection_c.h
[166.678s] -- Installing: /home/jack/ros2_ws/install/dsr_msgs2/include/dsr_msgs2/dsr_msgs2/srv/detail/trans__type_support.c
[166.678s] -- Installing: /home/jack/ros2_ws/install/dsr_msgs2/include/dsr_msgs2/dsr_msgs2/srv/detail/set_singularity_handling__type_support.c
[166.679s] -- Installing: /home/jack/ros2_ws/install/dsr_msgs2/include/dsr_msgs2/dsr_msgs2/srv/detail/move_periodic__rosidl_typesupport_introspection_c.h
[166.679s] -- Installing: /home/jack/ros2_ws/install/dsr_msgs2/include/dsr_msgs2/dsr_msgs2/srv/detail/get_tool_digital_output__type_support.c
[166.679s] -- Installing: /home/jack/ros2_ws/install/dsr_msgs2/include/dsr_msgs2/dsr_msgs2/srv/detail/set_tool_shape__type_support.c
[166.680s] -- Installing: /home/jack/ros2_ws/install/dsr_msgs2/include/dsr_msgs2/dsr_msgs2/srv/detail/alter_motion__rosidl_typesupport_introspection_c.h
[166.680s] -- Installing: /home/jack/ros2_ws/install/dsr_msgs2/include/dsr_msgs2/dsr_msgs2/srv/detail/get_ctrl_box_digital_input__rosidl_typesupport_introspection_c.h
[166.680s] -- Installing: /home/jack/ros2_ws/install/dsr_msgs2/include/dsr_msgs2/dsr_msgs2/srv/detail/move_jointx__type_support.c
[166.681s] -- Installing: /home/jack/ros2_ws/install/dsr_msgs2/include/dsr_msgs2/dsr_msgs2/srv/detail/set_accj_rt__rosidl_typesupport_introspection_c.h
[166.681s] -- Installing: /home/jack/ros2_ws/install/dsr_msgs2/include/dsr_msgs2/dsr_msgs2/srv/detail/move_resume__rosidl_typesupport_introspection_c.h
[166.681s] -- Installing: /home/jack/ros2_ws/install/dsr_msgs2/include/dsr_msgs2/dsr_msgs2/srv/detail/get_current_posj__rosidl_typesupport_introspection_c.h
[166.682s] -- Installing: /home/jack/ros2_ws/install/dsr_msgs2/include/dsr_msgs2/dsr_msgs2/srv/detail/drl_stop__type_support.c
[166.682s] -- Installing: /home/jack/ros2_ws/install/dsr_msgs2/include/dsr_msgs2/dsr_msgs2/srv/detail/reset_workpiece_weight__rosidl_typesupport_introspection_c.h
[166.682s] -- Installing: /home/jack/ros2_ws/install/dsr_msgs2/include/dsr_msgs2/dsr_msgs2/srv/detail/robotiq2_f_close__type_support.c
[166.683s] -- Installing: /home/jack/ros2_ws/install/dsr_msgs2/include/dsr_msgs2/dsr_msgs2/srv/detail/align_axis1__type_support.c
[166.683s] -- Installing: /home/jack/ros2_ws/install/dsr_msgs2/include/dsr_msgs2/dsr_msgs2/srv/detail/align_axis2__rosidl_typesupport_introspection_c.h
[166.683s] -- Installing: /home/jack/ros2_ws/install/dsr_msgs2/include/dsr_msgs2/dsr_msgs2/srv/detail/get_modbus_input__rosidl_typesupport_introspection_c.h
[166.684s] -- Installing: /home/jack/ros2_ws/install/dsr_msgs2/include/dsr_msgs2/dsr_msgs2/srv/detail/config_delete_modbus__rosidl_typesupport_introspection_c.h
[166.684s] -- Installing: /home/jack/ros2_ws/install/dsr_msgs2/include/dsr_msgs2/dsr_msgs2/srv/detail/move_spline_task__type_support.c
[166.685s] -- Installing: /home/jack/ros2_ws/install/dsr_msgs2/include/dsr_msgs2/dsr_msgs2/srv/detail/get_robot_mode__type_support.c
[166.685s] -- Installing: /home/jack/ros2_ws/install/dsr_msgs2/include/dsr_msgs2/dsr_msgs2/srv/detail/set_accx_rt__rosidl_typesupport_introspection_c.h
[166.685s] -- Installing: /home/jack/ros2_ws/install/dsr_msgs2/include/dsr_msgs2/dsr_msgs2/srv/detail/release_compliance_ctrl__type_support.c
[166.686s] -- Installing: /home/jack/ros2_ws/install/dsr_msgs2/include/dsr_msgs2/dsr_msgs2/srv/detail/set_velx_rt__rosidl_typesupport_introspection_c.h
[166.686s] -- Installing: /home/jack/ros2_ws/install/dsr_msgs2/include/dsr_msgs2/dsr_msgs2/srv/detail/set_accj_rt__type_support.c
[166.686s] -- Installing: /home/jack/ros2_ws/install/dsr_msgs2/include/dsr_msgs2/dsr_msgs2/srv/detail/coord_transform__type_support.c
[166.687s] -- Installing: /home/jack/ros2_ws/install/dsr_msgs2/include/dsr_msgs2/dsr_msgs2/srv/detail/set_user_cart_coord3__rosidl_typesupport_introspection_c.h
[166.687s] -- Installing: /home/jack/ros2_ws/install/dsr_msgs2/include/dsr_msgs2/dsr_msgs2/srv/detail/get_desired_velj__rosidl_typesupport_introspection_c.h
[166.687s] -- Installing: /home/jack/ros2_ws/install/dsr_msgs2/include/dsr_msgs2/dsr_msgs2/srv/detail/set_tool_digital_output__type_support.c
[166.688s] -- Installing: /home/jack/ros2_ws/install/dsr_msgs2/include/dsr_msgs2/dsr_msgs2/srv/detail/move_joint__rosidl_typesupport_introspection_c.h
[166.688s] -- Installing: /home/jack/ros2_ws/install/dsr_msgs2/include/dsr_msgs2/dsr_msgs2/srv/detail/get_robot_system__rosidl_typesupport_introspection_c.h
[166.688s] -- Installing: /home/jack/ros2_ws/install/dsr_msgs2/include/dsr_msgs2/dsr_msgs2/srv/detail/get_current_solution_space__type_support.c
[166.688s] -- Installing: /home/jack/ros2_ws/install/dsr_msgs2/include/dsr_msgs2/dsr_msgs2/srv/detail/get_rt_control_output_data_list__type_support.c
[166.689s] -- Installing: /home/jack/ros2_ws/install/dsr_msgs2/include/dsr_msgs2/dsr_msgs2/srv/detail/set_ctrl_box_analog_output__rosidl_typesupport_introspection_c.h
[166.689s] -- Installing: /home/jack/ros2_ws/install/dsr_msgs2/include/dsr_msgs2/dsr_msgs2/srv/detail/get_rt_control_input_version_list__type_support.c
[166.689s] -- Installing: /home/jack/ros2_ws/install/dsr_msgs2/include/dsr_msgs2/dsr_msgs2/srv/detail/enable_alter_motion__type_support.c
[166.690s] -- Installing: /home/jack/ros2_ws/install/dsr_msgs2/include/dsr_msgs2/dsr_msgs2/srv/detail/read_data_rt__rosidl_typesupport_introspection_c.h
[166.691s] -- Up-to-date: /home/jack/ros2_ws/install/dsr_msgs2/include/dsr_msgs2/dsr_msgs2/msg
[166.691s] -- Up-to-date: /home/jack/ros2_ws/install/dsr_msgs2/include/dsr_msgs2/dsr_msgs2/msg/detail
[166.691s] -- Installing: /home/jack/ros2_ws/install/dsr_msgs2/include/dsr_msgs2/dsr_msgs2/msg/detail/torque_rt_stream__type_support.c
[166.691s] -- Installing: /home/jack/ros2_ws/install/dsr_msgs2/include/dsr_msgs2/dsr_msgs2/msg/detail/servol_stream__type_support.c
[166.691s] -- Installing: /home/jack/ros2_ws/install/dsr_msgs2/include/dsr_msgs2/dsr_msgs2/msg/detail/speedj_rt_stream__type_support.c
[166.691s] -- Installing: /home/jack/ros2_ws/install/dsr_msgs2/include/dsr_msgs2/dsr_msgs2/msg/detail/servoj_stream__rosidl_typesupport_introspection_c.h
[166.692s] -- Installing: /home/jack/ros2_ws/install/dsr_msgs2/include/dsr_msgs2/dsr_msgs2/msg/detail/speedj_stream__type_support.c
[166.692s] -- Installing: /home/jack/ros2_ws/install/dsr_msgs2/include/dsr_msgs2/dsr_msgs2/msg/detail/servol_rt_stream__type_support.c
[166.692s] -- Installing: /home/jack/ros2_ws/install/dsr_msgs2/include/dsr_msgs2/dsr_msgs2/msg/detail/jog_multi_axis__type_support.c
[166.693s] -- Installing: /home/jack/ros2_ws/install/dsr_msgs2/include/dsr_msgs2/dsr_msgs2/msg/detail/alter_motion_stream__type_support.c
[166.693s] -- Installing: /home/jack/ros2_ws/install/dsr_msgs2/include/dsr_msgs2/dsr_msgs2/msg/detail/servoj_rt_stream__type_support.c
[166.693s] -- Installing: /home/jack/ros2_ws/install/dsr_msgs2/include/dsr_msgs2/dsr_msgs2/msg/detail/speedl_rt_stream__type_support.c
[166.694s] -- Installing: /home/jack/ros2_ws/install/dsr_msgs2/include/dsr_msgs2/dsr_msgs2/msg/detail/modbus_state__type_support.c
[166.694s] -- Installing: /home/jack/ros2_ws/install/dsr_msgs2/include/dsr_msgs2/dsr_msgs2/msg/detail/servol_stream__rosidl_typesupport_introspection_c.h
[166.694s] -- Installing: /home/jack/ros2_ws/install/dsr_msgs2/include/dsr_msgs2/dsr_msgs2/msg/detail/robot_stop__type_support.c
[166.695s] -- Installing: /home/jack/ros2_ws/install/dsr_msgs2/include/dsr_msgs2/dsr_msgs2/msg/detail/servoj_stream__type_support.c
[166.695s] -- Installing: /home/jack/ros2_ws/install/dsr_msgs2/include/dsr_msgs2/dsr_msgs2/msg/detail/servoj_rt_stream__rosidl_typesupport_introspection_c.h
[166.695s] -- Installing: /home/jack/ros2_ws/install/dsr_msgs2/include/dsr_msgs2/dsr_msgs2/msg/detail/robot_error__rosidl_typesupport_introspection_c.h
[166.695s] -- Installing: /home/jack/ros2_ws/install/dsr_msgs2/include/dsr_msgs2/dsr_msgs2/msg/detail/robot_state__type_support.c
[166.696s] -- Installing: /home/jack/ros2_ws/install/dsr_msgs2/include/dsr_msgs2/dsr_msgs2/msg/detail/speedl_stream__type_support.c
[166.697s] -- Installing: /home/jack/ros2_ws/install/dsr_msgs2/include/dsr_msgs2/dsr_msgs2/msg/detail/alter_motion_stream__rosidl_typesupport_introspection_c.h
[166.697s] -- Installing: /home/jack/ros2_ws/install/dsr_msgs2/include/dsr_msgs2/dsr_msgs2/msg/detail/robot_error__type_support.c
[166.697s] -- Installing: /home/jack/ros2_ws/install/dsr_msgs2/include/dsr_msgs2/dsr_msgs2/msg/detail/robot_state__rosidl_typesupport_introspection_c.h
[166.698s] -- Installing: /home/jack/ros2_ws/install/dsr_msgs2/include/dsr_msgs2/dsr_msgs2/msg/detail/robot_state_rt__type_support.c
[166.699s] -- Installing: /home/jack/ros2_ws/install/dsr_msgs2/include/dsr_msgs2/dsr_msgs2/msg/detail/speedj_rt_stream__rosidl_typesupport_introspection_c.h
[166.699s] -- Installing: /home/jack/ros2_ws/install/dsr_msgs2/include/dsr_msgs2/dsr_msgs2/msg/detail/log_alarm__type_support.c
[166.699s] -- Installing: /home/jack/ros2_ws/install/dsr_msgs2/include/dsr_msgs2/dsr_msgs2/msg/detail/servol_rt_stream__rosidl_typesupport_introspection_c.h
[166.699s] -- Installing: /home/jack/ros2_ws/install/dsr_msgs2/include/dsr_msgs2/dsr_msgs2/msg/detail/log_alarm__rosidl_typesupport_introspection_c.h
[166.700s] -- Installing: /home/jack/ros2_ws/install/dsr_msgs2/include/dsr_msgs2/dsr_msgs2/msg/detail/torque_rt_stream__rosidl_typesupport_introspection_c.h
[166.700s] -- Installing: /home/jack/ros2_ws/install/dsr_msgs2/include/dsr_msgs2/dsr_msgs2/msg/detail/robot_stop__rosidl_typesupport_introspection_c.h
[166.700s] -- Installing: /home/jack/ros2_ws/install/dsr_msgs2/include/dsr_msgs2/dsr_msgs2/msg/detail/speedl_stream__rosidl_typesupport_introspection_c.h
[166.700s] -- Installing: /home/jack/ros2_ws/install/dsr_msgs2/include/dsr_msgs2/dsr_msgs2/msg/detail/speedl_rt_stream__rosidl_typesupport_introspection_c.h
[166.701s] -- Installing: /home/jack/ros2_ws/install/dsr_msgs2/include/dsr_msgs2/dsr_msgs2/msg/detail/modbus_state__rosidl_typesupport_introspection_c.h
[166.701s] -- Installing: /home/jack/ros2_ws/install/dsr_msgs2/include/dsr_msgs2/dsr_msgs2/msg/detail/robot_state_rt__rosidl_typesupport_introspection_c.h
[166.701s] -- Installing: /home/jack/ros2_ws/install/dsr_msgs2/include/dsr_msgs2/dsr_msgs2/msg/detail/speedj_stream__rosidl_typesupport_introspection_c.h
[166.702s] -- Installing: /home/jack/ros2_ws/install/dsr_msgs2/include/dsr_msgs2/dsr_msgs2/msg/detail/jog_multi_axis__rosidl_typesupport_introspection_c.h
[166.702s] -- Installing: /home/jack/ros2_ws/install/dsr_msgs2/include/dsr_msgs2/dsr_msgs2/msg/rosidl_typesupport_introspection_c__visibility_control.h
[166.702s] -- Installing: /home/jack/ros2_ws/install/dsr_msgs2/lib/libdsr_msgs2__rosidl_typesupport_introspection_c.so
[166.705s] -- Set runtime path of "/home/jack/ros2_ws/install/dsr_msgs2/lib/libdsr_msgs2__rosidl_typesupport_introspection_c.so" to ""
[166.705s] -- Installing: /home/jack/ros2_ws/install/dsr_msgs2/lib/libdsr_msgs2__rosidl_typesupport_c.so
[166.708s] -- Set runtime path of "/home/jack/ros2_ws/install/dsr_msgs2/lib/libdsr_msgs2__rosidl_typesupport_c.so" to ""
[166.708s] -- Up-to-date: /home/jack/ros2_ws/install/dsr_msgs2/include/dsr_msgs2/dsr_msgs2
[166.708s] -- Up-to-date: /home/jack/ros2_ws/install/dsr_msgs2/include/dsr_msgs2/dsr_msgs2/srv
[166.708s] -- Up-to-date: /home/jack/ros2_ws/install/dsr_msgs2/include/dsr_msgs2/dsr_msgs2/srv/detail
[166.709s] -- Installing: /home/jack/ros2_ws/install/dsr_msgs2/include/dsr_msgs2/dsr_msgs2/srv/detail/release_force__type_support.cpp
[166.709s] -- Installing: /home/jack/ros2_ws/install/dsr_msgs2/include/dsr_msgs2/dsr_msgs2/srv/detail/robotiq2_f_move__rosidl_typesupport_introspection_cpp.hpp
[166.709s] -- Installing: /home/jack/ros2_ws/install/dsr_msgs2/include/dsr_msgs2/dsr_msgs2/srv/detail/set_robot_system__type_support.cpp
[166.710s] -- Installing: /home/jack/ros2_ws/install/dsr_msgs2/include/dsr_msgs2/dsr_msgs2/srv/detail/get_ctrl_box_digital_output__rosidl_typesupport_introspection_cpp.hpp
[166.710s] -- Installing: /home/jack/ros2_ws/install/dsr_msgs2/include/dsr_msgs2/dsr_msgs2/srv/detail/set_user_cart_coord3__rosidl_typesupport_introspection_cpp.hpp
[166.710s] -- Installing: /home/jack/ros2_ws/install/dsr_msgs2/include/dsr_msgs2/dsr_msgs2/srv/detail/get_drl_state__rosidl_typesupport_introspection_cpp.hpp
[166.710s] -- Installing: /home/jack/ros2_ws/install/dsr_msgs2/include/dsr_msgs2/dsr_msgs2/srv/detail/get_rt_control_input_data_list__type_support.cpp
[166.711s] -- Installing: /home/jack/ros2_ws/install/dsr_msgs2/include/dsr_msgs2/dsr_msgs2/srv/detail/get_desired_posj__type_support.cpp
[166.711s] -- Installing: /home/jack/ros2_ws/install/dsr_msgs2/include/dsr_msgs2/dsr_msgs2/srv/detail/write_data_rt__rosidl_typesupport_introspection_cpp.hpp
[166.711s] -- Installing: /home/jack/ros2_ws/install/dsr_msgs2/include/dsr_msgs2/dsr_msgs2/srv/detail/change_operation_speed__type_support.cpp
[166.712s] -- Installing: /home/jack/ros2_ws/install/dsr_msgs2/include/dsr_msgs2/dsr_msgs2/srv/detail/change_operation_speed__rosidl_typesupport_introspection_cpp.hpp
[166.712s] -- Installing: /home/jack/ros2_ws/install/dsr_msgs2/include/dsr_msgs2/dsr_msgs2/srv/detail/check_motion__type_support.cpp
[166.712s] -- Installing: /home/jack/ros2_ws/install/dsr_msgs2/include/dsr_msgs2/dsr_msgs2/srv/detail/get_robot_speed_mode__type_support.cpp
[166.712s] -- Installing: /home/jack/ros2_ws/install/dsr_msgs2/include/dsr_msgs2/dsr_msgs2/srv/detail/get_current_tool__rosidl_typesupport_introspection_cpp.hpp
[166.713s] -- Installing: /home/jack/ros2_ws/install/dsr_msgs2/include/dsr_msgs2/dsr_msgs2/srv/detail/set_singularity_handling__type_support.cpp
[166.713s] -- Installing: /home/jack/ros2_ws/install/dsr_msgs2/include/dsr_msgs2/dsr_msgs2/srv/detail/drl_resume__type_support.cpp
[166.714s] -- Installing: /home/jack/ros2_ws/install/dsr_msgs2/include/dsr_msgs2/dsr_msgs2/srv/detail/get_rt_control_output_version_list__type_support.cpp
[166.714s] -- Installing: /home/jack/ros2_ws/install/dsr_msgs2/include/dsr_msgs2/dsr_msgs2/srv/detail/get_workpiece_weight__rosidl_typesupport_introspection_cpp.hpp
[166.714s] -- Installing: /home/jack/ros2_ws/install/dsr_msgs2/include/dsr_msgs2/dsr_msgs2/srv/detail/get_ctrl_box_digital_output__type_support.cpp
[166.714s] -- Installing: /home/jack/ros2_ws/install/dsr_msgs2/include/dsr_msgs2/dsr_msgs2/srv/detail/get_robot_mode__type_support.cpp
[166.715s] -- Installing: /home/jack/ros2_ws/install/dsr_msgs2/include/dsr_msgs2/dsr_msgs2/srv/detail/config_create_modbus__type_support.cpp
[166.715s] -- Installing: /home/jack/ros2_ws/install/dsr_msgs2/include/dsr_msgs2/dsr_msgs2/srv/detail/jog__type_support.cpp
[166.716s] -- Installing: /home/jack/ros2_ws/install/dsr_msgs2/include/dsr_msgs2/dsr_msgs2/srv/detail/set_rt_control_output__rosidl_typesupport_introspection_cpp.hpp
[166.716s] -- Installing: /home/jack/ros2_ws/install/dsr_msgs2/include/dsr_msgs2/dsr_msgs2/srv/detail/set_robot_speed_mode__type_support.cpp
[166.716s] -- Installing: /home/jack/ros2_ws/install/dsr_msgs2/include/dsr_msgs2/dsr_msgs2/srv/detail/set_desired_force__type_support.cpp
[166.717s] -- Installing: /home/jack/ros2_ws/install/dsr_msgs2/include/dsr_msgs2/dsr_msgs2/srv/detail/move_stop__type_support.cpp
[166.717s] -- Installing: /home/jack/ros2_ws/install/dsr_msgs2/include/dsr_msgs2/dsr_msgs2/srv/detail/set_current_tcp__type_support.cpp
[166.718s] -- Installing: /home/jack/ros2_ws/install/dsr_msgs2/include/dsr_msgs2/dsr_msgs2/srv/detail/connect_rt_control__rosidl_typesupport_introspection_cpp.hpp
[166.718s] -- Installing: /home/jack/ros2_ws/install/dsr_msgs2/include/dsr_msgs2/dsr_msgs2/srv/detail/get_robot_state__type_support.cpp
[166.718s] -- Installing: /home/jack/ros2_ws/install/dsr_msgs2/include/dsr_msgs2/dsr_msgs2/srv/detail/set_user_cart_coord1__type_support.cpp
[166.718s] -- Installing: /home/jack/ros2_ws/install/dsr_msgs2/include/dsr_msgs2/dsr_msgs2/srv/detail/move_spiral__type_support.cpp
[166.719s] -- Installing: /home/jack/ros2_ws/install/dsr_msgs2/include/dsr_msgs2/dsr_msgs2/srv/detail/get_current_tcp__rosidl_typesupport_introspection_cpp.hpp
[166.719s] -- Installing: /home/jack/ros2_ws/install/dsr_msgs2/include/dsr_msgs2/dsr_msgs2/srv/detail/change_collision_sensitivity__type_support.cpp
[166.720s] -- Installing: /home/jack/ros2_ws/install/dsr_msgs2/include/dsr_msgs2/dsr_msgs2/srv/detail/get_current_velj__rosidl_typesupport_introspection_cpp.hpp
[166.720s] -- Installing: /home/jack/ros2_ws/install/dsr_msgs2/include/dsr_msgs2/dsr_msgs2/srv/detail/move_pause__type_support.cpp
[166.720s] -- Installing: /home/jack/ros2_ws/install/dsr_msgs2/include/dsr_msgs2/dsr_msgs2/srv/detail/drl_resume__rosidl_typesupport_introspection_cpp.hpp
[166.721s] -- Installing: /home/jack/ros2_ws/install/dsr_msgs2/include/dsr_msgs2/dsr_msgs2/srv/detail/change_collision_sensitivity__rosidl_typesupport_introspection_cpp.hpp
[166.721s] -- Installing: /home/jack/ros2_ws/install/dsr_msgs2/include/dsr_msgs2/dsr_msgs2/srv/detail/set_robot_mode__rosidl_typesupport_introspection_cpp.hpp
[166.721s] -- Installing: /home/jack/ros2_ws/install/dsr_msgs2/include/dsr_msgs2/dsr_msgs2/srv/detail/get_desired_velj__rosidl_typesupport_introspection_cpp.hpp
[166.721s] -- Installing: /home/jack/ros2_ws/install/dsr_msgs2/include/dsr_msgs2/dsr_msgs2/srv/detail/get_desired_velx__rosidl_typesupport_introspection_cpp.hpp
[166.722s] -- Installing: /home/jack/ros2_ws/install/dsr_msgs2/include/dsr_msgs2/dsr_msgs2/srv/detail/get_current_solution_space__type_support.cpp
[166.722s] -- Installing: /home/jack/ros2_ws/install/dsr_msgs2/include/dsr_msgs2/dsr_msgs2/srv/detail/get_tool_digital_output__type_support.cpp
[166.722s] -- Installing: /home/jack/ros2_ws/install/dsr_msgs2/include/dsr_msgs2/dsr_msgs2/srv/detail/set_modbus_output__type_support.cpp
[166.723s] -- Installing: /home/jack/ros2_ws/install/dsr_msgs2/include/dsr_msgs2/dsr_msgs2/srv/detail/set_user_cart_coord1__rosidl_typesupport_introspection_cpp.hpp
[166.723s] -- Installing: /home/jack/ros2_ws/install/dsr_msgs2/include/dsr_msgs2/dsr_msgs2/srv/detail/move_home__type_support.cpp
[166.723s] -- Installing: /home/jack/ros2_ws/install/dsr_msgs2/include/dsr_msgs2/dsr_msgs2/srv/detail/robotiq2_f_open__type_support.cpp
[166.724s] -- Installing: /home/jack/ros2_ws/install/dsr_msgs2/include/dsr_msgs2/dsr_msgs2/srv/detail/get_control_space__type_support.cpp
[166.724s] -- Installing: /home/jack/ros2_ws/install/dsr_msgs2/include/dsr_msgs2/dsr_msgs2/srv/detail/move_line__rosidl_typesupport_introspection_cpp.hpp
[166.724s] -- Installing: /home/jack/ros2_ws/install/dsr_msgs2/include/dsr_msgs2/dsr_msgs2/srv/detail/config_delete_tcp__rosidl_typesupport_introspection_cpp.hpp
[166.725s] -- Installing: /home/jack/ros2_ws/install/dsr_msgs2/include/dsr_msgs2/dsr_msgs2/srv/detail/get_tool_force__rosidl_typesupport_introspection_cpp.hpp
[166.725s] -- Installing: /home/jack/ros2_ws/install/dsr_msgs2/include/dsr_msgs2/dsr_msgs2/srv/detail/set_accj_rt__rosidl_typesupport_introspection_cpp.hpp
[166.725s] -- Installing: /home/jack/ros2_ws/install/dsr_msgs2/include/dsr_msgs2/dsr_msgs2/srv/detail/set_desired_force__rosidl_typesupport_introspection_cpp.hpp
[166.726s] -- Installing: /home/jack/ros2_ws/install/dsr_msgs2/include/dsr_msgs2/dsr_msgs2/srv/detail/config_delete_modbus__rosidl_typesupport_introspection_cpp.hpp
[166.726s] -- Installing: /home/jack/ros2_ws/install/dsr_msgs2/include/dsr_msgs2/dsr_msgs2/srv/detail/move_wait__type_support.cpp
[166.726s] -- Installing: /home/jack/ros2_ws/install/dsr_msgs2/include/dsr_msgs2/dsr_msgs2/srv/detail/move_jointx__type_support.cpp
[166.727s] -- Installing: /home/jack/ros2_ws/install/dsr_msgs2/include/dsr_msgs2/dsr_msgs2/srv/detail/set_safety_mode__rosidl_typesupport_introspection_cpp.hpp
[166.727s] -- Installing: /home/jack/ros2_ws/install/dsr_msgs2/include/dsr_msgs2/dsr_msgs2/srv/detail/set_stiffnessx__type_support.cpp
[166.727s] -- Installing: /home/jack/ros2_ws/install/dsr_msgs2/include/dsr_msgs2/dsr_msgs2/srv/detail/release_force__rosidl_typesupport_introspection_cpp.hpp
[166.728s] -- Installing: /home/jack/ros2_ws/install/dsr_msgs2/include/dsr_msgs2/dsr_msgs2/srv/detail/read_data_rt__rosidl_typesupport_introspection_cpp.hpp
[166.728s] -- Installing: /home/jack/ros2_ws/install/dsr_msgs2/include/dsr_msgs2/dsr_msgs2/srv/detail/move_circle__type_support.cpp
[166.728s] -- Installing: /home/jack/ros2_ws/install/dsr_msgs2/include/dsr_msgs2/dsr_msgs2/srv/detail/align_axis1__type_support.cpp
[166.729s] -- Installing: /home/jack/ros2_ws/install/dsr_msgs2/include/dsr_msgs2/dsr_msgs2/srv/detail/move_pause__rosidl_typesupport_introspection_cpp.hpp
[166.729s] -- Installing: /home/jack/ros2_ws/install/dsr_msgs2/include/dsr_msgs2/dsr_msgs2/srv/detail/set_ctrl_box_digital_output__type_support.cpp
[166.729s] -- Installing: /home/jack/ros2_ws/install/dsr_msgs2/include/dsr_msgs2/dsr_msgs2/srv/detail/get_current_posj__type_support.cpp
[166.730s] -- Installing: /home/jack/ros2_ws/install/dsr_msgs2/include/dsr_msgs2/dsr_msgs2/srv/detail/is_done_bolt_tightening__type_support.cpp
[166.730s] -- Installing: /home/jack/ros2_ws/install/dsr_msgs2/include/dsr_msgs2/dsr_msgs2/srv/detail/reset_workpiece_weight__type_support.cpp
[166.731s] -- Installing: /home/jack/ros2_ws/install/dsr_msgs2/include/dsr_msgs2/dsr_msgs2/srv/detail/alter_motion__type_support.cpp
[166.731s] -- Installing: /home/jack/ros2_ws/install/dsr_msgs2/include/dsr_msgs2/dsr_msgs2/srv/detail/set_robot_control__type_support.cpp
[166.732s] -- Installing: /home/jack/ros2_ws/install/dsr_msgs2/include/dsr_msgs2/dsr_msgs2/srv/detail/robotiq2_f_open__rosidl_typesupport_introspection_cpp.hpp
[166.732s] -- Installing: /home/jack/ros2_ws/install/dsr_msgs2/include/dsr_msgs2/dsr_msgs2/srv/detail/get_solution_space__rosidl_typesupport_introspection_cpp.hpp
[166.732s] -- Installing: /home/jack/ros2_ws/install/dsr_msgs2/include/dsr_msgs2/dsr_msgs2/srv/detail/get_external_torque__rosidl_typesupport_introspection_cpp.hpp
[166.732s] -- Installing: /home/jack/ros2_ws/install/dsr_msgs2/include/dsr_msgs2/dsr_msgs2/srv/detail/set_ctrl_box_analog_input_type__type_support.cpp
[166.733s] -- Installing: /home/jack/ros2_ws/install/dsr_msgs2/include/dsr_msgs2/dsr_msgs2/srv/detail/get_rt_control_output_version_list__rosidl_typesupport_introspection_cpp.hpp
[166.733s] -- Installing: /home/jack/ros2_ws/install/dsr_msgs2/include/dsr_msgs2/dsr_msgs2/srv/detail/robotiq2_f_move__type_support.cpp
[166.733s] -- Installing: /home/jack/ros2_ws/install/dsr_msgs2/include/dsr_msgs2/dsr_msgs2/srv/detail/move_joint__rosidl_typesupport_introspection_cpp.hpp
[166.734s] -- Installing: /home/jack/ros2_ws/install/dsr_msgs2/include/dsr_msgs2/dsr_msgs2/srv/detail/get_user_cart_coord__rosidl_typesupport_introspection_cpp.hpp
[166.734s] -- Installing: /home/jack/ros2_ws/install/dsr_msgs2/include/dsr_msgs2/dsr_msgs2/srv/detail/get_control_mode__type_support.cpp
[166.734s] -- Installing: /home/jack/ros2_ws/install/dsr_msgs2/include/dsr_msgs2/dsr_msgs2/srv/detail/set_user_cart_coord2__rosidl_typesupport_introspection_cpp.hpp
[166.735s] -- Installing: /home/jack/ros2_ws/install/dsr_msgs2/include/dsr_msgs2/dsr_msgs2/srv/detail/get_control_mode__rosidl_typesupport_introspection_cpp.hpp
[166.735s] -- Installing: /home/jack/ros2_ws/install/dsr_msgs2/include/dsr_msgs2/dsr_msgs2/srv/detail/start_rt_control__rosidl_typesupport_introspection_cpp.hpp
[166.735s] -- Installing: /home/jack/ros2_ws/install/dsr_msgs2/include/dsr_msgs2/dsr_msgs2/srv/detail/set_robot_control__rosidl_typesupport_introspection_cpp.hpp
[166.735s] -- Installing: /home/jack/ros2_ws/install/dsr_msgs2/include/dsr_msgs2/dsr_msgs2/srv/detail/get_current_rotm__type_support.cpp
[166.736s] -- Installing: /home/jack/ros2_ws/install/dsr_msgs2/include/dsr_msgs2/dsr_msgs2/srv/detail/stop_rt_control__rosidl_typesupport_introspection_cpp.hpp
[166.736s] -- Installing: /home/jack/ros2_ws/install/dsr_msgs2/include/dsr_msgs2/dsr_msgs2/srv/detail/calc_coord__rosidl_typesupport_introspection_cpp.hpp
[166.736s] -- Installing: /home/jack/ros2_ws/install/dsr_msgs2/include/dsr_msgs2/dsr_msgs2/srv/detail/set_accx_rt__rosidl_typesupport_introspection_cpp.hpp
[166.736s] -- Installing: /home/jack/ros2_ws/install/dsr_msgs2/include/dsr_msgs2/dsr_msgs2/srv/detail/check_orientation_condition1__rosidl_typesupport_introspection_cpp.hpp
[166.738s] -- Installing: /home/jack/ros2_ws/install/dsr_msgs2/include/dsr_msgs2/dsr_msgs2/srv/detail/set_safe_stop_reset_type__rosidl_typesupport_introspection_cpp.hpp
[166.738s] -- Installing: /home/jack/ros2_ws/install/dsr_msgs2/include/dsr_msgs2/dsr_msgs2/srv/detail/get_robot_state__rosidl_typesupport_introspection_cpp.hpp
[166.739s] -- Installing: /home/jack/ros2_ws/install/dsr_msgs2/include/dsr_msgs2/dsr_msgs2/srv/detail/config_create_tcp__rosidl_typesupport_introspection_cpp.hpp
[166.739s] -- Installing: /home/jack/ros2_ws/install/dsr_msgs2/include/dsr_msgs2/dsr_msgs2/srv/detail/move_periodic__rosidl_typesupport_introspection_cpp.hpp
[166.740s] -- Installing: /home/jack/ros2_ws/install/dsr_msgs2/include/dsr_msgs2/dsr_msgs2/srv/detail/fkin__type_support.cpp
[166.740s] -- Installing: /home/jack/ros2_ws/install/dsr_msgs2/include/dsr_msgs2/dsr_msgs2/srv/detail/get_rt_control_output_data_list__rosidl_typesupport_introspection_cpp.hpp
[166.742s] -- Installing: /home/jack/ros2_ws/install/dsr_msgs2/include/dsr_msgs2/dsr_msgs2/srv/detail/config_create_tool__rosidl_typesupport_introspection_cpp.hpp
[166.743s] -- Installing: /home/jack/ros2_ws/install/dsr_msgs2/include/dsr_msgs2/dsr_msgs2/srv/detail/jog__rosidl_typesupport_introspection_cpp.hpp
[166.743s] -- Installing: /home/jack/ros2_ws/install/dsr_msgs2/include/dsr_msgs2/dsr_msgs2/srv/detail/get_robot_mode__rosidl_typesupport_introspection_cpp.hpp
[166.743s] -- Installing: /home/jack/ros2_ws/install/dsr_msgs2/include/dsr_msgs2/dsr_msgs2/srv/detail/get_rt_control_input_version_list__type_support.cpp
[166.744s] -- Installing: /home/jack/ros2_ws/install/dsr_msgs2/include/dsr_msgs2/dsr_msgs2/srv/detail/move_wait__rosidl_typesupport_introspection_cpp.hpp
[166.744s] -- Installing: /home/jack/ros2_ws/install/dsr_msgs2/include/dsr_msgs2/dsr_msgs2/srv/detail/get_ctrl_box_digital_input__rosidl_typesupport_introspection_cpp.hpp
[166.744s] -- Installing: /home/jack/ros2_ws/install/dsr_msgs2/include/dsr_msgs2/dsr_msgs2/srv/detail/get_ctrl_box_analog_input__rosidl_typesupport_introspection_cpp.hpp
[166.744s] -- Installing: /home/jack/ros2_ws/install/dsr_msgs2/include/dsr_msgs2/dsr_msgs2/srv/detail/set_current_tool__type_support.cpp
[166.745s] -- Installing: /home/jack/ros2_ws/install/dsr_msgs2/include/dsr_msgs2/dsr_msgs2/srv/detail/drl_pause__type_support.cpp
[166.745s] -- Installing: /home/jack/ros2_ws/install/dsr_msgs2/include/dsr_msgs2/dsr_msgs2/srv/detail/is_done_bolt_tightening__rosidl_typesupport_introspection_cpp.hpp
[166.745s] -- Installing: /home/jack/ros2_ws/install/dsr_msgs2/include/dsr_msgs2/dsr_msgs2/srv/detail/get_last_alarm__rosidl_typesupport_introspection_cpp.hpp
[166.746s] -- Installing: /home/jack/ros2_ws/install/dsr_msgs2/include/dsr_msgs2/dsr_msgs2/srv/detail/get_rt_control_input_version_list__rosidl_typesupport_introspection_cpp.hpp
[166.746s] -- Installing: /home/jack/ros2_ws/install/dsr_msgs2/include/dsr_msgs2/dsr_msgs2/srv/detail/set_rt_control_input__rosidl_typesupport_introspection_cpp.hpp
[166.746s] -- Installing: /home/jack/ros2_ws/install/dsr_msgs2/include/dsr_msgs2/dsr_msgs2/srv/detail/ikin__type_support.cpp
[166.747s] -- Installing: /home/jack/ros2_ws/install/dsr_msgs2/include/dsr_msgs2/dsr_msgs2/srv/detail/set_robot_system__rosidl_typesupport_introspection_cpp.hpp
[166.747s] -- Installing: /home/jack/ros2_ws/install/dsr_msgs2/include/dsr_msgs2/dsr_msgs2/srv/detail/reset_workpiece_weight__rosidl_typesupport_introspection_cpp.hpp
[166.747s] -- Installing: /home/jack/ros2_ws/install/dsr_msgs2/include/dsr_msgs2/dsr_msgs2/srv/detail/set_accj_rt__type_support.cpp
[166.748s] -- Installing: /home/jack/ros2_ws/install/dsr_msgs2/include/dsr_msgs2/dsr_msgs2/srv/detail/disable_alter_motion__rosidl_typesupport_introspection_cpp.hpp
[166.748s] -- Installing: /home/jack/ros2_ws/install/dsr_msgs2/include/dsr_msgs2/dsr_msgs2/srv/detail/get_orientation_error__type_support.cpp
[166.749s] -- Installing: /home/jack/ros2_ws/install/dsr_msgs2/include/dsr_msgs2/dsr_msgs2/srv/detail/enable_alter_motion__type_support.cpp
[166.749s] -- Installing: /home/jack/ros2_ws/install/dsr_msgs2/include/dsr_msgs2/dsr_msgs2/srv/detail/jog_multi__type_support.cpp
[166.750s] -- Installing: /home/jack/ros2_ws/install/dsr_msgs2/include/dsr_msgs2/dsr_msgs2/srv/detail/move_spline_task__type_support.cpp
[166.750s] -- Installing: /home/jack/ros2_ws/install/dsr_msgs2/include/dsr_msgs2/dsr_msgs2/srv/detail/ikin__rosidl_typesupport_introspection_cpp.hpp
[166.751s] -- Installing: /home/jack/ros2_ws/install/dsr_msgs2/include/dsr_msgs2/dsr_msgs2/srv/detail/disconnect_rt_control__type_support.cpp
[166.751s] -- Installing: /home/jack/ros2_ws/install/dsr_msgs2/include/dsr_msgs2/dsr_msgs2/srv/detail/disable_alter_motion__type_support.cpp
[166.751s] -- Installing: /home/jack/ros2_ws/install/dsr_msgs2/include/dsr_msgs2/dsr_msgs2/srv/detail/get_tool_digital_input__rosidl_typesupport_introspection_cpp.hpp
[166.752s] -- Installing: /home/jack/ros2_ws/install/dsr_msgs2/include/dsr_msgs2/dsr_msgs2/srv/detail/get_desired_velx__type_support.cpp
[166.752s] -- Installing: /home/jack/ros2_ws/install/dsr_msgs2/include/dsr_msgs2/dsr_msgs2/srv/detail/drl_start__rosidl_typesupport_introspection_cpp.hpp
[166.752s] -- Installing: /home/jack/ros2_ws/install/dsr_msgs2/include/dsr_msgs2/dsr_msgs2/srv/detail/set_velj_rt__rosidl_typesupport_introspection_cpp.hpp
[166.753s] -- Installing: /home/jack/ros2_ws/install/dsr_msgs2/include/dsr_msgs2/dsr_msgs2/srv/detail/move_spline_task__rosidl_typesupport_introspection_cpp.hpp
[166.753s] -- Installing: /home/jack/ros2_ws/install/dsr_msgs2/include/dsr_msgs2/dsr_msgs2/srv/detail/check_motion__rosidl_typesupport_introspection_cpp.hpp
[166.753s] -- Installing: /home/jack/ros2_ws/install/dsr_msgs2/include/dsr_msgs2/dsr_msgs2/srv/detail/drl_stop__type_support.cpp
[166.754s] -- Installing: /home/jack/ros2_ws/install/dsr_msgs2/include/dsr_msgs2/dsr_msgs2/srv/detail/set_ref_coord__rosidl_typesupport_introspection_cpp.hpp
[166.754s] -- Installing: /home/jack/ros2_ws/install/dsr_msgs2/include/dsr_msgs2/dsr_msgs2/srv/detail/get_last_alarm__type_support.cpp
[166.754s] -- Installing: /home/jack/ros2_ws/install/dsr_msgs2/include/dsr_msgs2/dsr_msgs2/srv/detail/start_rt_control__type_support.cpp
[166.755s] -- Installing: /home/jack/ros2_ws/install/dsr_msgs2/include/dsr_msgs2/dsr_msgs2/srv/detail/move_home__rosidl_typesupport_introspection_cpp.hpp
[166.755s] -- Installing: /home/jack/ros2_ws/install/dsr_msgs2/include/dsr_msgs2/dsr_msgs2/srv/detail/move_periodic__type_support.cpp
[166.756s] -- Installing: /home/jack/ros2_ws/install/dsr_msgs2/include/dsr_msgs2/dsr_msgs2/srv/detail/get_external_torque__type_support.cpp
[166.756s] -- Installing: /home/jack/ros2_ws/install/dsr_msgs2/include/dsr_msgs2/dsr_msgs2/srv/detail/set_tool_shape__type_support.cpp
[166.756s] -- Installing: /home/jack/ros2_ws/install/dsr_msgs2/include/dsr_msgs2/dsr_msgs2/srv/detail/connect_rt_control__type_support.cpp
[166.757s] -- Installing: /home/jack/ros2_ws/install/dsr_msgs2/include/dsr_msgs2/dsr_msgs2/srv/detail/align_axis2__type_support.cpp
[166.757s] -- Installing: /home/jack/ros2_ws/install/dsr_msgs2/include/dsr_msgs2/dsr_msgs2/srv/detail/get_current_posj__rosidl_typesupport_introspection_cpp.hpp
[166.757s] -- Installing: /home/jack/ros2_ws/install/dsr_msgs2/include/dsr_msgs2/dsr_msgs2/srv/detail/get_current_tool_flange_posx__rosidl_typesupport_introspection_cpp.hpp
[166.758s] -- Installing: /home/jack/ros2_ws/install/dsr_msgs2/include/dsr_msgs2/dsr_msgs2/srv/detail/alter_motion__rosidl_typesupport_introspection_cpp.hpp
[166.758s] -- Installing: /home/jack/ros2_ws/install/dsr_msgs2/include/dsr_msgs2/dsr_msgs2/srv/detail/fkin__rosidl_typesupport_introspection_cpp.hpp
[166.758s] -- Installing: /home/jack/ros2_ws/install/dsr_msgs2/include/dsr_msgs2/dsr_msgs2/srv/detail/move_circle__rosidl_typesupport_introspection_cpp.hpp
[166.758s] -- Installing: /home/jack/ros2_ws/install/dsr_msgs2/include/dsr_msgs2/dsr_msgs2/srv/detail/robotiq2_f_close__rosidl_typesupport_introspection_cpp.hpp
[166.759s] -- Installing: /home/jack/ros2_ws/install/dsr_msgs2/include/dsr_msgs2/dsr_msgs2/srv/detail/get_orientation_error__rosidl_typesupport_introspection_cpp.hpp
[166.759s] -- Installing: /home/jack/ros2_ws/install/dsr_msgs2/include/dsr_msgs2/dsr_msgs2/srv/detail/check_force_condition__rosidl_typesupport_introspection_cpp.hpp
[166.759s] -- Installing: /home/jack/ros2_ws/install/dsr_msgs2/include/dsr_msgs2/dsr_msgs2/srv/detail/config_delete_modbus__type_support.cpp
[166.760s] -- Installing: /home/jack/ros2_ws/install/dsr_msgs2/include/dsr_msgs2/dsr_msgs2/srv/detail/get_current_solution_space__rosidl_typesupport_introspection_cpp.hpp
[166.760s] -- Installing: /home/jack/ros2_ws/install/dsr_msgs2/include/dsr_msgs2/dsr_msgs2/srv/detail/get_current_posx__rosidl_typesupport_introspection_cpp.hpp
[166.761s] -- Installing: /home/jack/ros2_ws/install/dsr_msgs2/include/dsr_msgs2/dsr_msgs2/srv/detail/align_axis1__rosidl_typesupport_introspection_cpp.hpp
[166.761s] -- Installing: /home/jack/ros2_ws/install/dsr_msgs2/include/dsr_msgs2/dsr_msgs2/srv/detail/set_rt_control_input__type_support.cpp
[166.761s] -- Installing: /home/jack/ros2_ws/install/dsr_msgs2/include/dsr_msgs2/dsr_msgs2/srv/detail/set_rt_control_output__type_support.cpp
[166.761s] -- Installing: /home/jack/ros2_ws/install/dsr_msgs2/include/dsr_msgs2/dsr_msgs2/srv/detail/get_control_space__rosidl_typesupport_introspection_cpp.hpp
[166.762s] -- Installing: /home/jack/ros2_ws/install/dsr_msgs2/include/dsr_msgs2/dsr_msgs2/srv/detail/drl_pause__rosidl_typesupport_introspection_cpp.hpp
[166.762s] -- Installing: /home/jack/ros2_ws/install/dsr_msgs2/include/dsr_msgs2/dsr_msgs2/srv/detail/get_current_velx__rosidl_typesupport_introspection_cpp.hpp
[166.762s] -- Installing: /home/jack/ros2_ws/install/dsr_msgs2/include/dsr_msgs2/dsr_msgs2/srv/detail/get_workpiece_weight__type_support.cpp
[166.763s] -- Installing: /home/jack/ros2_ws/install/dsr_msgs2/include/dsr_msgs2/dsr_msgs2/srv/detail/task_compliance_ctrl__rosidl_typesupport_introspection_cpp.hpp
[166.764s] -- Installing: /home/jack/ros2_ws/install/dsr_msgs2/include/dsr_msgs2/dsr_msgs2/srv/detail/get_robot_system__rosidl_typesupport_introspection_cpp.hpp
[166.764s] -- Installing: /home/jack/ros2_ws/install/dsr_msgs2/include/dsr_msgs2/dsr_msgs2/srv/detail/get_desired_posj__rosidl_typesupport_introspection_cpp.hpp
[166.764s] -- Installing: /home/jack/ros2_ws/install/dsr_msgs2/include/dsr_msgs2/dsr_msgs2/srv/detail/set_velx_rt__type_support.cpp
[166.764s] -- Installing: /home/jack/ros2_ws/install/dsr_msgs2/include/dsr_msgs2/dsr_msgs2/srv/detail/set_user_cart_coord2__type_support.cpp
[166.765s] -- Installing: /home/jack/ros2_ws/install/dsr_msgs2/include/dsr_msgs2/dsr_msgs2/srv/detail/get_tool_digital_output__rosidl_typesupport_introspection_cpp.hpp
[166.765s] -- Installing: /home/jack/ros2_ws/install/dsr_msgs2/include/dsr_msgs2/dsr_msgs2/srv/detail/move_line__type_support.cpp
[166.766s] -- Installing: /home/jack/ros2_ws/install/dsr_msgs2/include/dsr_msgs2/dsr_msgs2/srv/detail/parallel_axis2__type_support.cpp
[166.766s] -- Installing: /home/jack/ros2_ws/install/dsr_msgs2/include/dsr_msgs2/dsr_msgs2/srv/detail/get_solution_space__type_support.cpp
[166.766s] -- Installing: /home/jack/ros2_ws/install/dsr_msgs2/include/dsr_msgs2/dsr_msgs2/srv/detail/calc_coord__type_support.cpp
[166.767s] -- Installing: /home/jack/ros2_ws/install/dsr_msgs2/include/dsr_msgs2/dsr_msgs2/srv/detail/config_create_modbus__rosidl_typesupport_introspection_cpp.hpp
[166.767s] -- Installing: /home/jack/ros2_ws/install/dsr_msgs2/include/dsr_msgs2/dsr_msgs2/srv/detail/set_ctrl_box_analog_input_type__rosidl_typesupport_introspection_cpp.hpp
[166.767s] -- Installing: /home/jack/ros2_ws/install/dsr_msgs2/include/dsr_msgs2/dsr_msgs2/srv/detail/disconnect_rt_control__rosidl_typesupport_introspection_cpp.hpp
[166.768s] -- Installing: /home/jack/ros2_ws/install/dsr_msgs2/include/dsr_msgs2/dsr_msgs2/srv/detail/serial_send_data__rosidl_typesupport_introspection_cpp.hpp
[166.768s] -- Installing: /home/jack/ros2_ws/install/dsr_msgs2/include/dsr_msgs2/dsr_msgs2/srv/detail/set_accx_rt__type_support.cpp
[166.768s] -- Installing: /home/jack/ros2_ws/install/dsr_msgs2/include/dsr_msgs2/dsr_msgs2/srv/detail/get_current_tool__type_support.cpp
[166.769s] -- Installing: /home/jack/ros2_ws/install/dsr_msgs2/include/dsr_msgs2/dsr_msgs2/srv/detail/get_current_tool_flange_posx__type_support.cpp
[166.769s] -- Installing: /home/jack/ros2_ws/install/dsr_msgs2/include/dsr_msgs2/dsr_msgs2/srv/detail/coord_transform__type_support.cpp
[166.769s] -- Installing: /home/jack/ros2_ws/install/dsr_msgs2/include/dsr_msgs2/dsr_msgs2/srv/detail/set_ref_coord__type_support.cpp
[166.770s] -- Installing: /home/jack/ros2_ws/install/dsr_msgs2/include/dsr_msgs2/dsr_msgs2/srv/detail/set_robot_mode__type_support.cpp
[166.770s] -- Installing: /home/jack/ros2_ws/install/dsr_msgs2/include/dsr_msgs2/dsr_msgs2/srv/detail/get_robot_speed_mode__rosidl_typesupport_introspection_cpp.hpp
[166.770s] -- Installing: /home/jack/ros2_ws/install/dsr_msgs2/include/dsr_msgs2/dsr_msgs2/srv/detail/set_ctrl_box_analog_output__type_support.cpp
[166.771s] -- Installing: /home/jack/ros2_ws/install/dsr_msgs2/include/dsr_msgs2/dsr_msgs2/srv/detail/check_position_condition__rosidl_typesupport_introspection_cpp.hpp
[166.771s] -- Installing: /home/jack/ros2_ws/install/dsr_msgs2/include/dsr_msgs2/dsr_msgs2/srv/detail/servo_off__rosidl_typesupport_introspection_cpp.hpp
[166.771s] -- Installing: /home/jack/ros2_ws/install/dsr_msgs2/include/dsr_msgs2/dsr_msgs2/srv/detail/set_velx_rt__rosidl_typesupport_introspection_cpp.hpp
[166.772s] -- Installing: /home/jack/ros2_ws/install/dsr_msgs2/include/dsr_msgs2/dsr_msgs2/srv/detail/parallel_axis2__rosidl_typesupport_introspection_cpp.hpp
[166.772s] -- Installing: /home/jack/ros2_ws/install/dsr_msgs2/include/dsr_msgs2/dsr_msgs2/srv/detail/get_rt_control_input_data_list__rosidl_typesupport_introspection_cpp.hpp
[166.772s] -- Installing: /home/jack/ros2_ws/install/dsr_msgs2/include/dsr_msgs2/dsr_msgs2/srv/detail/get_current_pose__rosidl_typesupport_introspection_cpp.hpp
[166.772s] -- Installing: /home/jack/ros2_ws/install/dsr_msgs2/include/dsr_msgs2/dsr_msgs2/srv/detail/parallel_axis1__type_support.cpp
[166.773s] -- Installing: /home/jack/ros2_ws/install/dsr_msgs2/include/dsr_msgs2/dsr_msgs2/srv/detail/trans__type_support.cpp
[166.774s] -- Installing: /home/jack/ros2_ws/install/dsr_msgs2/include/dsr_msgs2/dsr_msgs2/srv/detail/release_compliance_ctrl__type_support.cpp
[166.774s] -- Installing: /home/jack/ros2_ws/install/dsr_msgs2/include/dsr_msgs2/dsr_msgs2/srv/detail/set_ctrl_box_analog_output_type__type_support.cpp
[166.775s] -- Installing: /home/jack/ros2_ws/install/dsr_msgs2/include/dsr_msgs2/dsr_msgs2/srv/detail/servo_off__type_support.cpp
[166.775s] -- Installing: /home/jack/ros2_ws/install/dsr_msgs2/include/dsr_msgs2/dsr_msgs2/srv/detail/config_delete_tool__type_support.cpp
[166.775s] -- Installing: /home/jack/ros2_ws/install/dsr_msgs2/include/dsr_msgs2/dsr_msgs2/srv/detail/set_current_tool__rosidl_typesupport_introspection_cpp.hpp
[166.775s] -- Installing: /home/jack/ros2_ws/install/dsr_msgs2/include/dsr_msgs2/dsr_msgs2/srv/detail/config_create_tcp__type_support.cpp
[166.776s] -- Installing: /home/jack/ros2_ws/install/dsr_msgs2/include/dsr_msgs2/dsr_msgs2/srv/detail/set_ctrl_box_analog_output__rosidl_typesupport_introspection_cpp.hpp
[166.776s] -- Installing: /home/jack/ros2_ws/install/dsr_msgs2/include/dsr_msgs2/dsr_msgs2/srv/detail/enable_alter_motion__rosidl_typesupport_introspection_cpp.hpp
[166.776s] -- Installing: /home/jack/ros2_ws/install/dsr_msgs2/include/dsr_msgs2/dsr_msgs2/srv/detail/set_stiffnessx__rosidl_typesupport_introspection_cpp.hpp
[166.777s] -- Installing: /home/jack/ros2_ws/install/dsr_msgs2/include/dsr_msgs2/dsr_msgs2/srv/detail/move_resume__rosidl_typesupport_introspection_cpp.hpp
[166.777s] -- Installing: /home/jack/ros2_ws/install/dsr_msgs2/include/dsr_msgs2/dsr_msgs2/srv/detail/get_drl_state__type_support.cpp
[166.777s] -- Installing: /home/jack/ros2_ws/install/dsr_msgs2/include/dsr_msgs2/dsr_msgs2/srv/detail/move_blending__type_support.cpp
[166.778s] -- Installing: /home/jack/ros2_ws/install/dsr_msgs2/include/dsr_msgs2/dsr_msgs2/srv/detail/get_desired_posx__rosidl_typesupport_introspection_cpp.hpp
[166.778s] -- Installing: /home/jack/ros2_ws/install/dsr_msgs2/include/dsr_msgs2/dsr_msgs2/srv/detail/get_desired_velj__type_support.cpp
[166.778s] -- Installing: /home/jack/ros2_ws/install/dsr_msgs2/include/dsr_msgs2/dsr_msgs2/srv/detail/stop_rt_control__type_support.cpp
[166.779s] -- Installing: /home/jack/ros2_ws/install/dsr_msgs2/include/dsr_msgs2/dsr_msgs2/srv/detail/drl_start__type_support.cpp
[166.779s] -- Installing: /home/jack/ros2_ws/install/dsr_msgs2/include/dsr_msgs2/dsr_msgs2/srv/detail/get_user_cart_coord__type_support.cpp
[166.779s] -- Installing: /home/jack/ros2_ws/install/dsr_msgs2/include/dsr_msgs2/dsr_msgs2/srv/detail/set_user_cart_coord3__type_support.cpp
[166.780s] -- Installing: /home/jack/ros2_ws/install/dsr_msgs2/include/dsr_msgs2/dsr_msgs2/srv/detail/get_current_posx__type_support.cpp
[166.780s] -- Installing: /home/jack/ros2_ws/install/dsr_msgs2/include/dsr_msgs2/dsr_msgs2/srv/detail/set_singularity_handling__rosidl_typesupport_introspection_cpp.hpp
[166.781s] -- Installing: /home/jack/ros2_ws/install/dsr_msgs2/include/dsr_msgs2/dsr_msgs2/srv/detail/move_resume__type_support.cpp
[166.781s] -- Installing: /home/jack/ros2_ws/install/dsr_msgs2/include/dsr_msgs2/dsr_msgs2/srv/detail/get_current_pose__type_support.cpp
[166.781s] -- Installing: /home/jack/ros2_ws/install/dsr_msgs2/include/dsr_msgs2/dsr_msgs2/srv/detail/set_tool_digital_output__rosidl_typesupport_introspection_cpp.hpp
[166.782s] -- Installing: /home/jack/ros2_ws/install/dsr_msgs2/include/dsr_msgs2/dsr_msgs2/srv/detail/get_desired_posx__type_support.cpp
[166.782s] -- Installing: /home/jack/ros2_ws/install/dsr_msgs2/include/dsr_msgs2/dsr_msgs2/srv/detail/set_modbus_output__rosidl_typesupport_introspection_cpp.hpp
[166.782s] -- Installing: /home/jack/ros2_ws/install/dsr_msgs2/include/dsr_msgs2/dsr_msgs2/srv/detail/set_ctrl_box_digital_output__rosidl_typesupport_introspection_cpp.hpp
[166.783s] -- Installing: /home/jack/ros2_ws/install/dsr_msgs2/include/dsr_msgs2/dsr_msgs2/srv/detail/get_current_velx__type_support.cpp
[166.783s] -- Installing: /home/jack/ros2_ws/install/dsr_msgs2/include/dsr_msgs2/dsr_msgs2/srv/detail/get_ctrl_box_analog_input__type_support.cpp
[166.784s] -- Installing: /home/jack/ros2_ws/install/dsr_msgs2/include/dsr_msgs2/dsr_msgs2/srv/detail/trans__rosidl_typesupport_introspection_cpp.hpp
[166.784s] -- Installing: /home/jack/ros2_ws/install/dsr_msgs2/include/dsr_msgs2/dsr_msgs2/srv/detail/get_modbus_input__rosidl_typesupport_introspection_cpp.hpp
[166.784s] -- Installing: /home/jack/ros2_ws/install/dsr_msgs2/include/dsr_msgs2/dsr_msgs2/srv/detail/get_current_rotm__rosidl_typesupport_introspection_cpp.hpp
[166.784s] -- Installing: /home/jack/ros2_ws/install/dsr_msgs2/include/dsr_msgs2/dsr_msgs2/srv/detail/serial_send_data__type_support.cpp
[166.785s] -- Installing: /home/jack/ros2_ws/install/dsr_msgs2/include/dsr_msgs2/dsr_msgs2/srv/detail/check_orientation_condition2__rosidl_typesupport_introspection_cpp.hpp
[166.785s] -- Installing: /home/jack/ros2_ws/install/dsr_msgs2/include/dsr_msgs2/dsr_msgs2/srv/detail/get_tool_force__type_support.cpp
[166.786s] -- Installing: /home/jack/ros2_ws/install/dsr_msgs2/include/dsr_msgs2/dsr_msgs2/srv/detail/align_axis2__rosidl_typesupport_introspection_cpp.hpp
[166.786s] -- Installing: /home/jack/ros2_ws/install/dsr_msgs2/include/dsr_msgs2/dsr_msgs2/srv/detail/release_compliance_ctrl__rosidl_typesupport_introspection_cpp.hpp
[166.786s] -- Installing: /home/jack/ros2_ws/install/dsr_msgs2/include/dsr_msgs2/dsr_msgs2/srv/detail/set_safety_mode__type_support.cpp
[166.787s] -- Installing: /home/jack/ros2_ws/install/dsr_msgs2/include/dsr_msgs2/dsr_msgs2/srv/detail/get_robot_system__type_support.cpp
[166.787s] -- Installing: /home/jack/ros2_ws/install/dsr_msgs2/include/dsr_msgs2/dsr_msgs2/srv/detail/check_position_condition__type_support.cpp
[166.788s] -- Installing: /home/jack/ros2_ws/install/dsr_msgs2/include/dsr_msgs2/dsr_msgs2/srv/detail/get_ctrl_box_digital_input__type_support.cpp
[166.788s] -- Installing: /home/jack/ros2_ws/install/dsr_msgs2/include/dsr_msgs2/dsr_msgs2/srv/detail/move_jointx__rosidl_typesupport_introspection_cpp.hpp
[166.788s] -- Installing: /home/jack/ros2_ws/install/dsr_msgs2/include/dsr_msgs2/dsr_msgs2/srv/detail/jog_multi__rosidl_typesupport_introspection_cpp.hpp
[166.789s] -- Installing: /home/jack/ros2_ws/install/dsr_msgs2/include/dsr_msgs2/dsr_msgs2/srv/detail/get_modbus_input__type_support.cpp
[166.789s] -- Installing: /home/jack/ros2_ws/install/dsr_msgs2/include/dsr_msgs2/dsr_msgs2/srv/detail/config_create_tool__type_support.cpp
[166.790s] -- Installing: /home/jack/ros2_ws/install/dsr_msgs2/include/dsr_msgs2/dsr_msgs2/srv/detail/move_spline_joint__rosidl_typesupport_introspection_cpp.hpp
[166.790s] -- Installing: /home/jack/ros2_ws/install/dsr_msgs2/include/dsr_msgs2/dsr_msgs2/srv/detail/set_ctrl_box_analog_output_type__rosidl_typesupport_introspection_cpp.hpp
[166.790s] -- Installing: /home/jack/ros2_ws/install/dsr_msgs2/include/dsr_msgs2/dsr_msgs2/srv/detail/move_stop__rosidl_typesupport_introspection_cpp.hpp
[166.790s] -- Installing: /home/jack/ros2_ws/install/dsr_msgs2/include/dsr_msgs2/dsr_msgs2/srv/detail/get_current_tcp__type_support.cpp
[166.791s] -- Installing: /home/jack/ros2_ws/install/dsr_msgs2/include/dsr_msgs2/dsr_msgs2/srv/detail/drl_stop__rosidl_typesupport_introspection_cpp.hpp
[166.791s] -- Installing: /home/jack/ros2_ws/install/dsr_msgs2/include/dsr_msgs2/dsr_msgs2/srv/detail/parallel_axis1__rosidl_typesupport_introspection_cpp.hpp
[166.791s] -- Installing: /home/jack/ros2_ws/install/dsr_msgs2/include/dsr_msgs2/dsr_msgs2/srv/detail/overwrite_user_cart_coord__rosidl_typesupport_introspection_cpp.hpp
[166.792s] -- Installing: /home/jack/ros2_ws/install/dsr_msgs2/include/dsr_msgs2/dsr_msgs2/srv/detail/check_force_condition__type_support.cpp
[166.792s] -- Installing: /home/jack/ros2_ws/install/dsr_msgs2/include/dsr_msgs2/dsr_msgs2/srv/detail/write_data_rt__type_support.cpp
[166.793s] -- Installing: /home/jack/ros2_ws/install/dsr_msgs2/include/dsr_msgs2/dsr_msgs2/srv/detail/check_orientation_condition1__type_support.cpp
[166.793s] -- Installing: /home/jack/ros2_ws/install/dsr_msgs2/include/dsr_msgs2/dsr_msgs2/srv/detail/get_tool_digital_input__type_support.cpp
[166.793s] -- Installing: /home/jack/ros2_ws/install/dsr_msgs2/include/dsr_msgs2/dsr_msgs2/srv/detail/task_compliance_ctrl__type_support.cpp
[166.794s] -- Installing: /home/jack/ros2_ws/install/dsr_msgs2/include/dsr_msgs2/dsr_msgs2/srv/detail/set_velj_rt__type_support.cpp
[166.794s] -- Installing: /home/jack/ros2_ws/install/dsr_msgs2/include/dsr_msgs2/dsr_msgs2/srv/detail/coord_transform__rosidl_typesupport_introspection_cpp.hpp
[166.794s] -- Installing: /home/jack/ros2_ws/install/dsr_msgs2/include/dsr_msgs2/dsr_msgs2/srv/detail/get_joint_torque__type_support.cpp
[166.795s] -- Installing: /home/jack/ros2_ws/install/dsr_msgs2/include/dsr_msgs2/dsr_msgs2/srv/detail/read_data_rt__type_support.cpp
[166.795s] -- Installing: /home/jack/ros2_ws/install/dsr_msgs2/include/dsr_msgs2/dsr_msgs2/srv/detail/set_safe_stop_reset_type__type_support.cpp
[166.795s] -- Installing: /home/jack/ros2_ws/install/dsr_msgs2/include/dsr_msgs2/dsr_msgs2/srv/detail/get_current_velj__type_support.cpp
[166.796s] -- Installing: /home/jack/ros2_ws/install/dsr_msgs2/include/dsr_msgs2/dsr_msgs2/srv/detail/get_joint_torque__rosidl_typesupport_introspection_cpp.hpp
[166.796s] -- Installing: /home/jack/ros2_ws/install/dsr_msgs2/include/dsr_msgs2/dsr_msgs2/srv/detail/overwrite_user_cart_coord__type_support.cpp
[166.796s] -- Installing: /home/jack/ros2_ws/install/dsr_msgs2/include/dsr_msgs2/dsr_msgs2/srv/detail/robotiq2_f_close__type_support.cpp
[166.797s] -- Installing: /home/jack/ros2_ws/install/dsr_msgs2/include/dsr_msgs2/dsr_msgs2/srv/detail/move_spline_joint__type_support.cpp
[166.797s] -- Installing: /home/jack/ros2_ws/install/dsr_msgs2/include/dsr_msgs2/dsr_msgs2/srv/detail/get_rt_control_output_data_list__type_support.cpp
[166.798s] -- Installing: /home/jack/ros2_ws/install/dsr_msgs2/include/dsr_msgs2/dsr_msgs2/srv/detail/check_orientation_condition2__type_support.cpp
[166.798s] -- Installing: /home/jack/ros2_ws/install/dsr_msgs2/include/dsr_msgs2/dsr_msgs2/srv/detail/move_spiral__rosidl_typesupport_introspection_cpp.hpp
[166.798s] -- Installing: /home/jack/ros2_ws/install/dsr_msgs2/include/dsr_msgs2/dsr_msgs2/srv/detail/set_robot_speed_mode__rosidl_typesupport_introspection_cpp.hpp
[166.799s] -- Installing: /home/jack/ros2_ws/install/dsr_msgs2/include/dsr_msgs2/dsr_msgs2/srv/detail/set_current_tcp__rosidl_typesupport_introspection_cpp.hpp
[166.799s] -- Installing: /home/jack/ros2_ws/install/dsr_msgs2/include/dsr_msgs2/dsr_msgs2/srv/detail/set_tool_shape__rosidl_typesupport_introspection_cpp.hpp
[166.799s] -- Installing: /home/jack/ros2_ws/install/dsr_msgs2/include/dsr_msgs2/dsr_msgs2/srv/detail/set_tool_digital_output__type_support.cpp
[166.799s] -- Installing: /home/jack/ros2_ws/install/dsr_msgs2/include/dsr_msgs2/dsr_msgs2/srv/detail/move_joint__type_support.cpp
[166.800s] -- Installing: /home/jack/ros2_ws/install/dsr_msgs2/include/dsr_msgs2/dsr_msgs2/srv/detail/config_delete_tool__rosidl_typesupport_introspection_cpp.hpp
[166.800s] -- Installing: /home/jack/ros2_ws/install/dsr_msgs2/include/dsr_msgs2/dsr_msgs2/srv/detail/move_blending__rosidl_typesupport_introspection_cpp.hpp
[166.801s] -- Installing: /home/jack/ros2_ws/install/dsr_msgs2/include/dsr_msgs2/dsr_msgs2/srv/detail/config_delete_tcp__type_support.cpp
[166.801s] -- Up-to-date: /home/jack/ros2_ws/install/dsr_msgs2/include/dsr_msgs2/dsr_msgs2/msg
[166.801s] -- Up-to-date: /home/jack/ros2_ws/install/dsr_msgs2/include/dsr_msgs2/dsr_msgs2/msg/detail
[166.801s] -- Installing: /home/jack/ros2_ws/install/dsr_msgs2/include/dsr_msgs2/dsr_msgs2/msg/detail/speedj_stream__type_support.cpp
[166.802s] -- Installing: /home/jack/ros2_ws/install/dsr_msgs2/include/dsr_msgs2/dsr_msgs2/msg/detail/log_alarm__rosidl_typesupport_introspection_cpp.hpp
[166.802s] -- Installing: /home/jack/ros2_ws/install/dsr_msgs2/include/dsr_msgs2/dsr_msgs2/msg/detail/servol_stream__type_support.cpp
[166.802s] -- Installing: /home/jack/ros2_ws/install/dsr_msgs2/include/dsr_msgs2/dsr_msgs2/msg/detail/torque_rt_stream__rosidl_typesupport_introspection_cpp.hpp
[166.803s] -- Installing: /home/jack/ros2_ws/install/dsr_msgs2/include/dsr_msgs2/dsr_msgs2/msg/detail/robot_state_rt__rosidl_typesupport_introspection_cpp.hpp
[166.803s] -- Installing: /home/jack/ros2_ws/install/dsr_msgs2/include/dsr_msgs2/dsr_msgs2/msg/detail/jog_multi_axis__rosidl_typesupport_introspection_cpp.hpp
[166.803s] -- Installing: /home/jack/ros2_ws/install/dsr_msgs2/include/dsr_msgs2/dsr_msgs2/msg/detail/log_alarm__type_support.cpp
[166.804s] -- Installing: /home/jack/ros2_ws/install/dsr_msgs2/include/dsr_msgs2/dsr_msgs2/msg/detail/speedj_rt_stream__type_support.cpp
[166.804s] -- Installing: /home/jack/ros2_ws/install/dsr_msgs2/include/dsr_msgs2/dsr_msgs2/msg/detail/servol_rt_stream__rosidl_typesupport_introspection_cpp.hpp
[166.804s] -- Installing: /home/jack/ros2_ws/install/dsr_msgs2/include/dsr_msgs2/dsr_msgs2/msg/detail/servoj_stream__rosidl_typesupport_introspection_cpp.hpp
[166.804s] -- Installing: /home/jack/ros2_ws/install/dsr_msgs2/include/dsr_msgs2/dsr_msgs2/msg/detail/servoj_stream__type_support.cpp
[166.805s] -- Installing: /home/jack/ros2_ws/install/dsr_msgs2/include/dsr_msgs2/dsr_msgs2/msg/detail/robot_error__rosidl_typesupport_introspection_cpp.hpp
[166.805s] -- Installing: /home/jack/ros2_ws/install/dsr_msgs2/include/dsr_msgs2/dsr_msgs2/msg/detail/speedj_stream__rosidl_typesupport_introspection_cpp.hpp
[166.805s] -- Installing: /home/jack/ros2_ws/install/dsr_msgs2/include/dsr_msgs2/dsr_msgs2/msg/detail/speedl_rt_stream__rosidl_typesupport_introspection_cpp.hpp
[166.806s] -- Installing: /home/jack/ros2_ws/install/dsr_msgs2/include/dsr_msgs2/dsr_msgs2/msg/detail/alter_motion_stream__rosidl_typesupport_introspection_cpp.hpp
[166.806s] -- Installing: /home/jack/ros2_ws/install/dsr_msgs2/include/dsr_msgs2/dsr_msgs2/msg/detail/servol_stream__rosidl_typesupport_introspection_cpp.hpp
[166.806s] -- Installing: /home/jack/ros2_ws/install/dsr_msgs2/include/dsr_msgs2/dsr_msgs2/msg/detail/speedl_stream__rosidl_typesupport_introspection_cpp.hpp
[166.807s] -- Installing: /home/jack/ros2_ws/install/dsr_msgs2/include/dsr_msgs2/dsr_msgs2/msg/detail/jog_multi_axis__type_support.cpp
[166.807s] -- Installing: /home/jack/ros2_ws/install/dsr_msgs2/include/dsr_msgs2/dsr_msgs2/msg/detail/robot_state_rt__type_support.cpp
[166.808s] -- Installing: /home/jack/ros2_ws/install/dsr_msgs2/include/dsr_msgs2/dsr_msgs2/msg/detail/servol_rt_stream__type_support.cpp
[166.808s] -- Installing: /home/jack/ros2_ws/install/dsr_msgs2/include/dsr_msgs2/dsr_msgs2/msg/detail/robot_error__type_support.cpp
[166.809s] -- Installing: /home/jack/ros2_ws/install/dsr_msgs2/include/dsr_msgs2/dsr_msgs2/msg/detail/torque_rt_stream__type_support.cpp
[166.809s] -- Installing: /home/jack/ros2_ws/install/dsr_msgs2/include/dsr_msgs2/dsr_msgs2/msg/detail/modbus_state__type_support.cpp
[166.809s] -- Installing: /home/jack/ros2_ws/install/dsr_msgs2/include/dsr_msgs2/dsr_msgs2/msg/detail/modbus_state__rosidl_typesupport_introspection_cpp.hpp
[166.810s] -- Installing: /home/jack/ros2_ws/install/dsr_msgs2/include/dsr_msgs2/dsr_msgs2/msg/detail/speedl_stream__type_support.cpp
[166.810s] -- Installing: /home/jack/ros2_ws/install/dsr_msgs2/include/dsr_msgs2/dsr_msgs2/msg/detail/speedl_rt_stream__type_support.cpp
[166.810s] -- Installing: /home/jack/ros2_ws/install/dsr_msgs2/include/dsr_msgs2/dsr_msgs2/msg/detail/servoj_rt_stream__rosidl_typesupport_introspection_cpp.hpp
[166.811s] -- Installing: /home/jack/ros2_ws/install/dsr_msgs2/include/dsr_msgs2/dsr_msgs2/msg/detail/speedj_rt_stream__rosidl_typesupport_introspection_cpp.hpp
[166.811s] -- Installing: /home/jack/ros2_ws/install/dsr_msgs2/include/dsr_msgs2/dsr_msgs2/msg/detail/alter_motion_stream__type_support.cpp
[166.811s] -- Installing: /home/jack/ros2_ws/install/dsr_msgs2/include/dsr_msgs2/dsr_msgs2/msg/detail/servoj_rt_stream__type_support.cpp
[166.812s] -- Installing: /home/jack/ros2_ws/install/dsr_msgs2/include/dsr_msgs2/dsr_msgs2/msg/detail/robot_stop__rosidl_typesupport_introspection_cpp.hpp
[166.812s] -- Installing: /home/jack/ros2_ws/install/dsr_msgs2/include/dsr_msgs2/dsr_msgs2/msg/detail/robot_state__type_support.cpp
[166.813s] -- Installing: /home/jack/ros2_ws/install/dsr_msgs2/include/dsr_msgs2/dsr_msgs2/msg/detail/robot_stop__type_support.cpp
[166.813s] -- Installing: /home/jack/ros2_ws/install/dsr_msgs2/include/dsr_msgs2/dsr_msgs2/msg/detail/robot_state__rosidl_typesupport_introspection_cpp.hpp
[166.814s] -- Installing: /home/jack/ros2_ws/install/dsr_msgs2/lib/libdsr_msgs2__rosidl_typesupport_introspection_cpp.so
[166.819s] -- Set runtime path of "/home/jack/ros2_ws/install/dsr_msgs2/lib/libdsr_msgs2__rosidl_typesupport_introspection_cpp.so" to ""
[166.819s] -- Installing: /home/jack/ros2_ws/install/dsr_msgs2/lib/libdsr_msgs2__rosidl_typesupport_cpp.so
[166.822s] -- Set runtime path of "/home/jack/ros2_ws/install/dsr_msgs2/lib/libdsr_msgs2__rosidl_typesupport_cpp.so" to ""
[166.822s] -- Installing: /home/jack/ros2_ws/install/dsr_msgs2/share/dsr_msgs2/environment/pythonpath.sh
[166.823s] -- Installing: /home/jack/ros2_ws/install/dsr_msgs2/share/dsr_msgs2/environment/pythonpath.dsv
[166.823s] -- Installing: /home/jack/ros2_ws/install/dsr_msgs2/local/lib/python3.10/dist-packages/dsr_msgs2-1.1.0-py3.10.egg-info
[166.824s] -- Installing: /home/jack/ros2_ws/install/dsr_msgs2/local/lib/python3.10/dist-packages/dsr_msgs2-1.1.0-py3.10.egg-info/SOURCES.txt
[166.824s] -- Installing: /home/jack/ros2_ws/install/dsr_msgs2/local/lib/python3.10/dist-packages/dsr_msgs2-1.1.0-py3.10.egg-info/PKG-INFO
[166.824s] -- Installing: /home/jack/ros2_ws/install/dsr_msgs2/local/lib/python3.10/dist-packages/dsr_msgs2-1.1.0-py3.10.egg-info/dependency_links.txt
[166.824s] -- Installing: /home/jack/ros2_ws/install/dsr_msgs2/local/lib/python3.10/dist-packages/dsr_msgs2-1.1.0-py3.10.egg-info/top_level.txt
[166.825s] -- Installing: /home/jack/ros2_ws/install/dsr_msgs2/local/lib/python3.10/dist-packages/dsr_msgs2
[166.825s] -- Installing: /home/jack/ros2_ws/install/dsr_msgs2/local/lib/python3.10/dist-packages/dsr_msgs2/_dsr_msgs2_s.ep.rosidl_typesupport_c.c
[166.826s] -- Installing: /home/jack/ros2_ws/install/dsr_msgs2/local/lib/python3.10/dist-packages/dsr_msgs2/srv
[166.826s] -- Installing: /home/jack/ros2_ws/install/dsr_msgs2/local/lib/python3.10/dist-packages/dsr_msgs2/srv/_check_position_condition.py
[166.826s] -- Installing: /home/jack/ros2_ws/install/dsr_msgs2/local/lib/python3.10/dist-packages/dsr_msgs2/srv/_calc_coord_s.c
[166.827s] -- Installing: /home/jack/ros2_ws/install/dsr_msgs2/local/lib/python3.10/dist-packages/dsr_msgs2/srv/_set_ctrl_box_analog_input_type.py
[166.827s] -- Installing: /home/jack/ros2_ws/install/dsr_msgs2/local/lib/python3.10/dist-packages/dsr_msgs2/srv/_config_create_modbus_s.c
[166.827s] -- Installing: /home/jack/ros2_ws/install/dsr_msgs2/local/lib/python3.10/dist-packages/dsr_msgs2/srv/_get_user_cart_coord_s.c
[166.827s] -- Installing: /home/jack/ros2_ws/install/dsr_msgs2/local/lib/python3.10/dist-packages/dsr_msgs2/srv/_get_current_velx_s.c
[166.828s] -- Installing: /home/jack/ros2_ws/install/dsr_msgs2/local/lib/python3.10/dist-packages/dsr_msgs2/srv/_enable_alter_motion_s.c
[166.828s] -- Installing: /home/jack/ros2_ws/install/dsr_msgs2/local/lib/python3.10/dist-packages/dsr_msgs2/srv/_fkin_s.c
[166.828s] -- Installing: /home/jack/ros2_ws/install/dsr_msgs2/local/lib/python3.10/dist-packages/dsr_msgs2/srv/_get_desired_velj_s.c
[166.828s] -- Installing: /home/jack/ros2_ws/install/dsr_msgs2/local/lib/python3.10/dist-packages/dsr_msgs2/srv/_config_delete_tool_s.c
[166.829s] -- Installing: /home/jack/ros2_ws/install/dsr_msgs2/local/lib/python3.10/dist-packages/dsr_msgs2/srv/_set_modbus_output.py
[166.829s] -- Installing: /home/jack/ros2_ws/install/dsr_msgs2/local/lib/python3.10/dist-packages/dsr_msgs2/srv/_get_robot_state.py
[166.829s] -- Installing: /home/jack/ros2_ws/install/dsr_msgs2/local/lib/python3.10/dist-packages/dsr_msgs2/srv/_parallel_axis1_s.c
[166.829s] -- Installing: /home/jack/ros2_ws/install/dsr_msgs2/local/lib/python3.10/dist-packages/dsr_msgs2/srv/_trans_s.c
[166.829s] -- Installing: /home/jack/ros2_ws/install/dsr_msgs2/local/lib/python3.10/dist-packages/dsr_msgs2/srv/_get_user_cart_coord.py
[166.830s] -- Installing: /home/jack/ros2_ws/install/dsr_msgs2/local/lib/python3.10/dist-packages/dsr_msgs2/srv/_get_desired_velx.py
[166.830s] -- Installing: /home/jack/ros2_ws/install/dsr_msgs2/local/lib/python3.10/dist-packages/dsr_msgs2/srv/_get_rt_control_output_version_list.py
[166.830s] -- Installing: /home/jack/ros2_ws/install/dsr_msgs2/local/lib/python3.10/dist-packages/dsr_msgs2/srv/_get_solution_space.py
[166.830s] -- Installing: /home/jack/ros2_ws/install/dsr_msgs2/local/lib/python3.10/dist-packages/dsr_msgs2/srv/_disconnect_rt_control.py
[166.830s] -- Installing: /home/jack/ros2_ws/install/dsr_msgs2/local/lib/python3.10/dist-packages/dsr_msgs2/srv/_parallel_axis2_s.c
[166.830s] -- Installing: /home/jack/ros2_ws/install/dsr_msgs2/local/lib/python3.10/dist-packages/dsr_msgs2/srv/_alter_motion_s.c
[166.831s] -- Installing: /home/jack/ros2_ws/install/dsr_msgs2/local/lib/python3.10/dist-packages/dsr_msgs2/srv/_move_periodic.py
[166.831s] -- Installing: /home/jack/ros2_ws/install/dsr_msgs2/local/lib/python3.10/dist-packages/dsr_msgs2/srv/_get_current_tool.py
[166.831s] -- Installing: /home/jack/ros2_ws/install/dsr_msgs2/local/lib/python3.10/dist-packages/dsr_msgs2/srv/_robotiq2_f_open.py
[166.831s] -- Installing: /home/jack/ros2_ws/install/dsr_msgs2/local/lib/python3.10/dist-packages/dsr_msgs2/srv/_get_current_posx.py
[166.831s] -- Installing: /home/jack/ros2_ws/install/dsr_msgs2/local/lib/python3.10/dist-packages/dsr_msgs2/srv/_get_current_tcp_s.c
[166.831s] -- Installing: /home/jack/ros2_ws/install/dsr_msgs2/local/lib/python3.10/dist-packages/dsr_msgs2/srv/_move_home_s.c
[166.831s] -- Installing: /home/jack/ros2_ws/install/dsr_msgs2/local/lib/python3.10/dist-packages/dsr_msgs2/srv/_move_spline_task.py
[166.831s] -- Installing: /home/jack/ros2_ws/install/dsr_msgs2/local/lib/python3.10/dist-packages/dsr_msgs2/srv/_get_control_mode_s.c
[166.832s] -- Installing: /home/jack/ros2_ws/install/dsr_msgs2/local/lib/python3.10/dist-packages/dsr_msgs2/srv/_set_robot_control_s.c
[166.832s] -- Installing: /home/jack/ros2_ws/install/dsr_msgs2/local/lib/python3.10/dist-packages/dsr_msgs2/srv/_move_spiral.py
[166.832s] -- Installing: /home/jack/ros2_ws/install/dsr_msgs2/local/lib/python3.10/dist-packages/dsr_msgs2/srv/_set_robot_speed_mode.py
[166.832s] -- Installing: /home/jack/ros2_ws/install/dsr_msgs2/local/lib/python3.10/dist-packages/dsr_msgs2/srv/_ikin.py
[166.832s] -- Installing: /home/jack/ros2_ws/install/dsr_msgs2/local/lib/python3.10/dist-packages/dsr_msgs2/srv/_serial_send_data.py
[166.832s] -- Installing: /home/jack/ros2_ws/install/dsr_msgs2/local/lib/python3.10/dist-packages/dsr_msgs2/srv/_get_last_alarm_s.c
[166.833s] -- Installing: /home/jack/ros2_ws/install/dsr_msgs2/local/lib/python3.10/dist-packages/dsr_msgs2/srv/_servo_off.py
[166.833s] -- Installing: /home/jack/ros2_ws/install/dsr_msgs2/local/lib/python3.10/dist-packages/dsr_msgs2/srv/_set_ref_coord.py
[166.833s] -- Installing: /home/jack/ros2_ws/install/dsr_msgs2/local/lib/python3.10/dist-packages/dsr_msgs2/srv/_move_spline_joint_s.c
[166.833s] -- Installing: /home/jack/ros2_ws/install/dsr_msgs2/local/lib/python3.10/dist-packages/dsr_msgs2/srv/_set_tool_shape.py
[166.833s] -- Installing: /home/jack/ros2_ws/install/dsr_msgs2/local/lib/python3.10/dist-packages/dsr_msgs2/srv/_get_ctrl_box_digital_input.py
[166.834s] -- Installing: /home/jack/ros2_ws/install/dsr_msgs2/local/lib/python3.10/dist-packages/dsr_msgs2/srv/_get_robot_mode.py
[166.834s] -- Installing: /home/jack/ros2_ws/install/dsr_msgs2/local/lib/python3.10/dist-packages/dsr_msgs2/srv/_coord_transform_s.c
[166.835s] -- Installing: /home/jack/ros2_ws/install/dsr_msgs2/local/lib/python3.10/dist-packages/dsr_msgs2/srv/_get_rt_control_input_version_list.py
[166.835s] -- Installing: /home/jack/ros2_ws/install/dsr_msgs2/local/lib/python3.10/dist-packages/dsr_msgs2/srv/_enable_alter_motion.py
[166.835s] -- Installing: /home/jack/ros2_ws/install/dsr_msgs2/local/lib/python3.10/dist-packages/dsr_msgs2/srv/_get_ctrl_box_analog_input.py
[166.835s] -- Installing: /home/jack/ros2_ws/install/dsr_msgs2/local/lib/python3.10/dist-packages/dsr_msgs2/srv/_jog_multi.py
[166.835s] -- Installing: /home/jack/ros2_ws/install/dsr_msgs2/local/lib/python3.10/dist-packages/dsr_msgs2/srv/_get_current_pose.py
[166.835s] -- Installing: /home/jack/ros2_ws/install/dsr_msgs2/local/lib/python3.10/dist-packages/dsr_msgs2/srv/_set_rt_control_output_s.c
[166.835s] -- Installing: /home/jack/ros2_ws/install/dsr_msgs2/local/lib/python3.10/dist-packages/dsr_msgs2/srv/_move_joint_s.c
[166.835s] -- Installing: /home/jack/ros2_ws/install/dsr_msgs2/local/lib/python3.10/dist-packages/dsr_msgs2/srv/_set_singularity_handling.py
[166.835s] -- Installing: /home/jack/ros2_ws/install/dsr_msgs2/local/lib/python3.10/dist-packages/dsr_msgs2/srv/_get_current_posj_s.c
[166.836s] -- Installing: /home/jack/ros2_ws/install/dsr_msgs2/local/lib/python3.10/dist-packages/dsr_msgs2/srv/_overwrite_user_cart_coord_s.c
[166.836s] -- Installing: /home/jack/ros2_ws/install/dsr_msgs2/local/lib/python3.10/dist-packages/dsr_msgs2/srv/_change_collision_sensitivity.py
[166.836s] -- Installing: /home/jack/ros2_ws/install/dsr_msgs2/local/lib/python3.10/dist-packages/dsr_msgs2/srv/_drl_resume_s.c
[166.836s] -- Installing: /home/jack/ros2_ws/install/dsr_msgs2/local/lib/python3.10/dist-packages/dsr_msgs2/srv/_get_current_pose_s.c
[166.837s] -- Installing: /home/jack/ros2_ws/install/dsr_msgs2/local/lib/python3.10/dist-packages/dsr_msgs2/srv/_get_desired_posx_s.c
[166.837s] -- Installing: /home/jack/ros2_ws/install/dsr_msgs2/local/lib/python3.10/dist-packages/dsr_msgs2/srv/_connect_rt_control.py
[166.837s] -- Installing: /home/jack/ros2_ws/install/dsr_msgs2/local/lib/python3.10/dist-packages/dsr_msgs2/srv/_set_stiffnessx.py
[166.837s] -- Installing: /home/jack/ros2_ws/install/dsr_msgs2/local/lib/python3.10/dist-packages/dsr_msgs2/srv/_set_user_cart_coord3_s.c
[166.838s] -- Installing: /home/jack/ros2_ws/install/dsr_msgs2/local/lib/python3.10/dist-packages/dsr_msgs2/srv/_get_robot_state_s.c
[166.838s] -- Installing: /home/jack/ros2_ws/install/dsr_msgs2/local/lib/python3.10/dist-packages/dsr_msgs2/srv/_set_velj_rt_s.c
[166.838s] -- Installing: /home/jack/ros2_ws/install/dsr_msgs2/local/lib/python3.10/dist-packages/dsr_msgs2/srv/_get_current_tool_s.c
[166.838s] -- Installing: /home/jack/ros2_ws/install/dsr_msgs2/local/lib/python3.10/dist-packages/dsr_msgs2/srv/_set_safe_stop_reset_type_s.c
[166.838s] -- Installing: /home/jack/ros2_ws/install/dsr_msgs2/local/lib/python3.10/dist-packages/dsr_msgs2/srv/_get_workpiece_weight_s.c
[166.839s] -- Installing: /home/jack/ros2_ws/install/dsr_msgs2/local/lib/python3.10/dist-packages/dsr_msgs2/srv/_start_rt_control.py
[166.839s] -- Installing: /home/jack/ros2_ws/install/dsr_msgs2/local/lib/python3.10/dist-packages/dsr_msgs2/srv/_get_rt_control_input_version_list_s.c
[166.839s] -- Installing: /home/jack/ros2_ws/install/dsr_msgs2/local/lib/python3.10/dist-packages/dsr_msgs2/srv/_parallel_axis1.py
[166.839s] -- Installing: /home/jack/ros2_ws/install/dsr_msgs2/local/lib/python3.10/dist-packages/dsr_msgs2/srv/_set_ctrl_box_digital_output_s.c
[166.839s] -- Installing: /home/jack/ros2_ws/install/dsr_msgs2/local/lib/python3.10/dist-packages/dsr_msgs2/srv/_get_tool_force_s.c
[166.839s] -- Installing: /home/jack/ros2_ws/install/dsr_msgs2/local/lib/python3.10/dist-packages/dsr_msgs2/srv/_get_ctrl_box_digital_output.py
[166.840s] -- Installing: /home/jack/ros2_ws/install/dsr_msgs2/local/lib/python3.10/dist-packages/dsr_msgs2/srv/_align_axis1_s.c
[166.840s] -- Installing: /home/jack/ros2_ws/install/dsr_msgs2/local/lib/python3.10/dist-packages/dsr_msgs2/srv/_set_desired_force_s.c
[166.840s] -- Installing: /home/jack/ros2_ws/install/dsr_msgs2/local/lib/python3.10/dist-packages/dsr_msgs2/srv/_set_singularity_handling_s.c
[166.841s] -- Installing: /home/jack/ros2_ws/install/dsr_msgs2/local/lib/python3.10/dist-packages/dsr_msgs2/srv/_set_robot_mode.py
[166.841s] -- Installing: /home/jack/ros2_ws/install/dsr_msgs2/local/lib/python3.10/dist-packages/dsr_msgs2/srv/_get_tool_digital_output.py
[166.841s] -- Installing: /home/jack/ros2_ws/install/dsr_msgs2/local/lib/python3.10/dist-packages/dsr_msgs2/srv/_release_compliance_ctrl_s.c
[166.841s] -- Installing: /home/jack/ros2_ws/install/dsr_msgs2/local/lib/python3.10/dist-packages/dsr_msgs2/srv/_set_ref_coord_s.c
[166.842s] -- Installing: /home/jack/ros2_ws/install/dsr_msgs2/local/lib/python3.10/dist-packages/dsr_msgs2/srv/_get_ctrl_box_digital_output_s.c
[166.842s] -- Installing: /home/jack/ros2_ws/install/dsr_msgs2/local/lib/python3.10/dist-packages/dsr_msgs2/srv/_set_stiffnessx_s.c
[166.842s] -- Installing: /home/jack/ros2_ws/install/dsr_msgs2/local/lib/python3.10/dist-packages/dsr_msgs2/srv/_connect_rt_control_s.c
[166.842s] -- Installing: /home/jack/ros2_ws/install/dsr_msgs2/local/lib/python3.10/dist-packages/dsr_msgs2/srv/_get_current_velj.py
[166.842s] -- Installing: /home/jack/ros2_ws/install/dsr_msgs2/local/lib/python3.10/dist-packages/dsr_msgs2/srv/_task_compliance_ctrl_s.c
[166.845s] -- Installing: /home/jack/ros2_ws/install/dsr_msgs2/local/lib/python3.10/dist-packages/dsr_msgs2/srv/_alter_motion.py
[166.845s] -- Installing: /home/jack/ros2_ws/install/dsr_msgs2/local/lib/python3.10/dist-packages/dsr_msgs2/srv/_config_create_tool.py
[166.845s] -- Installing: /home/jack/ros2_ws/install/dsr_msgs2/local/lib/python3.10/dist-packages/dsr_msgs2/srv/_set_user_cart_coord1_s.c
[166.847s] -- Installing: /home/jack/ros2_ws/install/dsr_msgs2/local/lib/python3.10/dist-packages/dsr_msgs2/srv/_set_current_tcp_s.c
[166.847s] -- Installing: /home/jack/ros2_ws/install/dsr_msgs2/local/lib/python3.10/dist-packages/dsr_msgs2/srv/_get_workpiece_weight.py
[166.847s] -- Installing: /home/jack/ros2_ws/install/dsr_msgs2/local/lib/python3.10/dist-packages/dsr_msgs2/srv/_move_pause_s.c
[166.850s] -- Installing: /home/jack/ros2_ws/install/dsr_msgs2/local/lib/python3.10/dist-packages/dsr_msgs2/srv/_get_orientation_error.py
[166.850s] -- Installing: /home/jack/ros2_ws/install/dsr_msgs2/local/lib/python3.10/dist-packages/dsr_msgs2/srv/_move_stop.py
[166.850s] -- Installing: /home/jack/ros2_ws/install/dsr_msgs2/local/lib/python3.10/dist-packages/dsr_msgs2/srv/_robotiq2_f_open_s.c
[166.850s] -- Installing: /home/jack/ros2_ws/install/dsr_msgs2/local/lib/python3.10/dist-packages/dsr_msgs2/srv/_get_desired_velx_s.c
[166.851s] -- Installing: /home/jack/ros2_ws/install/dsr_msgs2/local/lib/python3.10/dist-packages/dsr_msgs2/srv/_release_compliance_ctrl.py
[166.851s] -- Installing: /home/jack/ros2_ws/install/dsr_msgs2/local/lib/python3.10/dist-packages/dsr_msgs2/srv/_set_tool_digital_output_s.c
[166.851s] -- Installing: /home/jack/ros2_ws/install/dsr_msgs2/local/lib/python3.10/dist-packages/dsr_msgs2/srv/_get_current_solution_space.py
[166.852s] -- Installing: /home/jack/ros2_ws/install/dsr_msgs2/local/lib/python3.10/dist-packages/dsr_msgs2/srv/_move_home.py
[166.852s] -- Installing: /home/jack/ros2_ws/install/dsr_msgs2/local/lib/python3.10/dist-packages/dsr_msgs2/srv/_set_accx_rt_s.c
[166.852s] -- Installing: /home/jack/ros2_ws/install/dsr_msgs2/local/lib/python3.10/dist-packages/dsr_msgs2/srv/_change_operation_speed_s.c
[166.852s] -- Installing: /home/jack/ros2_ws/install/dsr_msgs2/local/lib/python3.10/dist-packages/dsr_msgs2/srv/_is_done_bolt_tightening.py
[166.852s] -- Installing: /home/jack/ros2_ws/install/dsr_msgs2/local/lib/python3.10/dist-packages/dsr_msgs2/srv/_set_tool_shape_s.c
[166.853s] -- Installing: /home/jack/ros2_ws/install/dsr_msgs2/local/lib/python3.10/dist-packages/dsr_msgs2/srv/_move_line.py
[166.853s] -- Installing: /home/jack/ros2_ws/install/dsr_msgs2/local/lib/python3.10/dist-packages/dsr_msgs2/srv/_set_accj_rt.py
[166.853s] -- Installing: /home/jack/ros2_ws/install/dsr_msgs2/local/lib/python3.10/dist-packages/dsr_msgs2/srv/_set_robot_mode_s.c
[166.853s] -- Installing: /home/jack/ros2_ws/install/dsr_msgs2/local/lib/python3.10/dist-packages/dsr_msgs2/srv/_set_robot_system_s.c
[166.853s] -- Installing: /home/jack/ros2_ws/install/dsr_msgs2/local/lib/python3.10/dist-packages/dsr_msgs2/srv/_get_modbus_input.py
[166.854s] -- Installing: /home/jack/ros2_ws/install/dsr_msgs2/local/lib/python3.10/dist-packages/dsr_msgs2/srv/_get_rt_control_output_data_list_s.c
[166.854s] -- Installing: /home/jack/ros2_ws/install/dsr_msgs2/local/lib/python3.10/dist-packages/dsr_msgs2/srv/_ikin_s.c
[166.854s] -- Installing: /home/jack/ros2_ws/install/dsr_msgs2/local/lib/python3.10/dist-packages/dsr_msgs2/srv/_get_robot_mode_s.c
[166.855s] -- Installing: /home/jack/ros2_ws/install/dsr_msgs2/local/lib/python3.10/dist-packages/dsr_msgs2/srv/_disconnect_rt_control_s.c
[166.855s] -- Installing: /home/jack/ros2_ws/install/dsr_msgs2/local/lib/python3.10/dist-packages/dsr_msgs2/srv/_start_rt_control_s.c
[166.855s] -- Installing: /home/jack/ros2_ws/install/dsr_msgs2/local/lib/python3.10/dist-packages/dsr_msgs2/srv/_overwrite_user_cart_coord.py
[166.855s] -- Installing: /home/jack/ros2_ws/install/dsr_msgs2/local/lib/python3.10/dist-packages/dsr_msgs2/srv/_move_stop_s.c
[166.855s] -- Installing: /home/jack/ros2_ws/install/dsr_msgs2/local/lib/python3.10/dist-packages/dsr_msgs2/srv/_check_motion_s.c
[166.855s] -- Installing: /home/jack/ros2_ws/install/dsr_msgs2/local/lib/python3.10/dist-packages/dsr_msgs2/srv/_set_safety_mode.py
[166.856s] -- Installing: /home/jack/ros2_ws/install/dsr_msgs2/local/lib/python3.10/dist-packages/dsr_msgs2/srv/_get_current_posx_s.c
[166.856s] -- Installing: /home/jack/ros2_ws/install/dsr_msgs2/local/lib/python3.10/dist-packages/dsr_msgs2/srv/_get_robot_system.py
[166.856s] -- Installing: /home/jack/ros2_ws/install/dsr_msgs2/local/lib/python3.10/dist-packages/dsr_msgs2/srv/_read_data_rt.py
[166.856s] -- Installing: /home/jack/ros2_ws/install/dsr_msgs2/local/lib/python3.10/dist-packages/dsr_msgs2/srv/_get_tool_force.py
[166.856s] -- Installing: /home/jack/ros2_ws/install/dsr_msgs2/local/lib/python3.10/dist-packages/dsr_msgs2/srv/_get_current_tool_flange_posx_s.c
[166.857s] -- Installing: /home/jack/ros2_ws/install/dsr_msgs2/local/lib/python3.10/dist-packages/dsr_msgs2/srv/_check_motion.py
[166.857s] -- Installing: /home/jack/ros2_ws/install/dsr_msgs2/local/lib/python3.10/dist-packages/dsr_msgs2/srv/_set_velx_rt_s.c
[166.857s] -- Installing: /home/jack/ros2_ws/install/dsr_msgs2/local/lib/python3.10/dist-packages/dsr_msgs2/srv/_get_rt_control_output_data_list.py
[166.857s] -- Installing: /home/jack/ros2_ws/install/dsr_msgs2/local/lib/python3.10/dist-packages/dsr_msgs2/srv/_set_safety_mode_s.c
[166.858s] -- Installing: /home/jack/ros2_ws/install/dsr_msgs2/local/lib/python3.10/dist-packages/dsr_msgs2/srv/__init__.py
[166.858s] -- Installing: /home/jack/ros2_ws/install/dsr_msgs2/local/lib/python3.10/dist-packages/dsr_msgs2/srv/_get_current_tool_flange_posx.py
[166.858s] -- Installing: /home/jack/ros2_ws/install/dsr_msgs2/local/lib/python3.10/dist-packages/dsr_msgs2/srv/_set_modbus_output_s.c
[166.858s] -- Installing: /home/jack/ros2_ws/install/dsr_msgs2/local/lib/python3.10/dist-packages/dsr_msgs2/srv/_drl_stop_s.c
[166.858s] -- Installing: /home/jack/ros2_ws/install/dsr_msgs2/local/lib/python3.10/dist-packages/dsr_msgs2/srv/_move_circle.py
[166.858s] -- Installing: /home/jack/ros2_ws/install/dsr_msgs2/local/lib/python3.10/dist-packages/dsr_msgs2/srv/_jog_multi_s.c
[166.859s] -- Installing: /home/jack/ros2_ws/install/dsr_msgs2/local/lib/python3.10/dist-packages/dsr_msgs2/srv/_drl_pause.py
[166.859s] -- Installing: /home/jack/ros2_ws/install/dsr_msgs2/local/lib/python3.10/dist-packages/dsr_msgs2/srv/_get_desired_posj.py
[166.859s] -- Installing: /home/jack/ros2_ws/install/dsr_msgs2/local/lib/python3.10/dist-packages/dsr_msgs2/srv/_get_desired_posj_s.c
[166.859s] -- Installing: /home/jack/ros2_ws/install/dsr_msgs2/local/lib/python3.10/dist-packages/dsr_msgs2/srv/_config_delete_tcp.py
[166.859s] -- Installing: /home/jack/ros2_ws/install/dsr_msgs2/local/lib/python3.10/dist-packages/dsr_msgs2/srv/_get_modbus_input_s.c
[166.860s] -- Installing: /home/jack/ros2_ws/install/dsr_msgs2/local/lib/python3.10/dist-packages/dsr_msgs2/srv/_check_force_condition_s.c
[166.860s] -- Installing: /home/jack/ros2_ws/install/dsr_msgs2/local/lib/python3.10/dist-packages/dsr_msgs2/srv/_coord_transform.py
[166.860s] -- Installing: /home/jack/ros2_ws/install/dsr_msgs2/local/lib/python3.10/dist-packages/dsr_msgs2/srv/_write_data_rt_s.c
[166.860s] -- Installing: /home/jack/ros2_ws/install/dsr_msgs2/local/lib/python3.10/dist-packages/dsr_msgs2/srv/_robotiq2_f_move.py
[166.860s] -- Installing: /home/jack/ros2_ws/install/dsr_msgs2/local/lib/python3.10/dist-packages/dsr_msgs2/srv/_get_rt_control_input_data_list.py
[166.860s] -- Installing: /home/jack/ros2_ws/install/dsr_msgs2/local/lib/python3.10/dist-packages/dsr_msgs2/srv/_align_axis1.py
[166.861s] -- Installing: /home/jack/ros2_ws/install/dsr_msgs2/local/lib/python3.10/dist-packages/dsr_msgs2/srv/_get_joint_torque.py
[166.861s] -- Installing: /home/jack/ros2_ws/install/dsr_msgs2/local/lib/python3.10/dist-packages/dsr_msgs2/srv/_change_operation_speed.py
[166.861s] -- Installing: /home/jack/ros2_ws/install/dsr_msgs2/local/lib/python3.10/dist-packages/dsr_msgs2/srv/_set_ctrl_box_analog_input_type_s.c
[166.861s] -- Installing: /home/jack/ros2_ws/install/dsr_msgs2/local/lib/python3.10/dist-packages/dsr_msgs2/srv/_serial_send_data_s.c
[166.861s] -- Installing: /home/jack/ros2_ws/install/dsr_msgs2/local/lib/python3.10/dist-packages/dsr_msgs2/srv/_set_current_tool.py
[166.861s] -- Installing: /home/jack/ros2_ws/install/dsr_msgs2/local/lib/python3.10/dist-packages/dsr_msgs2/srv/_check_force_condition.py
[166.861s] -- Installing: /home/jack/ros2_ws/install/dsr_msgs2/local/lib/python3.10/dist-packages/dsr_msgs2/srv/_get_robot_speed_mode_s.c
[166.862s] -- Installing: /home/jack/ros2_ws/install/dsr_msgs2/local/lib/python3.10/dist-packages/dsr_msgs2/srv/_move_line_s.c
[166.862s] -- Installing: /home/jack/ros2_ws/install/dsr_msgs2/local/lib/python3.10/dist-packages/dsr_msgs2/srv/_get_rt_control_output_version_list_s.c
[166.862s] -- Installing: /home/jack/ros2_ws/install/dsr_msgs2/local/lib/python3.10/dist-packages/dsr_msgs2/srv/_get_drl_state_s.c
[166.862s] -- Installing: /home/jack/ros2_ws/install/dsr_msgs2/local/lib/python3.10/dist-packages/dsr_msgs2/srv/_move_resume_s.c
[166.863s] -- Installing: /home/jack/ros2_ws/install/dsr_msgs2/local/lib/python3.10/dist-packages/dsr_msgs2/srv/_drl_resume.py
[166.863s] -- Installing: /home/jack/ros2_ws/install/dsr_msgs2/local/lib/python3.10/dist-packages/dsr_msgs2/srv/_get_desired_posx.py
[166.863s] -- Installing: /home/jack/ros2_ws/install/dsr_msgs2/local/lib/python3.10/dist-packages/dsr_msgs2/srv/_servo_off_s.c
[166.863s] -- Installing: /home/jack/ros2_ws/install/dsr_msgs2/local/lib/python3.10/dist-packages/dsr_msgs2/srv/_release_force.py
[166.863s] -- Installing: /home/jack/ros2_ws/install/dsr_msgs2/local/lib/python3.10/dist-packages/dsr_msgs2/srv/_config_create_modbus.py
[166.863s] -- Installing: /home/jack/ros2_ws/install/dsr_msgs2/local/lib/python3.10/dist-packages/dsr_msgs2/srv/_set_rt_control_input.py
[166.864s] -- Installing: /home/jack/ros2_ws/install/dsr_msgs2/local/lib/python3.10/dist-packages/dsr_msgs2/srv/_set_user_cart_coord2.py
[166.864s] -- Installing: /home/jack/ros2_ws/install/dsr_msgs2/local/lib/python3.10/dist-packages/dsr_msgs2/srv/_get_ctrl_box_analog_input_s.c
[166.864s] -- Installing: /home/jack/ros2_ws/install/dsr_msgs2/local/lib/python3.10/dist-packages/dsr_msgs2/srv/_robotiq2_f_close.py
[166.864s] -- Installing: /home/jack/ros2_ws/install/dsr_msgs2/local/lib/python3.10/dist-packages/dsr_msgs2/srv/_set_robot_speed_mode_s.c
[166.864s] -- Installing: /home/jack/ros2_ws/install/dsr_msgs2/local/lib/python3.10/dist-packages/dsr_msgs2/srv/_move_jointx.py
[166.864s] -- Installing: /home/jack/ros2_ws/install/dsr_msgs2/local/lib/python3.10/dist-packages/dsr_msgs2/srv/_set_velj_rt.py
[166.865s] -- Installing: /home/jack/ros2_ws/install/dsr_msgs2/local/lib/python3.10/dist-packages/dsr_msgs2/srv/_set_user_cart_coord1.py
[166.865s] -- Installing: /home/jack/ros2_ws/install/dsr_msgs2/local/lib/python3.10/dist-packages/dsr_msgs2/srv/_get_solution_space_s.c
[166.865s] -- Installing: /home/jack/ros2_ws/install/dsr_msgs2/local/lib/python3.10/dist-packages/dsr_msgs2/srv/_config_create_tcp_s.c
[166.865s] -- Installing: /home/jack/ros2_ws/install/dsr_msgs2/local/lib/python3.10/dist-packages/dsr_msgs2/srv/_get_external_torque_s.c
[166.865s] -- Installing: /home/jack/ros2_ws/install/dsr_msgs2/local/lib/python3.10/dist-packages/dsr_msgs2/srv/_task_compliance_ctrl.py
[166.866s] -- Installing: /home/jack/ros2_ws/install/dsr_msgs2/local/lib/python3.10/dist-packages/dsr_msgs2/srv/_get_current_velj_s.c
[166.866s] -- Installing: /home/jack/ros2_ws/install/dsr_msgs2/local/lib/python3.10/dist-packages/dsr_msgs2/srv/_move_blending.py
[166.866s] -- Installing: /home/jack/ros2_ws/install/dsr_msgs2/local/lib/python3.10/dist-packages/dsr_msgs2/srv/_config_create_tool_s.c
[166.866s] -- Installing: /home/jack/ros2_ws/install/dsr_msgs2/local/lib/python3.10/dist-packages/dsr_msgs2/srv/_get_current_rotm.py
[166.866s] -- Installing: /home/jack/ros2_ws/install/dsr_msgs2/local/lib/python3.10/dist-packages/dsr_msgs2/srv/_move_spiral_s.c
[166.867s] -- Installing: /home/jack/ros2_ws/install/dsr_msgs2/local/lib/python3.10/dist-packages/dsr_msgs2/srv/_trans.py
[166.867s] -- Installing: /home/jack/ros2_ws/install/dsr_msgs2/local/lib/python3.10/dist-packages/dsr_msgs2/srv/_set_accj_rt_s.c
[166.867s] -- Installing: /home/jack/ros2_ws/install/dsr_msgs2/local/lib/python3.10/dist-packages/dsr_msgs2/srv/_move_jointx_s.c
[166.867s] -- Installing: /home/jack/ros2_ws/install/dsr_msgs2/local/lib/python3.10/dist-packages/dsr_msgs2/srv/_set_ctrl_box_analog_output.py
[166.867s] -- Installing: /home/jack/ros2_ws/install/dsr_msgs2/local/lib/python3.10/dist-packages/dsr_msgs2/srv/_get_current_posj.py
[166.868s] -- Installing: /home/jack/ros2_ws/install/dsr_msgs2/local/lib/python3.10/dist-packages/dsr_msgs2/srv/_get_current_velx.py
[166.868s] -- Installing: /home/jack/ros2_ws/install/dsr_msgs2/local/lib/python3.10/dist-packages/dsr_msgs2/srv/_set_desired_force.py
[166.868s] -- Installing: /home/jack/ros2_ws/install/dsr_msgs2/local/lib/python3.10/dist-packages/dsr_msgs2/srv/_robotiq2_f_move_s.c
[166.868s] -- Installing: /home/jack/ros2_ws/install/dsr_msgs2/local/lib/python3.10/dist-packages/dsr_msgs2/srv/_move_periodic_s.c
[166.868s] -- Installing: /home/jack/ros2_ws/install/dsr_msgs2/local/lib/python3.10/dist-packages/dsr_msgs2/srv/_reset_workpiece_weight.py
[166.868s] -- Installing: /home/jack/ros2_ws/install/dsr_msgs2/local/lib/python3.10/dist-packages/dsr_msgs2/srv/_set_safe_stop_reset_type.py
[166.869s] -- Installing: /home/jack/ros2_ws/install/dsr_msgs2/local/lib/python3.10/dist-packages/dsr_msgs2/srv/_align_axis2_s.c
[166.869s] -- Installing: /home/jack/ros2_ws/install/dsr_msgs2/local/lib/python3.10/dist-packages/dsr_msgs2/srv/_get_rt_control_input_data_list_s.c
[166.869s] -- Installing: /home/jack/ros2_ws/install/dsr_msgs2/local/lib/python3.10/dist-packages/dsr_msgs2/srv/_get_current_rotm_s.c
[166.869s] -- Installing: /home/jack/ros2_ws/install/dsr_msgs2/local/lib/python3.10/dist-packages/dsr_msgs2/srv/_get_control_mode.py
[166.870s] -- Installing: /home/jack/ros2_ws/install/dsr_msgs2/local/lib/python3.10/dist-packages/dsr_msgs2/srv/_set_ctrl_box_analog_output_type.py
[166.870s] -- Installing: /home/jack/ros2_ws/install/dsr_msgs2/local/lib/python3.10/dist-packages/dsr_msgs2/srv/_set_ctrl_box_analog_output_type_s.c
[166.870s] -- Installing: /home/jack/ros2_ws/install/dsr_msgs2/local/lib/python3.10/dist-packages/dsr_msgs2/srv/_set_current_tcp.py
[166.870s] -- Installing: /home/jack/ros2_ws/install/dsr_msgs2/local/lib/python3.10/dist-packages/dsr_msgs2/srv/_release_force_s.c
[166.870s] -- Installing: /home/jack/ros2_ws/install/dsr_msgs2/local/lib/python3.10/dist-packages/dsr_msgs2/srv/_get_joint_torque_s.c
[166.871s] -- Installing: /home/jack/ros2_ws/install/dsr_msgs2/local/lib/python3.10/dist-packages/dsr_msgs2/srv/_check_position_condition_s.c
[166.871s] -- Installing: /home/jack/ros2_ws/install/dsr_msgs2/local/lib/python3.10/dist-packages/dsr_msgs2/srv/_move_circle_s.c
[166.871s] -- Installing: /home/jack/ros2_ws/install/dsr_msgs2/local/lib/python3.10/dist-packages/dsr_msgs2/srv/_set_robot_system.py
[166.872s] -- Installing: /home/jack/ros2_ws/install/dsr_msgs2/local/lib/python3.10/dist-packages/dsr_msgs2/srv/_get_tool_digital_input.py
[166.872s] -- Installing: /home/jack/ros2_ws/install/dsr_msgs2/local/lib/python3.10/dist-packages/dsr_msgs2/srv/_check_orientation_condition1_s.c
[166.872s] -- Installing: /home/jack/ros2_ws/install/dsr_msgs2/local/lib/python3.10/dist-packages/dsr_msgs2/srv/_calc_coord.py
[166.872s] -- Installing: /home/jack/ros2_ws/install/dsr_msgs2/local/lib/python3.10/dist-packages/dsr_msgs2/srv/_write_data_rt.py
[166.872s] -- Installing: /home/jack/ros2_ws/install/dsr_msgs2/local/lib/python3.10/dist-packages/dsr_msgs2/srv/_drl_start.py
[166.872s] -- Installing: /home/jack/ros2_ws/install/dsr_msgs2/local/lib/python3.10/dist-packages/dsr_msgs2/srv/_config_delete_tcp_s.c
[166.872s] -- Installing: /home/jack/ros2_ws/install/dsr_msgs2/local/lib/python3.10/dist-packages/dsr_msgs2/srv/_align_axis2.py
[166.872s] -- Installing: /home/jack/ros2_ws/install/dsr_msgs2/local/lib/python3.10/dist-packages/dsr_msgs2/srv/_change_collision_sensitivity_s.c
[166.873s] -- Installing: /home/jack/ros2_ws/install/dsr_msgs2/local/lib/python3.10/dist-packages/dsr_msgs2/srv/_drl_pause_s.c
[166.873s] -- Installing: /home/jack/ros2_ws/install/dsr_msgs2/local/lib/python3.10/dist-packages/dsr_msgs2/srv/_get_control_space.py
[166.873s] -- Installing: /home/jack/ros2_ws/install/dsr_msgs2/local/lib/python3.10/dist-packages/dsr_msgs2/srv/_set_robot_control.py
[166.873s] -- Installing: /home/jack/ros2_ws/install/dsr_msgs2/local/lib/python3.10/dist-packages/dsr_msgs2/srv/_move_blending_s.c
[166.874s] -- Installing: /home/jack/ros2_ws/install/dsr_msgs2/local/lib/python3.10/dist-packages/dsr_msgs2/srv/_set_ctrl_box_digital_output.py
[166.874s] -- Installing: /home/jack/ros2_ws/install/dsr_msgs2/local/lib/python3.10/dist-packages/dsr_msgs2/srv/_set_tool_digital_output.py
[166.874s] -- Installing: /home/jack/ros2_ws/install/dsr_msgs2/local/lib/python3.10/dist-packages/dsr_msgs2/srv/_set_ctrl_box_analog_output_s.c
[166.874s] -- Installing: /home/jack/ros2_ws/install/dsr_msgs2/local/lib/python3.10/dist-packages/dsr_msgs2/srv/_get_external_torque.py
[166.874s] -- Installing: /home/jack/ros2_ws/install/dsr_msgs2/local/lib/python3.10/dist-packages/dsr_msgs2/srv/_fkin.py
[166.874s] -- Installing: /home/jack/ros2_ws/install/dsr_msgs2/local/lib/python3.10/dist-packages/dsr_msgs2/srv/_move_resume.py
[166.874s] -- Installing: /home/jack/ros2_ws/install/dsr_msgs2/local/lib/python3.10/dist-packages/dsr_msgs2/srv/_config_delete_tool.py
[166.875s] -- Installing: /home/jack/ros2_ws/install/dsr_msgs2/local/lib/python3.10/dist-packages/dsr_msgs2/srv/_get_ctrl_box_digital_input_s.c
[166.875s] -- Installing: /home/jack/ros2_ws/install/dsr_msgs2/local/lib/python3.10/dist-packages/dsr_msgs2/srv/_move_joint.py
[166.875s] -- Installing: /home/jack/ros2_ws/install/dsr_msgs2/local/lib/python3.10/dist-packages/dsr_msgs2/srv/_get_control_space_s.c
[166.875s] -- Installing: /home/jack/ros2_ws/install/dsr_msgs2/local/lib/python3.10/dist-packages/dsr_msgs2/srv/_move_wait.py
[166.875s] -- Installing: /home/jack/ros2_ws/install/dsr_msgs2/local/lib/python3.10/dist-packages/dsr_msgs2/srv/_reset_workpiece_weight_s.c
[166.875s] -- Installing: /home/jack/ros2_ws/install/dsr_msgs2/local/lib/python3.10/dist-packages/dsr_msgs2/srv/_set_rt_control_output.py
[166.875s] -- Installing: /home/jack/ros2_ws/install/dsr_msgs2/local/lib/python3.10/dist-packages/dsr_msgs2/srv/_get_desired_velj.py
[166.875s] -- Installing: /home/jack/ros2_ws/install/dsr_msgs2/local/lib/python3.10/dist-packages/dsr_msgs2/srv/_stop_rt_control_s.c
[166.876s] -- Installing: /home/jack/ros2_ws/install/dsr_msgs2/local/lib/python3.10/dist-packages/dsr_msgs2/srv/_get_drl_state.py
[166.876s] -- Installing: /home/jack/ros2_ws/install/dsr_msgs2/local/lib/python3.10/dist-packages/dsr_msgs2/srv/_set_user_cart_coord2_s.c
[166.876s] -- Installing: /home/jack/ros2_ws/install/dsr_msgs2/local/lib/python3.10/dist-packages/dsr_msgs2/srv/_get_orientation_error_s.c
[166.876s] -- Installing: /home/jack/ros2_ws/install/dsr_msgs2/local/lib/python3.10/dist-packages/dsr_msgs2/srv/_config_create_tcp.py
[166.876s] -- Installing: /home/jack/ros2_ws/install/dsr_msgs2/local/lib/python3.10/dist-packages/dsr_msgs2/srv/_disable_alter_motion.py
[166.877s] -- Installing: /home/jack/ros2_ws/install/dsr_msgs2/local/lib/python3.10/dist-packages/dsr_msgs2/srv/_set_accx_rt.py
[166.877s] -- Installing: /home/jack/ros2_ws/install/dsr_msgs2/local/lib/python3.10/dist-packages/dsr_msgs2/srv/_jog_s.c
[166.877s] -- Installing: /home/jack/ros2_ws/install/dsr_msgs2/local/lib/python3.10/dist-packages/dsr_msgs2/srv/_config_delete_modbus_s.c
[166.877s] -- Installing: /home/jack/ros2_ws/install/dsr_msgs2/local/lib/python3.10/dist-packages/dsr_msgs2/srv/_check_orientation_condition1.py
[166.877s] -- Installing: /home/jack/ros2_ws/install/dsr_msgs2/local/lib/python3.10/dist-packages/dsr_msgs2/srv/_disable_alter_motion_s.c
[166.878s] -- Installing: /home/jack/ros2_ws/install/dsr_msgs2/local/lib/python3.10/dist-packages/dsr_msgs2/srv/_drl_start_s.c
[166.878s] -- Installing: /home/jack/ros2_ws/install/dsr_msgs2/local/lib/python3.10/dist-packages/dsr_msgs2/srv/_robotiq2_f_close_s.c
[166.878s] -- Installing: /home/jack/ros2_ws/install/dsr_msgs2/local/lib/python3.10/dist-packages/dsr_msgs2/srv/_parallel_axis2.py
[166.878s] -- Installing: /home/jack/ros2_ws/install/dsr_msgs2/local/lib/python3.10/dist-packages/dsr_msgs2/srv/_get_current_solution_space_s.c
[166.878s] -- Installing: /home/jack/ros2_ws/install/dsr_msgs2/local/lib/python3.10/dist-packages/dsr_msgs2/srv/_set_user_cart_coord3.py
[166.878s] -- Installing: /home/jack/ros2_ws/install/dsr_msgs2/local/lib/python3.10/dist-packages/dsr_msgs2/srv/_get_last_alarm.py
[166.879s] -- Installing: /home/jack/ros2_ws/install/dsr_msgs2/local/lib/python3.10/dist-packages/dsr_msgs2/srv/_is_done_bolt_tightening_s.c
[166.879s] -- Installing: /home/jack/ros2_ws/install/dsr_msgs2/local/lib/python3.10/dist-packages/dsr_msgs2/srv/_get_tool_digital_input_s.c
[166.879s] -- Installing: /home/jack/ros2_ws/install/dsr_msgs2/local/lib/python3.10/dist-packages/dsr_msgs2/srv/_get_robot_speed_mode.py
[166.879s] -- Installing: /home/jack/ros2_ws/install/dsr_msgs2/local/lib/python3.10/dist-packages/dsr_msgs2/srv/_get_current_tcp.py
[166.879s] -- Installing: /home/jack/ros2_ws/install/dsr_msgs2/local/lib/python3.10/dist-packages/dsr_msgs2/srv/_drl_stop.py
[166.879s] -- Installing: /home/jack/ros2_ws/install/dsr_msgs2/local/lib/python3.10/dist-packages/dsr_msgs2/srv/_get_tool_digital_output_s.c
[166.880s] -- Installing: /home/jack/ros2_ws/install/dsr_msgs2/local/lib/python3.10/dist-packages/dsr_msgs2/srv/_get_robot_system_s.c
[166.881s] -- Installing: /home/jack/ros2_ws/install/dsr_msgs2/local/lib/python3.10/dist-packages/dsr_msgs2/srv/_set_rt_control_input_s.c
[166.881s] -- Installing: /home/jack/ros2_ws/install/dsr_msgs2/local/lib/python3.10/dist-packages/dsr_msgs2/srv/_check_orientation_condition2.py
[166.881s] -- Installing: /home/jack/ros2_ws/install/dsr_msgs2/local/lib/python3.10/dist-packages/dsr_msgs2/srv/_move_wait_s.c
[166.882s] -- Installing: /home/jack/ros2_ws/install/dsr_msgs2/local/lib/python3.10/dist-packages/dsr_msgs2/srv/_jog.py
[166.882s] -- Installing: /home/jack/ros2_ws/install/dsr_msgs2/local/lib/python3.10/dist-packages/dsr_msgs2/srv/_move_pause.py
[166.882s] -- Installing: /home/jack/ros2_ws/install/dsr_msgs2/local/lib/python3.10/dist-packages/dsr_msgs2/srv/_check_orientation_condition2_s.c
[166.882s] -- Installing: /home/jack/ros2_ws/install/dsr_msgs2/local/lib/python3.10/dist-packages/dsr_msgs2/srv/_move_spline_joint.py
[166.882s] -- Installing: /home/jack/ros2_ws/install/dsr_msgs2/local/lib/python3.10/dist-packages/dsr_msgs2/srv/_stop_rt_control.py
[166.882s] -- Installing: /home/jack/ros2_ws/install/dsr_msgs2/local/lib/python3.10/dist-packages/dsr_msgs2/srv/_move_spline_task_s.c
[166.885s] -- Installing: /home/jack/ros2_ws/install/dsr_msgs2/local/lib/python3.10/dist-packages/dsr_msgs2/srv/_read_data_rt_s.c
[166.885s] -- Installing: /home/jack/ros2_ws/install/dsr_msgs2/local/lib/python3.10/dist-packages/dsr_msgs2/srv/_set_velx_rt.py
[166.885s] -- Installing: /home/jack/ros2_ws/install/dsr_msgs2/local/lib/python3.10/dist-packages/dsr_msgs2/srv/_set_current_tool_s.c
[166.885s] -- Installing: /home/jack/ros2_ws/install/dsr_msgs2/local/lib/python3.10/dist-packages/dsr_msgs2/srv/_config_delete_modbus.py
[166.886s] -- Installing: /home/jack/ros2_ws/install/dsr_msgs2/local/lib/python3.10/dist-packages/dsr_msgs2/_dsr_msgs2_s.ep.rosidl_typesupport_fastrtps_c.c
[166.886s] -- Installing: /home/jack/ros2_ws/install/dsr_msgs2/local/lib/python3.10/dist-packages/dsr_msgs2/msg
[166.886s] -- Installing: /home/jack/ros2_ws/install/dsr_msgs2/local/lib/python3.10/dist-packages/dsr_msgs2/msg/_log_alarm_s.c
[166.886s] -- Installing: /home/jack/ros2_ws/install/dsr_msgs2/local/lib/python3.10/dist-packages/dsr_msgs2/msg/_jog_multi_axis_s.c
[166.886s] -- Installing: /home/jack/ros2_ws/install/dsr_msgs2/local/lib/python3.10/dist-packages/dsr_msgs2/msg/_modbus_state.py
[166.886s] -- Installing: /home/jack/ros2_ws/install/dsr_msgs2/local/lib/python3.10/dist-packages/dsr_msgs2/msg/_alter_motion_stream.py
[166.886s] -- Installing: /home/jack/ros2_ws/install/dsr_msgs2/local/lib/python3.10/dist-packages/dsr_msgs2/msg/_speedl_stream_s.c
[166.886s] -- Installing: /home/jack/ros2_ws/install/dsr_msgs2/local/lib/python3.10/dist-packages/dsr_msgs2/msg/_robot_error.py
[166.886s] -- Installing: /home/jack/ros2_ws/install/dsr_msgs2/local/lib/python3.10/dist-packages/dsr_msgs2/msg/_servoj_rt_stream_s.c
[166.887s] -- Installing: /home/jack/ros2_ws/install/dsr_msgs2/local/lib/python3.10/dist-packages/dsr_msgs2/msg/_servoj_stream_s.c
[166.887s] -- Installing: /home/jack/ros2_ws/install/dsr_msgs2/local/lib/python3.10/dist-packages/dsr_msgs2/msg/_robot_error_s.c
[166.887s] -- Installing: /home/jack/ros2_ws/install/dsr_msgs2/local/lib/python3.10/dist-packages/dsr_msgs2/msg/_servol_rt_stream_s.c
[166.887s] -- Installing: /home/jack/ros2_ws/install/dsr_msgs2/local/lib/python3.10/dist-packages/dsr_msgs2/msg/_speedl_rt_stream.py
[166.888s] -- Installing: /home/jack/ros2_ws/install/dsr_msgs2/local/lib/python3.10/dist-packages/dsr_msgs2/msg/_torque_rt_stream.py
[166.888s] -- Installing: /home/jack/ros2_ws/install/dsr_msgs2/local/lib/python3.10/dist-packages/dsr_msgs2/msg/_alter_motion_stream_s.c
[166.888s] -- Installing: /home/jack/ros2_ws/install/dsr_msgs2/local/lib/python3.10/dist-packages/dsr_msgs2/msg/_robot_state_rt_s.c
[166.889s] -- Installing: /home/jack/ros2_ws/install/dsr_msgs2/local/lib/python3.10/dist-packages/dsr_msgs2/msg/_speedl_rt_stream_s.c
[166.889s] -- Installing: /home/jack/ros2_ws/install/dsr_msgs2/local/lib/python3.10/dist-packages/dsr_msgs2/msg/_robot_state_rt.py
[166.889s] -- Installing: /home/jack/ros2_ws/install/dsr_msgs2/local/lib/python3.10/dist-packages/dsr_msgs2/msg/_speedj_rt_stream.py
[166.890s] -- Installing: /home/jack/ros2_ws/install/dsr_msgs2/local/lib/python3.10/dist-packages/dsr_msgs2/msg/_robot_stop.py
[166.890s] -- Installing: /home/jack/ros2_ws/install/dsr_msgs2/local/lib/python3.10/dist-packages/dsr_msgs2/msg/_log_alarm.py
[166.890s] -- Installing: /home/jack/ros2_ws/install/dsr_msgs2/local/lib/python3.10/dist-packages/dsr_msgs2/msg/__init__.py
[166.890s] -- Installing: /home/jack/ros2_ws/install/dsr_msgs2/local/lib/python3.10/dist-packages/dsr_msgs2/msg/_servoj_rt_stream.py
[166.890s] -- Installing: /home/jack/ros2_ws/install/dsr_msgs2/local/lib/python3.10/dist-packages/dsr_msgs2/msg/_servol_stream.py
[166.890s] -- Installing: /home/jack/ros2_ws/install/dsr_msgs2/local/lib/python3.10/dist-packages/dsr_msgs2/msg/_speedj_rt_stream_s.c
[166.890s] -- Installing: /home/jack/ros2_ws/install/dsr_msgs2/local/lib/python3.10/dist-packages/dsr_msgs2/msg/_servoj_stream.py
[166.891s] -- Installing: /home/jack/ros2_ws/install/dsr_msgs2/local/lib/python3.10/dist-packages/dsr_msgs2/msg/_robot_stop_s.c
[166.891s] -- Installing: /home/jack/ros2_ws/install/dsr_msgs2/local/lib/python3.10/dist-packages/dsr_msgs2/msg/_servol_rt_stream.py
[166.891s] -- Installing: /home/jack/ros2_ws/install/dsr_msgs2/local/lib/python3.10/dist-packages/dsr_msgs2/msg/_robot_state_s.c
[166.892s] -- Installing: /home/jack/ros2_ws/install/dsr_msgs2/local/lib/python3.10/dist-packages/dsr_msgs2/msg/_servol_stream_s.c
[166.892s] -- Installing: /home/jack/ros2_ws/install/dsr_msgs2/local/lib/python3.10/dist-packages/dsr_msgs2/msg/_jog_multi_axis.py
[166.892s] -- Installing: /home/jack/ros2_ws/install/dsr_msgs2/local/lib/python3.10/dist-packages/dsr_msgs2/msg/_modbus_state_s.c
[166.893s] -- Installing: /home/jack/ros2_ws/install/dsr_msgs2/local/lib/python3.10/dist-packages/dsr_msgs2/msg/_speedl_stream.py
[166.893s] -- Installing: /home/jack/ros2_ws/install/dsr_msgs2/local/lib/python3.10/dist-packages/dsr_msgs2/msg/_speedj_stream.py
[166.893s] -- Installing: /home/jack/ros2_ws/install/dsr_msgs2/local/lib/python3.10/dist-packages/dsr_msgs2/msg/_robot_state.py
[166.893s] -- Installing: /home/jack/ros2_ws/install/dsr_msgs2/local/lib/python3.10/dist-packages/dsr_msgs2/msg/_speedj_stream_s.c
[166.894s] -- Installing: /home/jack/ros2_ws/install/dsr_msgs2/local/lib/python3.10/dist-packages/dsr_msgs2/msg/_torque_rt_stream_s.c
[166.894s] -- Installing: /home/jack/ros2_ws/install/dsr_msgs2/local/lib/python3.10/dist-packages/dsr_msgs2/libdsr_msgs2__rosidl_generator_py.so
[166.895s] -- Installing: /home/jack/ros2_ws/install/dsr_msgs2/local/lib/python3.10/dist-packages/dsr_msgs2/__init__.py
[166.895s] -- Installing: /home/jack/ros2_ws/install/dsr_msgs2/local/lib/python3.10/dist-packages/dsr_msgs2/dsr_msgs2_s__rosidl_typesupport_fastrtps_c.cpython-310-x86_64-linux-gnu.so
[166.896s] -- Installing: /home/jack/ros2_ws/install/dsr_msgs2/local/lib/python3.10/dist-packages/dsr_msgs2/dsr_msgs2_s__rosidl_typesupport_c.cpython-310-x86_64-linux-gnu.so
[166.897s] -- Installing: /home/jack/ros2_ws/install/dsr_msgs2/local/lib/python3.10/dist-packages/dsr_msgs2/dsr_msgs2_s__rosidl_typesupport_introspection_c.cpython-310-x86_64-linux-gnu.so
[166.898s] -- Installing: /home/jack/ros2_ws/install/dsr_msgs2/local/lib/python3.10/dist-packages/dsr_msgs2/_dsr_msgs2_s.ep.rosidl_typesupport_introspection_c.c
[167.047s] Listing '/home/jack/ros2_ws/install/dsr_msgs2/local/lib/python3.10/dist-packages/dsr_msgs2'...
[167.047s] Compiling '/home/jack/ros2_ws/install/dsr_msgs2/local/lib/python3.10/dist-packages/dsr_msgs2/__init__.py'...
[167.047s] Listing '/home/jack/ros2_ws/install/dsr_msgs2/local/lib/python3.10/dist-packages/dsr_msgs2/msg'...
[167.047s] Compiling '/home/jack/ros2_ws/install/dsr_msgs2/local/lib/python3.10/dist-packages/dsr_msgs2/msg/__init__.py'...
[167.047s] Compiling '/home/jack/ros2_ws/install/dsr_msgs2/local/lib/python3.10/dist-packages/dsr_msgs2/msg/_alter_motion_stream.py'...
[167.047s] Compiling '/home/jack/ros2_ws/install/dsr_msgs2/local/lib/python3.10/dist-packages/dsr_msgs2/msg/_jog_multi_axis.py'...
[167.047s] Compiling '/home/jack/ros2_ws/install/dsr_msgs2/local/lib/python3.10/dist-packages/dsr_msgs2/msg/_log_alarm.py'...
[167.047s] Compiling '/home/jack/ros2_ws/install/dsr_msgs2/local/lib/python3.10/dist-packages/dsr_msgs2/msg/_modbus_state.py'...
[167.047s] Compiling '/home/jack/ros2_ws/install/dsr_msgs2/local/lib/python3.10/dist-packages/dsr_msgs2/msg/_robot_error.py'...
[167.047s] Compiling '/home/jack/ros2_ws/install/dsr_msgs2/local/lib/python3.10/dist-packages/dsr_msgs2/msg/_robot_state.py'...
[167.047s] Compiling '/home/jack/ros2_ws/install/dsr_msgs2/local/lib/python3.10/dist-packages/dsr_msgs2/msg/_robot_state_rt.py'...
[167.047s] Compiling '/home/jack/ros2_ws/install/dsr_msgs2/local/lib/python3.10/dist-packages/dsr_msgs2/msg/_robot_stop.py'...
[167.047s] Compiling '/home/jack/ros2_ws/install/dsr_msgs2/local/lib/python3.10/dist-packages/dsr_msgs2/msg/_servoj_rt_stream.py'...
[167.048s] Compiling '/home/jack/ros2_ws/install/dsr_msgs2/local/lib/python3.10/dist-packages/dsr_msgs2/msg/_servoj_stream.py'...
[167.048s] Compiling '/home/jack/ros2_ws/install/dsr_msgs2/local/lib/python3.10/dist-packages/dsr_msgs2/msg/_servol_rt_stream.py'...
[167.048s] Compiling '/home/jack/ros2_ws/install/dsr_msgs2/local/lib/python3.10/dist-packages/dsr_msgs2/msg/_servol_stream.py'...
[167.048s] Compiling '/home/jack/ros2_ws/install/dsr_msgs2/local/lib/python3.10/dist-packages/dsr_msgs2/msg/_speedj_rt_stream.py'...
[167.048s] Compiling '/home/jack/ros2_ws/install/dsr_msgs2/local/lib/python3.10/dist-packages/dsr_msgs2/msg/_speedj_stream.py'...
[167.048s] Compiling '/home/jack/ros2_ws/install/dsr_msgs2/local/lib/python3.10/dist-packages/dsr_msgs2/msg/_speedl_rt_stream.py'...
[167.048s] Compiling '/home/jack/ros2_ws/install/dsr_msgs2/local/lib/python3.10/dist-packages/dsr_msgs2/msg/_speedl_stream.py'...
[167.048s] Compiling '/home/jack/ros2_ws/install/dsr_msgs2/local/lib/python3.10/dist-packages/dsr_msgs2/msg/_torque_rt_stream.py'...
[167.048s] Listing '/home/jack/ros2_ws/install/dsr_msgs2/local/lib/python3.10/dist-packages/dsr_msgs2/srv'...
[167.048s] Compiling '/home/jack/ros2_ws/install/dsr_msgs2/local/lib/python3.10/dist-packages/dsr_msgs2/srv/__init__.py'...
[167.048s] Compiling '/home/jack/ros2_ws/install/dsr_msgs2/local/lib/python3.10/dist-packages/dsr_msgs2/srv/_align_axis1.py'...
[167.048s] Compiling '/home/jack/ros2_ws/install/dsr_msgs2/local/lib/python3.10/dist-packages/dsr_msgs2/srv/_align_axis2.py'...
[167.048s] Compiling '/home/jack/ros2_ws/install/dsr_msgs2/local/lib/python3.10/dist-packages/dsr_msgs2/srv/_alter_motion.py'...
[167.048s] Compiling '/home/jack/ros2_ws/install/dsr_msgs2/local/lib/python3.10/dist-packages/dsr_msgs2/srv/_calc_coord.py'...
[167.048s] Compiling '/home/jack/ros2_ws/install/dsr_msgs2/local/lib/python3.10/dist-packages/dsr_msgs2/srv/_change_collision_sensitivity.py'...
[167.049s] Compiling '/home/jack/ros2_ws/install/dsr_msgs2/local/lib/python3.10/dist-packages/dsr_msgs2/srv/_change_operation_speed.py'...
[167.049s] Compiling '/home/jack/ros2_ws/install/dsr_msgs2/local/lib/python3.10/dist-packages/dsr_msgs2/srv/_check_force_condition.py'...
[167.049s] Compiling '/home/jack/ros2_ws/install/dsr_msgs2/local/lib/python3.10/dist-packages/dsr_msgs2/srv/_check_motion.py'...
[167.049s] Compiling '/home/jack/ros2_ws/install/dsr_msgs2/local/lib/python3.10/dist-packages/dsr_msgs2/srv/_check_orientation_condition1.py'...
[167.049s] Compiling '/home/jack/ros2_ws/install/dsr_msgs2/local/lib/python3.10/dist-packages/dsr_msgs2/srv/_check_orientation_condition2.py'...
[167.049s] Compiling '/home/jack/ros2_ws/install/dsr_msgs2/local/lib/python3.10/dist-packages/dsr_msgs2/srv/_check_position_condition.py'...
[167.049s] Compiling '/home/jack/ros2_ws/install/dsr_msgs2/local/lib/python3.10/dist-packages/dsr_msgs2/srv/_config_create_modbus.py'...
[167.049s] Compiling '/home/jack/ros2_ws/install/dsr_msgs2/local/lib/python3.10/dist-packages/dsr_msgs2/srv/_config_create_tcp.py'...
[167.049s] Compiling '/home/jack/ros2_ws/install/dsr_msgs2/local/lib/python3.10/dist-packages/dsr_msgs2/srv/_config_create_tool.py'...
[167.049s] Compiling '/home/jack/ros2_ws/install/dsr_msgs2/local/lib/python3.10/dist-packages/dsr_msgs2/srv/_config_delete_modbus.py'...
[167.049s] Compiling '/home/jack/ros2_ws/install/dsr_msgs2/local/lib/python3.10/dist-packages/dsr_msgs2/srv/_config_delete_tcp.py'...
[167.049s] Compiling '/home/jack/ros2_ws/install/dsr_msgs2/local/lib/python3.10/dist-packages/dsr_msgs2/srv/_config_delete_tool.py'...
[167.049s] Compiling '/home/jack/ros2_ws/install/dsr_msgs2/local/lib/python3.10/dist-packages/dsr_msgs2/srv/_connect_rt_control.py'...
[167.049s] Compiling '/home/jack/ros2_ws/install/dsr_msgs2/local/lib/python3.10/dist-packages/dsr_msgs2/srv/_coord_transform.py'...
[167.049s] Compiling '/home/jack/ros2_ws/install/dsr_msgs2/local/lib/python3.10/dist-packages/dsr_msgs2/srv/_disable_alter_motion.py'...
[167.049s] Compiling '/home/jack/ros2_ws/install/dsr_msgs2/local/lib/python3.10/dist-packages/dsr_msgs2/srv/_disconnect_rt_control.py'...
[167.049s] Compiling '/home/jack/ros2_ws/install/dsr_msgs2/local/lib/python3.10/dist-packages/dsr_msgs2/srv/_drl_pause.py'...
[167.050s] Compiling '/home/jack/ros2_ws/install/dsr_msgs2/local/lib/python3.10/dist-packages/dsr_msgs2/srv/_drl_resume.py'...
[167.050s] Compiling '/home/jack/ros2_ws/install/dsr_msgs2/local/lib/python3.10/dist-packages/dsr_msgs2/srv/_drl_start.py'...
[167.050s] Compiling '/home/jack/ros2_ws/install/dsr_msgs2/local/lib/python3.10/dist-packages/dsr_msgs2/srv/_drl_stop.py'...
[167.050s] Compiling '/home/jack/ros2_ws/install/dsr_msgs2/local/lib/python3.10/dist-packages/dsr_msgs2/srv/_enable_alter_motion.py'...
[167.050s] Compiling '/home/jack/ros2_ws/install/dsr_msgs2/local/lib/python3.10/dist-packages/dsr_msgs2/srv/_fkin.py'...
[167.050s] Compiling '/home/jack/ros2_ws/install/dsr_msgs2/local/lib/python3.10/dist-packages/dsr_msgs2/srv/_get_control_mode.py'...
[167.050s] Compiling '/home/jack/ros2_ws/install/dsr_msgs2/local/lib/python3.10/dist-packages/dsr_msgs2/srv/_get_control_space.py'...
[167.050s] Compiling '/home/jack/ros2_ws/install/dsr_msgs2/local/lib/python3.10/dist-packages/dsr_msgs2/srv/_get_ctrl_box_analog_input.py'...
[167.050s] Compiling '/home/jack/ros2_ws/install/dsr_msgs2/local/lib/python3.10/dist-packages/dsr_msgs2/srv/_get_ctrl_box_digital_input.py'...
[167.050s] Compiling '/home/jack/ros2_ws/install/dsr_msgs2/local/lib/python3.10/dist-packages/dsr_msgs2/srv/_get_ctrl_box_digital_output.py'...
[167.050s] Compiling '/home/jack/ros2_ws/install/dsr_msgs2/local/lib/python3.10/dist-packages/dsr_msgs2/srv/_get_current_pose.py'...
[167.050s] Compiling '/home/jack/ros2_ws/install/dsr_msgs2/local/lib/python3.10/dist-packages/dsr_msgs2/srv/_get_current_posj.py'...
[167.050s] Compiling '/home/jack/ros2_ws/install/dsr_msgs2/local/lib/python3.10/dist-packages/dsr_msgs2/srv/_get_current_posx.py'...
[167.050s] Compiling '/home/jack/ros2_ws/install/dsr_msgs2/local/lib/python3.10/dist-packages/dsr_msgs2/srv/_get_current_rotm.py'...
[167.051s] Compiling '/home/jack/ros2_ws/install/dsr_msgs2/local/lib/python3.10/dist-packages/dsr_msgs2/srv/_get_current_solution_space.py'...
[167.051s] Compiling '/home/jack/ros2_ws/install/dsr_msgs2/local/lib/python3.10/dist-packages/dsr_msgs2/srv/_get_current_tcp.py'...
[167.051s] Compiling '/home/jack/ros2_ws/install/dsr_msgs2/local/lib/python3.10/dist-packages/dsr_msgs2/srv/_get_current_tool.py'...
[167.051s] Compiling '/home/jack/ros2_ws/install/dsr_msgs2/local/lib/python3.10/dist-packages/dsr_msgs2/srv/_get_current_tool_flange_posx.py'...
[167.051s] Compiling '/home/jack/ros2_ws/install/dsr_msgs2/local/lib/python3.10/dist-packages/dsr_msgs2/srv/_get_current_velj.py'...
[167.051s] Compiling '/home/jack/ros2_ws/install/dsr_msgs2/local/lib/python3.10/dist-packages/dsr_msgs2/srv/_get_current_velx.py'...
[167.051s] Compiling '/home/jack/ros2_ws/install/dsr_msgs2/local/lib/python3.10/dist-packages/dsr_msgs2/srv/_get_desired_posj.py'...
[167.051s] Compiling '/home/jack/ros2_ws/install/dsr_msgs2/local/lib/python3.10/dist-packages/dsr_msgs2/srv/_get_desired_posx.py'...
[167.158s] Compiling '/home/jack/ros2_ws/install/dsr_msgs2/local/lib/python3.10/dist-packages/dsr_msgs2/srv/_get_desired_velj.py'...
[167.158s] Compiling '/home/jack/ros2_ws/install/dsr_msgs2/local/lib/python3.10/dist-packages/dsr_msgs2/srv/_get_desired_velx.py'...
[167.158s] Compiling '/home/jack/ros2_ws/install/dsr_msgs2/local/lib/python3.10/dist-packages/dsr_msgs2/srv/_get_drl_state.py'...
[167.158s] Compiling '/home/jack/ros2_ws/install/dsr_msgs2/local/lib/python3.10/dist-packages/dsr_msgs2/srv/_get_external_torque.py'...
[167.158s] Compiling '/home/jack/ros2_ws/install/dsr_msgs2/local/lib/python3.10/dist-packages/dsr_msgs2/srv/_get_joint_torque.py'...
[167.158s] Compiling '/home/jack/ros2_ws/install/dsr_msgs2/local/lib/python3.10/dist-packages/dsr_msgs2/srv/_get_last_alarm.py'...
[167.158s] Compiling '/home/jack/ros2_ws/install/dsr_msgs2/local/lib/python3.10/dist-packages/dsr_msgs2/srv/_get_modbus_input.py'...
[167.158s] Compiling '/home/jack/ros2_ws/install/dsr_msgs2/local/lib/python3.10/dist-packages/dsr_msgs2/srv/_get_orientation_error.py'...
[167.158s] Compiling '/home/jack/ros2_ws/install/dsr_msgs2/local/lib/python3.10/dist-packages/dsr_msgs2/srv/_get_robot_mode.py'...
[167.158s] Compiling '/home/jack/ros2_ws/install/dsr_msgs2/local/lib/python3.10/dist-packages/dsr_msgs2/srv/_get_robot_speed_mode.py'...
[167.158s] Compiling '/home/jack/ros2_ws/install/dsr_msgs2/local/lib/python3.10/dist-packages/dsr_msgs2/srv/_get_robot_state.py'...
[167.158s] Compiling '/home/jack/ros2_ws/install/dsr_msgs2/local/lib/python3.10/dist-packages/dsr_msgs2/srv/_get_robot_system.py'...
[167.158s] Compiling '/home/jack/ros2_ws/install/dsr_msgs2/local/lib/python3.10/dist-packages/dsr_msgs2/srv/_get_rt_control_input_data_list.py'...
[167.158s] Compiling '/home/jack/ros2_ws/install/dsr_msgs2/local/lib/python3.10/dist-packages/dsr_msgs2/srv/_get_rt_control_input_version_list.py'...
[167.158s] Compiling '/home/jack/ros2_ws/install/dsr_msgs2/local/lib/python3.10/dist-packages/dsr_msgs2/srv/_get_rt_control_output_data_list.py'...
[167.158s] Compiling '/home/jack/ros2_ws/install/dsr_msgs2/local/lib/python3.10/dist-packages/dsr_msgs2/srv/_get_rt_control_output_version_list.py'...
[167.158s] Compiling '/home/jack/ros2_ws/install/dsr_msgs2/local/lib/python3.10/dist-packages/dsr_msgs2/srv/_get_solution_space.py'...
[167.158s] Compiling '/home/jack/ros2_ws/install/dsr_msgs2/local/lib/python3.10/dist-packages/dsr_msgs2/srv/_get_tool_digital_input.py'...
[167.158s] Compiling '/home/jack/ros2_ws/install/dsr_msgs2/local/lib/python3.10/dist-packages/dsr_msgs2/srv/_get_tool_digital_output.py'...
[167.158s] Compiling '/home/jack/ros2_ws/install/dsr_msgs2/local/lib/python3.10/dist-packages/dsr_msgs2/srv/_get_tool_force.py'...
[167.158s] Compiling '/home/jack/ros2_ws/install/dsr_msgs2/local/lib/python3.10/dist-packages/dsr_msgs2/srv/_get_user_cart_coord.py'...
[167.158s] Compiling '/home/jack/ros2_ws/install/dsr_msgs2/local/lib/python3.10/dist-packages/dsr_msgs2/srv/_get_workpiece_weight.py'...
[167.158s] Compiling '/home/jack/ros2_ws/install/dsr_msgs2/local/lib/python3.10/dist-packages/dsr_msgs2/srv/_ikin.py'...
[167.158s] Compiling '/home/jack/ros2_ws/install/dsr_msgs2/local/lib/python3.10/dist-packages/dsr_msgs2/srv/_is_done_bolt_tightening.py'...
[167.159s] Compiling '/home/jack/ros2_ws/install/dsr_msgs2/local/lib/python3.10/dist-packages/dsr_msgs2/srv/_jog.py'...
[167.159s] Compiling '/home/jack/ros2_ws/install/dsr_msgs2/local/lib/python3.10/dist-packages/dsr_msgs2/srv/_jog_multi.py'...
[167.159s] Compiling '/home/jack/ros2_ws/install/dsr_msgs2/local/lib/python3.10/dist-packages/dsr_msgs2/srv/_move_blending.py'...
[167.159s] Compiling '/home/jack/ros2_ws/install/dsr_msgs2/local/lib/python3.10/dist-packages/dsr_msgs2/srv/_move_circle.py'...
[167.159s] Compiling '/home/jack/ros2_ws/install/dsr_msgs2/local/lib/python3.10/dist-packages/dsr_msgs2/srv/_move_home.py'...
[167.159s] Compiling '/home/jack/ros2_ws/install/dsr_msgs2/local/lib/python3.10/dist-packages/dsr_msgs2/srv/_move_joint.py'...
[167.159s] Compiling '/home/jack/ros2_ws/install/dsr_msgs2/local/lib/python3.10/dist-packages/dsr_msgs2/srv/_move_jointx.py'...
[167.159s] Compiling '/home/jack/ros2_ws/install/dsr_msgs2/local/lib/python3.10/dist-packages/dsr_msgs2/srv/_move_line.py'...
[167.159s] Compiling '/home/jack/ros2_ws/install/dsr_msgs2/local/lib/python3.10/dist-packages/dsr_msgs2/srv/_move_pause.py'...
[167.159s] Compiling '/home/jack/ros2_ws/install/dsr_msgs2/local/lib/python3.10/dist-packages/dsr_msgs2/srv/_move_periodic.py'...
[167.159s] Compiling '/home/jack/ros2_ws/install/dsr_msgs2/local/lib/python3.10/dist-packages/dsr_msgs2/srv/_move_resume.py'...
[167.159s] Compiling '/home/jack/ros2_ws/install/dsr_msgs2/local/lib/python3.10/dist-packages/dsr_msgs2/srv/_move_spiral.py'...
[167.159s] Compiling '/home/jack/ros2_ws/install/dsr_msgs2/local/lib/python3.10/dist-packages/dsr_msgs2/srv/_move_spline_joint.py'...
[167.159s] Compiling '/home/jack/ros2_ws/install/dsr_msgs2/local/lib/python3.10/dist-packages/dsr_msgs2/srv/_move_spline_task.py'...
[167.159s] Compiling '/home/jack/ros2_ws/install/dsr_msgs2/local/lib/python3.10/dist-packages/dsr_msgs2/srv/_move_stop.py'...
[167.159s] Compiling '/home/jack/ros2_ws/install/dsr_msgs2/local/lib/python3.10/dist-packages/dsr_msgs2/srv/_move_wait.py'...
[167.159s] Compiling '/home/jack/ros2_ws/install/dsr_msgs2/local/lib/python3.10/dist-packages/dsr_msgs2/srv/_overwrite_user_cart_coord.py'...
[167.159s] Compiling '/home/jack/ros2_ws/install/dsr_msgs2/local/lib/python3.10/dist-packages/dsr_msgs2/srv/_parallel_axis1.py'...
[167.159s] Compiling '/home/jack/ros2_ws/install/dsr_msgs2/local/lib/python3.10/dist-packages/dsr_msgs2/srv/_parallel_axis2.py'...
[167.159s] Compiling '/home/jack/ros2_ws/install/dsr_msgs2/local/lib/python3.10/dist-packages/dsr_msgs2/srv/_read_data_rt.py'...
[167.159s] Compiling '/home/jack/ros2_ws/install/dsr_msgs2/local/lib/python3.10/dist-packages/dsr_msgs2/srv/_release_compliance_ctrl.py'...
[167.159s] Compiling '/home/jack/ros2_ws/install/dsr_msgs2/local/lib/python3.10/dist-packages/dsr_msgs2/srv/_release_force.py'...
[167.159s] Compiling '/home/jack/ros2_ws/install/dsr_msgs2/local/lib/python3.10/dist-packages/dsr_msgs2/srv/_reset_workpiece_weight.py'...
[167.160s] Compiling '/home/jack/ros2_ws/install/dsr_msgs2/local/lib/python3.10/dist-packages/dsr_msgs2/srv/_robotiq2_f_close.py'...
[167.160s] Compiling '/home/jack/ros2_ws/install/dsr_msgs2/local/lib/python3.10/dist-packages/dsr_msgs2/srv/_robotiq2_f_move.py'...
[167.160s] Compiling '/home/jack/ros2_ws/install/dsr_msgs2/local/lib/python3.10/dist-packages/dsr_msgs2/srv/_robotiq2_f_open.py'...
[167.160s] Compiling '/home/jack/ros2_ws/install/dsr_msgs2/local/lib/python3.10/dist-packages/dsr_msgs2/srv/_serial_send_data.py'...
[167.160s] Compiling '/home/jack/ros2_ws/install/dsr_msgs2/local/lib/python3.10/dist-packages/dsr_msgs2/srv/_servo_off.py'...
[167.160s] Compiling '/home/jack/ros2_ws/install/dsr_msgs2/local/lib/python3.10/dist-packages/dsr_msgs2/srv/_set_accj_rt.py'...
[167.160s] Compiling '/home/jack/ros2_ws/install/dsr_msgs2/local/lib/python3.10/dist-packages/dsr_msgs2/srv/_set_accx_rt.py'...
[167.160s] Compiling '/home/jack/ros2_ws/install/dsr_msgs2/local/lib/python3.10/dist-packages/dsr_msgs2/srv/_set_ctrl_box_analog_input_type.py'...
[167.160s] Compiling '/home/jack/ros2_ws/install/dsr_msgs2/local/lib/python3.10/dist-packages/dsr_msgs2/srv/_set_ctrl_box_analog_output.py'...
[167.160s] Compiling '/home/jack/ros2_ws/install/dsr_msgs2/local/lib/python3.10/dist-packages/dsr_msgs2/srv/_set_ctrl_box_analog_output_type.py'...
[167.160s] Compiling '/home/jack/ros2_ws/install/dsr_msgs2/local/lib/python3.10/dist-packages/dsr_msgs2/srv/_set_ctrl_box_digital_output.py'...
[167.160s] Compiling '/home/jack/ros2_ws/install/dsr_msgs2/local/lib/python3.10/dist-packages/dsr_msgs2/srv/_set_current_tcp.py'...
[167.160s] Compiling '/home/jack/ros2_ws/install/dsr_msgs2/local/lib/python3.10/dist-packages/dsr_msgs2/srv/_set_current_tool.py'...
[167.160s] Compiling '/home/jack/ros2_ws/install/dsr_msgs2/local/lib/python3.10/dist-packages/dsr_msgs2/srv/_set_desired_force.py'...
[167.161s] Compiling '/home/jack/ros2_ws/install/dsr_msgs2/local/lib/python3.10/dist-packages/dsr_msgs2/srv/_set_modbus_output.py'...
[167.161s] Compiling '/home/jack/ros2_ws/install/dsr_msgs2/local/lib/python3.10/dist-packages/dsr_msgs2/srv/_set_ref_coord.py'...
[167.161s] Compiling '/home/jack/ros2_ws/install/dsr_msgs2/local/lib/python3.10/dist-packages/dsr_msgs2/srv/_set_robot_control.py'...
[167.161s] Compiling '/home/jack/ros2_ws/install/dsr_msgs2/local/lib/python3.10/dist-packages/dsr_msgs2/srv/_set_robot_mode.py'...
[167.161s] Compiling '/home/jack/ros2_ws/install/dsr_msgs2/local/lib/python3.10/dist-packages/dsr_msgs2/srv/_set_robot_speed_mode.py'...
[167.195s] Compiling '/home/jack/ros2_ws/install/dsr_msgs2/local/lib/python3.10/dist-packages/dsr_msgs2/srv/_set_robot_system.py'...
[167.195s] Compiling '/home/jack/ros2_ws/install/dsr_msgs2/local/lib/python3.10/dist-packages/dsr_msgs2/srv/_set_rt_control_input.py'...
[167.195s] Compiling '/home/jack/ros2_ws/install/dsr_msgs2/local/lib/python3.10/dist-packages/dsr_msgs2/srv/_set_rt_control_output.py'...
[167.196s] Compiling '/home/jack/ros2_ws/install/dsr_msgs2/local/lib/python3.10/dist-packages/dsr_msgs2/srv/_set_safe_stop_reset_type.py'...
[167.196s] Compiling '/home/jack/ros2_ws/install/dsr_msgs2/local/lib/python3.10/dist-packages/dsr_msgs2/srv/_set_safety_mode.py'...
[167.196s] Compiling '/home/jack/ros2_ws/install/dsr_msgs2/local/lib/python3.10/dist-packages/dsr_msgs2/srv/_set_singularity_handling.py'...
[167.196s] Compiling '/home/jack/ros2_ws/install/dsr_msgs2/local/lib/python3.10/dist-packages/dsr_msgs2/srv/_set_stiffnessx.py'...
[167.196s] Compiling '/home/jack/ros2_ws/install/dsr_msgs2/local/lib/python3.10/dist-packages/dsr_msgs2/srv/_set_tool_digital_output.py'...
[167.196s] Compiling '/home/jack/ros2_ws/install/dsr_msgs2/local/lib/python3.10/dist-packages/dsr_msgs2/srv/_set_tool_shape.py'...
[167.196s] Compiling '/home/jack/ros2_ws/install/dsr_msgs2/local/lib/python3.10/dist-packages/dsr_msgs2/srv/_set_user_cart_coord1.py'...
[167.196s] Compiling '/home/jack/ros2_ws/install/dsr_msgs2/local/lib/python3.10/dist-packages/dsr_msgs2/srv/_set_user_cart_coord2.py'...
[167.196s] Compiling '/home/jack/ros2_ws/install/dsr_msgs2/local/lib/python3.10/dist-packages/dsr_msgs2/srv/_set_user_cart_coord3.py'...
[167.196s] Compiling '/home/jack/ros2_ws/install/dsr_msgs2/local/lib/python3.10/dist-packages/dsr_msgs2/srv/_set_velj_rt.py'...
[167.196s] Compiling '/home/jack/ros2_ws/install/dsr_msgs2/local/lib/python3.10/dist-packages/dsr_msgs2/srv/_set_velx_rt.py'...
[167.196s] Compiling '/home/jack/ros2_ws/install/dsr_msgs2/local/lib/python3.10/dist-packages/dsr_msgs2/srv/_start_rt_control.py'...
[167.196s] Compiling '/home/jack/ros2_ws/install/dsr_msgs2/local/lib/python3.10/dist-packages/dsr_msgs2/srv/_stop_rt_control.py'...
[167.196s] Compiling '/home/jack/ros2_ws/install/dsr_msgs2/local/lib/python3.10/dist-packages/dsr_msgs2/srv/_task_compliance_ctrl.py'...
[167.196s] Compiling '/home/jack/ros2_ws/install/dsr_msgs2/local/lib/python3.10/dist-packages/dsr_msgs2/srv/_trans.py'...
[167.196s] Compiling '/home/jack/ros2_ws/install/dsr_msgs2/local/lib/python3.10/dist-packages/dsr_msgs2/srv/_write_data_rt.py'...
[167.202s] -- Installing: /home/jack/ros2_ws/install/dsr_msgs2/local/lib/python3.10/dist-packages/dsr_msgs2/dsr_msgs2_s__rosidl_typesupport_fastrtps_c.cpython-310-x86_64-linux-gnu.so
[167.203s] -- Set runtime path of "/home/jack/ros2_ws/install/dsr_msgs2/local/lib/python3.10/dist-packages/dsr_msgs2/dsr_msgs2_s__rosidl_typesupport_fastrtps_c.cpython-310-x86_64-linux-gnu.so" to ""
[167.203s] -- Installing: /home/jack/ros2_ws/install/dsr_msgs2/local/lib/python3.10/dist-packages/dsr_msgs2/dsr_msgs2_s__rosidl_typesupport_introspection_c.cpython-310-x86_64-linux-gnu.so
[167.205s] -- Set runtime path of "/home/jack/ros2_ws/install/dsr_msgs2/local/lib/python3.10/dist-packages/dsr_msgs2/dsr_msgs2_s__rosidl_typesupport_introspection_c.cpython-310-x86_64-linux-gnu.so" to ""
[167.205s] -- Installing: /home/jack/ros2_ws/install/dsr_msgs2/local/lib/python3.10/dist-packages/dsr_msgs2/dsr_msgs2_s__rosidl_typesupport_c.cpython-310-x86_64-linux-gnu.so
[167.207s] -- Set runtime path of "/home/jack/ros2_ws/install/dsr_msgs2/local/lib/python3.10/dist-packages/dsr_msgs2/dsr_msgs2_s__rosidl_typesupport_c.cpython-310-x86_64-linux-gnu.so" to ""
[167.207s] -- Installing: /home/jack/ros2_ws/install/dsr_msgs2/lib/libdsr_msgs2__rosidl_generator_py.so
[167.208s] -- Set runtime path of "/home/jack/ros2_ws/install/dsr_msgs2/lib/libdsr_msgs2__rosidl_generator_py.so" to ""
[167.209s] -- Installing: /home/jack/ros2_ws/install/dsr_msgs2/share/dsr_msgs2/msg/LogAlarm.idl
[167.210s] -- Installing: /home/jack/ros2_ws/install/dsr_msgs2/share/dsr_msgs2/msg/ModbusState.idl
[167.211s] -- Installing: /home/jack/ros2_ws/install/dsr_msgs2/share/dsr_msgs2/msg/RobotError.idl
[167.211s] -- Installing: /home/jack/ros2_ws/install/dsr_msgs2/share/dsr_msgs2/msg/RobotState.idl
[167.212s] -- Installing: /home/jack/ros2_ws/install/dsr_msgs2/share/dsr_msgs2/msg/RobotStop.idl
[167.212s] -- Installing: /home/jack/ros2_ws/install/dsr_msgs2/share/dsr_msgs2/msg/JogMultiAxis.idl
[167.213s] -- Installing: /home/jack/ros2_ws/install/dsr_msgs2/share/dsr_msgs2/msg/AlterMotionStream.idl
[167.213s] -- Installing: /home/jack/ros2_ws/install/dsr_msgs2/share/dsr_msgs2/msg/ServojStream.idl
[167.214s] -- Installing: /home/jack/ros2_ws/install/dsr_msgs2/share/dsr_msgs2/msg/ServolStream.idl
[167.214s] -- Installing: /home/jack/ros2_ws/install/dsr_msgs2/share/dsr_msgs2/msg/SpeedjStream.idl
[167.215s] -- Installing: /home/jack/ros2_ws/install/dsr_msgs2/share/dsr_msgs2/msg/SpeedlStream.idl
[167.216s] -- Installing: /home/jack/ros2_ws/install/dsr_msgs2/share/dsr_msgs2/msg/RobotStateRt.idl
[167.216s] -- Installing: /home/jack/ros2_ws/install/dsr_msgs2/share/dsr_msgs2/msg/ServojRtStream.idl
[167.217s] -- Installing: /home/jack/ros2_ws/install/dsr_msgs2/share/dsr_msgs2/msg/ServolRtStream.idl
[167.219s] -- Installing: /home/jack/ros2_ws/install/dsr_msgs2/share/dsr_msgs2/msg/SpeedjRtStream.idl
[167.219s] -- Installing: /home/jack/ros2_ws/install/dsr_msgs2/share/dsr_msgs2/msg/SpeedlRtStream.idl
[167.220s] -- Installing: /home/jack/ros2_ws/install/dsr_msgs2/share/dsr_msgs2/msg/TorqueRtStream.idl
[167.221s] -- Installing: /home/jack/ros2_ws/install/dsr_msgs2/share/dsr_msgs2/srv/SetRobotMode.idl
[167.221s] -- Installing: /home/jack/ros2_ws/install/dsr_msgs2/share/dsr_msgs2/srv/GetRobotMode.idl
[167.222s] -- Installing: /home/jack/ros2_ws/install/dsr_msgs2/share/dsr_msgs2/srv/SetRobotSystem.idl
[167.223s] -- Installing: /home/jack/ros2_ws/install/dsr_msgs2/share/dsr_msgs2/srv/GetRobotSystem.idl
[167.223s] -- Installing: /home/jack/ros2_ws/install/dsr_msgs2/share/dsr_msgs2/srv/SetRobotSpeedMode.idl
[167.224s] -- Installing: /home/jack/ros2_ws/install/dsr_msgs2/share/dsr_msgs2/srv/GetRobotSpeedMode.idl
[167.224s] -- Installing: /home/jack/ros2_ws/install/dsr_msgs2/share/dsr_msgs2/srv/GetCurrentPose.idl
[167.225s] -- Installing: /home/jack/ros2_ws/install/dsr_msgs2/share/dsr_msgs2/srv/SetSafeStopResetType.idl
[167.226s] -- Installing: /home/jack/ros2_ws/install/dsr_msgs2/share/dsr_msgs2/srv/GetLastAlarm.idl
[167.226s] -- Installing: /home/jack/ros2_ws/install/dsr_msgs2/share/dsr_msgs2/srv/GetRobotState.idl
[167.227s] -- Installing: /home/jack/ros2_ws/install/dsr_msgs2/share/dsr_msgs2/srv/ServoOff.idl
[167.227s] -- Installing: /home/jack/ros2_ws/install/dsr_msgs2/share/dsr_msgs2/srv/SetRobotControl.idl
[167.227s] -- Installing: /home/jack/ros2_ws/install/dsr_msgs2/share/dsr_msgs2/srv/ChangeCollisionSensitivity.idl
[167.228s] -- Installing: /home/jack/ros2_ws/install/dsr_msgs2/share/dsr_msgs2/srv/SetSafetyMode.idl
[167.228s] -- Installing: /home/jack/ros2_ws/install/dsr_msgs2/share/dsr_msgs2/srv/MoveJoint.idl
[167.229s] -- Installing: /home/jack/ros2_ws/install/dsr_msgs2/share/dsr_msgs2/srv/MoveLine.idl
[167.229s] -- Installing: /home/jack/ros2_ws/install/dsr_msgs2/share/dsr_msgs2/srv/MoveJointx.idl
[167.230s] -- Installing: /home/jack/ros2_ws/install/dsr_msgs2/share/dsr_msgs2/srv/MoveCircle.idl
[167.230s] -- Installing: /home/jack/ros2_ws/install/dsr_msgs2/share/dsr_msgs2/srv/MoveSplineJoint.idl
[167.231s] -- Installing: /home/jack/ros2_ws/install/dsr_msgs2/share/dsr_msgs2/srv/MoveSplineTask.idl
[167.231s] -- Installing: /home/jack/ros2_ws/install/dsr_msgs2/share/dsr_msgs2/srv/MoveBlending.idl
[167.232s] -- Installing: /home/jack/ros2_ws/install/dsr_msgs2/share/dsr_msgs2/srv/MoveSpiral.idl
[167.232s] -- Installing: /home/jack/ros2_ws/install/dsr_msgs2/share/dsr_msgs2/srv/MovePeriodic.idl
[167.232s] -- Installing: /home/jack/ros2_ws/install/dsr_msgs2/share/dsr_msgs2/srv/MoveWait.idl
[167.233s] -- Installing: /home/jack/ros2_ws/install/dsr_msgs2/share/dsr_msgs2/srv/Jog.idl
[167.234s] -- Installing: /home/jack/ros2_ws/install/dsr_msgs2/share/dsr_msgs2/srv/JogMulti.idl
[167.234s] -- Installing: /home/jack/ros2_ws/install/dsr_msgs2/share/dsr_msgs2/srv/MoveStop.idl
[167.235s] -- Installing: /home/jack/ros2_ws/install/dsr_msgs2/share/dsr_msgs2/srv/MovePause.idl
[167.235s] -- Installing: /home/jack/ros2_ws/install/dsr_msgs2/share/dsr_msgs2/srv/MoveResume.idl
[167.236s] -- Installing: /home/jack/ros2_ws/install/dsr_msgs2/share/dsr_msgs2/srv/Trans.idl
[167.236s] -- Installing: /home/jack/ros2_ws/install/dsr_msgs2/share/dsr_msgs2/srv/Fkin.idl
[167.237s] -- Installing: /home/jack/ros2_ws/install/dsr_msgs2/share/dsr_msgs2/srv/Ikin.idl
[167.238s] -- Installing: /home/jack/ros2_ws/install/dsr_msgs2/share/dsr_msgs2/srv/SetRefCoord.idl
[167.238s] -- Installing: /home/jack/ros2_ws/install/dsr_msgs2/share/dsr_msgs2/srv/MoveHome.idl
[167.239s] -- Installing: /home/jack/ros2_ws/install/dsr_msgs2/share/dsr_msgs2/srv/CheckMotion.idl
[167.239s] -- Installing: /home/jack/ros2_ws/install/dsr_msgs2/share/dsr_msgs2/srv/ChangeOperationSpeed.idl
[167.240s] -- Installing: /home/jack/ros2_ws/install/dsr_msgs2/share/dsr_msgs2/srv/EnableAlterMotion.idl
[167.241s] -- Installing: /home/jack/ros2_ws/install/dsr_msgs2/share/dsr_msgs2/srv/AlterMotion.idl
[167.241s] -- Installing: /home/jack/ros2_ws/install/dsr_msgs2/share/dsr_msgs2/srv/DisableAlterMotion.idl
[167.241s] -- Installing: /home/jack/ros2_ws/install/dsr_msgs2/share/dsr_msgs2/srv/SetSingularityHandling.idl
[167.242s] -- Installing: /home/jack/ros2_ws/install/dsr_msgs2/share/dsr_msgs2/srv/GetControlMode.idl
[167.243s] -- Installing: /home/jack/ros2_ws/install/dsr_msgs2/share/dsr_msgs2/srv/GetControlSpace.idl
[167.244s] -- Installing: /home/jack/ros2_ws/install/dsr_msgs2/share/dsr_msgs2/srv/GetCurrentPosj.idl
[167.244s] -- Installing: /home/jack/ros2_ws/install/dsr_msgs2/share/dsr_msgs2/srv/GetDesiredPosj.idl
[167.245s] -- Installing: /home/jack/ros2_ws/install/dsr_msgs2/share/dsr_msgs2/srv/GetCurrentVelj.idl
[167.246s] -- Installing: /home/jack/ros2_ws/install/dsr_msgs2/share/dsr_msgs2/srv/GetDesiredVelj.idl
[167.246s] -- Installing: /home/jack/ros2_ws/install/dsr_msgs2/share/dsr_msgs2/srv/GetCurrentPosx.idl
[167.247s] -- Installing: /home/jack/ros2_ws/install/dsr_msgs2/share/dsr_msgs2/srv/GetCurrentToolFlangePosx.idl
[167.248s] -- Installing: /home/jack/ros2_ws/install/dsr_msgs2/share/dsr_msgs2/srv/GetCurrentVelx.idl
[167.249s] -- Installing: /home/jack/ros2_ws/install/dsr_msgs2/share/dsr_msgs2/srv/GetDesiredPosx.idl
[167.250s] -- Installing: /home/jack/ros2_ws/install/dsr_msgs2/share/dsr_msgs2/srv/GetDesiredVelx.idl
[167.251s] -- Installing: /home/jack/ros2_ws/install/dsr_msgs2/share/dsr_msgs2/srv/GetCurrentSolutionSpace.idl
[167.252s] -- Installing: /home/jack/ros2_ws/install/dsr_msgs2/share/dsr_msgs2/srv/GetCurrentRotm.idl
[167.252s] -- Installing: /home/jack/ros2_ws/install/dsr_msgs2/share/dsr_msgs2/srv/GetJointTorque.idl
[167.253s] -- Installing: /home/jack/ros2_ws/install/dsr_msgs2/share/dsr_msgs2/srv/GetExternalTorque.idl
[167.253s] -- Installing: /home/jack/ros2_ws/install/dsr_msgs2/share/dsr_msgs2/srv/GetToolForce.idl
[167.254s] -- Installing: /home/jack/ros2_ws/install/dsr_msgs2/share/dsr_msgs2/srv/GetSolutionSpace.idl
[167.254s] -- Installing: /home/jack/ros2_ws/install/dsr_msgs2/share/dsr_msgs2/srv/GetOrientationError.idl
[167.255s] -- Installing: /home/jack/ros2_ws/install/dsr_msgs2/share/dsr_msgs2/srv/ParallelAxis1.idl
[167.255s] -- Installing: /home/jack/ros2_ws/install/dsr_msgs2/share/dsr_msgs2/srv/ParallelAxis2.idl
[167.256s] -- Installing: /home/jack/ros2_ws/install/dsr_msgs2/share/dsr_msgs2/srv/AlignAxis1.idl
[167.256s] -- Installing: /home/jack/ros2_ws/install/dsr_msgs2/share/dsr_msgs2/srv/AlignAxis2.idl
[167.257s] -- Installing: /home/jack/ros2_ws/install/dsr_msgs2/share/dsr_msgs2/srv/IsDoneBoltTightening.idl
[167.260s] -- Installing: /home/jack/ros2_ws/install/dsr_msgs2/share/dsr_msgs2/srv/ReleaseComplianceCtrl.idl
[167.261s] -- Installing: /home/jack/ros2_ws/install/dsr_msgs2/share/dsr_msgs2/srv/TaskComplianceCtrl.idl
[167.261s] -- Installing: /home/jack/ros2_ws/install/dsr_msgs2/share/dsr_msgs2/srv/SetStiffnessx.idl
[167.262s] -- Installing: /home/jack/ros2_ws/install/dsr_msgs2/share/dsr_msgs2/srv/CalcCoord.idl
[167.262s] -- Installing: /home/jack/ros2_ws/install/dsr_msgs2/share/dsr_msgs2/srv/SetUserCartCoord1.idl
[167.263s] -- Installing: /home/jack/ros2_ws/install/dsr_msgs2/share/dsr_msgs2/srv/SetUserCartCoord2.idl
[167.264s] -- Installing: /home/jack/ros2_ws/install/dsr_msgs2/share/dsr_msgs2/srv/SetUserCartCoord3.idl
[167.266s] -- Installing: /home/jack/ros2_ws/install/dsr_msgs2/share/dsr_msgs2/srv/OverwriteUserCartCoord.idl
[167.266s] -- Installing: /home/jack/ros2_ws/install/dsr_msgs2/share/dsr_msgs2/srv/GetUserCartCoord.idl
[167.267s] -- Installing: /home/jack/ros2_ws/install/dsr_msgs2/share/dsr_msgs2/srv/SetDesiredForce.idl
[167.268s] -- Installing: /home/jack/ros2_ws/install/dsr_msgs2/share/dsr_msgs2/srv/ReleaseForce.idl
[167.269s] -- Installing: /home/jack/ros2_ws/install/dsr_msgs2/share/dsr_msgs2/srv/CheckPositionCondition.idl
[167.270s] -- Installing: /home/jack/ros2_ws/install/dsr_msgs2/share/dsr_msgs2/srv/CheckForceCondition.idl
[167.270s] -- Installing: /home/jack/ros2_ws/install/dsr_msgs2/share/dsr_msgs2/srv/CheckOrientationCondition1.idl
[167.271s] -- Installing: /home/jack/ros2_ws/install/dsr_msgs2/share/dsr_msgs2/srv/CheckOrientationCondition2.idl
[167.271s] -- Installing: /home/jack/ros2_ws/install/dsr_msgs2/share/dsr_msgs2/srv/CoordTransform.idl
[167.272s] -- Installing: /home/jack/ros2_ws/install/dsr_msgs2/share/dsr_msgs2/srv/GetWorkpieceWeight.idl
[167.272s] -- Installing: /home/jack/ros2_ws/install/dsr_msgs2/share/dsr_msgs2/srv/ResetWorkpieceWeight.idl
[167.273s] -- Installing: /home/jack/ros2_ws/install/dsr_msgs2/share/dsr_msgs2/srv/ConfigCreateTool.idl
[167.273s] -- Installing: /home/jack/ros2_ws/install/dsr_msgs2/share/dsr_msgs2/srv/ConfigDeleteTool.idl
[167.274s] -- Installing: /home/jack/ros2_ws/install/dsr_msgs2/share/dsr_msgs2/srv/SetCurrentTool.idl
[167.274s] -- Installing: /home/jack/ros2_ws/install/dsr_msgs2/share/dsr_msgs2/srv/GetCurrentTool.idl
[167.275s] -- Installing: /home/jack/ros2_ws/install/dsr_msgs2/share/dsr_msgs2/srv/SetToolShape.idl
[167.275s] -- Installing: /home/jack/ros2_ws/install/dsr_msgs2/share/dsr_msgs2/srv/ConfigCreateTcp.idl
[167.276s] -- Installing: /home/jack/ros2_ws/install/dsr_msgs2/share/dsr_msgs2/srv/ConfigDeleteTcp.idl
[167.276s] -- Installing: /home/jack/ros2_ws/install/dsr_msgs2/share/dsr_msgs2/srv/SetCurrentTcp.idl
[167.277s] -- Installing: /home/jack/ros2_ws/install/dsr_msgs2/share/dsr_msgs2/srv/GetCurrentTcp.idl
[167.277s] -- Installing: /home/jack/ros2_ws/install/dsr_msgs2/share/dsr_msgs2/srv/SetToolDigitalOutput.idl
[167.278s] -- Installing: /home/jack/ros2_ws/install/dsr_msgs2/share/dsr_msgs2/srv/GetToolDigitalOutput.idl
[167.278s] -- Installing: /home/jack/ros2_ws/install/dsr_msgs2/share/dsr_msgs2/srv/GetToolDigitalInput.idl
[167.279s] -- Installing: /home/jack/ros2_ws/install/dsr_msgs2/share/dsr_msgs2/srv/SetCtrlBoxDigitalOutput.idl
[167.279s] -- Installing: /home/jack/ros2_ws/install/dsr_msgs2/share/dsr_msgs2/srv/GetCtrlBoxDigitalOutput.idl
[167.280s] -- Installing: /home/jack/ros2_ws/install/dsr_msgs2/share/dsr_msgs2/srv/GetCtrlBoxDigitalInput.idl
[167.281s] -- Installing: /home/jack/ros2_ws/install/dsr_msgs2/share/dsr_msgs2/srv/SetCtrlBoxAnalogInputType.idl
[167.281s] -- Installing: /home/jack/ros2_ws/install/dsr_msgs2/share/dsr_msgs2/srv/SetCtrlBoxAnalogOutputType.idl
[167.281s] -- Installing: /home/jack/ros2_ws/install/dsr_msgs2/share/dsr_msgs2/srv/SetCtrlBoxAnalogOutput.idl
[167.282s] -- Installing: /home/jack/ros2_ws/install/dsr_msgs2/share/dsr_msgs2/srv/GetCtrlBoxAnalogInput.idl
[167.283s] -- Installing: /home/jack/ros2_ws/install/dsr_msgs2/share/dsr_msgs2/srv/ConfigCreateModbus.idl
[167.283s] -- Installing: /home/jack/ros2_ws/install/dsr_msgs2/share/dsr_msgs2/srv/ConfigDeleteModbus.idl
[167.284s] -- Installing: /home/jack/ros2_ws/install/dsr_msgs2/share/dsr_msgs2/srv/SetModbusOutput.idl
[167.284s] -- Installing: /home/jack/ros2_ws/install/dsr_msgs2/share/dsr_msgs2/srv/GetModbusInput.idl
[167.285s] -- Installing: /home/jack/ros2_ws/install/dsr_msgs2/share/dsr_msgs2/srv/DrlStart.idl
[167.285s] -- Installing: /home/jack/ros2_ws/install/dsr_msgs2/share/dsr_msgs2/srv/DrlStop.idl
[167.286s] -- Installing: /home/jack/ros2_ws/install/dsr_msgs2/share/dsr_msgs2/srv/DrlPause.idl
[167.286s] -- Installing: /home/jack/ros2_ws/install/dsr_msgs2/share/dsr_msgs2/srv/DrlResume.idl
[167.286s] -- Installing: /home/jack/ros2_ws/install/dsr_msgs2/share/dsr_msgs2/srv/GetDrlState.idl
[167.287s] -- Installing: /home/jack/ros2_ws/install/dsr_msgs2/share/dsr_msgs2/srv/Robotiq2FClose.idl
[167.287s] -- Installing: /home/jack/ros2_ws/install/dsr_msgs2/share/dsr_msgs2/srv/Robotiq2FOpen.idl
[167.288s] -- Installing: /home/jack/ros2_ws/install/dsr_msgs2/share/dsr_msgs2/srv/Robotiq2FMove.idl
[167.288s] -- Installing: /home/jack/ros2_ws/install/dsr_msgs2/share/dsr_msgs2/srv/SerialSendData.idl
[167.288s] -- Installing: /home/jack/ros2_ws/install/dsr_msgs2/share/dsr_msgs2/srv/ConnectRtControl.idl
[167.289s] -- Installing: /home/jack/ros2_ws/install/dsr_msgs2/share/dsr_msgs2/srv/DisconnectRtControl.idl
[167.289s] -- Installing: /home/jack/ros2_ws/install/dsr_msgs2/share/dsr_msgs2/srv/GetRtControlInputDataList.idl
[167.289s] -- Installing: /home/jack/ros2_ws/install/dsr_msgs2/share/dsr_msgs2/srv/GetRtControlInputVersionList.idl
[167.290s] -- Installing: /home/jack/ros2_ws/install/dsr_msgs2/share/dsr_msgs2/srv/GetRtControlOutputDataList.idl
[167.290s] -- Installing: /home/jack/ros2_ws/install/dsr_msgs2/share/dsr_msgs2/srv/GetRtControlOutputVersionList.idl
[167.290s] -- Installing: /home/jack/ros2_ws/install/dsr_msgs2/share/dsr_msgs2/srv/ReadDataRt.idl
[167.291s] -- Installing: /home/jack/ros2_ws/install/dsr_msgs2/share/dsr_msgs2/srv/SetAccjRt.idl
[167.291s] -- Installing: /home/jack/ros2_ws/install/dsr_msgs2/share/dsr_msgs2/srv/SetAccxRt.idl
[167.291s] -- Installing: /home/jack/ros2_ws/install/dsr_msgs2/share/dsr_msgs2/srv/SetRtControlInput.idl
[167.292s] -- Installing: /home/jack/ros2_ws/install/dsr_msgs2/share/dsr_msgs2/srv/SetRtControlOutput.idl
[167.292s] -- Installing: /home/jack/ros2_ws/install/dsr_msgs2/share/dsr_msgs2/srv/SetVeljRt.idl
[167.293s] -- Installing: /home/jack/ros2_ws/install/dsr_msgs2/share/dsr_msgs2/srv/SetVelxRt.idl
[167.293s] -- Installing: /home/jack/ros2_ws/install/dsr_msgs2/share/dsr_msgs2/srv/StartRtControl.idl
[167.293s] -- Installing: /home/jack/ros2_ws/install/dsr_msgs2/share/dsr_msgs2/srv/StopRtControl.idl
[167.294s] -- Installing: /home/jack/ros2_ws/install/dsr_msgs2/share/dsr_msgs2/srv/WriteDataRt.idl
[167.295s] -- Installing: /home/jack/ros2_ws/install/dsr_msgs2/share/dsr_msgs2/msg/LogAlarm.msg
[167.295s] -- Installing: /home/jack/ros2_ws/install/dsr_msgs2/share/dsr_msgs2/msg/ModbusState.msg
[167.296s] -- Installing: /home/jack/ros2_ws/install/dsr_msgs2/share/dsr_msgs2/msg/RobotError.msg
[167.296s] -- Installing: /home/jack/ros2_ws/install/dsr_msgs2/share/dsr_msgs2/msg/RobotState.msg
[167.297s] -- Installing: /home/jack/ros2_ws/install/dsr_msgs2/share/dsr_msgs2/msg/RobotStop.msg
[167.298s] -- Installing: /home/jack/ros2_ws/install/dsr_msgs2/share/dsr_msgs2/msg/JogMultiAxis.msg
[167.298s] -- Installing: /home/jack/ros2_ws/install/dsr_msgs2/share/dsr_msgs2/msg/AlterMotionStream.msg
[167.299s] -- Installing: /home/jack/ros2_ws/install/dsr_msgs2/share/dsr_msgs2/msg/ServojStream.msg
[167.300s] -- Installing: /home/jack/ros2_ws/install/dsr_msgs2/share/dsr_msgs2/msg/ServolStream.msg
[167.300s] -- Installing: /home/jack/ros2_ws/install/dsr_msgs2/share/dsr_msgs2/msg/SpeedjStream.msg
[167.300s] -- Installing: /home/jack/ros2_ws/install/dsr_msgs2/share/dsr_msgs2/msg/SpeedlStream.msg
[167.301s] -- Installing: /home/jack/ros2_ws/install/dsr_msgs2/share/dsr_msgs2/msg/RobotStateRt.msg
[167.301s] -- Installing: /home/jack/ros2_ws/install/dsr_msgs2/share/dsr_msgs2/msg/ServojRtStream.msg
[167.302s] -- Installing: /home/jack/ros2_ws/install/dsr_msgs2/share/dsr_msgs2/msg/ServolRtStream.msg
[167.302s] -- Installing: /home/jack/ros2_ws/install/dsr_msgs2/share/dsr_msgs2/msg/SpeedjRtStream.msg
[167.303s] -- Installing: /home/jack/ros2_ws/install/dsr_msgs2/share/dsr_msgs2/msg/SpeedlRtStream.msg
[167.303s] -- Installing: /home/jack/ros2_ws/install/dsr_msgs2/share/dsr_msgs2/msg/TorqueRtStream.msg
[167.303s] -- Installing: /home/jack/ros2_ws/install/dsr_msgs2/share/dsr_msgs2/system/SetRobotMode.srv
[167.304s] -- Installing: /home/jack/ros2_ws/install/dsr_msgs2/share/dsr_msgs2/system/SetRobotMode_Request.msg
[167.305s] -- Installing: /home/jack/ros2_ws/install/dsr_msgs2/share/dsr_msgs2/system/SetRobotMode_Response.msg
[167.305s] -- Installing: /home/jack/ros2_ws/install/dsr_msgs2/share/dsr_msgs2/system/GetRobotMode.srv
[167.306s] -- Installing: /home/jack/ros2_ws/install/dsr_msgs2/share/dsr_msgs2/system/GetRobotMode_Request.msg
[167.306s] -- Installing: /home/jack/ros2_ws/install/dsr_msgs2/share/dsr_msgs2/system/GetRobotMode_Response.msg
[167.306s] -- Installing: /home/jack/ros2_ws/install/dsr_msgs2/share/dsr_msgs2/system/SetRobotSystem.srv
[167.307s] -- Installing: /home/jack/ros2_ws/install/dsr_msgs2/share/dsr_msgs2/system/SetRobotSystem_Request.msg
[167.307s] -- Installing: /home/jack/ros2_ws/install/dsr_msgs2/share/dsr_msgs2/system/SetRobotSystem_Response.msg
[167.308s] -- Installing: /home/jack/ros2_ws/install/dsr_msgs2/share/dsr_msgs2/system/GetRobotSystem.srv
[167.308s] -- Installing: /home/jack/ros2_ws/install/dsr_msgs2/share/dsr_msgs2/system/GetRobotSystem_Request.msg
[167.308s] -- Installing: /home/jack/ros2_ws/install/dsr_msgs2/share/dsr_msgs2/system/GetRobotSystem_Response.msg
[167.309s] -- Installing: /home/jack/ros2_ws/install/dsr_msgs2/share/dsr_msgs2/system/SetRobotSpeedMode.srv
[167.309s] -- Installing: /home/jack/ros2_ws/install/dsr_msgs2/share/dsr_msgs2/system/SetRobotSpeedMode_Request.msg
[167.310s] -- Installing: /home/jack/ros2_ws/install/dsr_msgs2/share/dsr_msgs2/system/SetRobotSpeedMode_Response.msg
[167.310s] -- Installing: /home/jack/ros2_ws/install/dsr_msgs2/share/dsr_msgs2/system/GetRobotSpeedMode.srv
[167.310s] -- Installing: /home/jack/ros2_ws/install/dsr_msgs2/share/dsr_msgs2/system/GetRobotSpeedMode_Request.msg
[167.311s] -- Installing: /home/jack/ros2_ws/install/dsr_msgs2/share/dsr_msgs2/system/GetRobotSpeedMode_Response.msg
[167.311s] -- Installing: /home/jack/ros2_ws/install/dsr_msgs2/share/dsr_msgs2/system/GetCurrentPose.srv
[167.312s] -- Installing: /home/jack/ros2_ws/install/dsr_msgs2/share/dsr_msgs2/system/GetCurrentPose_Request.msg
[167.312s] -- Installing: /home/jack/ros2_ws/install/dsr_msgs2/share/dsr_msgs2/system/GetCurrentPose_Response.msg
[167.312s] -- Installing: /home/jack/ros2_ws/install/dsr_msgs2/share/dsr_msgs2/system/SetSafeStopResetType.srv
[167.313s] -- Installing: /home/jack/ros2_ws/install/dsr_msgs2/share/dsr_msgs2/system/SetSafeStopResetType_Request.msg
[167.314s] -- Installing: /home/jack/ros2_ws/install/dsr_msgs2/share/dsr_msgs2/system/SetSafeStopResetType_Response.msg
[167.315s] -- Installing: /home/jack/ros2_ws/install/dsr_msgs2/share/dsr_msgs2/system/GetLastAlarm.srv
[167.315s] -- Installing: /home/jack/ros2_ws/install/dsr_msgs2/share/dsr_msgs2/system/GetLastAlarm_Request.msg
[167.316s] -- Installing: /home/jack/ros2_ws/install/dsr_msgs2/share/dsr_msgs2/system/GetLastAlarm_Response.msg
[167.316s] -- Installing: /home/jack/ros2_ws/install/dsr_msgs2/share/dsr_msgs2/system/GetRobotState.srv
[167.317s] -- Installing: /home/jack/ros2_ws/install/dsr_msgs2/share/dsr_msgs2/system/GetRobotState_Request.msg
[167.317s] -- Installing: /home/jack/ros2_ws/install/dsr_msgs2/share/dsr_msgs2/system/GetRobotState_Response.msg
[167.318s] -- Installing: /home/jack/ros2_ws/install/dsr_msgs2/share/dsr_msgs2/system/ServoOff.srv
[167.318s] -- Installing: /home/jack/ros2_ws/install/dsr_msgs2/share/dsr_msgs2/system/ServoOff_Request.msg
[167.319s] -- Installing: /home/jack/ros2_ws/install/dsr_msgs2/share/dsr_msgs2/system/ServoOff_Response.msg
[167.319s] -- Installing: /home/jack/ros2_ws/install/dsr_msgs2/share/dsr_msgs2/system/SetRobotControl.srv
[167.319s] -- Installing: /home/jack/ros2_ws/install/dsr_msgs2/share/dsr_msgs2/system/SetRobotControl_Request.msg
[167.320s] -- Installing: /home/jack/ros2_ws/install/dsr_msgs2/share/dsr_msgs2/system/SetRobotControl_Response.msg
[167.320s] -- Installing: /home/jack/ros2_ws/install/dsr_msgs2/share/dsr_msgs2/system/ChangeCollisionSensitivity.srv
[167.320s] -- Installing: /home/jack/ros2_ws/install/dsr_msgs2/share/dsr_msgs2/system/ChangeCollisionSensitivity_Request.msg
[167.321s] -- Installing: /home/jack/ros2_ws/install/dsr_msgs2/share/dsr_msgs2/system/ChangeCollisionSensitivity_Response.msg
[167.321s] -- Installing: /home/jack/ros2_ws/install/dsr_msgs2/share/dsr_msgs2/system/SetSafetyMode.srv
[167.321s] -- Installing: /home/jack/ros2_ws/install/dsr_msgs2/share/dsr_msgs2/system/SetSafetyMode_Request.msg
[167.322s] -- Installing: /home/jack/ros2_ws/install/dsr_msgs2/share/dsr_msgs2/system/SetSafetyMode_Response.msg
[167.322s] -- Installing: /home/jack/ros2_ws/install/dsr_msgs2/share/dsr_msgs2/motion/MoveJoint.srv
[167.323s] -- Installing: /home/jack/ros2_ws/install/dsr_msgs2/share/dsr_msgs2/motion/MoveJoint_Request.msg
[167.323s] -- Installing: /home/jack/ros2_ws/install/dsr_msgs2/share/dsr_msgs2/motion/MoveJoint_Response.msg
[167.323s] -- Installing: /home/jack/ros2_ws/install/dsr_msgs2/share/dsr_msgs2/motion/MoveLine.srv
[167.324s] -- Installing: /home/jack/ros2_ws/install/dsr_msgs2/share/dsr_msgs2/motion/MoveLine_Request.msg
[167.324s] -- Installing: /home/jack/ros2_ws/install/dsr_msgs2/share/dsr_msgs2/motion/MoveLine_Response.msg
[167.325s] -- Installing: /home/jack/ros2_ws/install/dsr_msgs2/share/dsr_msgs2/motion/MoveJointx.srv
[167.325s] -- Installing: /home/jack/ros2_ws/install/dsr_msgs2/share/dsr_msgs2/motion/MoveJointx_Request.msg
[167.325s] -- Installing: /home/jack/ros2_ws/install/dsr_msgs2/share/dsr_msgs2/motion/MoveJointx_Response.msg
[167.326s] -- Installing: /home/jack/ros2_ws/install/dsr_msgs2/share/dsr_msgs2/motion/MoveCircle.srv
[167.326s] -- Installing: /home/jack/ros2_ws/install/dsr_msgs2/share/dsr_msgs2/motion/MoveCircle_Request.msg
[167.326s] -- Installing: /home/jack/ros2_ws/install/dsr_msgs2/share/dsr_msgs2/motion/MoveCircle_Response.msg
[167.327s] -- Installing: /home/jack/ros2_ws/install/dsr_msgs2/share/dsr_msgs2/motion/MoveSplineJoint.srv
[167.327s] -- Installing: /home/jack/ros2_ws/install/dsr_msgs2/share/dsr_msgs2/motion/MoveSplineJoint_Request.msg
[167.328s] -- Installing: /home/jack/ros2_ws/install/dsr_msgs2/share/dsr_msgs2/motion/MoveSplineJoint_Response.msg
[167.328s] -- Installing: /home/jack/ros2_ws/install/dsr_msgs2/share/dsr_msgs2/motion/MoveSplineTask.srv
[167.328s] -- Installing: /home/jack/ros2_ws/install/dsr_msgs2/share/dsr_msgs2/motion/MoveSplineTask_Request.msg
[167.329s] -- Installing: /home/jack/ros2_ws/install/dsr_msgs2/share/dsr_msgs2/motion/MoveSplineTask_Response.msg
[167.329s] -- Installing: /home/jack/ros2_ws/install/dsr_msgs2/share/dsr_msgs2/motion/MoveBlending.srv
[167.329s] -- Installing: /home/jack/ros2_ws/install/dsr_msgs2/share/dsr_msgs2/motion/MoveBlending_Request.msg
[167.330s] -- Installing: /home/jack/ros2_ws/install/dsr_msgs2/share/dsr_msgs2/motion/MoveBlending_Response.msg
[167.331s] -- Installing: /home/jack/ros2_ws/install/dsr_msgs2/share/dsr_msgs2/motion/MoveSpiral.srv
[167.331s] -- Installing: /home/jack/ros2_ws/install/dsr_msgs2/share/dsr_msgs2/motion/MoveSpiral_Request.msg
[167.332s] -- Installing: /home/jack/ros2_ws/install/dsr_msgs2/share/dsr_msgs2/motion/MoveSpiral_Response.msg
[167.333s] -- Installing: /home/jack/ros2_ws/install/dsr_msgs2/share/dsr_msgs2/motion/MovePeriodic.srv
[167.333s] -- Installing: /home/jack/ros2_ws/install/dsr_msgs2/share/dsr_msgs2/motion/MovePeriodic_Request.msg
[167.334s] -- Installing: /home/jack/ros2_ws/install/dsr_msgs2/share/dsr_msgs2/motion/MovePeriodic_Response.msg
[167.334s] -- Installing: /home/jack/ros2_ws/install/dsr_msgs2/share/dsr_msgs2/motion/MoveWait.srv
[167.335s] -- Installing: /home/jack/ros2_ws/install/dsr_msgs2/share/dsr_msgs2/motion/MoveWait_Request.msg
[167.335s] -- Installing: /home/jack/ros2_ws/install/dsr_msgs2/share/dsr_msgs2/motion/MoveWait_Response.msg
[167.336s] -- Installing: /home/jack/ros2_ws/install/dsr_msgs2/share/dsr_msgs2/motion/Jog.srv
[167.336s] -- Installing: /home/jack/ros2_ws/install/dsr_msgs2/share/dsr_msgs2/motion/Jog_Request.msg
[167.337s] -- Installing: /home/jack/ros2_ws/install/dsr_msgs2/share/dsr_msgs2/motion/Jog_Response.msg
[167.337s] -- Installing: /home/jack/ros2_ws/install/dsr_msgs2/share/dsr_msgs2/motion/JogMulti.srv
[167.338s] -- Installing: /home/jack/ros2_ws/install/dsr_msgs2/share/dsr_msgs2/motion/JogMulti_Request.msg
[167.338s] -- Installing: /home/jack/ros2_ws/install/dsr_msgs2/share/dsr_msgs2/motion/JogMulti_Response.msg
[167.339s] -- Installing: /home/jack/ros2_ws/install/dsr_msgs2/share/dsr_msgs2/motion/MoveStop.srv
[167.339s] -- Installing: /home/jack/ros2_ws/install/dsr_msgs2/share/dsr_msgs2/motion/MoveStop_Request.msg
[167.339s] -- Installing: /home/jack/ros2_ws/install/dsr_msgs2/share/dsr_msgs2/motion/MoveStop_Response.msg
[167.340s] -- Installing: /home/jack/ros2_ws/install/dsr_msgs2/share/dsr_msgs2/motion/MovePause.srv
[167.341s] -- Installing: /home/jack/ros2_ws/install/dsr_msgs2/share/dsr_msgs2/motion/MovePause_Request.msg
[167.341s] -- Installing: /home/jack/ros2_ws/install/dsr_msgs2/share/dsr_msgs2/motion/MovePause_Response.msg
[167.341s] -- Installing: /home/jack/ros2_ws/install/dsr_msgs2/share/dsr_msgs2/motion/MoveResume.srv
[167.342s] -- Installing: /home/jack/ros2_ws/install/dsr_msgs2/share/dsr_msgs2/motion/MoveResume_Request.msg
[167.342s] -- Installing: /home/jack/ros2_ws/install/dsr_msgs2/share/dsr_msgs2/motion/MoveResume_Response.msg
[167.343s] -- Installing: /home/jack/ros2_ws/install/dsr_msgs2/share/dsr_msgs2/motion/Trans.srv
[167.343s] -- Installing: /home/jack/ros2_ws/install/dsr_msgs2/share/dsr_msgs2/motion/Trans_Request.msg
[167.344s] -- Installing: /home/jack/ros2_ws/install/dsr_msgs2/share/dsr_msgs2/motion/Trans_Response.msg
[167.344s] -- Installing: /home/jack/ros2_ws/install/dsr_msgs2/share/dsr_msgs2/motion/Fkin.srv
[167.345s] -- Installing: /home/jack/ros2_ws/install/dsr_msgs2/share/dsr_msgs2/motion/Fkin_Request.msg
[167.345s] -- Installing: /home/jack/ros2_ws/install/dsr_msgs2/share/dsr_msgs2/motion/Fkin_Response.msg
[167.346s] -- Installing: /home/jack/ros2_ws/install/dsr_msgs2/share/dsr_msgs2/motion/Ikin.srv
[167.346s] -- Installing: /home/jack/ros2_ws/install/dsr_msgs2/share/dsr_msgs2/motion/Ikin_Request.msg
[167.347s] -- Installing: /home/jack/ros2_ws/install/dsr_msgs2/share/dsr_msgs2/motion/Ikin_Response.msg
[167.347s] -- Installing: /home/jack/ros2_ws/install/dsr_msgs2/share/dsr_msgs2/motion/SetRefCoord.srv
[167.348s] -- Installing: /home/jack/ros2_ws/install/dsr_msgs2/share/dsr_msgs2/motion/SetRefCoord_Request.msg
[167.348s] -- Installing: /home/jack/ros2_ws/install/dsr_msgs2/share/dsr_msgs2/motion/SetRefCoord_Response.msg
[167.349s] -- Installing: /home/jack/ros2_ws/install/dsr_msgs2/share/dsr_msgs2/motion/MoveHome.srv
[167.350s] -- Installing: /home/jack/ros2_ws/install/dsr_msgs2/share/dsr_msgs2/motion/MoveHome_Request.msg
[167.350s] -- Installing: /home/jack/ros2_ws/install/dsr_msgs2/share/dsr_msgs2/motion/MoveHome_Response.msg
[167.350s] -- Installing: /home/jack/ros2_ws/install/dsr_msgs2/share/dsr_msgs2/motion/CheckMotion.srv
[167.351s] -- Installing: /home/jack/ros2_ws/install/dsr_msgs2/share/dsr_msgs2/motion/CheckMotion_Request.msg
[167.351s] -- Installing: /home/jack/ros2_ws/install/dsr_msgs2/share/dsr_msgs2/motion/CheckMotion_Response.msg
[167.352s] -- Installing: /home/jack/ros2_ws/install/dsr_msgs2/share/dsr_msgs2/motion/ChangeOperationSpeed.srv
[167.352s] -- Installing: /home/jack/ros2_ws/install/dsr_msgs2/share/dsr_msgs2/motion/ChangeOperationSpeed_Request.msg
[167.353s] -- Installing: /home/jack/ros2_ws/install/dsr_msgs2/share/dsr_msgs2/motion/ChangeOperationSpeed_Response.msg
[167.353s] -- Installing: /home/jack/ros2_ws/install/dsr_msgs2/share/dsr_msgs2/motion/EnableAlterMotion.srv
[167.354s] -- Installing: /home/jack/ros2_ws/install/dsr_msgs2/share/dsr_msgs2/motion/EnableAlterMotion_Request.msg
[167.355s] -- Installing: /home/jack/ros2_ws/install/dsr_msgs2/share/dsr_msgs2/motion/EnableAlterMotion_Response.msg
[167.355s] -- Installing: /home/jack/ros2_ws/install/dsr_msgs2/share/dsr_msgs2/motion/AlterMotion.srv
[167.356s] -- Installing: /home/jack/ros2_ws/install/dsr_msgs2/share/dsr_msgs2/motion/AlterMotion_Request.msg
[167.356s] -- Installing: /home/jack/ros2_ws/install/dsr_msgs2/share/dsr_msgs2/motion/AlterMotion_Response.msg
[167.356s] -- Installing: /home/jack/ros2_ws/install/dsr_msgs2/share/dsr_msgs2/motion/DisableAlterMotion.srv
[167.357s] -- Installing: /home/jack/ros2_ws/install/dsr_msgs2/share/dsr_msgs2/motion/DisableAlterMotion_Request.msg
[167.358s] -- Installing: /home/jack/ros2_ws/install/dsr_msgs2/share/dsr_msgs2/motion/DisableAlterMotion_Response.msg
[167.358s] -- Installing: /home/jack/ros2_ws/install/dsr_msgs2/share/dsr_msgs2/motion/SetSingularityHandling.srv
[167.359s] -- Installing: /home/jack/ros2_ws/install/dsr_msgs2/share/dsr_msgs2/motion/SetSingularityHandling_Request.msg
[167.360s] -- Installing: /home/jack/ros2_ws/install/dsr_msgs2/share/dsr_msgs2/motion/SetSingularityHandling_Response.msg
[167.360s] -- Installing: /home/jack/ros2_ws/install/dsr_msgs2/share/dsr_msgs2/aux_control/GetControlMode.srv
[167.361s] -- Installing: /home/jack/ros2_ws/install/dsr_msgs2/share/dsr_msgs2/aux_control/GetControlMode_Request.msg
[167.361s] -- Installing: /home/jack/ros2_ws/install/dsr_msgs2/share/dsr_msgs2/aux_control/GetControlMode_Response.msg
[167.362s] -- Installing: /home/jack/ros2_ws/install/dsr_msgs2/share/dsr_msgs2/aux_control/GetControlSpace.srv
[167.362s] -- Installing: /home/jack/ros2_ws/install/dsr_msgs2/share/dsr_msgs2/aux_control/GetControlSpace_Request.msg
[167.363s] -- Installing: /home/jack/ros2_ws/install/dsr_msgs2/share/dsr_msgs2/aux_control/GetControlSpace_Response.msg
[167.363s] -- Installing: /home/jack/ros2_ws/install/dsr_msgs2/share/dsr_msgs2/aux_control/GetCurrentPosj.srv
[167.364s] -- Installing: /home/jack/ros2_ws/install/dsr_msgs2/share/dsr_msgs2/aux_control/GetCurrentPosj_Request.msg
[167.364s] -- Installing: /home/jack/ros2_ws/install/dsr_msgs2/share/dsr_msgs2/aux_control/GetCurrentPosj_Response.msg
[167.364s] -- Installing: /home/jack/ros2_ws/install/dsr_msgs2/share/dsr_msgs2/aux_control/GetDesiredPosj.srv
[167.365s] -- Installing: /home/jack/ros2_ws/install/dsr_msgs2/share/dsr_msgs2/aux_control/GetDesiredPosj_Request.msg
[167.365s] -- Installing: /home/jack/ros2_ws/install/dsr_msgs2/share/dsr_msgs2/aux_control/GetDesiredPosj_Response.msg
[167.365s] -- Installing: /home/jack/ros2_ws/install/dsr_msgs2/share/dsr_msgs2/aux_control/GetCurrentVelj.srv
[167.366s] -- Installing: /home/jack/ros2_ws/install/dsr_msgs2/share/dsr_msgs2/aux_control/GetCurrentVelj_Request.msg
[167.366s] -- Installing: /home/jack/ros2_ws/install/dsr_msgs2/share/dsr_msgs2/aux_control/GetCurrentVelj_Response.msg
[167.367s] -- Installing: /home/jack/ros2_ws/install/dsr_msgs2/share/dsr_msgs2/aux_control/GetDesiredVelj.srv
[167.367s] -- Installing: /home/jack/ros2_ws/install/dsr_msgs2/share/dsr_msgs2/aux_control/GetDesiredVelj_Request.msg
[167.367s] -- Installing: /home/jack/ros2_ws/install/dsr_msgs2/share/dsr_msgs2/aux_control/GetDesiredVelj_Response.msg
[167.368s] -- Installing: /home/jack/ros2_ws/install/dsr_msgs2/share/dsr_msgs2/aux_control/GetCurrentPosx.srv
[167.368s] -- Installing: /home/jack/ros2_ws/install/dsr_msgs2/share/dsr_msgs2/aux_control/GetCurrentPosx_Request.msg
[167.368s] -- Installing: /home/jack/ros2_ws/install/dsr_msgs2/share/dsr_msgs2/aux_control/GetCurrentPosx_Response.msg
[167.369s] -- Installing: /home/jack/ros2_ws/install/dsr_msgs2/share/dsr_msgs2/aux_control/GetCurrentToolFlangePosx.srv
[167.369s] -- Installing: /home/jack/ros2_ws/install/dsr_msgs2/share/dsr_msgs2/aux_control/GetCurrentToolFlangePosx_Request.msg
[167.370s] -- Installing: /home/jack/ros2_ws/install/dsr_msgs2/share/dsr_msgs2/aux_control/GetCurrentToolFlangePosx_Response.msg
[167.370s] -- Installing: /home/jack/ros2_ws/install/dsr_msgs2/share/dsr_msgs2/aux_control/GetCurrentVelx.srv
[167.370s] -- Installing: /home/jack/ros2_ws/install/dsr_msgs2/share/dsr_msgs2/aux_control/GetCurrentVelx_Request.msg
[167.371s] -- Installing: /home/jack/ros2_ws/install/dsr_msgs2/share/dsr_msgs2/aux_control/GetCurrentVelx_Response.msg
[167.371s] -- Installing: /home/jack/ros2_ws/install/dsr_msgs2/share/dsr_msgs2/aux_control/GetDesiredPosx.srv
[167.371s] -- Installing: /home/jack/ros2_ws/install/dsr_msgs2/share/dsr_msgs2/aux_control/GetDesiredPosx_Request.msg
[167.372s] -- Installing: /home/jack/ros2_ws/install/dsr_msgs2/share/dsr_msgs2/aux_control/GetDesiredPosx_Response.msg
[167.372s] -- Installing: /home/jack/ros2_ws/install/dsr_msgs2/share/dsr_msgs2/aux_control/GetDesiredVelx.srv
[167.373s] -- Installing: /home/jack/ros2_ws/install/dsr_msgs2/share/dsr_msgs2/aux_control/GetDesiredVelx_Request.msg
[167.373s] -- Installing: /home/jack/ros2_ws/install/dsr_msgs2/share/dsr_msgs2/aux_control/GetDesiredVelx_Response.msg
[167.373s] -- Installing: /home/jack/ros2_ws/install/dsr_msgs2/share/dsr_msgs2/aux_control/GetCurrentSolutionSpace.srv
[167.374s] -- Installing: /home/jack/ros2_ws/install/dsr_msgs2/share/dsr_msgs2/aux_control/GetCurrentSolutionSpace_Request.msg
[167.375s] -- Installing: /home/jack/ros2_ws/install/dsr_msgs2/share/dsr_msgs2/aux_control/GetCurrentSolutionSpace_Response.msg
[167.376s] -- Installing: /home/jack/ros2_ws/install/dsr_msgs2/share/dsr_msgs2/aux_control/GetCurrentRotm.srv
[167.376s] -- Installing: /home/jack/ros2_ws/install/dsr_msgs2/share/dsr_msgs2/aux_control/GetCurrentRotm_Request.msg
[167.377s] -- Installing: /home/jack/ros2_ws/install/dsr_msgs2/share/dsr_msgs2/aux_control/GetCurrentRotm_Response.msg
[167.377s] -- Installing: /home/jack/ros2_ws/install/dsr_msgs2/share/dsr_msgs2/aux_control/GetJointTorque.srv
[167.378s] -- Installing: /home/jack/ros2_ws/install/dsr_msgs2/share/dsr_msgs2/aux_control/GetJointTorque_Request.msg
[167.378s] -- Installing: /home/jack/ros2_ws/install/dsr_msgs2/share/dsr_msgs2/aux_control/GetJointTorque_Response.msg
[167.379s] -- Installing: /home/jack/ros2_ws/install/dsr_msgs2/share/dsr_msgs2/aux_control/GetExternalTorque.srv
[167.379s] -- Installing: /home/jack/ros2_ws/install/dsr_msgs2/share/dsr_msgs2/aux_control/GetExternalTorque_Request.msg
[167.380s] -- Installing: /home/jack/ros2_ws/install/dsr_msgs2/share/dsr_msgs2/aux_control/GetExternalTorque_Response.msg
[167.380s] -- Installing: /home/jack/ros2_ws/install/dsr_msgs2/share/dsr_msgs2/aux_control/GetToolForce.srv
[167.380s] -- Installing: /home/jack/ros2_ws/install/dsr_msgs2/share/dsr_msgs2/aux_control/GetToolForce_Request.msg
[167.381s] -- Installing: /home/jack/ros2_ws/install/dsr_msgs2/share/dsr_msgs2/aux_control/GetToolForce_Response.msg
[167.381s] -- Installing: /home/jack/ros2_ws/install/dsr_msgs2/share/dsr_msgs2/aux_control/GetSolutionSpace.srv
[167.382s] -- Installing: /home/jack/ros2_ws/install/dsr_msgs2/share/dsr_msgs2/aux_control/GetSolutionSpace_Request.msg
[167.382s] -- Installing: /home/jack/ros2_ws/install/dsr_msgs2/share/dsr_msgs2/aux_control/GetSolutionSpace_Response.msg
[167.382s] -- Installing: /home/jack/ros2_ws/install/dsr_msgs2/share/dsr_msgs2/aux_control/GetOrientationError.srv
[167.383s] -- Installing: /home/jack/ros2_ws/install/dsr_msgs2/share/dsr_msgs2/aux_control/GetOrientationError_Request.msg
[167.383s] -- Installing: /home/jack/ros2_ws/install/dsr_msgs2/share/dsr_msgs2/aux_control/GetOrientationError_Response.msg
[167.384s] -- Installing: /home/jack/ros2_ws/install/dsr_msgs2/share/dsr_msgs2/force/ParallelAxis1.srv
[167.384s] -- Installing: /home/jack/ros2_ws/install/dsr_msgs2/share/dsr_msgs2/force/ParallelAxis1_Request.msg
[167.385s] -- Installing: /home/jack/ros2_ws/install/dsr_msgs2/share/dsr_msgs2/force/ParallelAxis1_Response.msg
[167.385s] -- Installing: /home/jack/ros2_ws/install/dsr_msgs2/share/dsr_msgs2/force/ParallelAxis2.srv
[167.385s] -- Installing: /home/jack/ros2_ws/install/dsr_msgs2/share/dsr_msgs2/force/ParallelAxis2_Request.msg
[167.386s] -- Installing: /home/jack/ros2_ws/install/dsr_msgs2/share/dsr_msgs2/force/ParallelAxis2_Response.msg
[167.386s] -- Installing: /home/jack/ros2_ws/install/dsr_msgs2/share/dsr_msgs2/force/AlignAxis1.srv
[167.386s] -- Installing: /home/jack/ros2_ws/install/dsr_msgs2/share/dsr_msgs2/force/AlignAxis1_Request.msg
[167.387s] -- Installing: /home/jack/ros2_ws/install/dsr_msgs2/share/dsr_msgs2/force/AlignAxis1_Response.msg
[167.387s] -- Installing: /home/jack/ros2_ws/install/dsr_msgs2/share/dsr_msgs2/force/AlignAxis2.srv
[167.388s] -- Installing: /home/jack/ros2_ws/install/dsr_msgs2/share/dsr_msgs2/force/AlignAxis2_Request.msg
[167.388s] -- Installing: /home/jack/ros2_ws/install/dsr_msgs2/share/dsr_msgs2/force/AlignAxis2_Response.msg
[167.388s] -- Installing: /home/jack/ros2_ws/install/dsr_msgs2/share/dsr_msgs2/force/IsDoneBoltTightening.srv
[167.389s] -- Installing: /home/jack/ros2_ws/install/dsr_msgs2/share/dsr_msgs2/force/IsDoneBoltTightening_Request.msg
[167.389s] -- Installing: /home/jack/ros2_ws/install/dsr_msgs2/share/dsr_msgs2/force/IsDoneBoltTightening_Response.msg
[167.389s] -- Installing: /home/jack/ros2_ws/install/dsr_msgs2/share/dsr_msgs2/force/ReleaseComplianceCtrl.srv
[167.390s] -- Installing: /home/jack/ros2_ws/install/dsr_msgs2/share/dsr_msgs2/force/ReleaseComplianceCtrl_Request.msg
[167.391s] -- Installing: /home/jack/ros2_ws/install/dsr_msgs2/share/dsr_msgs2/force/ReleaseComplianceCtrl_Response.msg
[167.391s] -- Installing: /home/jack/ros2_ws/install/dsr_msgs2/share/dsr_msgs2/force/TaskComplianceCtrl.srv
[167.392s] -- Installing: /home/jack/ros2_ws/install/dsr_msgs2/share/dsr_msgs2/force/TaskComplianceCtrl_Request.msg
[167.393s] -- Installing: /home/jack/ros2_ws/install/dsr_msgs2/share/dsr_msgs2/force/TaskComplianceCtrl_Response.msg
[167.393s] -- Installing: /home/jack/ros2_ws/install/dsr_msgs2/share/dsr_msgs2/force/SetStiffnessx.srv
[167.394s] -- Installing: /home/jack/ros2_ws/install/dsr_msgs2/share/dsr_msgs2/force/SetStiffnessx_Request.msg
[167.394s] -- Installing: /home/jack/ros2_ws/install/dsr_msgs2/share/dsr_msgs2/force/SetStiffnessx_Response.msg
[167.394s] -- Installing: /home/jack/ros2_ws/install/dsr_msgs2/share/dsr_msgs2/force/CalcCoord.srv
[167.395s] -- Installing: /home/jack/ros2_ws/install/dsr_msgs2/share/dsr_msgs2/force/CalcCoord_Request.msg
[167.395s] -- Installing: /home/jack/ros2_ws/install/dsr_msgs2/share/dsr_msgs2/force/CalcCoord_Response.msg
[167.396s] -- Installing: /home/jack/ros2_ws/install/dsr_msgs2/share/dsr_msgs2/force/SetUserCartCoord1.srv
[167.396s] -- Installing: /home/jack/ros2_ws/install/dsr_msgs2/share/dsr_msgs2/force/SetUserCartCoord1_Request.msg
[167.397s] -- Installing: /home/jack/ros2_ws/install/dsr_msgs2/share/dsr_msgs2/force/SetUserCartCoord1_Response.msg
[167.397s] -- Installing: /home/jack/ros2_ws/install/dsr_msgs2/share/dsr_msgs2/force/SetUserCartCoord2.srv
[167.397s] -- Installing: /home/jack/ros2_ws/install/dsr_msgs2/share/dsr_msgs2/force/SetUserCartCoord2_Request.msg
[167.398s] -- Installing: /home/jack/ros2_ws/install/dsr_msgs2/share/dsr_msgs2/force/SetUserCartCoord2_Response.msg
[167.398s] -- Installing: /home/jack/ros2_ws/install/dsr_msgs2/share/dsr_msgs2/force/SetUserCartCoord3.srv
[167.399s] -- Installing: /home/jack/ros2_ws/install/dsr_msgs2/share/dsr_msgs2/force/SetUserCartCoord3_Request.msg
[167.399s] -- Installing: /home/jack/ros2_ws/install/dsr_msgs2/share/dsr_msgs2/force/SetUserCartCoord3_Response.msg
[167.399s] -- Installing: /home/jack/ros2_ws/install/dsr_msgs2/share/dsr_msgs2/force/OverwriteUserCartCoord.srv
[167.400s] -- Installing: /home/jack/ros2_ws/install/dsr_msgs2/share/dsr_msgs2/force/OverwriteUserCartCoord_Request.msg
[167.401s] -- Installing: /home/jack/ros2_ws/install/dsr_msgs2/share/dsr_msgs2/force/OverwriteUserCartCoord_Response.msg
[167.401s] -- Installing: /home/jack/ros2_ws/install/dsr_msgs2/share/dsr_msgs2/force/GetUserCartCoord.srv
[167.401s] -- Installing: /home/jack/ros2_ws/install/dsr_msgs2/share/dsr_msgs2/force/GetUserCartCoord_Request.msg
[167.402s] -- Installing: /home/jack/ros2_ws/install/dsr_msgs2/share/dsr_msgs2/force/GetUserCartCoord_Response.msg
[167.402s] -- Installing: /home/jack/ros2_ws/install/dsr_msgs2/share/dsr_msgs2/force/SetDesiredForce.srv
[167.402s] -- Installing: /home/jack/ros2_ws/install/dsr_msgs2/share/dsr_msgs2/force/SetDesiredForce_Request.msg
[167.403s] -- Installing: /home/jack/ros2_ws/install/dsr_msgs2/share/dsr_msgs2/force/SetDesiredForce_Response.msg
[167.403s] -- Installing: /home/jack/ros2_ws/install/dsr_msgs2/share/dsr_msgs2/force/ReleaseForce.srv
[167.404s] -- Installing: /home/jack/ros2_ws/install/dsr_msgs2/share/dsr_msgs2/force/ReleaseForce_Request.msg
[167.404s] -- Installing: /home/jack/ros2_ws/install/dsr_msgs2/share/dsr_msgs2/force/ReleaseForce_Response.msg
[167.405s] -- Installing: /home/jack/ros2_ws/install/dsr_msgs2/share/dsr_msgs2/force/CheckPositionCondition.srv
[167.405s] -- Installing: /home/jack/ros2_ws/install/dsr_msgs2/share/dsr_msgs2/force/CheckPositionCondition_Request.msg
[167.405s] -- Installing: /home/jack/ros2_ws/install/dsr_msgs2/share/dsr_msgs2/force/CheckPositionCondition_Response.msg
[167.406s] -- Installing: /home/jack/ros2_ws/install/dsr_msgs2/share/dsr_msgs2/force/CheckForceCondition.srv
[167.406s] -- Installing: /home/jack/ros2_ws/install/dsr_msgs2/share/dsr_msgs2/force/CheckForceCondition_Request.msg
[167.407s] -- Installing: /home/jack/ros2_ws/install/dsr_msgs2/share/dsr_msgs2/force/CheckForceCondition_Response.msg
[167.408s] -- Installing: /home/jack/ros2_ws/install/dsr_msgs2/share/dsr_msgs2/force/CheckOrientationCondition1.srv
[167.409s] -- Installing: /home/jack/ros2_ws/install/dsr_msgs2/share/dsr_msgs2/force/CheckOrientationCondition1_Request.msg
[167.410s] -- Installing: /home/jack/ros2_ws/install/dsr_msgs2/share/dsr_msgs2/force/CheckOrientationCondition1_Response.msg
[167.410s] -- Installing: /home/jack/ros2_ws/install/dsr_msgs2/share/dsr_msgs2/force/CheckOrientationCondition2.srv
[167.410s] -- Installing: /home/jack/ros2_ws/install/dsr_msgs2/share/dsr_msgs2/force/CheckOrientationCondition2_Request.msg
[167.411s] -- Installing: /home/jack/ros2_ws/install/dsr_msgs2/share/dsr_msgs2/force/CheckOrientationCondition2_Response.msg
[167.412s] -- Installing: /home/jack/ros2_ws/install/dsr_msgs2/share/dsr_msgs2/force/CoordTransform.srv
[167.412s] -- Installing: /home/jack/ros2_ws/install/dsr_msgs2/share/dsr_msgs2/force/CoordTransform_Request.msg
[167.413s] -- Installing: /home/jack/ros2_ws/install/dsr_msgs2/share/dsr_msgs2/force/CoordTransform_Response.msg
[167.413s] -- Installing: /home/jack/ros2_ws/install/dsr_msgs2/share/dsr_msgs2/force/GetWorkpieceWeight.srv
[167.414s] -- Installing: /home/jack/ros2_ws/install/dsr_msgs2/share/dsr_msgs2/force/GetWorkpieceWeight_Request.msg
[167.414s] -- Installing: /home/jack/ros2_ws/install/dsr_msgs2/share/dsr_msgs2/force/GetWorkpieceWeight_Response.msg
[167.415s] -- Installing: /home/jack/ros2_ws/install/dsr_msgs2/share/dsr_msgs2/force/ResetWorkpieceWeight.srv
[167.415s] -- Installing: /home/jack/ros2_ws/install/dsr_msgs2/share/dsr_msgs2/force/ResetWorkpieceWeight_Request.msg
[167.415s] -- Installing: /home/jack/ros2_ws/install/dsr_msgs2/share/dsr_msgs2/force/ResetWorkpieceWeight_Response.msg
[167.416s] -- Installing: /home/jack/ros2_ws/install/dsr_msgs2/share/dsr_msgs2/tool/ConfigCreateTool.srv
[167.416s] -- Installing: /home/jack/ros2_ws/install/dsr_msgs2/share/dsr_msgs2/tool/ConfigCreateTool_Request.msg
[167.417s] -- Installing: /home/jack/ros2_ws/install/dsr_msgs2/share/dsr_msgs2/tool/ConfigCreateTool_Response.msg
[167.417s] -- Installing: /home/jack/ros2_ws/install/dsr_msgs2/share/dsr_msgs2/tool/ConfigDeleteTool.srv
[167.417s] -- Installing: /home/jack/ros2_ws/install/dsr_msgs2/share/dsr_msgs2/tool/ConfigDeleteTool_Request.msg
[167.418s] -- Installing: /home/jack/ros2_ws/install/dsr_msgs2/share/dsr_msgs2/tool/ConfigDeleteTool_Response.msg
[167.418s] -- Installing: /home/jack/ros2_ws/install/dsr_msgs2/share/dsr_msgs2/tool/SetCurrentTool.srv
[167.418s] -- Installing: /home/jack/ros2_ws/install/dsr_msgs2/share/dsr_msgs2/tool/SetCurrentTool_Request.msg
[167.419s] -- Installing: /home/jack/ros2_ws/install/dsr_msgs2/share/dsr_msgs2/tool/SetCurrentTool_Response.msg
[167.419s] -- Installing: /home/jack/ros2_ws/install/dsr_msgs2/share/dsr_msgs2/tool/GetCurrentTool.srv
[167.420s] -- Installing: /home/jack/ros2_ws/install/dsr_msgs2/share/dsr_msgs2/tool/GetCurrentTool_Request.msg
[167.420s] -- Installing: /home/jack/ros2_ws/install/dsr_msgs2/share/dsr_msgs2/tool/GetCurrentTool_Response.msg
[167.420s] -- Installing: /home/jack/ros2_ws/install/dsr_msgs2/share/dsr_msgs2/tool/SetToolShape.srv
[167.421s] -- Installing: /home/jack/ros2_ws/install/dsr_msgs2/share/dsr_msgs2/tool/SetToolShape_Request.msg
[167.421s] -- Installing: /home/jack/ros2_ws/install/dsr_msgs2/share/dsr_msgs2/tool/SetToolShape_Response.msg
[167.422s] -- Installing: /home/jack/ros2_ws/install/dsr_msgs2/share/dsr_msgs2/tcp/ConfigCreateTcp.srv
[167.422s] -- Installing: /home/jack/ros2_ws/install/dsr_msgs2/share/dsr_msgs2/tcp/ConfigCreateTcp_Request.msg
[167.423s] -- Installing: /home/jack/ros2_ws/install/dsr_msgs2/share/dsr_msgs2/tcp/ConfigCreateTcp_Response.msg
[167.423s] -- Installing: /home/jack/ros2_ws/install/dsr_msgs2/share/dsr_msgs2/tcp/ConfigDeleteTcp.srv
[167.424s] -- Installing: /home/jack/ros2_ws/install/dsr_msgs2/share/dsr_msgs2/tcp/ConfigDeleteTcp_Request.msg
[167.425s] -- Installing: /home/jack/ros2_ws/install/dsr_msgs2/share/dsr_msgs2/tcp/ConfigDeleteTcp_Response.msg
[167.425s] -- Installing: /home/jack/ros2_ws/install/dsr_msgs2/share/dsr_msgs2/tcp/SetCurrentTcp.srv
[167.425s] -- Installing: /home/jack/ros2_ws/install/dsr_msgs2/share/dsr_msgs2/tcp/SetCurrentTcp_Request.msg
[167.426s] -- Installing: /home/jack/ros2_ws/install/dsr_msgs2/share/dsr_msgs2/tcp/SetCurrentTcp_Response.msg
[167.426s] -- Installing: /home/jack/ros2_ws/install/dsr_msgs2/share/dsr_msgs2/tcp/GetCurrentTcp.srv
[167.427s] -- Installing: /home/jack/ros2_ws/install/dsr_msgs2/share/dsr_msgs2/tcp/GetCurrentTcp_Request.msg
[167.427s] -- Installing: /home/jack/ros2_ws/install/dsr_msgs2/share/dsr_msgs2/tcp/GetCurrentTcp_Response.msg
[167.427s] -- Installing: /home/jack/ros2_ws/install/dsr_msgs2/share/dsr_msgs2/io/SetToolDigitalOutput.srv
[167.428s] -- Installing: /home/jack/ros2_ws/install/dsr_msgs2/share/dsr_msgs2/io/SetToolDigitalOutput_Request.msg
[167.429s] -- Installing: /home/jack/ros2_ws/install/dsr_msgs2/share/dsr_msgs2/io/SetToolDigitalOutput_Response.msg
[167.429s] -- Installing: /home/jack/ros2_ws/install/dsr_msgs2/share/dsr_msgs2/io/GetToolDigitalOutput.srv
[167.430s] -- Installing: /home/jack/ros2_ws/install/dsr_msgs2/share/dsr_msgs2/io/GetToolDigitalOutput_Request.msg
[167.430s] -- Installing: /home/jack/ros2_ws/install/dsr_msgs2/share/dsr_msgs2/io/GetToolDigitalOutput_Response.msg
[167.430s] -- Installing: /home/jack/ros2_ws/install/dsr_msgs2/share/dsr_msgs2/io/GetToolDigitalInput.srv
[167.431s] -- Installing: /home/jack/ros2_ws/install/dsr_msgs2/share/dsr_msgs2/io/GetToolDigitalInput_Request.msg
[167.431s] -- Installing: /home/jack/ros2_ws/install/dsr_msgs2/share/dsr_msgs2/io/GetToolDigitalInput_Response.msg
[167.431s] -- Installing: /home/jack/ros2_ws/install/dsr_msgs2/share/dsr_msgs2/io/SetCtrlBoxDigitalOutput.srv
[167.432s] -- Installing: /home/jack/ros2_ws/install/dsr_msgs2/share/dsr_msgs2/io/SetCtrlBoxDigitalOutput_Request.msg
[167.432s] -- Installing: /home/jack/ros2_ws/install/dsr_msgs2/share/dsr_msgs2/io/SetCtrlBoxDigitalOutput_Response.msg
[167.432s] -- Installing: /home/jack/ros2_ws/install/dsr_msgs2/share/dsr_msgs2/io/GetCtrlBoxDigitalOutput.srv
[167.433s] -- Installing: /home/jack/ros2_ws/install/dsr_msgs2/share/dsr_msgs2/io/GetCtrlBoxDigitalOutput_Request.msg
[167.433s] -- Installing: /home/jack/ros2_ws/install/dsr_msgs2/share/dsr_msgs2/io/GetCtrlBoxDigitalOutput_Response.msg
[167.434s] -- Installing: /home/jack/ros2_ws/install/dsr_msgs2/share/dsr_msgs2/io/GetCtrlBoxDigitalInput.srv
[167.434s] -- Installing: /home/jack/ros2_ws/install/dsr_msgs2/share/dsr_msgs2/io/GetCtrlBoxDigitalInput_Request.msg
[167.435s] -- Installing: /home/jack/ros2_ws/install/dsr_msgs2/share/dsr_msgs2/io/GetCtrlBoxDigitalInput_Response.msg
[167.435s] -- Installing: /home/jack/ros2_ws/install/dsr_msgs2/share/dsr_msgs2/io/SetCtrlBoxAnalogInputType.srv
[167.435s] -- Installing: /home/jack/ros2_ws/install/dsr_msgs2/share/dsr_msgs2/io/SetCtrlBoxAnalogInputType_Request.msg
[167.436s] -- Installing: /home/jack/ros2_ws/install/dsr_msgs2/share/dsr_msgs2/io/SetCtrlBoxAnalogInputType_Response.msg
[167.436s] -- Installing: /home/jack/ros2_ws/install/dsr_msgs2/share/dsr_msgs2/io/SetCtrlBoxAnalogOutputType.srv
[167.437s] -- Installing: /home/jack/ros2_ws/install/dsr_msgs2/share/dsr_msgs2/io/SetCtrlBoxAnalogOutputType_Request.msg
[167.437s] -- Installing: /home/jack/ros2_ws/install/dsr_msgs2/share/dsr_msgs2/io/SetCtrlBoxAnalogOutputType_Response.msg
[167.437s] -- Installing: /home/jack/ros2_ws/install/dsr_msgs2/share/dsr_msgs2/io/SetCtrlBoxAnalogOutput.srv
[167.438s] -- Installing: /home/jack/ros2_ws/install/dsr_msgs2/share/dsr_msgs2/io/SetCtrlBoxAnalogOutput_Request.msg
[167.438s] -- Installing: /home/jack/ros2_ws/install/dsr_msgs2/share/dsr_msgs2/io/SetCtrlBoxAnalogOutput_Response.msg
[167.439s] -- Installing: /home/jack/ros2_ws/install/dsr_msgs2/share/dsr_msgs2/io/GetCtrlBoxAnalogInput.srv
[167.439s] -- Installing: /home/jack/ros2_ws/install/dsr_msgs2/share/dsr_msgs2/io/GetCtrlBoxAnalogInput_Request.msg
[167.439s] -- Installing: /home/jack/ros2_ws/install/dsr_msgs2/share/dsr_msgs2/io/GetCtrlBoxAnalogInput_Response.msg
[167.441s] -- Installing: /home/jack/ros2_ws/install/dsr_msgs2/share/dsr_msgs2/modbus/ConfigCreateModbus.srv
[167.441s] -- Installing: /home/jack/ros2_ws/install/dsr_msgs2/share/dsr_msgs2/modbus/ConfigCreateModbus_Request.msg
[167.442s] -- Installing: /home/jack/ros2_ws/install/dsr_msgs2/share/dsr_msgs2/modbus/ConfigCreateModbus_Response.msg
[167.443s] -- Installing: /home/jack/ros2_ws/install/dsr_msgs2/share/dsr_msgs2/modbus/ConfigDeleteModbus.srv
[167.443s] -- Installing: /home/jack/ros2_ws/install/dsr_msgs2/share/dsr_msgs2/modbus/ConfigDeleteModbus_Request.msg
[167.443s] -- Installing: /home/jack/ros2_ws/install/dsr_msgs2/share/dsr_msgs2/modbus/ConfigDeleteModbus_Response.msg
[167.444s] -- Installing: /home/jack/ros2_ws/install/dsr_msgs2/share/dsr_msgs2/modbus/SetModbusOutput.srv
[167.445s] -- Installing: /home/jack/ros2_ws/install/dsr_msgs2/share/dsr_msgs2/modbus/SetModbusOutput_Request.msg
[167.445s] -- Installing: /home/jack/ros2_ws/install/dsr_msgs2/share/dsr_msgs2/modbus/SetModbusOutput_Response.msg
[167.446s] -- Installing: /home/jack/ros2_ws/install/dsr_msgs2/share/dsr_msgs2/modbus/GetModbusInput.srv
[167.446s] -- Installing: /home/jack/ros2_ws/install/dsr_msgs2/share/dsr_msgs2/modbus/GetModbusInput_Request.msg
[167.447s] -- Installing: /home/jack/ros2_ws/install/dsr_msgs2/share/dsr_msgs2/modbus/GetModbusInput_Response.msg
[167.447s] -- Installing: /home/jack/ros2_ws/install/dsr_msgs2/share/dsr_msgs2/drl/DrlStart.srv
[167.448s] -- Installing: /home/jack/ros2_ws/install/dsr_msgs2/share/dsr_msgs2/drl/DrlStart_Request.msg
[167.448s] -- Installing: /home/jack/ros2_ws/install/dsr_msgs2/share/dsr_msgs2/drl/DrlStart_Response.msg
[167.449s] -- Installing: /home/jack/ros2_ws/install/dsr_msgs2/share/dsr_msgs2/drl/DrlStop.srv
[167.449s] -- Installing: /home/jack/ros2_ws/install/dsr_msgs2/share/dsr_msgs2/drl/DrlStop_Request.msg
[167.449s] -- Installing: /home/jack/ros2_ws/install/dsr_msgs2/share/dsr_msgs2/drl/DrlStop_Response.msg
[167.450s] -- Installing: /home/jack/ros2_ws/install/dsr_msgs2/share/dsr_msgs2/drl/DrlPause.srv
[167.450s] -- Installing: /home/jack/ros2_ws/install/dsr_msgs2/share/dsr_msgs2/drl/DrlPause_Request.msg
[167.450s] -- Installing: /home/jack/ros2_ws/install/dsr_msgs2/share/dsr_msgs2/drl/DrlPause_Response.msg
[167.451s] -- Installing: /home/jack/ros2_ws/install/dsr_msgs2/share/dsr_msgs2/drl/DrlResume.srv
[167.451s] -- Installing: /home/jack/ros2_ws/install/dsr_msgs2/share/dsr_msgs2/drl/DrlResume_Request.msg
[167.452s] -- Installing: /home/jack/ros2_ws/install/dsr_msgs2/share/dsr_msgs2/drl/DrlResume_Response.msg
[167.452s] -- Installing: /home/jack/ros2_ws/install/dsr_msgs2/share/dsr_msgs2/drl/GetDrlState.srv
[167.452s] -- Installing: /home/jack/ros2_ws/install/dsr_msgs2/share/dsr_msgs2/drl/GetDrlState_Request.msg
[167.453s] -- Installing: /home/jack/ros2_ws/install/dsr_msgs2/share/dsr_msgs2/drl/GetDrlState_Response.msg
[167.453s] -- Installing: /home/jack/ros2_ws/install/dsr_msgs2/share/dsr_msgs2/gripper/Robotiq2FClose.srv
[167.454s] -- Installing: /home/jack/ros2_ws/install/dsr_msgs2/share/dsr_msgs2/gripper/Robotiq2FClose_Request.msg
[167.454s] -- Installing: /home/jack/ros2_ws/install/dsr_msgs2/share/dsr_msgs2/gripper/Robotiq2FClose_Response.msg
[167.455s] -- Installing: /home/jack/ros2_ws/install/dsr_msgs2/share/dsr_msgs2/gripper/Robotiq2FOpen.srv
[167.455s] -- Installing: /home/jack/ros2_ws/install/dsr_msgs2/share/dsr_msgs2/gripper/Robotiq2FOpen_Request.msg
[167.456s] -- Installing: /home/jack/ros2_ws/install/dsr_msgs2/share/dsr_msgs2/gripper/Robotiq2FOpen_Response.msg
[167.456s] -- Installing: /home/jack/ros2_ws/install/dsr_msgs2/share/dsr_msgs2/gripper/Robotiq2FMove.srv
[167.457s] -- Installing: /home/jack/ros2_ws/install/dsr_msgs2/share/dsr_msgs2/gripper/Robotiq2FMove_Request.msg
[167.457s] -- Installing: /home/jack/ros2_ws/install/dsr_msgs2/share/dsr_msgs2/gripper/Robotiq2FMove_Response.msg
[167.458s] -- Installing: /home/jack/ros2_ws/install/dsr_msgs2/share/dsr_msgs2/gripper/SerialSendData.srv
[167.458s] -- Installing: /home/jack/ros2_ws/install/dsr_msgs2/share/dsr_msgs2/gripper/SerialSendData_Request.msg
[167.459s] -- Installing: /home/jack/ros2_ws/install/dsr_msgs2/share/dsr_msgs2/gripper/SerialSendData_Response.msg
[167.459s] -- Installing: /home/jack/ros2_ws/install/dsr_msgs2/share/dsr_msgs2/realtime/ConnectRtControl.srv
[167.460s] -- Installing: /home/jack/ros2_ws/install/dsr_msgs2/share/dsr_msgs2/realtime/ConnectRtControl_Request.msg
[167.461s] -- Installing: /home/jack/ros2_ws/install/dsr_msgs2/share/dsr_msgs2/realtime/ConnectRtControl_Response.msg
[167.461s] -- Installing: /home/jack/ros2_ws/install/dsr_msgs2/share/dsr_msgs2/realtime/DisconnectRtControl.srv
[167.462s] -- Installing: /home/jack/ros2_ws/install/dsr_msgs2/share/dsr_msgs2/realtime/DisconnectRtControl_Request.msg
[167.463s] -- Installing: /home/jack/ros2_ws/install/dsr_msgs2/share/dsr_msgs2/realtime/DisconnectRtControl_Response.msg
[167.463s] -- Installing: /home/jack/ros2_ws/install/dsr_msgs2/share/dsr_msgs2/realtime/GetRtControlInputDataList.srv
[167.464s] -- Installing: /home/jack/ros2_ws/install/dsr_msgs2/share/dsr_msgs2/realtime/GetRtControlInputDataList_Request.msg
[167.464s] -- Installing: /home/jack/ros2_ws/install/dsr_msgs2/share/dsr_msgs2/realtime/GetRtControlInputDataList_Response.msg
[167.464s] -- Installing: /home/jack/ros2_ws/install/dsr_msgs2/share/dsr_msgs2/realtime/GetRtControlInputVersionList.srv
[167.465s] -- Installing: /home/jack/ros2_ws/install/dsr_msgs2/share/dsr_msgs2/realtime/GetRtControlInputVersionList_Request.msg
[167.465s] -- Installing: /home/jack/ros2_ws/install/dsr_msgs2/share/dsr_msgs2/realtime/GetRtControlInputVersionList_Response.msg
[167.466s] -- Installing: /home/jack/ros2_ws/install/dsr_msgs2/share/dsr_msgs2/realtime/GetRtControlOutputDataList.srv
[167.466s] -- Installing: /home/jack/ros2_ws/install/dsr_msgs2/share/dsr_msgs2/realtime/GetRtControlOutputDataList_Request.msg
[167.467s] -- Installing: /home/jack/ros2_ws/install/dsr_msgs2/share/dsr_msgs2/realtime/GetRtControlOutputDataList_Response.msg
[167.467s] -- Installing: /home/jack/ros2_ws/install/dsr_msgs2/share/dsr_msgs2/realtime/GetRtControlOutputVersionList.srv
[167.468s] -- Installing: /home/jack/ros2_ws/install/dsr_msgs2/share/dsr_msgs2/realtime/GetRtControlOutputVersionList_Request.msg
[167.468s] -- Installing: /home/jack/ros2_ws/install/dsr_msgs2/share/dsr_msgs2/realtime/GetRtControlOutputVersionList_Response.msg
[167.468s] -- Installing: /home/jack/ros2_ws/install/dsr_msgs2/share/dsr_msgs2/realtime/ReadDataRt.srv
[167.469s] -- Installing: /home/jack/ros2_ws/install/dsr_msgs2/share/dsr_msgs2/realtime/ReadDataRt_Request.msg
[167.470s] -- Installing: /home/jack/ros2_ws/install/dsr_msgs2/share/dsr_msgs2/realtime/ReadDataRt_Response.msg
[167.470s] -- Installing: /home/jack/ros2_ws/install/dsr_msgs2/share/dsr_msgs2/realtime/SetAccjRt.srv
[167.471s] -- Installing: /home/jack/ros2_ws/install/dsr_msgs2/share/dsr_msgs2/realtime/SetAccjRt_Request.msg
[167.471s] -- Installing: /home/jack/ros2_ws/install/dsr_msgs2/share/dsr_msgs2/realtime/SetAccjRt_Response.msg
[167.472s] -- Installing: /home/jack/ros2_ws/install/dsr_msgs2/share/dsr_msgs2/realtime/SetAccxRt.srv
[167.472s] -- Installing: /home/jack/ros2_ws/install/dsr_msgs2/share/dsr_msgs2/realtime/SetAccxRt_Request.msg
[167.472s] -- Installing: /home/jack/ros2_ws/install/dsr_msgs2/share/dsr_msgs2/realtime/SetAccxRt_Response.msg
[167.473s] -- Installing: /home/jack/ros2_ws/install/dsr_msgs2/share/dsr_msgs2/realtime/SetRtControlInput.srv
[167.474s] -- Installing: /home/jack/ros2_ws/install/dsr_msgs2/share/dsr_msgs2/realtime/SetRtControlInput_Request.msg
[167.474s] -- Installing: /home/jack/ros2_ws/install/dsr_msgs2/share/dsr_msgs2/realtime/SetRtControlInput_Response.msg
[167.474s] -- Installing: /home/jack/ros2_ws/install/dsr_msgs2/share/dsr_msgs2/realtime/SetRtControlOutput.srv
[167.475s] -- Installing: /home/jack/ros2_ws/install/dsr_msgs2/share/dsr_msgs2/realtime/SetRtControlOutput_Request.msg
[167.476s] -- Installing: /home/jack/ros2_ws/install/dsr_msgs2/share/dsr_msgs2/realtime/SetRtControlOutput_Response.msg
[167.476s] -- Installing: /home/jack/ros2_ws/install/dsr_msgs2/share/dsr_msgs2/realtime/SetVeljRt.srv
[167.476s] -- Installing: /home/jack/ros2_ws/install/dsr_msgs2/share/dsr_msgs2/realtime/SetVeljRt_Request.msg
[167.477s] -- Installing: /home/jack/ros2_ws/install/dsr_msgs2/share/dsr_msgs2/realtime/SetVeljRt_Response.msg
[167.477s] -- Installing: /home/jack/ros2_ws/install/dsr_msgs2/share/dsr_msgs2/realtime/SetVelxRt.srv
[167.478s] -- Installing: /home/jack/ros2_ws/install/dsr_msgs2/share/dsr_msgs2/realtime/SetVelxRt_Request.msg
[167.478s] -- Installing: /home/jack/ros2_ws/install/dsr_msgs2/share/dsr_msgs2/realtime/SetVelxRt_Response.msg
[167.479s] -- Installing: /home/jack/ros2_ws/install/dsr_msgs2/share/dsr_msgs2/realtime/StartRtControl.srv
[167.479s] -- Installing: /home/jack/ros2_ws/install/dsr_msgs2/share/dsr_msgs2/realtime/StartRtControl_Request.msg
[167.479s] -- Installing: /home/jack/ros2_ws/install/dsr_msgs2/share/dsr_msgs2/realtime/StartRtControl_Response.msg
[167.480s] -- Installing: /home/jack/ros2_ws/install/dsr_msgs2/share/dsr_msgs2/realtime/StopRtControl.srv
[167.480s] -- Installing: /home/jack/ros2_ws/install/dsr_msgs2/share/dsr_msgs2/realtime/StopRtControl_Request.msg
[167.481s] -- Installing: /home/jack/ros2_ws/install/dsr_msgs2/share/dsr_msgs2/realtime/StopRtControl_Response.msg
[167.481s] -- Installing: /home/jack/ros2_ws/install/dsr_msgs2/share/dsr_msgs2/realtime/WriteDataRt.srv
[167.482s] -- Installing: /home/jack/ros2_ws/install/dsr_msgs2/share/dsr_msgs2/realtime/WriteDataRt_Request.msg
[167.482s] -- Installing: /home/jack/ros2_ws/install/dsr_msgs2/share/dsr_msgs2/realtime/WriteDataRt_Response.msg
[167.483s] -- Installing: /home/jack/ros2_ws/install/dsr_msgs2/share/ament_index/resource_index/package_run_dependencies/dsr_msgs2
[167.483s] -- Installing: /home/jack/ros2_ws/install/dsr_msgs2/share/ament_index/resource_index/parent_prefix_path/dsr_msgs2
[167.486s] -- Installing: /home/jack/ros2_ws/install/dsr_msgs2/share/dsr_msgs2/environment/ament_prefix_path.sh
[167.487s] -- Installing: /home/jack/ros2_ws/install/dsr_msgs2/share/dsr_msgs2/environment/ament_prefix_path.dsv
[167.487s] -- Installing: /home/jack/ros2_ws/install/dsr_msgs2/share/dsr_msgs2/environment/path.sh
[167.487s] -- Installing: /home/jack/ros2_ws/install/dsr_msgs2/share/dsr_msgs2/environment/path.dsv
[167.488s] -- Installing: /home/jack/ros2_ws/install/dsr_msgs2/share/dsr_msgs2/local_setup.bash
[167.488s] -- Installing: /home/jack/ros2_ws/install/dsr_msgs2/share/dsr_msgs2/local_setup.sh
[167.489s] -- Installing: /home/jack/ros2_ws/install/dsr_msgs2/share/dsr_msgs2/local_setup.zsh
[167.489s] -- Installing: /home/jack/ros2_ws/install/dsr_msgs2/share/dsr_msgs2/local_setup.dsv
[167.490s] -- Installing: /home/jack/ros2_ws/install/dsr_msgs2/share/dsr_msgs2/package.dsv
[167.491s] -- Installing: /home/jack/ros2_ws/install/dsr_msgs2/share/ament_index/resource_index/packages/dsr_msgs2
[167.492s] -- Installing: /home/jack/ros2_ws/install/dsr_msgs2/share/dsr_msgs2/cmake/export_dsr_msgs2__rosidl_generator_cExport.cmake
[167.493s] -- Installing: /home/jack/ros2_ws/install/dsr_msgs2/share/dsr_msgs2/cmake/export_dsr_msgs2__rosidl_generator_cExport-noconfig.cmake
[167.493s] -- Installing: /home/jack/ros2_ws/install/dsr_msgs2/share/dsr_msgs2/cmake/export_dsr_msgs2__rosidl_typesupport_fastrtps_cExport.cmake
[167.494s] -- Installing: /home/jack/ros2_ws/install/dsr_msgs2/share/dsr_msgs2/cmake/export_dsr_msgs2__rosidl_typesupport_fastrtps_cExport-noconfig.cmake
[167.494s] -- Installing: /home/jack/ros2_ws/install/dsr_msgs2/share/dsr_msgs2/cmake/export_dsr_msgs2__rosidl_generator_cppExport.cmake
[167.495s] -- Installing: /home/jack/ros2_ws/install/dsr_msgs2/share/dsr_msgs2/cmake/export_dsr_msgs2__rosidl_typesupport_fastrtps_cppExport.cmake
[167.495s] -- Installing: /home/jack/ros2_ws/install/dsr_msgs2/share/dsr_msgs2/cmake/export_dsr_msgs2__rosidl_typesupport_fastrtps_cppExport-noconfig.cmake
[167.496s] -- Installing: /home/jack/ros2_ws/install/dsr_msgs2/share/dsr_msgs2/cmake/dsr_msgs2__rosidl_typesupport_introspection_cExport.cmake
[167.496s] -- Installing: /home/jack/ros2_ws/install/dsr_msgs2/share/dsr_msgs2/cmake/dsr_msgs2__rosidl_typesupport_introspection_cExport-noconfig.cmake
[167.497s] -- Installing: /home/jack/ros2_ws/install/dsr_msgs2/share/dsr_msgs2/cmake/dsr_msgs2__rosidl_typesupport_cExport.cmake
[167.497s] -- Installing: /home/jack/ros2_ws/install/dsr_msgs2/share/dsr_msgs2/cmake/dsr_msgs2__rosidl_typesupport_cExport-noconfig.cmake
[167.497s] -- Installing: /home/jack/ros2_ws/install/dsr_msgs2/share/dsr_msgs2/cmake/dsr_msgs2__rosidl_typesupport_introspection_cppExport.cmake
[167.498s] -- Installing: /home/jack/ros2_ws/install/dsr_msgs2/share/dsr_msgs2/cmake/dsr_msgs2__rosidl_typesupport_introspection_cppExport-noconfig.cmake
[167.499s] -- Installing: /home/jack/ros2_ws/install/dsr_msgs2/share/dsr_msgs2/cmake/dsr_msgs2__rosidl_typesupport_cppExport.cmake
[167.499s] -- Installing: /home/jack/ros2_ws/install/dsr_msgs2/share/dsr_msgs2/cmake/dsr_msgs2__rosidl_typesupport_cppExport-noconfig.cmake
[167.499s] -- Installing: /home/jack/ros2_ws/install/dsr_msgs2/share/dsr_msgs2/cmake/export_dsr_msgs2__rosidl_generator_pyExport.cmake
[167.500s] -- Installing: /home/jack/ros2_ws/install/dsr_msgs2/share/dsr_msgs2/cmake/export_dsr_msgs2__rosidl_generator_pyExport-noconfig.cmake
[167.500s] -- Installing: /home/jack/ros2_ws/install/dsr_msgs2/share/dsr_msgs2/cmake/rosidl_cmake-extras.cmake
[167.501s] -- Installing: /home/jack/ros2_ws/install/dsr_msgs2/share/dsr_msgs2/cmake/ament_cmake_export_dependencies-extras.cmake
[167.502s] -- Installing: /home/jack/ros2_ws/install/dsr_msgs2/share/dsr_msgs2/cmake/ament_cmake_export_include_directories-extras.cmake
[167.503s] -- Installing: /home/jack/ros2_ws/install/dsr_msgs2/share/dsr_msgs2/cmake/ament_cmake_export_libraries-extras.cmake
[167.504s] -- Installing: /home/jack/ros2_ws/install/dsr_msgs2/share/dsr_msgs2/cmake/ament_cmake_export_targets-extras.cmake
[167.504s] -- Installing: /home/jack/ros2_ws/install/dsr_msgs2/share/dsr_msgs2/cmake/rosidl_cmake_export_typesupport_targets-extras.cmake
[167.505s] -- Installing: /home/jack/ros2_ws/install/dsr_msgs2/share/dsr_msgs2/cmake/rosidl_cmake_export_typesupport_libraries-extras.cmake
[167.505s] -- Installing: /home/jack/ros2_ws/install/dsr_msgs2/share/dsr_msgs2/cmake/dsr_msgs2Config.cmake
[167.506s] -- Installing: /home/jack/ros2_ws/install/dsr_msgs2/share/dsr_msgs2/cmake/dsr_msgs2Config-version.cmake
[167.506s] -- Installing: /home/jack/ros2_ws/install/dsr_msgs2/share/dsr_msgs2/package.xml
[167.510s] Invoked command in '/home/jack/ros2_ws/build/dsr_msgs2' returned '0': CMAKE_PREFIX_PATH=/opt/ros/humble /usr/bin/cmake --install /home/jack/ros2_ws/build/dsr_msgs2
